,time,tavg,tmin,tmax,prcp,snow,wdir,wspd,wpgt,pres,tsun
0,2015-01-01,7.2,2.9,12.6,0.0,,,15.5,,1034.5,
1,2015-01-02,8.0,3.1,16.5,0.0,,,16.4,,1035.9,
2,2015-01-03,10.6,6.1,17.6,0.0,,,15.5,,1033.5,
3,2015-01-04,10.3,6.1,16.6,0.0,,,20.1,,1031.3,
4,2015-01-05,8.8,4.9,15.7,0.0,,,15.2,,1029.8,
5,2015-01-06,8.1,5.2,14.5,0.0,,,18.7,,1026.0,
6,2015-01-07,8.2,5.4,15.0,0.0,,,16.8,,1030.6,
7,2015-01-08,7.1,4.0,12.9,0.0,,,22.8,,1036.3,
8,2015-01-09,7.8,3.8,14.8,0.0,,,21.0,,1039.9,
9,2015-01-10,11.1,7.2,17.8,0.0,,,14.3,,1031.8,
10,2015-01-11,10.4,7.2,15.5,0.0,,,19.0,,1028.3,
11,2015-01-12,9.9,5.4,15.6,0.0,,,21.5,,1032.7,
12,2015-01-13,11.5,7.8,16.0,0.0,,,15.7,,1025.9,
13,2015-01-14,11.2,8.1,16.9,0.0,,,10.0,,1024.7,
14,2015-01-15,10.3,6.0,15.8,0.0,,,10.7,,1018.2,
15,2015-01-16,10.1,7.9,14.2,0.1,,,12.0,,1010.3,
16,2015-01-17,7.8,4.1,12.8,0.0,,,14.4,,1019.4,
17,2015-01-18,7.4,1.6,13.7,5.8,,,18.4,,1016.1,
18,2015-01-19,6.9,6.0,8.2,7.5,,,15.8,,1009.4,
19,2015-01-20,7.2,5.7,10.4,0.0,,,17.0,,1009.0,
20,2015-01-21,6.7,4.0,10.6,0.0,,,13.6,,1007.2,
21,2015-01-22,6.5,2.9,13.1,0.0,,,16.4,,1009.9,
22,2015-01-23,7.9,2.5,14.8,0.0,,,17.8,,1015.6,
23,2015-01-24,9.5,4.6,15.1,0.0,,,22.6,,1018.5,
24,2015-01-25,10.8,7.0,17.0,0.0,,,15.6,,1020.0,
25,2015-01-26,7.8,4.6,13.5,0.0,,,14.7,,1025.6,
26,2015-01-27,9.0,6.3,13.2,0.0,,,14.2,,1022.4,
27,2015-01-28,8.1,4.4,13.6,0.0,,,12.6,,1021.3,
28,2015-01-29,10.7,5.4,17.6,0.0,,,18.4,,1007.1,
29,2015-01-30,14.2,8.8,18.3,0.2,,,31.6,,991.6,
30,2015-01-31,10.2,7.0,15.1,0.0,,,14.6,,989.8,
31,2015-02-01,7.9,5.3,13.0,0.0,,,25.5,,1003.1,
32,2015-02-02,6.7,3.3,11.7,0.2,,,15.5,,1007.9,
33,2015-02-03,6.6,4.4,8.9,8.9,,,15.0,,998.3,
34,2015-02-04,5.1,1.8,8.0,1.1,,,21.9,,998.1,
35,2015-02-05,6.6,3.4,11.4,0.0,,,13.8,,1001.6,
36,2015-02-06,4.4,0.5,9.7,0.0,,,16.0,,1007.9,
37,2015-02-07,5.7,1.5,10.7,0.0,,,14.9,,1018.0,
38,2015-02-08,7.2,4.0,12.3,0.0,,,19.0,,1019.6,
39,2015-02-09,6.9,2.6,13.5,0.0,,,18.8,,1025.3,
40,2015-02-10,8.4,3.8,14.7,0.0,,,16.7,,1024.8,
41,2015-02-11,7.9,3.0,15.7,0.0,,,11.6,,1023.4,
42,2015-02-12,9.0,4.4,14.4,0.0,,,13.6,,1021.5,
43,2015-02-13,11.3,8.8,15.5,0.0,,,14.9,,1020.1,
44,2015-02-14,11.0,6.3,15.3,0.0,,,12.7,,1013.9,
45,2015-02-15,10.9,8.4,14.2,0.0,,,10.7,,1009.4,
46,2015-02-16,10.0,5.1,15.0,0.0,,,11.7,,1015.7,
47,2015-02-17,11.9,9.7,14.9,0.0,,,14.2,,1024.1,
48,2015-02-18,11.2,8.1,15.8,0.0,,,15.3,,1031.4,
49,2015-02-19,9.1,5.0,14.2,0.0,,,15.1,,1031.8,
50,2015-02-20,8.5,4.4,13.4,0.0,,,15.3,,1023.0,
51,2015-02-21,9.3,5.2,13.3,0.0,,,9.2,,1006.1,
52,2015-02-22,9.6,4.3,16.6,0.0,,,14.5,,1007.3,
53,2015-02-23,10.9,6.0,18.9,,,,11.9,,1009.5,
54,2015-02-24,11.2,7.8,15.3,0.0,,,24.3,,1014.2,
55,2015-02-25,11.9,6.6,19.9,0.0,,,14.2,,1017.4,
56,2015-02-26,10.8,6.6,17.3,0.0,,,9.6,,1017.9,
57,2015-02-27,11.8,7.9,17.9,0.0,,,14.9,,1015.2,
58,2015-02-28,9.2,4.8,13.2,0.0,,,14.4,,1020.7,
59,2015-03-01,12.8,9.3,17.2,0.0,,,14.7,,1020.4,
60,2015-03-02,16.3,13.5,23.4,0.0,,,14.7,,1019.7,
61,2015-03-03,13.5,10.3,17.2,0.0,,,6.0,,1025.2,
62,2015-03-04,10.1,6.5,14.2,22.2,,,12.6,,1025.4,
63,2015-03-05,11.6,4.7,19.9,0.0,,,17.9,,1027.1,
64,2015-03-06,10.4,5.7,15.4,0.0,,,15.8,,1031.0,
65,2015-03-07,10.9,6.2,16.7,0.0,,,12.5,,1028.4,
66,2015-03-08,10.5,6.8,16.0,0.0,,,12.0,,1025.3,
67,2015-03-09,11.7,8.4,15.7,0.0,,,12.8,,1024.7,
68,2015-03-10,12.3,8.9,17.5,0.0,,,14.7,,1025.5,
69,2015-03-11,12.1,7.4,16.4,0.0,,,9.7,,1023.3,
70,2015-03-12,12.8,9.3,18.4,0.0,,,14.0,,1020.8,
71,2015-03-13,12.6,9.1,16.0,0.0,,,12.3,,1021.3,
72,2015-03-14,9.1,5.9,11.7,7.0,,,13.4,,1020.1,
73,2015-03-15,8.3,3.6,13.7,1.7,,,16.0,,1017.3,
74,2015-03-16,9.1,6.1,12.6,0.0,,,16.3,,1019.3,
75,2015-03-17,10.3,4.7,15.2,0.0,,,15.2,,1021.4,
76,2015-03-18,13.5,12.3,16.0,0.0,,,31.5,,1020.9,
77,2015-03-19,14.4,11.3,17.8,0.0,,,33.4,,1018.9,
78,2015-03-20,14.4,12.5,16.4,18.3,,,42.6,,1015.1,
79,2015-03-21,13.8,12.3,15.8,1.5,,,35.0,,1010.4,
80,2015-03-22,13.1,11.5,15.5,0.0,,,23.9,,1010.8,
81,2015-03-23,13.4,12.3,15.8,4.5,,,30.2,,1011.9,
82,2015-03-24,12.8,12.0,14.4,2.0,,,30.3,,1005.8,
83,2015-03-25,11.3,9.5,13.6,2.1,,,13.5,,1002.7,
84,2015-03-26,11.3,6.6,15.5,0.0,,,19.3,,,
85,2015-03-27,13.2,8.8,17.7,,,,11.7,,,
86,2015-03-28,14.8,9.5,20.2,0.0,,,10.6,,1021.8,
87,2015-03-29,14.7,11.6,18.4,0.0,,,10.8,,1021.4,
88,2015-03-30,16.2,13.4,22.6,0.0,,,7.5,,1019.2,
89,2015-03-31,16.1,12.0,21.8,0.0,,,13.8,,1022.4,
90,2015-04-01,14.1,11.7,18.0,0.0,,,15.2,,1025.5,
91,2015-04-02,13.6,10.0,17.0,0.0,,,16.4,,1024.9,
92,2015-04-03,12.8,9.1,16.8,0.0,,,12.9,,1020.1,
93,2015-04-04,13.6,10.3,17.5,0.0,,,10.0,,1014.5,
94,2015-04-05,13.2,9.2,17.1,0.0,,,14.3,,1012.7,
95,2015-04-06,13.2,9.4,15.9,0.0,,,16.9,,1020.6,
96,2015-04-07,12.0,7.8,16.9,0.0,,,19.9,,1027.7,
97,2015-04-08,11.4,6.3,17.2,0.0,,,15.9,,1030.6,
98,2015-04-09,11.5,6.0,16.2,0.0,,,14.0,,1028.5,
99,2015-04-10,12.9,8.2,17.6,0.0,,,14.5,,1025.9,
100,2015-04-11,13.9,10.8,17.6,0.0,,,18.9,,1025.7,
101,2015-04-12,15.2,11.1,18.9,0.0,,,12.1,,1028.8,
102,2015-04-13,14.4,10.1,19.1,0.0,,,11.2,,1029.7,
103,2015-04-14,15.3,10.6,20.6,0.0,,,9.4,,,
104,2015-04-15,15.9,10.7,21.2,0.0,,,18.6,,,
105,2015-04-16,16.3,14.6,19.2,2.9,,,12.8,,1016.1,
106,2015-04-17,16.1,12.6,22.4,0.0,,,12.2,,1016.9,
107,2015-04-18,15.8,12.2,21.2,3.6,,,13.3,,1015.1,
108,2015-04-19,15.6,13.3,20.4,0.0,,,13.0,,1014.0,
109,2015-04-20,14.9,11.6,18.2,0.0,,,9.8,,1021.5,
110,2015-04-21,16.7,12.1,22.8,0.0,,,10.7,,1024.1,
111,2015-04-22,15.9,12.6,21.0,0.0,,,11.5,,1022.6,
112,2015-04-23,16.0,10.9,19.9,0.0,,,10.7,,1018.1,
113,2015-04-24,16.4,12.9,20.7,0.0,,,16.2,,1016.2,
114,2015-04-25,17.2,16.3,19.8,0.0,,,14.5,,1013.6,
115,2015-04-26,17.3,15.1,19.8,3.6,,,8.5,,1008.1,
116,2015-04-27,17.5,13.0,24.7,0.0,,,14.0,,1004.3,
117,2015-04-28,15.8,12.1,19.2,1.0,,,11.7,,1015.7,
118,2015-04-29,15.3,11.2,19.3,0.0,,,16.1,,1018.5,
119,2015-04-30,16.7,13.8,20.0,0.0,,,18.0,,1020.0,
120,2015-05-01,17.1,15.2,19.7,0.0,,,24.2,,1014.2,
121,2015-05-02,19.4,16.0,23.7,0.0,,,15.4,,1013.7,
122,2015-05-03,20.1,16.7,26.1,0.0,,,16.9,,1010.2,
123,2015-05-04,17.9,16.0,21.0,0.0,,,16.2,,1009.5,
124,2015-05-05,19.8,16.8,28.9,0.0,,,12.6,,1009.7,
125,2015-05-06,18.8,15.2,23.2,0.0,,,13.3,,1016.3,
126,2015-05-07,17.8,14.0,21.8,0.0,,,12.9,,1019.8,
127,2015-05-08,18.6,14.2,23.9,0.0,,,18.2,,1016.8,
128,2015-05-09,19.9,16.3,23.8,0.0,,,17.3,,1023.2,
129,2015-05-10,19.5,16.4,23.8,,,,16.2,,1024.4,
130,2015-05-11,19.7,14.7,25.8,0.0,,,14.0,,1023.0,
131,2015-05-12,19.4,15.1,23.7,0.0,,,11.6,,1023.3,
132,2015-05-13,20.0,15.6,25.3,,,,20.1,,1021.6,
133,2015-05-14,21.1,18.2,25.3,,,,13.1,,1012.9,
134,2015-05-15,19.1,14.9,28.0,0.5,,,19.4,,1013.9,
135,2015-05-16,18.9,14.3,25.0,0.0,,,17.0,,1020.9,
136,2015-05-17,18.8,15.4,23.2,0.0,,,13.5,,1021.6,
137,2015-05-18,18.9,14.6,22.5,0.0,,,18.7,,1015.4,
138,2015-05-19,17.6,14.3,21.2,10.1,,,11.7,,1012.0,
139,2015-05-20,15.2,11.7,18.2,,,,12.7,,1017.3,
140,2015-05-21,16.4,12.8,20.2,0.0,,,19.8,,1021.9,
141,2015-05-22,17.3,13.1,21.2,0.0,,,16.8,,1021.4,
142,2015-05-23,17.7,12.9,22.2,0.0,,,14.7,,1017.0,
143,2015-05-24,18.3,15.3,23.3,0.0,,,11.4,,1016.8,
144,2015-05-25,19.3,14.7,25.6,0.0,,,16.6,,1016.0,
145,2015-05-26,19.2,17.0,23.1,0.0,,,14.5,,1015.6,
146,2015-05-27,18.5,15.8,21.7,0.0,,,14.2,,1018.8,
147,2015-05-28,18.8,15.3,22.6,0.0,,,18.9,,1019.2,
148,2015-05-29,18.8,15.1,22.7,0.0,,,12.6,,1016.0,
149,2015-05-30,19.3,16.3,22.9,0.0,,,10.6,,1017.5,
150,2015-05-31,19.8,16.3,22.9,0.0,,,9.9,,1018.2,
151,2015-06-01,21.1,18.3,24.9,0.0,,,13.1,,1018.8,
152,2015-06-02,20.7,17.0,24.3,0.0,,,13.4,,1020.3,
153,2015-06-03,21.7,17.6,24.4,,,,12.1,,,
154,2015-06-04,22.9,18.7,27.4,0.0,,,11.3,,1021.6,
155,2015-06-05,23.0,18.4,28.0,0.0,,,16.2,,1020.3,
156,2015-06-06,23.1,18.8,28.0,0.0,,,11.0,,1021.1,
157,2015-06-07,24.2,19.1,29.7,0.0,,,10.2,,1021.1,
158,2015-06-08,24.9,21.2,29.9,0.0,,,13.0,,1017.6,
159,2015-06-09,23.8,21.7,27.7,0.0,,,9.7,,1015.4,
160,2015-06-10,23.7,20.9,26.7,0.0,,,15.7,,1015.2,
161,2015-06-11,23.7,19.9,28.7,3.7,,,24.0,,1012.8,
162,2015-06-12,22.2,18.5,26.4,0.0,,,17.7,,1009.8,
163,2015-06-13,21.9,20.1,24.8,0.0,,,16.9,,1011.4,
164,2015-06-14,22.4,19.2,26.6,0.0,,,15.2,,1010.7,
165,2015-06-15,21.9,19.0,25.0,7.0,,,12.6,,1015.3,
166,2015-06-16,20.4,16.6,25.8,,,,13.6,,1018.3,
167,2015-06-17,21.5,17.9,24.7,0.0,,,14.1,,1019.7,
168,2015-06-18,22.3,19.2,26.2,0.0,,,16.1,,1019.3,
169,2015-06-19,22.7,19.4,26.4,0.0,,,11.8,,1016.9,
170,2015-06-20,23.0,19.4,27.4,0.0,,,15.1,,1017.9,
171,2015-06-21,23.2,19.6,26.1,0.0,,,13.4,,1018.9,
172,2015-06-22,23.2,19.5,27.2,0.0,,,15.8,,1016.2,
173,2015-06-23,24.6,22.8,27.9,0.2,,,13.8,,1012.8,
174,2015-06-24,23.1,21.2,25.4,0.0,,,13.2,,1017.8,
175,2015-06-25,23.1,20.2,26.4,0.0,,,12.0,,1021.4,
176,2015-06-26,23.9,20.9,27.2,0.0,,,15.3,,1020.5,
177,2015-06-27,24.6,21.4,28.0,0.0,,,11.4,,1019.1,
178,2015-06-28,25.5,,,,,,9.3,,1018.7,
179,2015-06-29,26.6,22.4,32.4,0.0,,,12.0,,,
180,2015-06-30,26.4,22.9,31.0,0.0,,,13.2,,,
181,2015-07-01,25.9,22.3,28.9,0.0,,,15.4,,1017.6,
182,2015-07-02,26.7,23.9,30.0,0.0,,,21.2,,1020.2,
183,2015-07-03,26.8,23.4,30.2,0.0,,,14.2,,1022.7,
184,2015-07-04,27.2,24.0,32.7,0.0,,,13.6,,1021.6,
185,2015-07-05,28.0,23.3,33.0,0.0,,,16.1,,1018.5,
186,2015-07-06,27.8,23.5,32.6,0.0,,,16.9,,1018.6,
187,2015-07-07,27.7,24.3,31.0,0.0,,,18.8,,1015.3,
188,2015-07-08,26.0,24.1,29.2,0.0,,,12.7,,1015.0,
189,2015-07-09,25.9,23.6,29.5,0.0,,,17.1,,1016.6,
190,2015-07-10,25.7,22.2,29.7,0.0,,,16.8,,1016.7,
191,2015-07-11,25.7,23.5,28.3,0.0,,,13.4,,1019.2,
192,2015-07-12,26.4,23.8,29.3,0.0,,,13.2,,1018.7,
193,2015-07-13,26.7,24.2,29.7,0.0,,,12.6,,1018.4,
194,2015-07-14,26.8,24.1,29.7,0.0,,,11.9,,1018.1,
195,2015-07-15,27.1,24.1,31.0,0.0,,,12.5,,1017.0,
196,2015-07-16,27.1,23.5,30.3,0.0,,,12.8,,1015.9,
197,2015-07-17,26.8,24.2,30.4,0.0,,,11.3,,1017.6,
198,2015-07-18,27.3,25.0,30.4,0.0,,,12.8,,1016.9,
199,2015-07-19,26.9,24.4,30.3,0.0,,,13.1,,1015.1,
200,2015-07-20,27.4,25.0,31.0,0.0,,,10.6,,1015.3,
201,2015-07-21,28.1,25.7,31.1,0.0,,,12.4,,1014.8,
202,2015-07-22,28.1,24.1,32.7,0.0,,,16.4,,1014.7,
203,2015-07-23,27.9,24.6,31.4,0.0,,,16.8,,1014.4,
204,2015-07-24,28.2,25.9,31.3,,,,15.1,,1010.4,
205,2015-07-25,26.2,25.5,27.7,0.0,,,12.4,,1013.9,
206,2015-07-26,26.5,23.4,30.0,0.0,,,19.4,,1014.4,
207,2015-07-27,25.9,25.2,28.1,0.0,,,16.6,,1012.7,
208,2015-07-28,25.8,24.5,27.9,0.0,,,9.9,,,
209,2015-07-29,27.6,25.5,30.8,0.4,,,16.1,,1011.9,
210,2015-07-30,25.1,23.1,26.8,,,,16.2,,1012.9,
211,2015-07-31,24.4,21.2,26.9,13.4,,,12.0,,1012.1,
212,2015-08-01,22.9,18.9,26.6,0.0,,,15.1,,1014.3,
213,2015-08-02,24.7,20.2,28.3,0.0,,,18.2,,1017.0,
214,2015-08-03,26.4,23.0,29.6,1.9,,,16.0,,1016.5,
215,2015-08-04,26.6,23.9,30.9,0.0,,,13.6,,1015.7,
216,2015-08-05,26.4,22.6,30.2,0.0,,,11.4,,1015.0,
217,2015-08-06,26.4,22.9,29.5,0.0,,,11.5,,1015.1,
218,2015-08-07,27.1,24.2,30.4,0.0,,,12.1,,1014.5,
219,2015-08-08,26.1,21.8,30.5,6.3,,,11.9,,1017.9,
220,2015-08-09,24.1,21.4,28.0,0.0,,,12.7,,1018.7,
221,2015-08-10,24.9,22.3,28.4,0.0,,,13.1,,1015.8,
222,2015-08-11,25.4,21.3,29.7,0.0,,,12.8,,1014.8,
223,2015-08-12,26.9,24.8,30.3,0.0,,,12.4,,1016.6,
224,2015-08-13,27.3,25.0,30.6,0.0,,,13.8,,,
225,2015-08-14,24.9,22.2,28.1,7.2,,,18.5,,1013.4,
226,2015-08-15,22.3,18.0,27.3,1.6,,,14.1,,1013.7,
227,2015-08-16,22.2,17.3,27.7,0.5,,,16.2,,1013.5,
228,2015-08-17,23.7,21.1,26.5,18.6,,,16.6,,1013.0,
229,2015-08-18,21.2,17.5,24.3,5.9,,,12.8,,1014.7,
230,2015-08-19,23.0,18.8,26.9,0.0,,,15.0,,1018.1,
231,2015-08-20,24.3,20.6,28.6,0.0,,,15.3,,1021.0,
232,2015-08-21,25.6,22.5,29.1,,,,14.2,,1020.2,
233,2015-08-22,25.6,23.5,28.8,,,,9.4,,1015.7,
234,2015-08-23,25.7,22.8,29.3,0.0,,,16.3,,1008.1,
235,2015-08-24,26.6,23.1,32.8,0.0,,,17.2,,1009.2,
236,2015-08-25,23.8,19.7,27.2,0.0,,,12.8,,1019.1,
237,2015-08-26,24.6,20.5,28.7,0.0,,,17.2,,1017.4,
238,2015-08-27,25.7,22.7,29.2,0.0,,,15.2,,1016.0,
239,2015-08-28,25.8,22.3,29.3,0.0,,,10.1,,1017.9,
240,2015-08-29,25.6,22.7,29.4,0.0,,,12.6,,1019.9,
241,2015-08-30,25.3,21.1,29.4,0.0,,,14.3,,1018.8,
242,2015-08-31,25.8,22.6,30.2,0.1,,,12.3,,1015.4,
243,2015-09-01,25.5,23.3,29.0,0.4,,,12.0,,1015.5,
244,2015-09-02,23.6,20.4,25.9,5.9,,,10.0,,1015.9,
245,2015-09-03,22.6,20.7,24.9,0.2,,,22.5,,1014.0,
246,2015-09-04,20.6,18.0,23.6,2.9,,,13.9,,1015.3,
247,2015-09-05,20.9,16.5,25.2,2.9,,,13.7,,,
248,2015-09-06,21.3,17.8,24.7,0.5,,,13.8,,1021.2,
249,2015-09-07,21.2,17.1,24.9,0.0,,,16.0,,1020.7,
250,2015-09-08,21.2,18.4,24.8,0.0,,,11.7,,1018.2,
251,2015-09-09,21.2,16.7,25.3,0.0,,,13.1,,1016.1,
252,2015-09-10,19.7,17.4,22.3,15.2,,,13.0,,1015.7,
253,2015-09-11,21.3,18.6,25.1,0.0,,,12.2,,1016.3,
254,2015-09-12,23.6,21.1,27.8,0.5,,,10.5,,1015.1,
255,2015-09-13,22.9,18.9,27.3,0.0,,,15.8,,1009.5,
256,2015-09-14,23.0,19.4,28.0,0.0,,,15.9,,1010.7,
257,2015-09-15,21.8,17.4,25.8,0.0,,,12.8,,1010.3,
258,2015-09-16,24.2,20.5,28.1,0.0,,,17.3,,1004.0,
259,2015-09-17,24.1,19.7,29.2,0.0,,,19.0,,1008.1,
260,2015-09-18,20.4,17.0,24.1,0.0,,,13.9,,1019.2,
261,2015-09-19,20.5,16.4,24.5,0.0,,,14.9,,1022.8,
262,2015-09-20,21.6,18.4,24.0,0.0,,,14.0,,1020.9,
263,2015-09-21,20.9,18.0,24.7,0.0,,,11.8,,1016.7,
264,2015-09-22,20.7,17.2,25.3,0.0,,,15.6,,1012.8,
265,2015-09-23,20.3,18.4,22.2,1.0,,,15.6,,1013.5,
266,2015-09-24,19.5,16.4,23.2,0.0,,,16.3,,1017.7,
267,2015-09-25,19.4,15.0,23.1,0.0,,,13.1,,1017.8,
268,2015-09-26,20.7,17.6,24.1,0.0,,,10.6,,1017.8,
269,2015-09-27,19.7,17.7,23.0,,,,10.3,,1020.2,
270,2015-09-28,19.9,15.7,24.0,0.0,,,16.7,,1022.4,
271,2015-09-29,18.9,17.0,21.0,6.7,,,20.6,,1019.5,
272,2015-09-30,18.7,17.0,19.8,4.9,,,25.6,,1017.6,
273,2015-10-01,18.1,14.6,21.6,5.2,,,11.9,,1021.0,
274,2015-10-02,18.8,14.9,23.5,48.1,,,11.8,,1018.3,
275,2015-10-03,19.5,16.2,23.8,,,,13.9,,1015.7,
276,2015-10-04,19.0,15.9,22.5,0.0,,,12.0,,1018.6,
277,2015-10-05,21.7,18.9,26.3,,,,13.0,,1014.9,
278,2015-10-06,22.9,18.5,29.2,0.0,,,17.6,,1009.7,
279,2015-10-07,20.2,16.9,23.8,6.9,,,13.6,,1016.1,
280,2015-10-08,18.6,15.9,22.0,0.0,,,12.0,,1017.4,
281,2015-10-09,17.8,14.8,21.6,0.0,,,9.2,,1014.8,
282,2015-10-10,18.1,13.6,22.6,0.0,,,18.2,,1011.0,
283,2015-10-11,18.9,14.1,23.4,0.0,,,12.5,,1007.6,
284,2015-10-12,19.9,19.1,22.7,0.0,,,14.2,,1009.6,
285,2015-10-13,18.5,17.2,21.8,3.8,,,10.3,,1012.9,
286,2015-10-14,16.9,12.9,20.1,0.1,,,13.7,,1012.0,
287,2015-10-15,13.9,9.8,18.6,0.0,,,15.4,,1014.9,
288,2015-10-16,14.4,10.6,19.2,0.0,,,16.5,,1017.1,
289,2015-10-17,15.5,11.2,19.3,0.0,,,12.1,,1016.6,
290,2015-10-18,18.2,16.1,22.7,0.0,,,9.0,,1014.1,
291,2015-10-19,17.8,15.9,21.2,0.2,,,16.2,,1012.5,
292,2015-10-20,17.2,15.3,19.1,0.9,,,9.8,,1014.9,
293,2015-10-21,16.1,12.4,19.4,0.0,,,11.9,,1016.6,
294,2015-10-22,15.2,10.3,20.3,0.0,,,13.0,,1018.4,
295,2015-10-23,16.4,13.2,20.5,0.0,,,14.1,,1020.3,
296,2015-10-24,16.1,12.9,21.0,0.0,,,9.6,,1020.4,
297,2015-10-25,16.9,14.5,20.3,2.5,,,13.1,,1021.6,
298,2015-10-26,17.3,15.3,20.2,5.3,,,13.5,,1016.4,
299,2015-10-27,18.3,16.5,21.4,1.8,,,9.5,,1013.5,
300,2015-10-28,18.1,12.6,22.5,0.0,,,15.3,,1013.5,
301,2015-10-29,15.4,10.9,21.3,0.0,,,13.6,,1018.4,
302,2015-10-30,16.5,12.3,22.2,0.0,,,12.6,,1021.2,
303,2015-10-31,16.6,13.2,20.4,0.0,,,15.3,,1022.6,
304,2015-11-01,17.6,14.1,20.2,1.8,,,28.3,,1025.7,
305,2015-11-02,18.2,16.4,20.2,15.9,,,33.0,,1020.7,
306,2015-11-03,17.7,14.2,20.8,0.0,,,10.0,,1019.7,
307,2015-11-04,16.8,13.4,20.6,0.2,,,14.0,,1020.9,
308,2015-11-05,16.8,14.3,20.0,0.0,,,8.1,,1021.8,
309,2015-11-06,16.4,13.6,20.6,0.0,,,11.5,,1025.6,
310,2015-11-07,16.1,14.1,19.4,0.0,,,8.1,,1027.8,
311,2015-11-08,16.6,14.0,20.1,0.0,,,10.6,,1030.4,
312,2015-11-09,16.6,13.2,21.4,0.0,,,11.4,,1031.3,
313,2015-11-10,16.3,13.2,22.6,0.0,,,15.5,,1028.0,
314,2015-11-11,15.5,12.2,20.3,0.0,,,12.9,,1025.6,
315,2015-11-12,15.1,12.6,18.9,0.0,,,10.2,,1026.2,
316,2015-11-13,15.3,12.8,18.3,0.0,,,10.6,,1029.7,
317,2015-11-14,14.3,11.4,19.7,0.0,,,17.6,,1031.0,
318,2015-11-15,14.1,9.4,20.2,0.0,,,16.6,,1024.8,
319,2015-11-16,14.4,10.1,22.2,0.0,,,17.9,,1021.3,
320,2015-11-17,13.5,9.4,21.4,0.0,,,19.9,,1023.6,
321,2015-11-18,13.2,8.7,19.4,0.0,,,17.2,,1026.1,
322,2015-11-19,13.9,9.6,20.3,0.0,,,14.6,,1027.4,
323,2015-11-20,15.2,11.2,21.0,0.0,,,14.2,,1023.5,
324,2015-11-21,16.2,9.2,19.9,0.0,,,25.3,,1006.3,
325,2015-11-22,9.8,6.7,14.1,0.0,,,18.9,,1010.4,
326,2015-11-23,8.2,3.6,14.2,0.0,,,16.7,,1018.5,
327,2015-11-24,7.2,2.0,15.6,0.0,,,17.2,,1024.0,
328,2015-11-25,10.2,5.8,16.7,0.0,,,12.0,,1015.9,
329,2015-11-26,11.2,7.1,16.4,0.0,,,11.7,,1011.6,
330,2015-11-27,10.4,6.4,16.0,0.0,,,14.7,,1014.7,
331,2015-11-28,10.1,5.8,17.2,0.0,,,14.5,,1019.9,
332,2015-11-29,9.8,6.4,15.2,0.0,,,17.4,,1031.7,
333,2015-11-30,9.7,4.7,16.6,0.0,,,18.8,,1034.1,
334,2015-12-01,10.1,5.3,17.4,0.0,,,17.1,,1031.9,
335,2015-12-02,9.7,5.8,16.3,0.0,,,13.9,,1029.4,
336,2015-12-03,10.3,6.7,16.2,0.0,,,14.5,,1030.7,
337,2015-12-04,10.5,7.1,17.0,,,,14.4,,1033.9,
338,2015-12-05,11.8,9.1,15.5,0.1,,,11.8,,1033.0,
339,2015-12-06,12.6,9.7,16.2,0.3,,,11.5,,1031.6,
340,2015-12-07,13.2,11.6,16.3,0.0,,,10.0,,1031.5,
341,2015-12-08,14.1,11.6,18.2,0.0,,,8.1,,1032.0,
342,2015-12-09,13.6,10.6,18.5,0.0,,,16.0,,1035.8,
343,2015-12-10,11.1,7.0,16.7,0.0,,,13.2,,1034.7,
344,2015-12-11,11.1,8.0,17.0,0.0,,,16.1,,1033.5,
345,2015-12-12,10.2,6.6,15.3,0.0,,,15.5,,1028.0,
346,2015-12-13,9.7,6.6,16.1,0.0,,,14.6,,1022.4,
347,2015-12-14,8.8,4.7,14.1,0.0,,,14.3,,1022.3,
348,2015-12-15,11.3,6.4,18.3,0.0,,,14.6,,1026.0,
349,2015-12-16,12.6,9.4,18.9,0.0,,,12.6,,1030.2,
350,2015-12-17,12.8,10.2,17.9,0.0,,,11.7,,1028.6,
351,2015-12-18,11.3,8.2,17.4,0.0,,,11.1,,1027.9,
352,2015-12-19,11.3,8.3,16.2,0.0,,,9.9,,1025.9,
353,2015-12-20,12.8,12.1,14.4,0.0,,,11.0,,1025.9,
354,2015-12-21,13.4,9.7,18.0,0.0,,,13.2,,1031.5,
355,2015-12-22,11.8,7.2,15.8,0.0,,,18.1,,1033.7,
356,2015-12-23,12.8,9.7,17.3,0.0,,,13.4,,1031.5,
357,2015-12-24,13.2,9.9,18.0,0.0,,,11.2,,1029.8,
358,2015-12-25,10.6,6.9,16.8,0.0,,,12.9,,1032.7,
359,2015-12-26,10.6,6.2,15.7,0.0,,,18.2,,1033.3,
360,2015-12-27,10.6,6.5,16.2,0.0,,,13.9,,1032.5,
361,2015-12-28,11.9,8.9,17.5,0.0,,,11.9,,1030.5,
362,2015-12-29,13.6,10.8,17.2,0.0,,,10.2,,1028.7,
363,2015-12-30,11.9,8.1,17.4,0.0,,,14.5,,1026.0,
364,2015-12-31,11.3,7.1,16.9,0.0,,,16.5,,1024.4,
365,2016-01-01,11.5,8.3,16.4,0.0,,,11.9,,1022.9,
366,2016-01-02,13.8,8.6,17.7,0.0,,,12.5,,1017.0,
367,2016-01-03,11.2,5.7,15.8,,,,20.3,,1013.2,
368,2016-01-04,12.9,11.1,16.3,1.2,,,8.9,,1002.8,
369,2016-01-05,11.1,7.4,16.2,0.0,,,9.7,,1003.1,
370,2016-01-06,10.9,7.5,14.5,0.0,,,18.4,,1008.8,
371,2016-01-07,15.7,9.5,19.9,0.0,,,20.4,,1008.7,
372,2016-01-08,16.8,13.4,20.5,0.0,,,20.5,,1008.2,
373,2016-01-09,15.6,13.1,19.3,0.0,,,12.6,,1005.9,
374,2016-01-10,15.3,12.3,17.6,0.0,,,22.8,,1007.1,
375,2016-01-11,16.2,12.4,18.9,0.0,,,30.2,,1006.3,
376,2016-01-12,13.0,10.5,16.3,0.0,,,21.0,,1016.9,
377,2016-01-13,10.1,6.2,15.2,0.0,,,15.8,,1024.7,
378,2016-01-14,12.2,8.6,16.5,0.5,,,17.8,,1016.2,
379,2016-01-15,9.9,6.6,11.9,0.0,,,12.7,,1019.1,
380,2016-01-16,8.3,4.0,13.7,0.0,,,15.3,,1024.5,
381,2016-01-17,6.9,1.4,12.0,0.0,,,13.0,,1025.1,
382,2016-01-18,9.2,5.7,13.5,0.0,,,13.7,,1015.7,
383,2016-01-19,8.5,5.5,12.8,0.0,,,13.3,,1017.0,
384,2016-01-20,9.3,5.0,16.1,0.0,,,13.1,,1017.3,
385,2016-01-21,8.7,4.3,14.3,0.0,,,13.4,,1021.3,
386,2016-01-22,9.6,5.1,15.2,0.0,,,14.0,,1028.7,
387,2016-01-23,11.9,8.5,17.0,0.0,,,13.7,,1033.2,
388,2016-01-24,11.7,8.1,14.7,0.0,,,10.5,,1034.2,
389,2016-01-25,13.9,11.7,16.6,0.0,,,9.0,,1032.2,
390,2016-01-26,12.9,10.3,16.7,0.0,,,11.5,,1032.0,
391,2016-01-27,11.8,8.2,16.4,0.0,,,17.0,,1029.6,
392,2016-01-28,12.0,8.3,17.1,0.0,,,12.0,,1028.4,
393,2016-01-29,12.2,10.1,15.5,0.0,,,12.0,,1032.7,
394,2016-01-30,12.3,8.6,17.8,0.0,,,12.7,,1031.2,
395,2016-01-31,11.3,7.2,16.8,0.0,,,9.5,,1028.1,
396,2016-02-01,13.8,9.1,19.2,0.0,,,15.5,,1029.7,
397,2016-02-02,11.7,8.2,16.8,0.0,,,12.0,,1027.5,
398,2016-02-03,13.5,10.3,18.3,0.0,,,12.0,,1026.7,
399,2016-02-04,9.8,5.4,14.1,0.0,,,12.4,,1034.3,
400,2016-02-05,10.1,5.4,15.7,0.0,,,19.9,,1028.6,
401,2016-02-06,11.2,7.5,16.2,1.9,,,9.2,,1022.0,
402,2016-02-07,11.8,9.4,13.5,0.0,,,13.5,,1012.4,
403,2016-02-08,11.8,6.1,17.4,0.0,,,12.5,,1021.3,
404,2016-02-09,15.9,9.8,20.1,0.0,,,24.3,,1012.6,
405,2016-02-10,14.2,11.0,17.6,1.7,,,23.5,,1009.3,
406,2016-02-11,12.0,10.0,14.5,1.2,,,8.6,,1010.9,
407,2016-02-12,13.6,9.9,17.9,0.0,,,14.4,,1005.8,
408,2016-02-13,17.2,13.2,23.3,5.9,,,18.5,,1001.3,
409,2016-02-14,14.4,8.7,18.9,2.4,,,16.4,,996.1,
410,2016-02-15,9.7,6.9,13.8,0.0,,,13.8,,1006.2,
411,2016-02-16,8.5,3.3,13.1,0.0,,,13.9,,1021.0,
412,2016-02-17,7.2,2.8,11.6,0.0,,,19.0,,1020.8,
413,2016-02-18,7.7,3.7,12.9,0.0,,,13.5,,1017.9,
414,2016-02-19,8.5,3.3,13.8,0.0,,,14.6,,1025.5,
415,2016-02-20,8.7,2.9,14.6,0.0,,,17.8,,1030.8,
416,2016-02-21,10.6,4.6,16.3,0.0,,,17.8,,1028.2,
417,2016-02-22,14.3,10.3,18.1,0.0,,,11.1,,1019.0,
418,2016-02-23,12.4,8.8,18.3,0.0,,,10.1,,1020.8,
419,2016-02-24,11.8,8.0,18.0,0.0,,,12.6,,1017.0,
420,2016-02-25,12.4,7.0,17.3,0.0,,,14.6,,1012.2,
421,2016-02-26,11.8,8.6,15.1,15.1,,,11.1,,1009.2,
422,2016-02-27,10.8,6.8,13.7,5.7,,,17.9,,990.7,
423,2016-02-28,10.6,7.0,14.7,0.2,,,23.8,,998.6,
424,2016-02-29,12.7,8.0,19.3,0.0,,,17.5,,1007.3,
425,2016-03-01,12.1,6.5,19.8,0.0,,,12.0,,1020.7,
426,2016-03-02,13.9,9.0,20.1,0.0,,,18.6,,1016.5,
427,2016-03-03,13.2,8.8,19.0,0.0,,,20.8,,1013.1,
428,2016-03-04,11.7,7.3,15.9,0.0,,,18.1,,1007.5,
429,2016-03-05,13.0,8.7,16.9,0.0,,,18.3,,1001.7,
430,2016-03-06,10.1,6.2,14.3,0.0,,,14.6,,1007.7,
431,2016-03-07,10.3,6.5,13.8,0.0,,,12.4,,1006.6,
432,2016-03-08,10.7,7.9,13.9,0.0,,,15.9,,1014.0,
433,2016-03-09,8.7,4.7,12.2,0.4,,,14.1,,1011.6,
434,2016-03-10,9.1,3.7,15.3,0.0,,,14.8,,1010.4,
435,2016-03-11,10.0,5.1,14.6,0.0,,,13.8,,1017.1,
436,2016-03-12,10.3,6.3,14.9,0.0,,,14.8,,1020.7,
437,2016-03-13,10.2,5.4,15.1,0.0,,,17.2,,1020.0,
438,2016-03-14,10.6,6.6,14.9,0.4,,,14.7,,1019.8,
439,2016-03-15,10.3,7.8,14.6,0.0,,,12.5,,1019.3,
440,2016-03-16,10.3,7.4,14.8,16.2,,,14.8,,1014.8,
441,2016-03-17,9.6,7.0,12.7,0.1,,,16.1,,1019.8,
442,2016-03-18,10.3,6.2,14.3,0.0,,,11.5,,1019.0,
443,2016-03-19,12.6,10.5,15.6,9.5,,,11.3,,1016.8,
444,2016-03-20,13.2,9.5,16.2,2.5,,,12.4,,1014.8,
445,2016-03-21,12.3,9.7,15.6,0.0,,,11.1,,1013.1,
446,2016-03-22,12.2,9.3,17.4,0.0,,,15.5,,1004.9,
447,2016-03-23,12.4,8.7,18.5,0.0,,,19.0,,1002.4,
448,2016-03-24,11.9,7.2,16.2,0.0,,,17.7,,1013.0,
449,2016-03-25,12.3,8.3,16.3,,,,12.1,,1020.2,
450,2016-03-26,13.4,9.3,16.9,0.0,,,14.8,,1019.9,
451,2016-03-27,13.5,10.9,16.6,0.0,,,11.4,,1016.6,
452,2016-03-28,14.2,9.8,19.8,0.0,,,13.9,,1015.6,
453,2016-03-29,15.4,11.6,20.8,0.0,,,16.1,,1015.8,
454,2016-03-30,13.6,10.6,17.3,0.0,,,9.9,,1015.1,
455,2016-03-31,15.3,12.4,21.5,4.6,,,19.1,,1007.6,
456,2016-04-01,11.3,8.8,13.8,7.1,,,14.6,,1013.5,
457,2016-04-02,12.4,10.1,17.5,0.0,,,11.1,,1013.0,
458,2016-04-03,12.9,8.6,17.2,0.0,,,11.2,,1013.6,
459,2016-04-04,14.2,12.5,17.5,10.0,,,9.1,,1009.2,
460,2016-04-05,14.3,12.9,15.8,0.4,,,20.7,,1005.9,
461,2016-04-06,14.6,11.6,20.1,0.0,,,12.6,,1012.6,
462,2016-04-07,14.2,12.0,17.6,2.1,,,13.3,,1012.5,
463,2016-04-08,11.3,8.4,13.8,1.6,,,15.5,,1011.4,
464,2016-04-09,12.5,8.6,17.7,0.0,,,19.9,,1009.8,
465,2016-04-10,13.7,9.7,17.9,0.2,,,13.9,,1009.2,
466,2016-04-11,14.8,12.1,19.0,0.0,,,14.0,,1009.7,
467,2016-04-12,15.0,12.7,18.8,0.0,,,14.4,,1011.8,
468,2016-04-13,16.5,12.4,22.2,0.0,,,17.9,,1011.0,
469,2016-04-14,15.4,10.6,20.5,0.0,,,17.9,,1014.4,
470,2016-04-15,15.6,12.2,19.2,0.0,,,14.1,,1011.9,
471,2016-04-16,16.8,11.3,22.7,0.0,,,16.6,,1009.6,
472,2016-04-17,18.1,13.8,22.7,0.0,,,18.8,,1012.2,
473,2016-04-18,14.6,11.9,17.4,0.0,,,12.3,,1019.9,
474,2016-04-19,13.8,9.9,19.8,0.0,,,14.0,,1020.5,
475,2016-04-20,17.0,14.3,21.1,7.7,,,31.9,,1018.1,
476,2016-04-21,14.6,12.0,19.2,5.2,,,18.9,,1019.4,
477,2016-04-22,14.9,13.1,18.1,0.0,,,13.9,,1019.3,
478,2016-04-23,14.8,12.0,19.3,1.2,,,13.6,,1014.1,
479,2016-04-24,14.4,10.4,18.1,0.0,,,16.0,,1012.5,
480,2016-04-25,13.8,10.5,17.5,0.0,,,19.3,,1016.4,
481,2016-04-26,14.0,9.5,18.7,0.0,,,12.8,,1012.9,
482,2016-04-27,14.2,12.3,16.0,2.9,,,20.0,,1013.4,
483,2016-04-28,12.6,10.5,15.3,3.8,,,16.2,,1014.6,
484,2016-04-29,13.9,10.3,17.7,2.3,,,12.0,,1018.7,
485,2016-04-30,13.6,11.0,15.5,,,,13.4,,1017.8,
486,2016-05-01,14.1,8.0,21.1,0.0,,,17.2,,1020.5,
487,2016-05-02,15.6,9.6,23.1,0.0,,,19.0,,1019.3,
488,2016-05-03,15.3,11.0,19.8,0.0,,,12.2,,1021.7,
489,2016-05-04,15.9,11.7,20.2,0.0,,,14.8,,1020.8,
490,2016-05-05,15.6,11.8,19.8,0.2,,,18.1,,1016.4,
491,2016-05-06,16.1,14.7,18.9,0.6,,,22.2,,1014.3,
492,2016-05-07,15.4,13.8,20.3,2.7,,,17.8,,1010.1,
493,2016-05-08,15.7,14.4,18.8,0.4,,,15.9,,1007.7,
494,2016-05-09,16.2,14.1,17.8,5.6,,,25.9,,1006.9,
495,2016-05-10,15.3,12.3,19.5,6.3,,,12.0,,1009.4,
496,2016-05-11,15.7,12.4,20.1,0.0,,,16.8,,1005.1,
497,2016-05-12,16.2,11.6,22.4,0.0,,,16.2,,1004.6,
498,2016-05-13,16.6,13.0,20.1,0.0,,,16.8,,1006.8,
499,2016-05-14,16.9,13.8,20.5,0.2,,,12.9,,1011.5,
500,2016-05-15,18.1,15.0,22.6,0.0,,,11.6,,1017.5,
501,2016-05-16,17.9,15.0,22.0,0.0,,,12.7,,1020.9,
502,2016-05-17,16.7,13.5,20.4,0.0,,,12.2,,1019.7,
503,2016-05-18,16.9,13.5,20.7,0.0,,,18.2,,1015.9,
504,2016-05-19,18.1,15.7,22.1,0.0,,,12.2,,1016.9,
505,2016-05-20,17.9,15.4,22.2,0.0,,,13.1,,1021.2,
506,2016-05-21,18.1,14.7,21.1,0.0,,,18.8,,1019.3,
507,2016-05-22,17.4,14.6,20.8,,,,13.8,,1014.8,
508,2016-05-23,16.4,12.7,21.1,0.0,,,17.5,,1020.8,
509,2016-05-24,16.7,13.0,20.4,0.0,,,13.4,,1016.0,
510,2016-05-25,18.3,15.0,21.6,0.0,,,8.7,,1011.8,
511,2016-05-26,18.8,16.8,22.7,0.0,,,20.6,,1013.0,
512,2016-05-27,18.3,15.7,22.6,0.0,,,12.1,,1013.9,
513,2016-05-28,18.8,16.9,22.9,0.9,,,9.2,,1012.4,
514,2016-05-29,20.3,16.6,26.9,0.0,,,20.9,,1011.6,
515,2016-05-30,18.8,15.8,23.4,0.0,,,14.6,,1015.5,
516,2016-05-31,18.3,14.5,22.2,0.0,,,13.0,,1017.9,
517,2016-06-01,18.5,15.3,22.6,0.0,,,12.9,,1017.8,
518,2016-06-02,18.6,14.8,22.6,0.0,,,12.4,,1015.5,
519,2016-06-03,19.2,15.6,23.1,0.0,,,13.7,,1012.5,
520,2016-06-04,19.8,16.6,24.2,0.0,,,9.1,,1012.6,
521,2016-06-05,21.1,17.6,25.1,0.0,,,16.0,,1016.3,
522,2016-06-06,20.7,17.9,24.1,0.0,,,13.2,,1018.1,
523,2016-06-07,22.0,18.3,27.4,0.0,,,11.8,,1021.4,
524,2016-06-08,22.0,19.1,26.2,0.0,,,12.0,,1019.7,
525,2016-06-09,22.9,18.8,28.1,0.0,,,10.0,,1014.5,
526,2016-06-10,23.4,21.6,26.9,0.0,,,14.8,,1011.5,
527,2016-06-11,21.8,19.5,24.4,0.0,,,13.0,,1013.7,
528,2016-06-12,21.8,19.0,26.0,0.0,,,12.3,,1014.6,
529,2016-06-13,22.6,21.4,25.9,0.0,,,14.5,,1010.5,
530,2016-06-14,23.8,20.4,31.3,0.0,,,19.2,,1007.4,
531,2016-06-15,21.5,19.1,23.8,2.1,,,16.5,,1003.4,
532,2016-06-16,21.0,18.1,25.6,0.0,,,19.9,,1004.7,
533,2016-06-17,20.3,17.1,23.5,0.9,,,17.3,,1014.5,
534,2016-06-18,18.4,12.9,22.0,24.7,,,14.9,,1020.8,
535,2016-06-19,18.9,13.7,24.1,0.0,,,15.9,,1023.4,
536,2016-06-20,20.1,16.2,24.2,0.0,,,14.1,,1022.7,
537,2016-06-21,21.5,18.1,25.0,0.0,,,19.0,,1022.5,
538,2016-06-22,22.4,19.5,27.1,0.0,,,17.2,,1021.5,
539,2016-06-23,22.9,18.4,27.4,0.0,,,15.3,,1021.0,
540,2016-06-24,22.8,18.9,26.2,0.0,,,14.1,,1018.5,
541,2016-06-25,23.7,21.0,29.0,0.0,,,11.6,,1016.1,
542,2016-06-26,23.0,21.0,26.1,0.0,,,12.1,,1018.1,
543,2016-06-27,22.8,20.2,26.1,0.0,,,13.5,,1021.1,
544,2016-06-28,22.8,19.6,26.6,0.0,,,14.4,,1018.8,
545,2016-06-29,24.0,21.8,29.0,0.0,,,13.5,,1015.9,
546,2016-06-30,24.4,22.7,27.0,0.0,,,10.0,,1016.3,
547,2016-07-01,24.2,21.7,27.5,0.0,,,10.7,,1017.6,
548,2016-07-02,23.8,20.9,27.5,0.0,,,12.3,,1018.6,
549,2016-07-03,23.3,21.1,26.0,0.0,,,11.7,,1020.8,
550,2016-07-04,23.7,21.4,27.1,0.0,,,10.6,,1018.5,
551,2016-07-05,25.0,22.7,29.1,0.0,,,12.2,,1017.3,
552,2016-07-06,25.9,24.2,30.2,0.0,,,14.2,,1018.2,
553,2016-07-07,25.1,22.2,28.8,0.0,,,14.7,,1018.6,
554,2016-07-08,26.7,24.1,31.2,0.0,,,11.3,,1019.1,
555,2016-07-09,26.8,24.2,30.5,0.0,,,12.1,,1019.2,
556,2016-07-10,26.4,24.3,29.4,0.0,,,15.7,,1015.4,
557,2016-07-11,26.1,23.5,29.8,0.0,,,10.2,,1014.3,
558,2016-07-12,25.4,24.5,27.9,3.2,,,17.7,,1014.3,
559,2016-07-13,23.4,19.1,28.1,1.8,,,16.5,,1017.7,
560,2016-07-14,22.1,18.3,25.9,0.0,,,17.5,,1020.4,
561,2016-07-15,22.3,19.2,26.1,0.0,,,16.8,,1022.2,
562,2016-07-16,22.7,18.9,27.0,0.0,,,13.1,,1021.3,
563,2016-07-17,23.6,20.1,27.8,0.0,,,13.3,,1020.1,
564,2016-07-18,23.2,19.9,27.0,0.0,,,11.2,,1021.0,
565,2016-07-19,23.5,19.4,27.5,0.0,,,16.6,,1019.6,
566,2016-07-20,24.6,21.2,28.8,1.5,,,16.9,,1017.2,
567,2016-07-21,25.1,24.2,28.0,0.0,,,11.5,,1015.6,
568,2016-07-22,24.4,20.3,28.8,7.7,,,17.8,,1013.0,
569,2016-07-23,23.7,20.0,28.2,0.0,,,13.6,,1016.8,
570,2016-07-24,24.7,20.8,30.5,0.0,,,14.2,,1018.2,
571,2016-07-25,25.3,22.2,29.1,0.0,,,16.8,,1018.4,
572,2016-07-26,25.4,22.5,29.5,0.0,,,16.8,,1018.7,
573,2016-07-27,25.2,22.0,29.4,0.0,,,11.8,,1018.4,
574,2016-07-28,25.6,22.4,29.1,0.0,,,13.5,,1018.2,
575,2016-07-29,25.4,22.6,29.4,0.0,,,13.4,,1016.7,
576,2016-07-30,26.2,23.2,29.7,0.0,,,13.6,,1014.8,
577,2016-07-31,26.1,24.7,30.0,0.0,,,14.6,,1014.4,
578,2016-08-01,25.8,25.0,28.8,0.0,,,15.3,,1018.5,
579,2016-08-02,26.4,24.1,29.8,0.0,,,17.9,,1019.5,
580,2016-08-03,25.8,22.9,29.5,0.0,,,15.2,,1016.9,
581,2016-08-04,26.9,23.6,31.8,0.0,,,14.6,,1013.5,
582,2016-08-05,25.1,24.3,27.4,0.0,,,15.4,,1018.0,
583,2016-08-06,25.2,23.1,28.3,0.0,,,14.0,,1022.5,
584,2016-08-07,24.7,21.5,28.4,0.0,,,12.4,,1023.8,
585,2016-08-08,25.6,21.6,30.8,0.0,,,18.8,,1021.7,
586,2016-08-09,25.5,21.6,30.3,0.1,,,13.0,,1018.2,
587,2016-08-10,23.2,20.8,26.3,0.0,,,15.6,,1018.6,
588,2016-08-11,22.9,20.0,26.6,0.0,,,14.4,,1021.6,
589,2016-08-12,23.7,20.7,27.7,0.0,,,14.2,,1024.5,
590,2016-08-13,23.6,21.1,26.7,0.0,,,13.3,,1023.5,
591,2016-08-14,23.6,19.8,28.0,0.0,,,11.2,,1022.0,
592,2016-08-15,24.2,20.3,29.0,0.0,,,13.1,,1019.2,
593,2016-08-16,25.5,23.1,28.8,0.0,,,15.2,,1016.2,
594,2016-08-17,25.6,22.3,29.3,0.0,,,15.5,,1012.8,
595,2016-08-18,25.6,23.5,29.2,0.0,,,12.7,,1012.1,
596,2016-08-19,25.5,22.3,29.4,0.0,,,12.4,,1011.4,
597,2016-08-20,26.1,23.5,29.2,0.0,,,18.8,,1014.4,
598,2016-08-21,25.1,23.3,28.8,0.0,,,15.5,,1021.0,
599,2016-08-22,24.9,22.2,29.3,0.0,,,12.5,,1023.2,
600,2016-08-23,24.6,21.4,28.5,0.0,,,11.1,,1022.7,
601,2016-08-24,24.6,20.5,30.7,0.0,,,9.6,,1020.3,
602,2016-08-25,24.9,20.7,31.2,0.0,,,13.4,,1017.7,
603,2016-08-26,24.1,20.1,28.5,0.0,,,11.6,,1017.9,
604,2016-08-27,24.0,19.9,28.6,0.0,,,14.2,,1019.1,
605,2016-08-28,25.8,22.7,29.4,0.0,,,13.1,,1019.1,
606,2016-08-29,25.4,24.6,28.2,0.4,,,10.3,,1019.1,
607,2016-08-30,23.9,21.8,26.3,0.1,,,11.2,,1019.0,
608,2016-08-31,23.9,21.1,27.8,0.0,,,11.1,,1019.8,
609,2016-09-01,25.9,22.9,31.5,0.0,,,11.1,,1021.6,
610,2016-09-02,25.3,22.2,29.2,0.0,,,16.1,,1020.5,
611,2016-09-03,26.1,22.9,29.6,0.0,,,17.3,,1019.4,
612,2016-09-04,26.5,22.9,30.1,0.0,,,16.6,,1018.2,
613,2016-09-05,26.8,24.2,31.6,0.0,,,10.2,,1018.5,
614,2016-09-06,26.4,23.2,31.2,0.0,,,11.4,,1017.9,
615,2016-09-07,25.6,22.8,29.1,0.0,,,14.1,,1016.5,
616,2016-09-08,24.6,21.9,28.1,0.0,,,11.5,,1016.1,
617,2016-09-09,25.9,23.9,29.6,0.3,,,14.1,,1015.6,
618,2016-09-10,24.4,21.0,28.4,0.0,,,13.7,,1015.9,
619,2016-09-11,24.9,21.2,29.4,0.0,,,16.8,,1016.6,
620,2016-09-12,25.1,21.8,29.3,0.0,,,11.4,,1016.5,
621,2016-09-13,25.0,18.7,29.4,17.6,,,11.5,,1013.8,
622,2016-09-14,21.4,16.2,26.6,0.4,,,18.1,,1009.6,
623,2016-09-15,19.9,14.9,25.6,0.6,,,11.2,,1013.9,
624,2016-09-16,20.8,15.7,26.2,0.0,,,11.3,,1016.4,
625,2016-09-17,19.8,17.8,24.1,3.6,,,14.6,,1018.4,
626,2016-09-18,19.2,15.7,23.8,0.0,,,13.0,,1017.4,
627,2016-09-19,20.9,16.6,26.9,0.0,,,17.6,,1017.1,
628,2016-09-20,21.1,18.1,26.9,0.0,,,12.6,,1015.1,
629,2016-09-21,21.5,17.3,26.2,0.0,,,13.4,,1015.8,
630,2016-09-22,22.0,18.0,26.1,0.0,,,13.6,,1019.4,
631,2016-09-23,21.7,18.0,25.8,14.4,,,16.9,,1023.1,
632,2016-09-24,20.6,17.7,24.9,0.0,,,13.4,,1022.4,
633,2016-09-25,20.8,17.6,25.7,,,,14.1,,1020.6,
634,2016-09-26,20.6,16.3,25.2,0.0,,,15.6,,1020.9,
635,2016-09-27,22.2,19.6,25.9,0.2,,,12.1,,1023.7,
636,2016-09-28,21.8,18.0,26.6,0.0,,,17.3,,1028.0,
637,2016-09-29,20.7,16.6,25.5,0.0,,,13.6,,1026.2,
638,2016-09-30,20.9,17.2,25.8,0.0,,,13.0,,1019.2,
639,2016-10-01,21.1,17.7,25.5,0.0,,,15.2,,1013.7,
640,2016-10-02,21.9,19.6,25.7,7.7,,,10.9,,1016.1,
641,2016-10-03,21.9,19.8,23.9,0.0,,,16.0,,1021.5,
642,2016-10-04,21.4,19.1,25.3,0.0,,,13.2,,1020.8,
643,2016-10-05,20.5,17.1,24.4,13.7,,,11.3,,1019.6,
644,2016-10-06,18.1,14.6,21.4,1.9,,,16.6,,1012.9,
645,2016-10-07,18.8,13.9,24.4,0.0,,,15.2,,1014.4,
646,2016-10-08,20.3,18.5,23.5,0.0,,,15.2,,1017.2,
647,2016-10-09,19.0,17.8,20.7,1.2,,,13.5,,1019.3,
648,2016-10-10,17.3,15.4,19.4,0.2,,,9.8,,1018.3,
649,2016-10-11,16.8,14.1,20.9,0.0,,,16.4,,1013.9,
650,2016-10-12,15.4,12.7,19.7,47.7,,,14.3,,1010.1,
651,2016-10-13,17.6,15.8,21.4,12.4,,,12.0,,1001.7,
652,2016-10-14,17.3,13.9,21.4,,,,11.8,,1002.9,
653,2016-10-15,17.4,13.1,23.5,0.0,,,12.8,,1014.7,
654,2016-10-16,18.3,13.6,24.1,0.0,,,13.9,,1019.4,
655,2016-10-17,18.7,15.8,23.9,0.0,,,11.5,,1021.7,
656,2016-10-18,19.2,16.7,23.5,0.0,,,14.5,,1023.8,
657,2016-10-19,17.9,15.6,21.7,0.6,,,15.3,,1021.4,
658,2016-10-20,17.2,16.2,18.4,,,,12.8,,1016.4,
659,2016-10-21,14.3,13.3,16.6,5.5,,,13.7,,1015.4,
660,2016-10-22,15.9,13.6,19.0,2.1,,,13.4,,1011.9,
661,2016-10-23,18.8,16.0,23.7,0.0,,,10.3,,1008.8,
662,2016-10-24,19.7,17.4,23.3,2.2,,,13.5,,1012.3,
663,2016-10-25,19.7,18.8,22.0,1.2,,,10.9,,1018.4,
664,2016-10-26,19.0,17.3,22.2,0.0,,,9.2,,1022.6,
665,2016-10-27,18.4,16.1,22.8,0.0,,,9.7,,1026.9,
666,2016-10-28,17.3,14.5,21.8,0.0,,,8.7,,1030.5,
667,2016-10-29,16.6,13.0,21.4,0.0,,,12.0,,1027.5,
668,2016-10-30,15.9,12.4,20.2,0.0,,,12.5,,1023.2,
669,2016-10-31,16.0,13.7,19.7,0.0,,,8.7,,1023.3,
670,2016-11-01,17.0,13.8,22.2,0.0,,,13.2,,1023.3,
671,2016-11-02,16.2,12.9,21.3,0.0,,,12.9,,1019.6,
672,2016-11-03,15.2,11.3,20.1,0.0,,,13.4,,1017.7,
673,2016-11-04,16.2,12.8,21.4,0.6,,,9.8,,1017.1,
674,2016-11-05,18.2,14.2,23.2,0.0,,,16.0,,1007.2,
675,2016-11-06,13.8,9.7,17.6,0.0,,,15.7,,1006.3,
676,2016-11-07,10.4,7.8,15.8,0.0,,,9.9,,1010.0,
677,2016-11-08,10.4,6.0,16.9,0.0,,,19.8,,1013.5,
678,2016-11-09,13.8,9.1,19.6,0.0,,,24.4,,1014.7,
679,2016-11-10,13.4,9.5,19.4,0.0,,,16.3,,1019.9,
680,2016-11-11,12.9,9.2,19.1,1.1,,,11.5,,1020.5,
681,2016-11-12,13.8,11.6,17.5,0.1,,,9.8,,1021.5,
682,2016-11-13,13.3,9.9,19.2,0.2,,,11.8,,1021.9,
683,2016-11-14,13.7,10.2,18.8,0.0,,,14.5,,1023.9,
684,2016-11-15,11.1,7.8,16.1,0.0,,,14.2,,1028.3,
685,2016-11-16,10.4,6.3,16.4,0.0,,,13.4,,1025.8,
686,2016-11-17,11.9,7.5,18.4,0.0,,,13.2,,1020.2,
687,2016-11-18,13.8,9.1,19.2,0.0,,,12.9,,1014.8,
688,2016-11-19,14.3,11.6,18.3,0.0,,,13.4,,1014.6,
689,2016-11-20,15.0,11.4,19.4,2.5,,,13.7,,1010.3,
690,2016-11-21,17.7,16.1,19.3,9.0,,,23.2,,1005.5,
691,2016-11-22,16.8,15.0,19.2,4.6,,,14.3,,1006.3,
692,2016-11-23,16.7,11.9,20.3,17.2,,,22.0,,1004.2,
693,2016-11-24,11.2,8.2,15.9,0.0,,,12.4,,1008.8,
694,2016-11-25,9.8,7.3,15.7,0.0,,,14.2,,1012.6,
695,2016-11-26,12.0,8.6,16.8,1.9,,,21.3,,1013.2,
696,2016-11-27,14.1,12.0,16.7,40.4,,,20.0,,1011.7,
697,2016-11-28,12.3,8.6,16.0,0.0,,,14.7,,1012.5,
698,2016-11-29,12.1,8.4,16.0,0.2,,,19.9,,1022.7,
699,2016-11-30,11.4,7.8,14.9,0.0,,,13.5,,1032.0,
700,2016-12-01,9.2,5.2,15.5,0.0,,,17.6,,1027.7,
701,2016-12-02,8.9,4.2,16.4,0.0,,,16.9,,1019.2,
702,2016-12-03,9.2,4.1,14.6,0.0,,,16.7,,1016.4,
703,2016-12-04,13.4,10.5,17.5,0.6,,,21.7,,1017.6,
704,2016-12-05,15.4,12.6,17.3,0.0,,,31.8,,1020.5,
705,2016-12-06,12.8,10.4,18.2,0.0,,,11.6,,1026.4,
706,2016-12-07,11.5,7.9,16.9,0.0,,,15.3,,1031.1,
707,2016-12-08,10.7,7.0,17.8,0.0,,,14.8,,1034.6,
708,2016-12-09,11.1,6.7,17.4,0.0,,,16.8,,1032.5,
709,2016-12-10,11.4,7.4,17.3,0.0,,,14.1,,1028.7,
710,2016-12-11,10.7,7.3,16.8,0.0,,,15.7,,1024.9,
711,2016-12-12,10.1,6.4,17.8,0.0,,,15.9,,1022.4,
712,2016-12-13,10.3,6.4,16.9,0.0,,,14.3,,1025.2,
713,2016-12-14,10.9,7.7,16.5,0.0,,,15.1,,1022.9,
714,2016-12-15,9.8,7.2,14.2,0.0,,,16.4,,1022.4,
715,2016-12-16,11.8,9.1,15.9,3.9,,,19.8,,1022.0,
716,2016-12-17,12.7,8.0,14.8,,,,30.2,,1032.4,
717,2016-12-18,9.6,6.2,14.2,0.0,,,21.5,,1031.2,
718,2016-12-19,8.5,6.4,11.2,13.9,,,21.7,,1017.4,
719,2016-12-20,10.3,8.7,13.2,3.8,,,20.6,,1014.9,
720,2016-12-21,11.1,8.6,15.8,0.0,,,21.1,,1024.0,
721,2016-12-22,10.8,7.8,17.8,0.0,,,17.3,,1031.8,
722,2016-12-23,10.1,7.2,15.8,0.0,,,18.2,,1034.6,
723,2016-12-24,10.1,7.3,16.3,0.0,,,16.1,,1035.8,
724,2016-12-25,9.7,7.0,14.8,0.0,,,19.5,,1031.9,
725,2016-12-26,10.4,6.6,16.7,0.0,,,15.6,,1030.7,
726,2016-12-27,9.9,6.5,17.4,0.0,,,12.0,,1032.8,
727,2016-12-28,9.3,5.0,15.9,0.0,,,14.4,,1035.7,
728,2016-12-29,8.3,4.4,14.7,0.0,,,19.9,,1033.3,
729,2016-12-30,8.4,4.8,15.8,0.0,,,16.4,,1035.1,
730,2016-12-31,8.4,5.3,14.8,0.0,,,13.5,,1032.5,
731,2017-01-01,7.0,3.3,12.4,0.0,,,15.7,,1025.4,
732,2017-01-02,7.2,2.8,14.3,0.0,,,18.6,,1022.2,
733,2017-01-03,6.8,3.7,12.5,0.0,,,19.8,,1022.9,
734,2017-01-04,8.8,6.3,14.6,0.0,,,16.6,,1022.7,
735,2017-01-05,7.8,4.6,13.1,0.0,,,17.3,,1022.7,
736,2017-01-06,6.0,1.8,13.3,0.0,,,16.2,,1028.8,
737,2017-01-07,5.8,2.1,13.2,0.0,,,13.6,,1029.8,
738,2017-01-08,8.1,3.9,16.9,0.0,,,17.8,,1026.0,
739,2017-01-09,7.5,4.5,13.8,0.0,,,21.4,,1024.5,
740,2017-01-10,7.2,4.1,13.2,0.0,,,14.4,,1014.0,
741,2017-01-11,8.7,2.9,13.5,0.0,,,16.1,,1020.1,
742,2017-01-12,11.8,7.6,16.4,0.0,,,17.3,,1020.2,
743,2017-01-13,11.9,5.4,15.4,0.0,,,23.0,,1015.0,
744,2017-01-14,7.2,4.5,12.4,0.0,,,14.7,,1021.2,
745,2017-01-15,7.1,3.8,13.8,0.0,,,15.3,,1020.8,
746,2017-01-16,7.4,3.3,13.4,0.0,,,10.9,,1016.5,
747,2017-01-17,5.3,1.2,8.4,0.0,,,14.0,,1016.4,
748,2017-01-18,3.5,-0.6,11.2,0.0,,,15.9,,1020.9,
749,2017-01-19,6.5,1.8,11.6,0.0,,,35.0,,1022.3,
750,2017-01-20,9.5,8.8,10.9,4.9,,,40.1,,1021.4,
751,2017-01-21,10.4,8.9,12.5,0.7,,,37.3,,1017.7,
752,2017-01-22,9.8,8.3,11.4,7.2,,,32.9,,1015.3,
753,2017-01-23,9.2,7.8,11.7,0.7,,,14.6,,1017.2,
754,2017-01-24,8.8,5.7,13.5,,,,13.1,,1018.7,
755,2017-01-25,6.5,5.2,9.1,0.9,,,22.4,,1020.3,
756,2017-01-26,6.9,4.1,10.9,0.0,,,14.4,,1018.9,
757,2017-01-27,10.2,7.7,14.5,18.6,,,13.8,,1014.6,
758,2017-01-28,11.3,8.0,14.7,1.6,,,11.8,,1016.4,
759,2017-01-29,9.0,5.7,14.5,0.0,,,13.8,,1024.5,
760,2017-01-30,9.9,6.0,16.0,0.0,,,10.9,,1021.9,
761,2017-01-31,10.9,8.1,15.5,0.0,,,8.9,,1018.6,
762,2017-02-01,10.9,8.0,15.5,0.0,,,10.3,,1017.7,
763,2017-02-02,11.5,10.1,14.5,0.0,,,14.3,,1014.5,
764,2017-02-03,12.2,8.2,17.5,0.0,,,15.9,,1015.0,
765,2017-02-04,14.1,9.3,19.2,0.0,,,20.2,,1011.7,
766,2017-02-05,13.1,9.1,16.1,0.3,,,32.5,,1007.9,
767,2017-02-06,12.3,8.5,17.6,0.0,,,22.3,,1015.4,
768,2017-02-07,13.6,10.5,18.6,11.1,,,9.6,,1017.3,
769,2017-02-08,10.7,6.9,17.8,0.0,,,12.5,,1016.7,
770,2017-02-09,8.3,4.3,14.1,0.0,,,13.7,,1018.8,
771,2017-02-10,8.7,5.8,14.3,0.0,,,12.2,,1017.2,
772,2017-02-11,10.4,6.9,14.1,0.0,,,22.6,,1015.9,
773,2017-02-12,13.5,12.6,14.9,0.0,,,34.3,,1013.4,
774,2017-02-13,13.7,13.6,14.9,10.4,,,35.6,,1013.3,
775,2017-02-14,13.3,10.0,17.6,,,,12.1,,1022.5,
776,2017-02-15,13.4,10.7,16.9,0.0,,,16.7,,1031.8,
777,2017-02-16,12.8,9.1,15.9,0.0,,,9.3,,1032.8,
778,2017-02-17,11.1,8.5,14.9,0.0,,,13.1,,1027.9,
779,2017-02-18,10.4,7.2,15.1,0.0,,,10.1,,1022.7,
780,2017-02-19,12.1,9.2,16.7,0.0,,,12.1,,1025.5,
781,2017-02-20,11.6,7.7,16.3,0.0,,,13.3,,1025.8,
782,2017-02-21,11.3,7.3,17.4,0.0,,,15.6,,1024.1,
783,2017-02-22,12.3,8.4,18.6,0.0,,,14.5,,1021.7,
784,2017-02-23,12.9,9.6,18.5,1.5,,,10.9,,1016.2,
785,2017-02-24,12.2,10.3,14.1,5.0,,,9.0,,1013.7,
786,2017-02-25,10.4,6.5,14.5,0.0,,,11.7,,1019.8,
787,2017-02-26,10.4,5.8,15.2,0.0,,,16.1,,1021.2,
788,2017-02-27,12.7,10.3,16.3,0.0,,,15.8,,1014.4,
789,2017-02-28,14.3,10.9,18.7,0.0,,,24.9,,1009.8,
790,2017-03-01,11.3,7.5,16.3,0.0,,,18.2,,1018.6,
791,2017-03-02,12.1,7.6,17.8,0.0,,,14.1,,1019.3,
792,2017-03-03,12.9,11.2,16.2,16.2,,,13.1,,1010.9,
793,2017-03-04,11.0,6.6,16.0,,,,29.9,,1002.5,
794,2017-03-05,11.2,5.9,16.4,0.0,,,17.2,,1014.9,
795,2017-03-06,16.5,10.0,24.1,0.0,,,17.7,,1016.4,
796,2017-03-07,13.9,10.5,18.7,0.0,,,14.7,,1020.0,
797,2017-03-08,13.6,11.1,17.3,0.0,,,12.5,,1025.1,
798,2017-03-09,13.0,11.4,17.1,0.0,,,7.8,,1024.2,
799,2017-03-10,14.7,10.9,20.9,0.0,,,12.5,,1020.6,
800,2017-03-11,15.0,11.1,19.5,,,,9.2,,1018.1,
801,2017-03-12,13.9,10.4,18.1,0.1,,,11.8,,1015.3,
802,2017-03-13,14.9,12.0,19.3,0.0,,,23.6,,1019.4,
803,2017-03-14,14.1,10.2,21.9,0.0,,,13.3,,1028.1,
804,2017-03-15,13.3,9.8,19.4,0.0,,,10.5,,1027.3,
805,2017-03-16,12.8,9.4,17.7,0.0,,,12.4,,1024.3,
806,2017-03-17,13.2,8.6,18.2,0.0,,,18.2,,1022.4,
807,2017-03-18,13.6,9.6,18.1,0.0,,,8.9,,1020.6,
808,2017-03-19,13.5,9.5,17.8,0.0,,,11.7,,1017.8,
809,2017-03-20,13.9,10.8,19.3,0.0,,,8.1,,1014.8,
810,2017-03-21,13.5,9.7,17.7,0.0,,,12.1,,1014.4,
811,2017-03-22,14.3,10.7,17.9,0.0,,,13.8,,1012.4,
812,2017-03-23,13.0,9.8,17.2,0.0,,,16.4,,1009.8,
813,2017-03-24,9.6,6.9,12.4,64.7,,,16.4,,1013.7,
814,2017-03-25,10.3,6.4,16.4,0.0,,,14.5,,1014.6,
815,2017-03-26,12.0,7.4,17.2,0.0,,,13.5,,1019.0,
816,2017-03-27,12.3,9.4,16.8,2.1,,,18.5,,1020.6,
817,2017-03-28,12.3,8.4,16.8,0.0,,,12.4,,1025.9,
818,2017-03-29,14.4,10.3,20.4,0.0,,,13.3,,1026.4,
819,2017-03-30,14.6,10.9,19.1,0.0,,,13.2,,1025.6,
820,2017-03-31,13.7,10.6,18.0,0.9,,,10.7,,1021.6,
821,2017-04-01,12.5,9.5,15.9,4.6,,,11.0,,1016.3,
822,2017-04-02,12.0,8.2,17.4,0.5,,,12.6,,1017.4,
823,2017-04-03,14.1,9.5,20.3,0.0,,,18.2,,1021.2,
824,2017-04-04,15.4,10.5,22.3,0.0,,,16.0,,1021.2,
825,2017-04-05,14.6,11.2,19.2,3.3,,,11.5,,1019.9,
826,2017-04-06,14.2,9.6,20.6,0.0,,,13.5,,1018.5,
827,2017-04-07,14.3,10.6,19.3,0.0,,,12.6,,1020.6,
828,2017-04-08,14.6,10.6,19.1,0.0,,,15.2,,1021.7,
829,2017-04-09,14.1,9.8,18.8,0.0,,,12.3,,1024.5,
830,2017-04-10,15.3,10.8,19.4,0.0,,,19.1,,1023.9,
831,2017-04-11,16.1,12.5,20.5,0.0,,,12.4,,1020.9,
832,2017-04-12,15.9,12.7,20.8,0.0,,,11.3,,1020.6,
833,2017-04-13,15.5,12.0,19.3,0.0,,,10.7,,1017.0,
834,2017-04-14,16.8,13.0,21.4,,,,8.4,,1016.6,
835,2017-04-15,16.1,14.2,19.3,0.2,,,11.7,,1018.5,
836,2017-04-16,15.9,12.0,20.5,0.0,,,16.4,,1021.0,
837,2017-04-17,15.9,12.9,20.4,0.0,,,13.2,,1018.9,
838,2017-04-18,16.3,13.0,20.0,0.0,,,10.9,,1016.6,
839,2017-04-19,14.7,10.7,17.3,0.0,,,18.5,,1021.0,
840,2017-04-20,12.4,8.6,17.3,0.0,,,16.5,,1025.8,
841,2017-04-21,12.2,6.9,17.3,0.0,,,13.9,,1028.7,
842,2017-04-22,13.3,8.5,18.1,0.0,,,21.4,,1025.3,
843,2017-04-23,14.7,10.2,20.1,0.0,,,11.9,,1019.0,
844,2017-04-24,14.9,10.8,19.2,0.0,,,12.5,,1017.1,
845,2017-04-25,15.4,11.4,20.1,0.4,,,14.7,,1011.3,
846,2017-04-26,14.2,11.7,16.6,24.9,,,15.0,,1008.4,
847,2017-04-27,9.1,7.5,11.7,6.2,,,11.4,,1014.3,
848,2017-04-28,11.1,6.3,16.3,0.0,,,14.7,,1017.6,
849,2017-04-29,12.8,7.8,17.7,,,,17.4,,1016.2,
850,2017-04-30,16.2,13.8,19.3,1.8,,,21.1,,1011.4,
851,2017-05-01,14.7,11.9,18.1,0.0,,,15.4,,1017.3,
852,2017-05-02,14.8,10.5,18.8,0.0,,,17.9,,1019.2,
853,2017-05-03,15.3,14.2,18.6,0.1,,,11.9,,1018.4,
854,2017-05-04,15.6,12.3,19.3,0.0,,,12.1,,1014.6,
855,2017-05-05,17.1,15.0,21.7,0.0,,,26.2,,1013.3,
856,2017-05-06,19.3,15.4,26.6,0.0,,,22.5,,1013.0,
857,2017-05-07,16.7,13.4,20.4,0.0,,,14.5,,1019.8,
858,2017-05-08,16.8,13.6,20.4,0.0,,,11.0,,1017.8,
859,2017-05-09,16.4,12.9,19.7,0.0,,,13.1,,1012.2,
860,2017-05-10,17.7,15.6,21.2,0.1,,,13.9,,1006.3,
861,2017-05-11,18.3,15.2,22.2,12.0,,,17.7,,1001.6,
862,2017-05-12,19.6,14.8,25.3,0.0,,,18.6,,1005.5,
863,2017-05-13,20.1,15.4,26.0,0.0,,,19.6,,1013.9,
864,2017-05-14,19.7,16.8,23.3,0.0,,,12.4,,1022.5,
865,2017-05-15,20.1,16.4,24.9,0.0,,,10.9,,1027.0,
866,2017-05-16,20.8,17.8,25.8,0.0,,,10.7,,1025.6,
867,2017-05-17,20.7,17.1,25.9,0.0,,,9.5,,1021.1,
868,2017-05-18,18.9,14.8,23.3,0.4,,,12.6,,1014.2,
869,2017-05-19,16.8,12.3,21.1,0.0,,,17.5,,1018.4,
870,2017-05-20,18.7,14.5,21.7,,,,14.5,,1023.0,
871,2017-05-21,18.4,14.4,22.7,0.0,,,16.1,,1022.0,
872,2017-05-22,19.7,16.9,23.6,0.0,,,11.3,,1018.0,
873,2017-05-23,20.5,16.9,24.7,0.0,,,14.4,,1019.8,
874,2017-05-24,22.2,18.0,27.0,0.0,,,16.9,,1019.5,
875,2017-05-25,22.2,18.8,26.5,0.0,,,16.8,,1015.3,
876,2017-05-26,20.1,18.3,22.7,0.0,,,15.8,,1015.8,
877,2017-05-27,21.1,19.3,24.3,0.0,,,17.3,,1018.9,
878,2017-05-28,20.9,17.5,25.1,0.0,,,11.3,,1019.8,
879,2017-05-29,21.6,17.2,26.3,1.9,,,11.1,,1016.8,
880,2017-05-30,20.8,16.9,24.2,1.0,,,13.5,,1017.0,
881,2017-05-31,21.1,17.0,25.5,0.0,,,11.9,,1019.4,
882,2017-06-01,21.4,18.1,25.2,0.0,,,10.0,,1019.8,
883,2017-06-02,21.6,18.6,25.4,0.0,,,12.1,,1018.3,
884,2017-06-03,23.3,21.6,28.9,0.0,,,13.9,,1016.0,
885,2017-06-04,21.1,19.3,25.8,8.9,,,12.7,,1016.8,
886,2017-06-05,19.7,17.4,24.2,0.0,,,16.8,,1014.1,
887,2017-06-06,21.6,19.1,26.8,,,,21.1,,1013.5,
888,2017-06-07,19.7,19.2,21.4,0.3,,,11.2,,1020.9,
889,2017-06-08,21.5,19.3,24.8,0.3,,,14.9,,1018.5,
890,2017-06-09,21.6,19.4,25.3,0.0,,,9.4,,1016.7,
891,2017-06-10,22.4,18.3,26.8,0.0,,,13.8,,1018.2,
892,2017-06-11,23.7,19.9,28.2,0.0,,,13.0,,1017.4,
893,2017-06-12,24.6,20.4,28.7,0.0,,,11.4,,1017.0,
894,2017-06-13,25.4,21.4,29.7,0.0,,,12.0,,1014.5,
895,2017-06-14,25.6,21.7,30.8,0.0,,,14.2,,1014.4,
896,2017-06-15,25.9,22.3,30.8,0.0,,,10.3,,1016.1,
897,2017-06-16,27.5,23.7,31.8,0.0,,,13.7,,1019.0,
898,2017-06-17,26.2,24.4,29.6,0.0,,,11.7,,1017.2,
899,2017-06-18,25.8,22.4,29.8,0.0,,,12.1,,1016.1,
900,2017-06-19,25.3,22.0,28.7,0.0,,,11.8,,1019.3,
901,2017-06-20,26.1,22.8,29.8,0.0,,,15.7,,1018.7,
902,2017-06-21,26.1,23.5,30.3,0.0,,,19.2,,1016.4,
903,2017-06-22,26.1,21.4,29.5,0.0,,,18.5,,1017.6,
904,2017-06-23,25.9,22.7,29.7,0.0,,,21.0,,1019.1,
905,2017-06-24,25.6,21.9,29.1,,,,14.0,,1018.0,
906,2017-06-25,24.9,22.3,27.8,,,,11.1,,1016.3,
907,2017-06-26,26.1,21.9,31.1,0.0,,,9.4,,1011.0,
908,2017-06-27,25.7,24.2,28.6,0.0,,,12.4,,1008.4,
909,2017-06-28,25.2,20.1,32.3,1.3,,,21.2,,1005.0,
910,2017-06-29,22.8,18.6,28.6,1.3,,,18.2,,1007.9,
911,2017-06-30,22.7,16.4,28.6,0.0,,,20.6,,1012.9,
912,2017-07-01,21.1,18.4,25.2,0.0,,,15.3,,1019.2,
913,2017-07-02,22.1,18.1,26.5,0.0,,,17.2,,1021.9,
914,2017-07-03,22.8,18.6,27.4,0.0,,,16.5,,1022.0,
915,2017-07-04,23.6,19.8,27.5,0.0,,,13.4,,1019.4,
916,2017-07-05,23.6,19.2,28.0,0.0,,,14.3,,1017.7,
917,2017-07-06,25.1,21.7,29.7,0.0,,,13.5,,1017.9,
918,2017-07-07,25.6,22.6,29.1,0.0,,,19.0,,1018.1,
919,2017-07-08,26.1,24.3,29.1,,,,21.5,,1014.5,
920,2017-07-09,25.3,22.6,29.7,0.0,,,12.7,,1012.6,
921,2017-07-10,25.3,22.3,29.0,0.0,,,10.6,,1014.1,
922,2017-07-11,25.8,24.5,28.6,0.0,,,15.8,,1015.5,
923,2017-07-12,26.1,22.8,29.8,0.0,,,15.1,,1017.2,
924,2017-07-13,26.4,23.7,29.4,0.0,,,16.1,,1018.2,
925,2017-07-14,26.1,24.7,29.4,0.0,,,12.3,,1017.8,
926,2017-07-15,26.4,24.3,30.4,0.0,,,13.7,,1018.0,
927,2017-07-16,26.3,24.1,29.9,0.0,,,11.3,,1019.6,
928,2017-07-17,26.3,23.7,29.5,0.0,,,12.0,,1019.2,
929,2017-07-18,26.3,23.0,30.1,0.0,,,12.5,,1017.0,
930,2017-07-19,26.3,23.3,30.1,0.0,,,14.3,,1014.5,
931,2017-07-20,26.3,24.8,29.4,0.1,,,26.3,,1012.4,
932,2017-07-21,25.5,23.1,30.1,0.0,,,11.7,,1011.9,
933,2017-07-22,25.7,22.3,29.7,0.0,,,13.8,,1014.1,
934,2017-07-23,25.1,19.9,28.7,2.8,,,13.7,,1017.6,
935,2017-07-24,24.7,20.6,29.5,0.0,,,16.8,,1015.2,
936,2017-07-25,24.6,22.0,28.0,0.0,,,19.2,,1014.8,
937,2017-07-26,23.8,21.1,27.6,0.0,,,14.0,,1014.1,
938,2017-07-27,25.0,20.6,29.5,0.0,,,15.2,,1014.3,
939,2017-07-28,26.2,23.7,29.9,0.0,,,12.1,,1016.0,
940,2017-07-29,25.8,22.4,29.6,0.0,,,12.3,,1016.2,
941,2017-07-30,26.4,22.8,31.0,0.0,,,13.2,,1013.4,
942,2017-07-31,26.6,25.1,29.7,0.0,,,24.1,,1011.6,
943,2017-08-01,26.6,25.8,29.7,0.1,,,17.6,,1013.1,
944,2017-08-02,27.9,24.4,32.3,0.0,,,14.4,,1017.5,
945,2017-08-03,27.9,25.6,34.3,0.0,,,14.7,,1015.6,
946,2017-08-04,28.4,24.9,33.0,0.0,,,11.8,,1014.5,
947,2017-08-05,28.8,26.1,33.4,0.0,,,13.9,,1014.9,
948,2017-08-06,27.2,25.0,31.3,0.0,,,12.3,,1016.5,
949,2017-08-07,26.9,24.0,30.8,0.0,,,12.8,,1015.2,
950,2017-08-08,26.4,22.0,30.2,1.2,,,17.9,,1011.8,
951,2017-08-09,22.8,18.4,27.0,2.8,,,14.7,,1016.6,
952,2017-08-10,21.8,17.0,26.9,,,,18.2,,1019.6,
953,2017-08-11,22.2,18.4,26.1,0.6,,,15.2,,1020.5,
954,2017-08-12,23.7,20.1,27.4,0.0,,,12.5,,1021.2,
955,2017-08-13,24.1,20.0,28.5,0.0,,,13.2,,1019.1,
956,2017-08-14,24.7,20.8,28.7,0.0,,,13.3,,1018.2,
957,2017-08-15,24.6,20.8,28.7,0.0,,,14.1,,1018.8,
958,2017-08-16,25.6,24.0,28.7,0.0,,,15.8,,1019.0,
959,2017-08-17,26.1,23.1,30.2,0.0,,,13.9,,1018.9,
960,2017-08-18,26.2,23.3,30.2,0.0,,,15.0,,1016.5,
961,2017-08-19,25.8,24.9,28.8,0.0,,,12.0,,1018.4,
962,2017-08-20,25.2,23.7,28.2,0.5,,,11.3,,1020.5,
963,2017-08-21,25.3,22.1,29.8,0.0,,,11.5,,1019.8,
964,2017-08-22,25.4,22.6,29.6,0.0,,,16.5,,1017.5,
965,2017-08-23,25.3,21.8,29.7,0.0,,,14.6,,1017.3,
966,2017-08-24,26.0,22.8,30.5,0.0,,,12.5,,1017.2,
967,2017-08-25,25.5,21.5,30.3,0.0,,,11.9,,1017.6,
968,2017-08-26,26.2,23.6,29.9,0.0,,,11.4,,1016.8,
969,2017-08-27,26.1,24.0,29.3,0.0,,,12.2,,1016.1,
970,2017-08-28,26.4,23.6,31.0,0.0,,,10.2,,1014.9,
971,2017-08-29,26.8,24.5,31.3,,,,12.3,,1014.0,
972,2017-08-30,24.8,23.0,28.0,0.9,,,15.3,,1014.9,
973,2017-08-31,22.6,20.5,24.1,11.4,,,15.4,,1016.8,
974,2017-09-01,22.4,20.1,26.0,0.7,,,14.0,,1018.4,
975,2017-09-02,22.5,17.5,26.7,0.0,,,16.9,,1018.8,
976,2017-09-03,22.5,18.3,26.8,1.3,,,12.7,,1015.9,
977,2017-09-04,23.6,20.8,27.6,1.0,,,15.6,,1016.0,
978,2017-09-05,24.2,20.3,28.5,0.0,,,17.6,,1020.8,
979,2017-09-06,24.8,22.3,28.8,13.6,,,12.4,,1020.7,
980,2017-09-07,22.4,19.5,26.0,0.0,,,15.1,,1017.3,
981,2017-09-08,22.2,19.0,26.4,0.0,,,12.6,,1014.2,
982,2017-09-09,20.9,16.9,27.0,3.1,,,15.3,,1006.1,
983,2017-09-10,20.3,14.3,29.1,0.0,,,15.2,,1007.4,
984,2017-09-11,22.4,18.0,26.8,11.7,,,15.4,,1009.8,
985,2017-09-12,21.8,19.6,23.9,1.9,,,15.0,,1015.5,
986,2017-09-13,22.7,18.4,27.3,0.0,,,19.3,,1021.1,
987,2017-09-14,23.6,18.0,27.5,4.3,,,19.7,,1016.7,
988,2017-09-15,15.4,13.1,18.1,4.4,,,15.6,,1015.7,
989,2017-09-16,16.7,12.0,21.8,0.0,,,13.7,,1014.0,
990,2017-09-17,18.2,12.1,23.7,0.6,,,18.7,,1017.4,
991,2017-09-18,19.8,18.3,22.0,4.9,,,17.8,,1017.0,
992,2017-09-19,19.7,16.2,23.5,0.0,,,13.0,,1019.8,
993,2017-09-20,19.3,15.1,24.5,0.0,,,13.8,,1020.2,
994,2017-09-21,20.7,16.5,26.2,0.0,,,16.2,,1018.1,
995,2017-09-22,20.8,18.5,24.7,0.0,,,12.8,,1020.3,
996,2017-09-23,20.8,17.2,25.4,0.0,,,14.4,,1020.6,
997,2017-09-24,21.7,18.6,26.0,0.0,,,14.3,,1019.5,
998,2017-09-25,21.5,18.1,26.0,1.8,,,17.8,,1017.9,
999,2017-09-26,21.1,17.8,25.1,0.0,,,13.6,,1020.2,
1000,2017-09-27,20.9,17.1,25.2,0.0,,,11.0,,1022.0,
1001,2017-09-28,20.9,18.0,25.5,0.0,,,11.4,,1024.3,
1002,2017-09-29,20.6,17.6,25.1,0.0,,,13.3,,1022.7,
1003,2017-09-30,20.4,17.3,24.2,15.6,,,13.9,,1019.8,
1004,2017-10-01,19.7,18.4,21.6,0.7,,,10.1,,1021.0,
1005,2017-10-02,21.2,19.1,25.0,,,,10.0,,1022.9,
1006,2017-10-03,21.7,19.5,25.5,0.0,,,10.2,,1021.6,
1007,2017-10-04,21.3,19.3,25.4,0.0,,,10.0,,1023.9,
1008,2017-10-05,21.5,18.7,25.5,0.0,,,15.9,,1021.1,
1009,2017-10-06,21.7,19.3,26.0,0.0,,,13.0,,1017.8,
1010,2017-10-07,19.8,16.6,22.8,0.0,,,12.5,,1022.0,
1011,2017-10-08,18.8,14.1,23.9,0.0,,,14.9,,1020.0,
1012,2017-10-09,19.7,15.2,24.5,0.0,,,14.5,,1019.9,
1013,2017-10-10,20.3,17.0,25.1,0.0,,,11.4,,1020.5,
1014,2017-10-11,20.7,17.4,25.1,0.0,,,16.6,,1022.3,
1015,2017-10-12,20.9,17.9,25.5,0.0,,,13.4,,1025.5,
1016,2017-10-13,20.8,18.2,25.3,0.0,,,9.8,,1025.9,
1017,2017-10-14,20.8,18.5,24.9,0.0,,,13.0,,1026.8,
1018,2017-10-15,20.5,17.2,25.0,0.0,,,11.7,,1027.5,
1019,2017-10-16,20.4,17.7,25.1,0.0,,,11.1,,1026.6,
1020,2017-10-17,19.7,16.3,24.8,0.0,,,11.5,,1022.9,
1021,2017-10-18,19.3,16.1,24.3,37.5,,,11.9,,1015.3,
1022,2017-10-19,16.8,15.8,21.1,,,,14.5,,1009.7,
1023,2017-10-20,18.7,16.4,23.3,0.8,,,10.2,,1016.9,
1024,2017-10-21,19.3,15.0,24.1,0.1,,,11.8,,1020.4,
1025,2017-10-22,18.4,15.3,22.5,0.0,,,13.0,,1023.6,
1026,2017-10-23,16.6,13.1,21.3,0.0,,,15.7,,1024.5,
1027,2017-10-24,17.2,12.7,22.8,0.0,,,14.3,,1023.7,
1028,2017-10-25,18.0,13.8,23.3,0.0,,,11.7,,1024.2,
1029,2017-10-26,18.3,14.8,23.5,0.0,,,11.9,,1026.2,
1030,2017-10-27,19.1,15.5,24.8,0.0,,,11.3,,1024.7,
1031,2017-10-28,18.0,15.0,23.2,0.0,,,13.3,,1023.6,
1032,2017-10-29,17.3,13.2,24.4,0.0,,,14.7,,1019.6,
1033,2017-10-30,16.2,12.4,21.3,4.4,,,14.7,,1017.2,
1034,2017-10-31,15.4,12.8,19.6,0.0,,,9.9,,1022.3,
1035,2017-11-01,15.1,10.9,20.9,0.4,,,14.6,,1022.9,
1036,2017-11-02,17.7,15.0,22.6,0.0,,,14.7,,1019.7,
1037,2017-11-03,17.3,14.2,22.2,0.0,,,11.5,,1015.0,
1038,2017-11-04,17.5,15.6,23.2,4.9,,,11.8,,1011.5,
1039,2017-11-05,16.4,12.2,21.2,0.0,,,11.7,,1013.5,
1040,2017-11-06,13.1,8.8,18.2,0.0,,,19.0,,1016.2,
1041,2017-11-07,10.4,6.2,17.2,0.0,,,15.5,,1016.4,
1042,2017-11-08,10.0,6.0,15.5,0.0,,,17.4,,1019.2,
1043,2017-11-09,10.3,6.5,17.0,0.0,,,15.6,,1021.9,
1044,2017-11-10,10.7,6.1,17.2,0.0,,,14.5,,1024.2,
1045,2017-11-11,11.9,8.8,17.2,0.0,,,14.5,,1021.5,
1046,2017-11-12,14.1,10.7,20.2,0.0,,,13.6,,1015.9,
1047,2017-11-13,13.7,9.4,18.0,0.0,,,16.5,,1012.5,
1048,2017-11-14,10.4,6.7,17.4,0.0,,,14.4,,1017.7,
1049,2017-11-15,9.3,4.7,17.2,0.0,,,15.4,,1019.5,
1050,2017-11-16,10.2,5.3,17.8,0.0,,,14.6,,1020.4,
1051,2017-11-17,11.5,6.1,19.2,0.0,,,15.5,,1019.6,
1052,2017-11-18,11.9,7.5,20.2,0.0,,,14.7,,1019.9,
1053,2017-11-19,11.3,7.2,18.3,0.0,,,16.0,,1021.1,
1054,2017-11-20,11.3,6.6,19.2,0.0,,,15.4,,1022.9,
1055,2017-11-21,12.1,7.6,19.9,0.0,,,13.4,,1020.8,
1056,2017-11-22,12.1,7.3,19.2,0.0,,,13.2,,1017.0,
1057,2017-11-23,13.2,9.6,19.4,0.0,,,18.0,,1017.3,
1058,2017-11-24,14.4,10.0,21.0,0.0,,,11.0,,1018.1,
1059,2017-11-25,13.7,9.8,17.6,0.0,,,7.0,,1017.5,
1060,2017-11-26,10.1,7.1,15.8,0.0,,,13.8,,1026.4,
1061,2017-11-27,8.7,4.9,14.5,0.0,,,15.1,,1028.4,
1062,2017-11-28,9.1,5.1,16.6,0.0,,,14.2,,1016.7,
1063,2017-11-29,8.4,4.4,14.3,0.0,,,17.2,,1008.0,
1064,2017-11-30,7.5,3.6,14.6,0.0,,,15.6,,1012.4,
1065,2017-12-01,6.2,2.7,8.6,0.3,,,12.6,,1012.6,
1066,2017-12-02,6.3,1.9,11.6,0.0,,,18.4,,1014.2,
1067,2017-12-03,7.1,3.2,13.5,0.0,,,17.5,,1023.1,
1068,2017-12-04,6.9,1.9,15.1,0.0,,,18.4,,1032.4,
1069,2017-12-05,6.9,2.7,14.0,0.0,,,16.7,,1035.5,
1070,2017-12-06,7.2,2.5,15.1,0.0,,,17.0,,1034.1,
1071,2017-12-07,8.7,4.2,15.3,0.0,,,16.6,,1030.2,
1072,2017-12-08,8.1,5.6,12.1,0.0,,,17.6,,1023.1,
1073,2017-12-09,7.7,5.1,13.0,0.0,,,14.1,,1021.8,
1074,2017-12-10,12.9,8.4,18.2,0.7,,,15.7,,1009.7,
1075,2017-12-11,13.8,8.0,17.0,1.1,,,25.1,,993.6,
1076,2017-12-12,8.3,5.0,12.0,0.0,,,12.6,,1012.8,
1077,2017-12-13,7.7,3.3,14.1,0.0,,,18.6,,1022.6,
1078,2017-12-14,12.1,10.4,16.4,,,,12.1,,,
1079,2017-12-15,12.4,7.7,17.2,0.0,,,11.3,,1007.2,
1080,2017-12-16,8.9,4.2,14.9,0.0,,,17.3,,1015.5,
1081,2017-12-17,7.6,4.1,15.3,0.0,,,13.4,,1026.3,
1082,2017-12-18,7.1,4.5,10.0,0.0,,,15.7,,1026.4,
1083,2017-12-19,7.7,2.8,12.7,0.0,,,16.6,,1029.9,
1084,2017-12-20,7.9,3.6,13.4,0.0,,,16.2,,1031.8,
1085,2017-12-21,9.6,7.4,16.2,0.0,,,11.2,,1035.3,
1086,2017-12-22,10.4,7.2,16.1,0.0,,,17.1,,1032.2,
1087,2017-12-23,9.2,6.4,14.9,0.0,,,16.7,,1034.0,
1088,2017-12-24,8.4,4.5,15.2,0.0,,,18.8,,1031.7,
1089,2017-12-25,9.1,5.9,16.1,0.0,,,12.7,,1025.2,
1090,2017-12-26,9.2,6.2,15.3,1.0,,,9.1,,1015.6,
1091,2017-12-27,10.6,7.3,14.7,,,,27.6,,1001.7,
1092,2017-12-28,8.5,4.4,13.6,0.0,,,11.7,,1008.1,
1093,2017-12-29,8.4,4.6,16.0,0.1,,,10.7,,1017.4,
1094,2017-12-30,14.3,8.6,21.9,0.0,,,11.9,,1021.9,
1095,2017-12-31,12.3,7.7,18.3,0.0,,,18.0,,1019.9,
1096,2018-01-01,13.3,9.7,16.6,0.0,,,24.4,,1023.0,
1097,2018-01-02,13.2,8.3,18.9,0.0,,,8.2,,1023.9,
1098,2018-01-03,17.4,10.6,22.9,0.0,,,18.2,,1022.1,
1099,2018-01-04,19.1,14.3,23.5,0.0,,,18.9,,1017.9,
1100,2018-01-05,14.8,10.0,20.0,0.0,,,16.2,,1010.1,
1101,2018-01-06,11.8,7.5,16.0,0.1,,,22.6,,1001.9,
1102,2018-01-07,11.9,6.7,15.8,6.8,,,12.8,,1002.9,
1103,2018-01-08,8.2,5.5,13.9,0.0,,,17.8,,1010.0,
1104,2018-01-09,8.7,4.6,14.6,0.0,,,13.6,,1016.3,
1105,2018-01-10,9.8,6.4,14.9,0.0,,,13.9,,1015.3,
1106,2018-01-11,10.7,7.8,14.3,0.0,,,14.8,,1015.0,
1107,2018-01-12,7.8,5.0,13.3,0.0,,,13.6,,1021.7,
1108,2018-01-13,8.1,2.8,14.0,10.3,,,16.6,,1020.2,
1109,2018-01-14,9.0,6.5,12.2,0.0,,,15.0,,1016.2,
1110,2018-01-15,8.2,4.8,13.8,0.0,,,15.3,,1023.2,
1111,2018-01-16,12.6,8.0,18.7,0.0,,,14.2,,1020.3,
1112,2018-01-17,14.6,10.7,18.1,1.4,,,17.8,,1019.1,
1113,2018-01-18,10.1,6.4,15.1,0.0,,,16.1,,1023.6,
1114,2018-01-19,8.6,5.7,13.6,0.0,,,15.6,,1019.1,
1115,2018-01-20,11.2,5.9,16.6,0.0,,,17.8,,1019.6,
1116,2018-01-21,17.4,15.0,23.8,0.0,,,23.3,,1018.3,
1117,2018-01-22,15.4,11.4,21.5,0.0,,,15.1,,1021.7,
1118,2018-01-23,12.3,9.4,18.2,0.0,,,12.1,,1026.2,
1119,2018-01-24,11.2,7.4,16.9,0.0,,,14.9,,1027.4,
1120,2018-01-25,12.1,9.8,14.7,2.2,,,9.9,,1020.5,
1121,2018-01-26,9.0,6.8,13.9,33.6,,,13.5,,1015.4,
1122,2018-01-27,9.5,6.2,13.2,0.0,,,14.6,,1026.5,
1123,2018-01-28,11.4,8.2,15.7,0.0,,,13.2,,1035.6,
1124,2018-01-29,10.2,6.7,16.5,0.0,,,13.8,,1034.6,
1125,2018-01-30,9.8,6.1,15.2,0.0,,,14.6,,1029.9,
1126,2018-01-31,9.5,4.7,14.7,0.0,,,17.3,,1023.9,
1127,2018-02-01,8.2,5.8,11.5,3.7,,,13.4,,1010.6,
1128,2018-02-02,7.2,4.3,12.2,0.0,,,11.8,,1006.9,
1129,2018-02-03,7.9,3.6,12.9,0.0,,,16.2,,1010.7,
1130,2018-02-04,7.8,6.5,10.6,51.9,,,20.5,,1011.2,
1131,2018-02-05,8.7,6.4,10.4,27.2,,,17.4,,1008.4,
1132,2018-02-06,8.7,7.3,11.2,3.8,,,11.7,,1007.3,
1133,2018-02-07,6.6,3.6,11.7,0.0,,,11.8,,1011.6,
1134,2018-02-08,4.4,2.4,8.9,0.4,,,17.6,,1018.0,
1135,2018-02-09,5.0,0.6,10.3,0.0,,,14.4,,1018.2,
1136,2018-02-10,6.9,2.8,13.5,0.0,,,13.1,,1016.9,
1137,2018-02-11,8.4,2.4,14.8,1.4,,,19.6,,1016.2,
1138,2018-02-12,8.7,3.2,12.6,11.8,,,13.0,,1016.6,
1139,2018-02-13,5.6,1.5,11.8,0.0,,,19.0,,1017.4,
1140,2018-02-14,7.3,4.1,11.8,0.0,,,11.2,,1017.1,
1141,2018-02-15,10.8,6.7,17.0,0.0,,,12.0,,1022.0,
1142,2018-02-16,12.2,10.4,16.1,0.0,,,12.1,,1023.1,
1143,2018-02-17,11.8,8.6,15.7,0.3,,,11.9,,1020.9,
1144,2018-02-18,10.9,7.0,15.2,0.0,,,12.8,,1021.2,
1145,2018-02-19,10.0,6.7,13.5,0.0,,,12.1,,1017.2,
1146,2018-02-20,11.8,9.2,15.4,0.0,,,9.7,,1011.3,
1147,2018-02-21,9.8,5.6,14.7,0.1,,,16.4,,1007.6,
1148,2018-02-22,6.7,2.3,11.0,0.3,,,14.5,,1006.8,
1149,2018-02-23,7.1,4.7,11.0,0.0,,,12.2,,1007.1,
1150,2018-02-24,7.0,2.3,12.6,0.0,,,15.0,,1008.4,
1151,2018-02-25,9.2,4.8,15.3,0.0,,,12.0,,1009.2,
1152,2018-02-26,7.2,3.8,11.9,0.3,,,19.2,,1008.7,
1153,2018-02-27,3.0,1.7,5.1,3.7,,,14.2,,1009.8,
1154,2018-02-28,4.2,0.7,7.2,9.4,,,19.1,,1003.9,
1155,2018-03-01,10.5,6.8,15.3,1.1,,,13.9,,993.4,
1156,2018-03-02,12.0,10.1,15.3,2.6,,,24.3,,998.2,
1157,2018-03-03,13.3,9.1,19.7,0.0,,,18.0,,998.6,
1158,2018-03-04,12.1,9.1,16.2,0.0,,,9.3,,997.6,
1159,2018-03-05,11.3,8.1,16.8,2.1,,,16.1,,993.5,
1160,2018-03-06,12.2,8.9,17.7,0.0,,,15.7,,996.6,
1161,2018-03-07,11.3,6.4,17.6,0.0,,,16.4,,1006.2,
1162,2018-03-08,10.6,7.2,15.4,0.1,,,15.9,,1010.6,
1163,2018-03-09,11.6,7.4,16.0,0.0,,,11.2,,1012.2,
1164,2018-03-10,14.3,11.4,18.2,0.8,,,14.7,,1006.8,
1165,2018-03-11,13.8,10.8,17.9,0.2,,,18.4,,1001.0,
1166,2018-03-12,15.0,11.0,20.5,0.0,,,20.2,,1008.5,
1167,2018-03-13,11.5,8.3,16.6,0.0,,,13.3,,1015.2,
1168,2018-03-14,11.7,7.7,15.9,0.1,,,12.1,,1010.8,
1169,2018-03-15,14.3,12.1,19.7,,,,15.4,,999.8,
1170,2018-03-16,12.8,9.2,17.7,0.0,,,13.8,,1002.9,
1171,2018-03-17,10.4,6.7,15.4,2.0,,,14.0,,999.7,
1172,2018-03-18,9.3,5.4,15.0,0.0,,,12.9,,1000.2,
1173,2018-03-19,10.1,6.3,15.7,29.7,,,18.8,,1004.3,
1174,2018-03-20,7.7,2.6,13.9,0.0,,,13.8,,1006.0,
1175,2018-03-21,9.1,4.1,14.9,0.0,,,13.2,,1017.3,
1176,2018-03-22,9.8,3.6,17.5,0.0,,,14.8,,1017.7,
1177,2018-03-23,11.1,6.6,17.1,3.3,,,14.8,,1008.2,
1178,2018-03-24,8.5,7.1,10.0,28.5,,,18.2,,996.6,
1179,2018-03-25,10.4,8.5,14.0,0.0,,,12.4,,1007.0,
1180,2018-03-26,11.2,6.6,17.5,0.0,,,15.4,,1015.4,
1181,2018-03-27,11.7,7.7,16.1,0.0,,,15.9,,1020.1,
1182,2018-03-28,14.6,11.3,19.7,0.0,,,14.9,,1015.1,
1183,2018-03-29,13.5,11.7,17.1,0.0,,,12.4,,1009.7,
1184,2018-03-30,13.3,10.4,19.3,,,,17.4,,1004.0,
1185,2018-03-31,13.2,10.1,18.6,0.0,,,25.6,,1004.4,
1186,2018-04-01,11.6,7.5,17.0,0.0,,,14.6,,1016.6,
1187,2018-04-02,12.8,8.4,18.6,0.0,,,13.2,,1012.1,
1188,2018-04-03,13.9,11.7,16.9,0.0,,,16.3,,1008.7,
1189,2018-04-04,16.4,12.6,23.5,0.0,,,18.5,,1010.1,
1190,2018-04-05,14.7,11.3,19.5,0.0,,,10.4,,1018.6,
1191,2018-04-06,13.3,9.5,17.4,0.0,,,15.2,,1016.3,
1192,2018-04-07,14.8,13.6,17.8,4.2,,,37.1,,1010.5,
1193,2018-04-08,13.6,12.4,15.6,1.3,,,20.5,,1004.6,
1194,2018-04-09,12.9,9.7,17.2,0.0,,,11.6,,1007.1,
1195,2018-04-10,12.2,7.3,16.8,23.1,,,12.2,,1004.5,
1196,2018-04-11,12.4,9.3,15.7,5.7,,,19.8,,994.4,
1197,2018-04-12,12.1,8.1,16.8,0.0,,,14.9,,1000.4,
1198,2018-04-13,13.3,10.6,16.3,5.8,,,13.8,,1008.3,
1199,2018-04-14,13.3,12.8,15.0,8.1,,,16.1,,1015.7,
1200,2018-04-15,15.4,13.0,19.2,0.0,,,17.5,,1013.6,
1201,2018-04-16,14.5,11.4,17.1,0.6,,,12.8,,1014.4,
1202,2018-04-17,16.2,11.0,22.6,0.0,,,14.0,,1022.0,
1203,2018-04-18,18.1,14.0,23.5,0.0,,,14.0,,1025.3,
1204,2018-04-19,17.3,13.8,22.1,0.0,,,15.7,,1025.2,
1205,2018-04-20,16.4,12.7,21.0,0.0,,,11.3,,1023.4,
1206,2018-04-21,17.1,13.1,23.0,0.0,,,12.1,,1020.6,
1207,2018-04-22,17.3,14.4,22.5,0.0,,,13.5,,1018.4,
1208,2018-04-23,18.0,14.7,23.4,0.0,,,8.0,,1019.3,
1209,2018-04-24,18.8,15.2,24.8,0.0,,,9.1,,1019.1,
1210,2018-04-25,19.1,15.5,25.5,0.0,,,15.4,,1017.7,
1211,2018-04-26,17.8,15.4,21.4,0.0,,,11.8,,1016.6,
1212,2018-04-27,17.7,14.7,22.6,0.0,,,12.7,,1012.8,
1213,2018-04-28,17.8,15.8,21.1,0.4,,,9.2,,1011.4,
1214,2018-04-29,16.3,12.8,20.1,0.2,,,18.1,,1006.9,
1215,2018-04-30,14.5,10.0,19.4,25.8,,,15.6,,1012.5,
1216,2018-05-01,11.8,9.3,16.8,7.2,,,10.6,,1013.8,
1217,2018-05-02,13.3,7.2,19.1,0.0,,,17.0,,1011.6,
1218,2018-05-03,16.1,11.6,23.6,1.5,,,12.8,,1009.3,
1219,2018-05-04,15.2,13.1,17.6,0.1,,,15.3,,1011.6,
1220,2018-05-05,16.4,14.7,21.3,1.4,,,13.9,,1015.3,
1221,2018-05-06,16.6,14.8,22.5,2.6,,,14.3,,1017.2,
1222,2018-05-07,17.1,15.7,22.8,0.0,,,12.8,,1015.3,
1223,2018-05-08,16.9,15.3,22.0,0.5,,,11.9,,1011.6,
1224,2018-05-09,17.2,14.7,21.9,,,,10.0,,1009.6,
1225,2018-05-10,17.7,16.0,20.9,0.0,,,11.0,,1014.2,
1226,2018-05-11,17.5,14.3,21.1,0.0,,,19.3,,1017.7,
1227,2018-05-12,17.1,14.7,20.6,6.0,,,11.0,,1014.8,
1228,2018-05-13,14.3,10.1,19.8,0.0,,,16.6,,1015.6,
1229,2018-05-14,14.3,10.5,19.6,0.0,,,15.8,,1016.1,
1230,2018-05-15,15.7,11.0,23.3,0.0,,,19.4,,1016.3,
1231,2018-05-16,17.2,13.5,22.2,0.0,,,12.3,,1016.6,
1232,2018-05-17,18.6,15.4,23.5,0.0,,,9.7,,1016.3,
1233,2018-05-18,18.8,16.6,21.8,0.0,,,10.0,,1017.0,
1234,2018-05-19,19.2,15.0,24.1,0.0,,,10.9,,1016.5,
1235,2018-05-20,19.3,16.6,24.3,0.0,,,14.1,,1014.8,
1236,2018-05-21,18.2,15.6,21.8,0.0,,,10.9,,1012.5,
1237,2018-05-22,19.1,16.7,22.6,0.0,,,10.4,,1013.8,
1238,2018-05-23,18.9,15.9,23.0,0.0,,,15.1,,1017.5,
1239,2018-05-24,20.1,17.3,24.6,,,,8.9,,1017.3,
1240,2018-05-25,20.7,17.3,25.2,0.9,,,25.9,,1015.2,
1241,2018-05-26,20.5,18.7,23.6,0.0,,,29.9,,1014.8,
1242,2018-05-27,21.1,19.8,24.2,0.0,,,28.4,,1012.6,
1243,2018-05-28,20.6,19.6,23.6,0.0,,,16.2,,1013.4,
1244,2018-05-29,20.7,19.5,23.8,0.9,,,15.5,,1014.9,
1245,2018-05-30,20.2,18.3,23.5,0.0,,,10.3,,1013.2,
1246,2018-05-31,20.0,16.2,23.8,0.0,,,10.6,,1016.7,
1247,2018-06-01,20.7,18.3,24.4,0.0,,,10.8,,1019.4,
1248,2018-06-02,20.4,18.3,24.1,0.0,,,10.0,,1018.1,
1249,2018-06-03,18.7,16.6,21.1,33.9,,,14.4,,1014.8,
1250,2018-06-04,19.2,15.3,23.0,0.0,,,13.0,,1012.3,
1251,2018-06-05,20.5,17.6,23.9,0.1,,,11.7,,1010.5,
1252,2018-06-06,18.9,16.3,23.5,,,,12.9,,1012.6,
1253,2018-06-07,19.2,16.9,24.2,1.8,,,11.0,,1015.3,
1254,2018-06-08,20.1,16.4,24.1,0.0,,,14.0,,1014.5,
1255,2018-06-09,21.7,18.0,26.0,0.0,,,9.1,,1013.5,
1256,2018-06-10,22.8,19.7,28.5,0.1,,,17.5,,1011.2,
1257,2018-06-11,23.2,20.7,26.6,,,,18.9,,1009.5,
1258,2018-06-12,23.2,20.8,28.6,0.0,,,17.7,,1010.7,
1259,2018-06-13,22.6,18.2,31.3,0.0,,,15.0,,1011.9,
1260,2018-06-14,21.2,18.4,25.0,0.0,,,15.5,,1013.6,
1261,2018-06-15,21.2,17.6,26.0,0.4,,,12.1,,1014.8,
1262,2018-06-16,21.7,18.4,25.1,0.0,,,13.9,,1015.9,
1263,2018-06-17,22.2,19.6,25.8,0.0,,,9.3,,1018.8,
1264,2018-06-18,22.3,19.0,26.3,0.0,,,13.5,,1020.3,
1265,2018-06-19,22.8,19.4,27.6,0.0,,,15.7,,1020.6,
1266,2018-06-20,23.8,20.8,28.1,0.0,,,10.1,,1019.2,
1267,2018-06-21,24.1,20.7,28.6,0.0,,,12.4,,1017.6,
1268,2018-06-22,25.2,23.2,28.7,0.0,,,11.5,,1016.7,
1269,2018-06-23,23.5,21.7,25.7,0.0,,,10.3,,1018.5,
1270,2018-06-24,23.3,21.1,27.1,0.0,,,12.1,,1017.4,
1271,2018-06-25,23.7,22.0,27.2,0.0,,,11.6,,1016.7,
1272,2018-06-26,24.3,22.2,27.3,0.0,,,9.4,,1017.8,
1273,2018-06-27,24.6,21.3,28.7,0.0,,,16.2,,1016.0,
1274,2018-06-28,24.3,21.8,28.6,0.2,,,13.2,,1012.1,
1275,2018-06-29,23.8,21.0,27.5,0.0,,,14.4,,1011.5,
1276,2018-06-30,24.4,20.9,28.1,0.0,,,16.7,,1010.8,
1277,2018-07-01,24.2,20.2,28.0,0.0,,,14.6,,1010.0,
1278,2018-07-02,24.8,22.2,28.2,0.0,,,9.0,,1012.0,
1279,2018-07-03,25.6,23.1,29.9,0.0,,,12.4,,1015.3,
1280,2018-07-04,24.8,20.9,28.8,0.0,,,12.1,,1014.9,
1281,2018-07-05,25.3,23.9,28.7,0.0,,,16.8,,1016.5,
1282,2018-07-06,25.4,23.2,28.5,0.0,,,14.2,,1019.9,
1283,2018-07-07,25.4,23.0,28.8,0.0,,,13.1,,1019.3,
1284,2018-07-08,26.2,22.2,31.0,0.0,,,13.9,,1018.3,
1285,2018-07-09,26.7,23.3,30.1,,,,15.8,,1017.1,
1286,2018-07-10,26.3,23.1,29.8,0.0,,,15.2,,1015.8,
1287,2018-07-11,25.9,23.2,30.1,0.1,,,10.2,,1014.3,
1288,2018-07-12,25.7,22.7,29.4,0.0,,,19.6,,1014.9,
1289,2018-07-13,25.3,21.8,30.8,0.0,,,16.0,,1017.1,
1290,2018-07-14,25.9,22.5,30.4,0.0,,,14.2,,1016.0,
1291,2018-07-15,25.9,22.2,29.8,2.1,,,11.0,,1014.4,
1292,2018-07-16,25.6,23.4,30.4,13.8,,,13.0,,1012.1,
1293,2018-07-17,25.9,22.8,29.7,0.0,,,14.1,,1017.1,
1294,2018-07-18,25.3,21.9,29.9,0.0,,,12.6,,1015.7,
1295,2018-07-19,25.6,22.3,29.4,0.0,,,12.0,,1015.0,
1296,2018-07-20,25.7,21.7,30.3,0.0,,,11.6,,1013.2,
1297,2018-07-21,25.6,23.9,29.4,0.4,,,15.7,35.2,1013.4,
1298,2018-07-22,23.9,21.4,27.2,1.1,,,12.0,27.8,1015.1,
1299,2018-07-23,24.3,20.1,29.0,0.0,,,16.7,37.0,1015.9,
1300,2018-07-24,25.9,23.3,29.6,0.0,,,11.3,31.5,1014.0,
1301,2018-07-25,26.1,21.7,31.3,0.0,,,12.9,27.8,1014.5,
1302,2018-07-26,26.3,23.1,31.1,0.0,,,16.2,33.3,1012.8,
1303,2018-07-27,26.1,22.8,30.0,0.0,,,17.3,35.2,1012.3,
1304,2018-07-28,26.2,23.5,30.0,0.0,,,12.7,29.6,1012.4,
1305,2018-07-29,26.4,23.9,30.1,0.0,,,14.5,29.6,1013.7,
1306,2018-07-30,27.0,24.6,31.0,0.0,,,9.7,25.9,1014.9,
1307,2018-07-31,27.1,23.7,31.7,0.0,,,8.2,27.8,1015.3,
1308,2018-08-01,28.3,24.1,33.9,0.0,,,12.6,31.5,1016.4,
1309,2018-08-02,29.1,25.9,33.7,0.0,,,12.4,27.8,1017.0,
1310,2018-08-03,29.9,26.7,35.1,0.0,,,11.0,27.8,1016.3,
1311,2018-08-04,30.3,27.2,37.0,0.0,,,14.1,29.6,1015.7,
1312,2018-08-05,30.2,27.3,36.6,0.0,,,12.1,25.9,1015.2,
1313,2018-08-06,28.6,25.9,32.4,0.0,,,11.5,27.8,1014.9,
1314,2018-08-07,28.4,26.1,32.2,0.1,,,14.5,33.3,1013.2,
1315,2018-08-08,27.9,26.0,31.6,,,,12.7,27.8,1014.0,
1316,2018-08-09,26.6,22.8,32.3,2.0,,,13.6,37.0,1014.8,
1317,2018-08-10,24.6,22.3,28.9,0.0,,,14.6,29.6,1022.2,
1318,2018-08-11,25.2,21.8,28.6,0.0,,,12.5,25.9,1022.0,
1319,2018-08-12,26.7,24.3,30.8,0.8,,,13.7,35.2,1016.9,
1320,2018-08-13,26.2,23.7,30.2,1.8,,,15.0,29.6,1013.2,
1321,2018-08-14,25.1,22.4,28.5,0.0,,,14.7,33.3,1016.2,
1322,2018-08-15,25.7,23.5,29.5,0.0,,,13.6,29.6,1017.8,
1323,2018-08-16,26.1,23.7,30.0,0.0,,,13.8,33.3,1015.6,
1324,2018-08-17,23.7,20.8,29.8,2.7,,,12.5,27.8,1016.5,
1325,2018-08-18,23.1,19.1,28.7,0.0,,,15.0,25.9,1019.0,
1326,2018-08-19,25.6,21.5,31.0,0.0,,,15.0,33.3,1019.4,
1327,2018-08-20,26.4,22.4,31.5,0.0,,,14.4,29.6,1017.5,
1328,2018-08-21,26.7,23.4,32.1,0.0,,,11.7,31.5,1016.3,
1329,2018-08-22,26.3,23.0,32.5,0.0,,,11.7,24.1,1016.0,
1330,2018-08-23,26.2,22.9,30.5,0.0,,,14.1,33.3,1015.7,
1331,2018-08-24,25.5,22.4,30.8,0.0,,,13.7,29.6,1015.2,
1332,2018-08-25,23.9,22.5,26.9,0.0,,,17.0,37.0,1014.9,
1333,2018-08-26,23.8,20.8,27.2,0.0,,,12.8,38.9,1015.7,
1334,2018-08-27,25.1,22.5,29.0,0.0,,,13.5,27.8,1016.2,
1335,2018-08-28,25.6,22.6,29.8,0.0,,,15.5,33.3,1016.7,
1336,2018-08-29,26.1,23.2,30.0,1.6,,,13.0,25.9,1016.6,
1337,2018-08-30,25.6,22.8,29.7,74.0,,,17.0,37.0,1018.7,
1338,2018-08-31,23.7,21.3,26.1,0.4,,,12.2,29.6,1018.7,
1339,2018-09-01,24.2,22.4,26.2,1.0,,,12.9,27.8,1018.9,
1340,2018-09-02,24.8,22.5,28.0,0.0,,,13.1,31.5,1016.8,
1341,2018-09-03,25.3,23.3,28.8,1.5,,,12.4,27.8,1013.9,
1342,2018-09-04,24.8,23.1,28.2,0.0,,,15.9,31.5,1013.0,
1343,2018-09-05,24.1,21.2,27.7,15.7,,,15.8,31.5,1014.0,
1344,2018-09-06,22.7,19.3,27.3,3.0,,,15.4,27.8,1013.3,
1345,2018-09-07,22.8,19.2,27.3,0.2,,,14.8,29.6,1016.0,
1346,2018-09-08,23.7,21.0,28.1,0.0,,,11.2,24.1,1018.6,
1347,2018-09-09,24.3,21.6,28.3,0.0,,,14.2,25.9,1019.6,
1348,2018-09-10,23.0,21.4,25.8,0.1,,,9.8,29.6,1022.1,
1349,2018-09-11,24.0,20.3,28.9,0.0,,,12.7,25.9,1023.6,
1350,2018-09-12,23.7,20.9,28.1,1.8,,,14.1,24.1,1021.4,
1351,2018-09-13,23.4,19.8,28.0,0.0,,,16.6,37.0,1018.3,
1352,2018-09-14,24.1,21.3,28.4,0.0,,,12.5,27.8,1018.3,
1353,2018-09-15,23.6,21.8,27.2,0.9,,,11.1,24.1,1020.7,
1354,2018-09-16,23.8,21.2,27.9,0.3,,,9.1,22.2,1020.6,
1355,2018-09-17,23.3,20.9,27.6,4.1,,,11.8,25.9,1019.3,
1356,2018-09-18,22.8,20.3,26.1,1.3,,,11.0,27.8,1017.3,
1357,2018-09-19,23.1,20.3,27.2,0.0,,,12.0,24.1,1020.0,
1358,2018-09-20,24.4,21.0,29.7,0.0,,,14.1,29.6,1019.0,
1359,2018-09-21,24.3,21.0,29.1,0.0,,,14.3,27.8,1017.2,
1360,2018-09-22,24.8,22.2,28.8,0.0,,,14.3,33.3,1021.2,
1361,2018-09-23,24.4,21.8,28.8,0.0,,,15.3,29.6,1021.2,
1362,2018-09-24,23.5,21.9,26.3,1.2,,,13.3,31.5,1020.9,
1363,2018-09-25,21.9,18.3,26.0,0.0,,,22.2,38.9,1025.1,
1364,2018-09-26,22.2,18.0,25.2,0.0,,,30.9,50.0,1030.2,
1365,2018-09-27,19.6,15.8,24.2,0.0,,,12.5,29.6,1028.8,
1366,2018-09-28,21.5,16.1,27.0,0.0,,,16.6,33.3,1019.8,
1367,2018-09-29,22.2,18.6,27.5,0.0,,,14.9,27.8,1016.2,
1368,2018-09-30,22.2,18.9,26.8,0.0,,,15.4,38.9,1017.0,
1369,2018-10-01,20.8,18.2,25.2,0.0,,,16.0,27.8,1016.7,
1370,2018-10-02,19.2,14.8,24.4,0.0,,,15.0,33.3,1019.5,
1371,2018-10-03,19.8,15.7,26.0,0.0,,,15.4,29.6,1021.2,
1372,2018-10-04,20.2,15.8,25.5,0.0,,,13.8,27.8,1020.8,
1373,2018-10-05,20.4,16.0,25.1,0.0,,,14.0,27.8,1018.9,
1374,2018-10-06,20.9,17.2,25.7,0.3,,,13.7,31.5,1015.6,
1375,2018-10-07,18.9,15.4,23.5,6.9,,,13.8,25.9,1014.3,
1376,2018-10-08,16.8,15.0,21.8,5.1,,,12.9,29.6,1016.8,
1377,2018-10-09,18.4,15.4,22.1,4.2,,,22.6,42.6,1014.6,
1378,2018-10-10,20.1,17.4,24.3,,,,16.3,44.5,1010.6,
1379,2018-10-11,20.4,17.1,25.3,0.0,,,14.4,31.5,1013.5,
1380,2018-10-12,20.9,17.8,25.5,0.0,,,10.0,22.2,1021.0,
1381,2018-10-13,21.7,19.7,25.3,1.2,,,6.9,20.4,1019.6,
1382,2018-10-14,21.3,18.5,26.0,18.2,,,17.1,50.0,1010.8,
1383,2018-10-15,19.6,16.4,23.7,0.0,,,16.5,53.7,1006.0,
1384,2018-10-16,18.3,15.1,23.0,0.0,,,15.7,29.6,1014.7,
1385,2018-10-17,18.8,16.1,22.9,0.0,,,17.8,27.8,1015.4,
1386,2018-10-18,19.2,16.6,22.8,10.1,,,22.4,48.2,1011.6,
1387,2018-10-19,20.7,18.0,24.3,23.8,,,27.1,55.5,1014.6,
1388,2018-10-20,19.4,17.2,23.8,0.0,,,16.2,31.5,1021.2,
1389,2018-10-21,18.7,16.3,23.6,0.0,,,15.3,29.6,1021.0,
1390,2018-10-22,18.7,15.6,23.2,0.0,,,12.8,27.8,1020.6,
1391,2018-10-23,16.8,14.0,22.7,0.0,,,14.7,27.8,1025.0,
1392,2018-10-24,18.3,14.4,25.0,0.0,,,17.3,33.3,1020.5,
1393,2018-10-25,17.4,14.6,23.3,0.0,,,13.2,29.6,1017.2,
1394,2018-10-26,17.0,12.9,23.2,0.5,,,12.6,25.9,1013.1,
1395,2018-10-27,14.5,10.5,17.9,21.4,,,10.0,31.5,1004.5,
1396,2018-10-28,9.9,9.0,13.1,4.0,,,11.7,33.3,999.5,
1397,2018-10-29,9.9,7.4,15.4,0.0,,,17.1,37.0,994.8,
1398,2018-10-30,11.0,5.4,17.6,24.1,,,9.8,27.8,1005.7,
1399,2018-10-31,13.9,10.8,17.8,20.5,,,17.3,37.0,1005.7,
1400,2018-11-01,12.4,9.3,17.9,0.0,,,14.5,29.6,1013.1,
1401,2018-11-02,12.9,9.8,19.8,0.0,,,14.1,29.6,1018.7,
1402,2018-11-03,12.8,9.0,19.0,0.0,,,16.0,33.3,1019.8,
1403,2018-11-04,14.7,10.6,21.4,0.0,,,15.3,31.5,1012.0,
1404,2018-11-05,15.4,12.1,19.9,2.1,,,15.2,33.3,1005.9,
1405,2018-11-06,13.3,10.6,17.1,0.0,,,15.9,40.8,1009.7,
1406,2018-11-07,13.9,9.5,19.6,0.0,,,11.3,33.3,1013.9,
1407,2018-11-08,13.8,11.2,18.1,18.9,,,11.4,25.9,1018.6,
1408,2018-11-09,14.1,10.9,16.9,0.5,,,11.3,27.8,1012.8,
1409,2018-11-10,13.9,9.7,19.2,0.0,,,11.6,40.8,1013.2,
1410,2018-11-11,16.1,12.5,21.7,0.0,,,8.0,29.6,1014.6,
1411,2018-11-12,16.7,13.6,20.3,0.0,,,16.2,35.2,1018.5,
1412,2018-11-13,17.5,14.8,21.4,0.0,,,19.9,33.3,1024.1,
1413,2018-11-14,17.2,15.1,19.8,0.2,,,17.2,27.8,1024.3,
1414,2018-11-15,16.4,14.3,20.2,60.4,,,15.8,37.0,1020.6,
1415,2018-11-16,15.3,13.2,17.6,0.0,,,16.1,29.6,1021.1,
1416,2018-11-17,14.9,12.9,17.0,0.0,,,15.6,37.0,1017.5,
1417,2018-11-18,13.2,12.3,15.3,12.3,,,27.8,48.2,1012.1,
1418,2018-11-19,13.4,10.8,16.2,0.0,,,22.5,44.5,1003.2,
1419,2018-11-20,12.2,10.0,16.4,4.9,,,10.6,22.2,1001.2,
1420,2018-11-21,12.3,9.2,18.3,0.0,,,12.2,33.3,1010.0,
1421,2018-11-22,12.5,8.7,18.3,,,,10.9,29.6,1016.4,
1422,2018-11-23,10.7,7.5,12.6,3.0,,,14.9,25.9,1013.8,
1423,2018-11-24,9.9,6.9,16.9,0.0,,,12.3,27.8,1015.2,
1424,2018-11-25,10.6,7.1,15.9,0.0,,,12.0,38.9,1008.8,
1425,2018-11-26,10.8,8.5,15.8,2.5,,,13.8,29.6,1007.2,
1426,2018-11-27,10.8,5.6,16.7,0.0,,,11.2,29.6,1018.0,
1427,2018-11-28,10.8,6.7,17.1,0.0,,,13.4,31.5,1021.7,
1428,2018-11-29,10.4,7.0,16.5,0.0,,,13.2,31.5,1020.3,
1429,2018-11-30,11.6,9.4,15.8,0.0,,,12.4,31.5,1016.4,
1430,2018-12-01,10.3,7.6,15.0,0.0,,,12.9,31.5,1020.7,
1431,2018-12-02,12.1,8.2,17.8,0.0,,,15.2,27.8,1020.4,
1432,2018-12-03,12.8,9.8,17.4,0.0,,,16.1,31.5,1019.9,
1433,2018-12-04,13.4,10.8,20.2,0.0,,,17.7,33.3,1022.9,
1434,2018-12-05,12.7,9.3,18.0,0.0,,,16.2,27.8,1023.8,
1435,2018-12-06,12.1,9.7,17.6,0.0,,,17.6,29.6,1025.6,
1436,2018-12-07,10.1,8.1,14.1,0.0,,,17.6,33.3,1024.7,
1437,2018-12-08,10.9,8.2,15.3,0.0,,,12.9,31.5,1025.8,
1438,2018-12-09,11.7,7.5,17.1,0.0,,,15.8,29.6,1024.3,
1439,2018-12-10,11.0,8.1,15.3,0.0,,,13.1,33.3,1027.9,
1440,2018-12-11,9.1,5.3,15.5,0.0,,,15.0,31.5,1022.6,
1441,2018-12-12,10.3,7.4,16.7,0.0,,,12.1,31.5,1018.7,
1442,2018-12-13,10.3,9.7,11.7,4.3,,,10.4,29.6,1007.8,
1443,2018-12-14,10.7,8.3,15.5,0.0,,,10.6,31.5,1013.8,
1444,2018-12-15,10.3,7.1,14.9,0.0,,,9.8,33.3,1020.9,
1445,2018-12-16,12.6,10.5,15.2,0.0,,,10.2,31.5,1016.9,
1446,2018-12-17,10.9,7.9,15.2,0.0,,,17.9,33.3,1025.4,
1447,2018-12-18,9.7,5.0,15.3,0.0,,,12.9,33.3,1024.8,
1448,2018-12-19,12.1,8.6,18.3,0.0,,,13.3,40.8,1019.2,
1449,2018-12-20,10.0,7.0,16.3,0.0,,,12.0,27.8,1024.8,
1450,2018-12-21,10.6,5.6,16.8,0.0,,,16.4,33.3,1029.1,
1451,2018-12-22,12.3,9.1,20.3,0.0,,,12.7,27.8,1028.9,
1452,2018-12-23,12.1,8.8,17.6,0.0,,,14.5,29.6,1029.0,
1453,2018-12-24,12.3,9.8,18.4,0.0,,,16.0,33.3,1026.6,
1454,2018-12-25,10.6,7.6,15.6,0.0,,,12.6,31.5,1029.3,
1455,2018-12-26,10.3,8.0,16.1,0.0,,,12.3,27.8,1029.8,
1456,2018-12-27,10.3,7.6,15.6,0.0,,,14.3,29.6,1027.5,
1457,2018-12-28,8.3,5.6,15.3,0.0,,,18.4,31.5,1028.0,
1458,2018-12-29,7.7,5.5,12.9,0.0,,,20.8,33.3,1029.3,
1459,2018-12-30,7.9,3.9,15.0,0.0,,,23.2,35.2,1028.8,
1460,2018-12-31,9.6,5.7,16.6,0.0,,,18.4,33.3,1028.7,
1461,2019-01-01,9.8,5.3,17.3,0.0,,,15.5,33.3,1029.1,
1462,2019-01-02,7.9,5.0,13.0,0.0,,,23.5,37.0,1026.2,
1463,2019-01-03,6.7,3.2,14.2,0.0,,,20.2,35.2,1028.9,
1464,2019-01-04,6.2,2.2,12.9,0.0,,,15.4,33.3,1030.6,
1465,2019-01-05,7.5,3.5,13.4,0.0,,,20.0,31.5,1029.0,
1466,2019-01-06,10.3,6.6,16.8,0.0,,,25.3,37.0,1025.7,
1467,2019-01-07,8.6,5.6,15.7,0.0,,,18.7,35.2,1028.3,
1468,2019-01-08,6.8,3.3,13.3,0.0,,,19.3,33.3,1026.5,
1469,2019-01-09,9.3,6.1,14.9,0.0,,,15.1,29.6,1016.2,
1470,2019-01-10,7.1,3.0,12.8,0.0,,,14.0,29.6,1017.4,
1471,2019-01-11,4.8,1.3,11.1,0.0,,,14.9,33.3,1023.6,
1472,2019-01-12,6.2,2.3,13.7,0.0,,,15.0,33.3,1026.7,
1473,2019-01-13,8.2,3.3,16.0,0.0,,,14.4,31.5,1023.1,
1474,2019-01-14,11.2,7.5,16.6,0.0,,,14.6,31.5,1018.2,
1475,2019-01-15,8.8,5.3,14.9,0.0,,,14.9,33.3,1021.2,
1476,2019-01-16,9.3,5.8,14.8,0.0,,,12.8,31.5,1018.4,
1477,2019-01-17,9.9,7.8,15.8,12.0,,,13.3,31.5,1016.6,
1478,2019-01-18,7.3,5.6,10.3,0.0,,,18.6,31.5,1017.7,
1479,2019-01-19,6.9,3.2,13.3,7.1,,,15.2,31.5,1014.7,
1480,2019-01-20,7.7,5.3,10.4,13.2,,,16.9,40.8,1010.6,
1481,2019-01-21,6.9,3.8,13.4,0.0,,,14.5,31.5,1016.3,
1482,2019-01-22,5.9,1.6,10.7,0.0,,,14.7,31.5,1012.2,
1483,2019-01-23,7.7,3.4,14.1,,,,12.5,31.5,999.7,
1484,2019-01-24,7.8,3.3,14.3,0.0,,,18.7,44.5,1003.7,
1485,2019-01-25,7.3,1.8,14.6,0.0,,,11.4,31.5,1011.6,
1486,2019-01-26,9.9,5.6,15.4,0.0,,,13.5,29.6,1016.1,
1487,2019-01-27,10.2,6.0,17.2,0.0,,,18.3,42.6,1008.0,
1488,2019-01-28,9.9,6.3,15.6,0.0,,,17.7,48.2,1008.1,
1489,2019-01-29,7.9,5.8,10.8,0.0,,,13.7,27.8,1009.5,
1490,2019-01-30,9.7,6.4,14.7,0.0,,,19.6,40.8,1006.6,
1491,2019-01-31,11.2,7.2,15.6,0.3,,,12.8,37.0,999.2,
1492,2019-02-01,13.0,9.0,15.8,0.1,,,19.7,42.6,991.1,
1493,2019-02-02,9.6,7.6,13.5,0.0,,,20.0,35.2,997.3,
1494,2019-02-03,8.7,5.0,14.6,0.0,,,16.8,35.2,1014.2,
1495,2019-02-04,7.4,3.2,13.6,0.0,,,14.6,35.2,1025.2,
1496,2019-02-05,9.8,6.5,15.0,0.0,,,12.5,27.8,1026.0,
1497,2019-02-06,10.4,7.0,15.7,0.0,,,12.7,27.8,1024.3,
1498,2019-02-07,9.8,6.8,14.3,,,,9.2,25.9,1021.7,
1499,2019-02-08,10.2,6.2,15.1,,,,16.3,35.2,1022.1,
1500,2019-02-09,10.3,6.8,15.9,0.0,,,9.1,27.8,1021.5,
1501,2019-02-10,12.3,6.6,19.3,0.0,,,17.3,51.8,1017.4,
1502,2019-02-11,11.6,8.4,17.0,0.0,,,12.3,25.9,1024.9,
1503,2019-02-12,9.6,5.4,15.4,0.0,,,16.3,31.5,1031.4,
1504,2019-02-13,8.8,4.2,14.7,0.0,,,11.0,33.3,1032.7,
1505,2019-02-14,8.3,3.9,14.1,0.0,,,15.1,27.8,1034.5,
1506,2019-02-15,8.2,2.9,13.9,0.0,,,13.3,29.6,1031.0,
1507,2019-02-16,8.7,3.6,16.6,0.0,,,12.2,27.8,1029.9,
1508,2019-02-17,8.4,3.8,15.3,0.0,,,13.3,29.6,1027.2,
1509,2019-02-18,10.2,5.7,16.3,0.0,,,14.5,29.6,1023.4,
1510,2019-02-19,10.8,7.8,15.3,0.0,,,11.8,29.6,1022.6,
1511,2019-02-20,11.4,7.5,16.9,0.0,,,8.2,27.8,1025.3,
1512,2019-02-21,9.4,5.0,14.8,0.0,,,15.2,33.3,1029.5,
1513,2019-02-22,12.3,7.1,19.0,0.0,,,13.9,27.8,1028.4,
1514,2019-02-23,12.9,8.8,19.3,0.0,,,15.7,25.9,1027.2,
1515,2019-02-24,11.0,7.2,15.8,0.0,,,11.8,25.9,1032.7,
1516,2019-02-25,10.3,6.5,15.8,0.0,,,12.2,25.9,1032.8,
1517,2019-02-26,11.9,7.9,19.3,0.0,,,11.3,27.8,1030.1,
1518,2019-02-27,11.6,7.9,17.2,0.0,,,10.5,35.2,1025.9,
1519,2019-02-28,12.6,8.8,19.1,0.0,,,9.4,25.9,1025.3,
1520,2019-03-01,11.8,8.4,17.2,0.0,,,11.7,27.8,1023.2,
1521,2019-03-02,12.5,10.0,17.3,0.0,,,12.1,27.8,1022.6,
1522,2019-03-03,12.7,8.3,18.2,0.0,,,18.9,38.9,1021.1,
1523,2019-03-04,15.8,10.9,22.4,0.0,,,17.6,37.0,1015.4,
1524,2019-03-05,12.9,10.0,17.1,0.0,,,10.3,24.1,1018.1,
1525,2019-03-06,12.7,10.0,15.7,0.2,,,8.4,25.9,1010.6,
1526,2019-03-07,13.9,10.7,19.8,0.0,,,15.1,42.6,1012.8,
1527,2019-03-08,11.9,6.8,18.8,0.0,,,11.5,27.8,1021.1,
1528,2019-03-09,12.2,7.0,18.0,0.0,,,14.6,31.5,1029.1,
1529,2019-03-10,13.6,9.9,18.3,0.0,,,10.1,27.8,1027.1,
1530,2019-03-11,13.4,11.6,17.0,0.0,,,15.3,33.3,1028.3,
1531,2019-03-12,13.3,10.7,16.9,0.0,,,14.8,42.6,1026.5,
1532,2019-03-13,11.7,9.9,14.1,0.0,,,14.8,38.9,1021.6,
1533,2019-03-14,11.9,7.2,18.5,0.0,,,17.1,31.5,1025.0,
1534,2019-03-15,13.6,10.4,19.4,0.0,,,15.3,29.6,1023.9,
1535,2019-03-16,12.9,9.1,17.4,0.0,,,17.1,35.2,1021.4,
1536,2019-03-17,12.7,9.4,16.8,0.0,,,12.5,27.8,1015.3,
1537,2019-03-18,11.4,8.4,15.7,0.0,,,11.6,27.8,1021.8,
1538,2019-03-19,11.9,9.7,15.5,0.0,,,13.2,25.9,1023.4,
1539,2019-03-20,11.4,7.5,16.1,0.0,,,14.8,31.5,1027.8,
1540,2019-03-21,11.2,6.4,16.9,0.0,,,17.3,33.3,1028.1,
1541,2019-03-22,13.2,8.3,20.3,0.0,,,19.3,31.5,1027.4,
1542,2019-03-23,14.4,8.9,21.4,0.0,,,15.8,29.6,1025.6,
1543,2019-03-24,15.6,10.9,21.7,0.0,,,11.2,25.9,1023.0,
1544,2019-03-25,15.1,10.7,21.8,0.0,,,18.5,40.8,1019.1,
1545,2019-03-26,13.7,10.0,20.9,0.0,,,14.4,35.2,1020.8,
1546,2019-03-27,11.3,6.0,17.3,0.0,,,12.9,27.8,1024.9,
1547,2019-03-28,11.9,7.2,17.5,0.0,,,13.0,27.8,1027.8,
1548,2019-03-29,12.2,7.9,16.8,0.0,,,14.4,25.9,1027.8,
1549,2019-03-30,11.8,6.7,16.6,0.0,,,15.1,25.9,1024.0,
1550,2019-03-31,13.0,10.2,16.7,0.0,,,22.5,42.6,1017.8,
1551,2019-04-01,13.8,10.8,18.1,0.0,,,11.5,37.0,1015.4,
1552,2019-04-02,13.9,10.9,17.9,0.0,,,16.2,37.0,1014.2,
1553,2019-04-03,13.8,10.4,17.4,3.4,,,12.6,29.6,1006.5,
1554,2019-04-04,10.8,6.0,16.0,0.0,,,13.7,33.3,1003.2,
1555,2019-04-05,11.7,6.6,17.4,2.2,,,15.6,38.9,1002.1,
1556,2019-04-06,12.7,8.5,18.7,0.7,,,18.1,53.7,1000.9,
1557,2019-04-07,11.6,8.4,18.0,1.4,,,12.9,29.6,1006.9,
1558,2019-04-08,12.7,7.6,17.9,1.8,,,18.8,40.8,1011.5,
1559,2019-04-09,12.6,8.5,16.7,10.5,,,14.2,29.6,1009.9,
1560,2019-04-10,12.6,9.2,18.8,1.1,,,14.4,27.8,1009.8,
1561,2019-04-11,14.4,10.1,19.8,0.0,,,12.7,29.6,1012.6,
1562,2019-04-12,14.6,12.0,18.5,0.0,,,14.3,29.6,1014.9,
1563,2019-04-13,14.1,10.0,19.5,0.0,,,14.0,29.6,1016.8,
1564,2019-04-14,12.9,9.2,17.3,0.0,,,16.0,33.3,1015.3,
1565,2019-04-15,13.7,11.4,16.3,0.0,,,14.1,27.8,1017.9,
1566,2019-04-16,13.9,11.2,18.4,0.0,,,12.8,24.1,1019.5,
1567,2019-04-17,14.1,11.1,18.0,0.0,,,11.0,22.2,1019.6,
1568,2019-04-18,15.6,14.3,18.5,0.0,,,34.0,64.8,1017.8,
1569,2019-04-19,17.1,15.9,20.6,0.0,,,46.0,75.9,1020.7,
1570,2019-04-20,16.8,13.5,18.9,0.1,,,39.0,64.8,1020.3,
1571,2019-04-21,16.6,13.2,19.9,0.2,,,37.2,64.8,1012.2,
1572,2019-04-22,16.6,14.3,18.3,2.1,,,32.0,53.7,1001.3,
1573,2019-04-23,15.4,14.3,18.9,0.1,,,11.2,33.3,998.4,
1574,2019-04-24,15.4,13.0,18.1,0.0,,,20.0,53.7,1006.9,
1575,2019-04-25,15.7,13.1,18.1,0.4,,,15.8,35.2,1011.2,
1576,2019-04-26,16.7,12.4,24.5,0.0,,,18.6,46.3,1019.0,
1577,2019-04-27,14.7,10.3,19.5,0.0,,,12.9,27.8,1024.8,
1578,2019-04-28,13.9,10.9,17.0,0.0,,,12.3,25.9,1023.3,
1579,2019-04-29,15.4,14.3,18.5,0.3,,,12.1,24.1,1020.0,
1580,2019-04-30,16.1,14.9,19.1,0.0,,,17.0,37.0,1017.6,
1581,2019-05-01,15.7,12.4,19.8,0.0,,,16.5,46.3,1015.7,
1582,2019-05-02,15.4,12.2,19.4,0.2,,,8.9,25.9,1015.8,
1583,2019-05-03,13.2,11.1,16.0,29.0,,,9.3,25.9,1013.0,
1584,2019-05-04,14.1,9.2,20.3,0.0,,,18.5,44.5,1010.9,
1585,2019-05-05,15.9,11.4,23.3,0.0,,,17.0,42.6,1013.2,
1586,2019-05-06,14.3,10.7,18.0,0.0,,,17.1,35.2,1018.7,
1587,2019-05-07,14.5,11.6,17.9,0.0,,,11.8,35.2,1018.1,
1588,2019-05-08,16.9,15.8,20.1,0.3,,,21.1,53.7,1009.6,
1589,2019-05-09,16.7,13.5,20.9,0.0,,,14.4,35.2,1011.2,
1590,2019-05-10,17.4,14.4,20.9,0.2,,,11.0,27.8,1012.7,
1591,2019-05-11,17.3,15.0,21.3,0.0,,,12.7,35.2,1018.6,
1592,2019-05-12,16.1,12.8,21.7,0.0,,,14.2,31.5,1022.5,
1593,2019-05-13,15.9,12.0,20.1,0.0,,,13.9,33.3,1020.7,
1594,2019-05-14,15.9,11.8,20.0,0.0,,,17.1,38.9,1018.5,
1595,2019-05-15,15.5,12.8,19.4,0.0,,,18.9,40.8,1014.1,
1596,2019-05-16,15.3,10.9,19.3,1.2,,,15.3,40.8,1012.2,
1597,2019-05-17,15.2,12.2,17.9,36.7,,,12.7,33.3,1004.6,
1598,2019-05-18,15.0,12.5,19.9,,,,15.7,37.0,1007.9,
1599,2019-05-19,13.7,11.0,18.3,1.0,,,11.0,29.6,1009.2,
1600,2019-05-20,15.3,11.0,20.2,0.0,,,14.5,31.5,1012.3,
1601,2019-05-21,16.5,11.9,20.6,0.0,,,15.4,33.3,1015.5,
1602,2019-05-22,17.3,14.8,21.0,0.0,,,13.9,31.5,1017.9,
1603,2019-05-23,17.7,14.1,21.9,1.8,,,12.6,35.2,1017.4,
1604,2019-05-24,15.7,14.4,17.7,17.8,,,6.9,24.1,1015.6,
1605,2019-05-25,17.5,14.3,22.6,,,,9.4,33.3,1015.6,
1606,2019-05-26,18.9,15.7,24.4,0.0,,,15.2,31.5,1015.1,
1607,2019-05-27,18.3,15.7,23.1,1.0,,,16.4,33.3,1011.9,
1608,2019-05-28,17.6,15.8,20.8,0.0,,,12.6,33.3,1013.7,
1609,2019-05-29,17.8,15.1,21.0,0.0,,,13.9,37.0,1019.8,
1610,2019-05-30,17.3,13.7,21.5,0.0,,,13.0,31.5,1024.6,
1611,2019-05-31,19.2,15.2,24.4,0.0,,,16.1,38.9,1024.2,
1612,2019-06-01,19.7,16.7,23.9,0.0,,,18.3,44.5,1021.6,
1613,2019-06-02,19.7,16.8,24.0,0.0,,,18.7,44.5,1019.4,
1614,2019-06-03,20.0,16.6,24.3,0.0,,,15.7,37.0,1017.7,
1615,2019-06-04,20.0,16.4,23.9,0.0,,,9.8,27.8,1013.0,
1616,2019-06-05,20.4,16.5,26.6,0.0,,,17.2,40.8,1007.9,
1617,2019-06-06,18.8,17.0,21.8,0.0,,,13.7,31.5,1014.5,
1618,2019-06-07,20.6,17.7,24.5,0.0,,,19.8,44.5,1013.4,
1619,2019-06-08,19.8,15.6,23.2,0.0,,,17.6,33.3,1022.2,
1620,2019-06-09,20.6,19.2,27.5,0.0,,,14.8,29.6,1015.5,
1621,2019-06-10,21.3,17.1,26.8,6.7,,,16.8,37.0,1012.3,
1622,2019-06-11,15.4,13.0,20.1,30.7,,,14.4,31.5,1012.7,
1623,2019-06-12,15.9,11.4,20.3,0.0,,,13.7,38.9,1015.3,
1624,2019-06-13,17.8,13.0,21.5,0.0,,,18.4,33.3,1014.6,
1625,2019-06-14,20.8,18.0,25.7,0.0,,,21.3,46.3,1010.1,
1626,2019-06-15,19.8,16.9,23.6,0.0,,,12.9,27.8,1016.2,
1627,2019-06-16,19.9,16.1,24.4,0.0,,,14.2,37.0,1019.6,
1628,2019-06-17,20.4,16.3,25.2,0.0,,,15.6,37.0,1016.7,
1629,2019-06-18,21.1,17.2,25.4,0.0,,,13.8,35.2,1015.3,
1630,2019-06-19,20.8,17.6,25.1,0.0,,,11.3,33.3,1013.3,
1631,2019-06-20,21.4,19.8,25.0,0.0,,,14.4,29.6,1013.7,
1632,2019-06-21,21.9,20.0,26.7,0.0,,,11.0,25.9,1014.7,
1633,2019-06-22,22.4,19.2,26.6,0.0,,,17.7,40.8,1015.8,
1634,2019-06-23,22.6,20.1,26.5,0.0,,,15.7,37.0,1014.9,
1635,2019-06-24,23.3,20.5,28.5,0.0,,,23.1,38.9,1015.6,
1636,2019-06-25,24.4,22.7,28.1,0.0,,,27.7,38.9,1017.2,
1637,2019-06-26,26.8,24.2,31.4,0.0,,,27.8,38.9,1019.8,
1638,2019-06-27,26.1,21.8,32.3,0.0,,,11.5,24.1,1019.9,
1639,2019-06-28,27.2,21.9,32.0,0.0,,,17.4,38.9,1015.6,
1640,2019-06-29,27.7,24.2,35.0,0.0,,,8.9,25.9,1014.3,
1641,2019-06-30,24.6,21.9,28.6,0.0,,,8.6,24.1,1017.2,
1642,2019-07-01,24.9,22.6,28.2,0.0,,,12.6,27.8,1017.2,
1643,2019-07-02,25.5,22.7,28.9,0.0,,,10.7,25.9,1016.0,
1644,2019-07-03,25.9,22.2,30.6,0.0,,,9.0,25.9,1014.7,
1645,2019-07-04,26.2,23.5,30.3,0.0,,,13.2,24.1,1016.1,
1646,2019-07-05,26.1,23.0,30.7,0.0,,,14.3,33.3,1016.1,
1647,2019-07-06,26.1,23.8,29.9,0.5,,,15.7,38.9,1012.9,
1648,2019-07-07,26.7,24.8,30.6,2.3,,,13.5,27.8,1012.1,
1649,2019-07-08,25.9,23.0,29.9,4.2,,,14.5,29.6,1012.7,
1650,2019-07-09,25.4,22.7,30.7,0.0,,,17.7,27.8,1011.1,
1651,2019-07-10,24.8,20.8,29.7,,,,18.3,33.3,1014.0,
1652,2019-07-11,25.3,21.9,29.3,0.0,,,20.8,44.5,1013.8,
1653,2019-07-12,25.3,22.3,29.1,0.0,,,11.9,33.3,1015.2,
1654,2019-07-13,25.9,22.2,30.6,0.0,,,11.5,25.9,1014.7,
1655,2019-07-14,25.2,23.2,28.3,0.1,,,12.7,31.5,1011.2,
1656,2019-07-15,25.5,22.8,28.8,0.0,,,14.0,29.6,1011.1,
1657,2019-07-16,25.2,22.2,29.1,0.0,,,16.2,38.9,1015.6,
1658,2019-07-17,24.6,21.3,29.3,0.5,,,15.6,38.9,1014.4,
1659,2019-07-18,24.9,21.0,30.3,0.0,,,14.2,29.6,1014.5,
1660,2019-07-19,25.6,22.6,29.4,0.0,,,11.3,25.9,1016.3,
1661,2019-07-20,25.9,22.7,30.3,0.0,,,12.8,25.9,1016.3,
1662,2019-07-21,26.1,23.6,30.5,0.0,,,12.6,27.8,1020.3,
1663,2019-07-22,26.5,22.9,31.1,0.0,,,10.5,25.9,1021.1,
1664,2019-07-23,27.1,23.3,31.4,0.0,,,13.4,29.6,1017.7,
1665,2019-07-24,26.7,23.2,30.8,0.0,,,9.7,25.9,1016.2,
1666,2019-07-25,26.5,23.5,30.5,0.0,,,10.2,24.1,1014.6,
1667,2019-07-26,27.2,23.5,31.8,1.2,,,12.0,25.9,1011.0,
1668,2019-07-27,24.6,19.8,28.0,44.3,,,14.4,27.8,1005.5,
1669,2019-07-28,24.0,19.7,28.4,0.0,,,13.1,29.6,1008.4,
1670,2019-07-29,24.8,20.4,29.4,0.0,,,15.7,38.9,1010.6,
1671,2019-07-30,26.0,24.3,29.9,0.0,,,11.8,27.8,1014.2,
1672,2019-07-31,25.0,23.4,27.3,0.0,,,12.3,27.8,1017.3,
1673,2019-08-01,25.6,21.9,30.8,0.0,,,19.0,31.5,1014.0,
1674,2019-08-02,25.9,22.4,31.0,0.0,,,15.4,37.0,1014.4,
1675,2019-08-03,25.9,22.9,30.3,0.0,,,14.9,35.2,1014.7,
1676,2019-08-04,26.0,22.9,29.8,0.0,,,13.8,31.5,1014.3,
1677,2019-08-05,26.9,22.9,31.9,0.0,,,11.0,27.8,1014.4,
1678,2019-08-06,26.6,23.9,30.6,0.0,,,12.9,24.1,1012.2,
1679,2019-08-07,26.6,26.0,29.4,0.0,,,13.4,27.8,1010.9,
1680,2019-08-08,27.3,25.4,31.0,0.0,,,15.6,37.0,1011.8,
1681,2019-08-09,27.3,24.3,31.3,0.0,,,14.5,35.2,1011.7,
1682,2019-08-10,27.2,26.0,30.9,0.0,,,14.5,27.8,1015.4,
1683,2019-08-11,26.6,24.1,30.1,52.5,,,13.8,24.1,1013.9,
1684,2019-08-12,24.8,19.6,28.8,0.0,,,14.8,25.9,1015.2,
1685,2019-08-13,23.6,20.8,27.8,0.0,,,19.2,25.9,1018.2,
1686,2019-08-14,24.1,20.1,28.5,,,,13.1,27.8,1018.1,
1687,2019-08-15,25.4,22.4,29.7,25.7,,,13.9,29.6,1018.2,
1688,2019-08-16,24.8,22.6,28.7,1.9,,,14.4,38.9,1018.0,
1689,2019-08-17,25.4,22.4,29.7,0.0,,,13.2,35.2,1015.8,
1690,2019-08-18,25.9,22.8,30.0,0.0,,,13.0,31.5,1013.0,
1691,2019-08-19,25.9,24.9,28.9,0.0,,,24.4,37.0,1015.7,
1692,2019-08-20,25.6,23.6,28.3,0.0,,,20.5,40.8,1018.5,
1693,2019-08-21,24.2,20.3,28.5,0.0,,,14.3,35.2,1019.8,
1694,2019-08-22,25.6,23.2,29.2,0.0,,,12.8,33.3,1019.6,
1695,2019-08-23,24.7,21.4,29.1,0.0,,,11.2,24.1,1019.8,
1696,2019-08-24,25.1,21.7,29.3,0.0,,,10.1,27.8,1018.7,
1697,2019-08-25,25.4,22.6,29.3,0.0,,,11.9,31.5,1017.5,
1698,2019-08-26,24.9,21.4,29.9,0.0,,,10.4,25.9,1016.7,
1699,2019-08-27,24.5,23.2,27.5,0.6,,,12.6,27.8,1016.1,
1700,2019-08-28,25.1,21.9,29.3,0.0,,,12.1,24.1,1016.6,
1701,2019-08-29,25.9,22.3,31.0,0.0,,,12.4,29.6,1018.7,
1702,2019-08-30,26.4,23.0,31.6,0.0,,,9.1,24.1,1019.1,
1703,2019-08-31,26.4,23.6,31.0,0.0,,,11.1,22.2,1015.5,
1704,2019-09-01,25.3,21.6,30.6,0.0,,,12.8,24.1,1014.6,
1705,2019-09-02,25.2,20.6,29.1,72.9,,,12.4,33.3,1017.5,
1706,2019-09-03,23.8,20.2,28.0,0.0,,,12.1,24.1,1020.4,
1707,2019-09-04,23.7,19.8,28.3,0.0,,,14.3,33.3,1018.5,
1708,2019-09-05,23.2,21.4,27.4,0.0,,,14.5,33.3,1017.3,
1709,2019-09-06,22.5,19.5,26.6,11.3,,,15.0,31.5,1019.0,
1710,2019-09-07,21.4,17.9,26.1,0.0,,,14.2,29.6,1019.6,
1711,2019-09-08,21.8,17.8,26.6,2.4,,,15.7,29.6,1017.6,
1712,2019-09-09,22.3,19.7,25.5,16.5,,,16.0,31.5,1015.6,
1713,2019-09-10,17.8,15.2,25.0,41.2,,,17.4,35.2,1010.0,
1714,2019-09-11,20.9,15.2,26.3,1.7,,,28.7,61.1,1017.8,
1715,2019-09-12,22.4,18.5,28.1,0.0,,,20.1,33.3,1026.0,
1716,2019-09-13,22.1,17.9,27.5,0.8,,,19.1,44.5,1026.9,
1717,2019-09-14,23.6,20.2,28.1,0.0,,,21.8,40.8,1024.6,
1718,2019-09-15,23.9,20.3,27.9,0.0,,,24.0,42.6,1022.2,
1719,2019-09-16,23.1,20.3,27.4,0.0,,,13.4,31.5,1019.1,
1720,2019-09-17,22.6,19.0,28.6,0.0,,,9.8,24.1,1016.3,
1721,2019-09-18,23.5,19.8,29.4,,,,10.4,24.1,1014.9,
1722,2019-09-19,22.7,20.4,27.3,0.0,,,12.2,25.9,1017.4,
1723,2019-09-20,22.2,19.2,25.7,0.2,,,17.0,33.3,1018.8,
1724,2019-09-21,21.9,19.9,23.8,11.2,,,20.3,35.2,1014.3,
1725,2019-09-22,22.2,19.5,26.7,0.4,,,15.8,44.5,1012.1,
1726,2019-09-23,21.7,18.8,25.1,,,,15.9,37.0,1018.0,
1727,2019-09-24,22.4,18.1,27.2,0.0,,,16.6,50.0,1015.0,
1728,2019-09-25,22.3,21.7,25.4,0.0,,,12.9,27.8,1015.3,
1729,2019-09-26,22.3,19.4,26.3,0.0,,,14.0,33.3,1018.1,
1730,2019-09-27,22.6,20.1,26.9,0.0,,,11.7,29.6,1017.9,
1731,2019-09-28,22.7,20.9,25.7,0.0,,,11.1,27.8,1020.2,
1732,2019-09-29,22.5,19.2,26.6,0.0,,,19.4,46.3,1016.6,
1733,2019-09-30,22.4,19.9,26.4,0.0,,,11.5,27.8,1016.7,
1734,2019-10-01,22.3,19.2,26.8,0.0,,,15.7,35.2,1011.2,
1735,2019-10-02,22.2,19.1,26.4,0.0,,,13.2,29.6,1012.2,
1736,2019-10-03,20.1,16.7,25.1,0.0,,,14.8,27.8,1015.8,
1737,2019-10-04,20.3,16.4,25.6,0.0,,,14.0,27.8,1015.9,
1738,2019-10-05,20.2,17.3,24.1,0.0,,,11.8,27.8,1015.9,
1739,2019-10-06,20.8,18.6,24.1,0.0,,,11.5,27.8,1017.0,
1740,2019-10-07,20.3,17.5,24.7,0.0,,,13.9,25.9,1015.8,
1741,2019-10-08,20.7,17.1,25.5,0.0,,,17.8,42.6,1018.6,
1742,2019-10-09,20.8,19.1,25.6,0.6,,,14.1,35.2,1017.8,
1743,2019-10-10,19.6,18.7,21.6,0.0,,,8.5,27.8,1021.9,
1744,2019-10-11,20.7,18.7,23.9,0.0,,,10.7,27.8,1021.3,
1745,2019-10-12,21.3,19.2,25.4,0.0,,,8.7,25.9,1019.8,
1746,2019-10-13,22.5,21.0,25.4,0.0,,,16.9,35.2,1018.0,
1747,2019-10-14,21.9,18.8,25.4,25.5,,,16.5,37.0,1014.3,
1748,2019-10-15,18.1,14.4,22.6,0.0,,,13.4,48.2,1014.5,
1749,2019-10-16,17.5,11.8,23.3,0.0,,,14.1,35.2,1018.0,
1750,2019-10-17,18.6,13.1,24.4,0.0,,,12.1,29.6,1016.1,
1751,2019-10-18,19.1,14.9,24.0,0.0,,,10.2,31.5,1014.8,
1752,2019-10-19,20.2,16.4,24.9,1.2,,,14.3,37.0,1009.5,
1753,2019-10-20,21.4,16.7,24.9,0.0,,,19.0,44.5,1007.8,
1754,2019-10-21,16.4,14.9,18.8,9.2,,,13.7,31.5,1016.7,
1755,2019-10-22,18.1,14.7,21.4,43.6,,,30.4,68.5,1011.9,
1756,2019-10-23,17.5,13.8,20.3,0.5,,,17.9,50.0,1006.7,
1757,2019-10-24,15.9,12.2,21.1,0.0,,,16.4,27.8,1014.0,
1758,2019-10-25,16.1,12.6,21.9,0.0,,,13.7,29.6,1021.1,
1759,2019-10-26,16.4,12.0,23.3,0.0,,,13.6,27.8,1021.8,
1760,2019-10-27,16.8,12.8,21.7,0.0,,,13.3,25.9,1021.4,
1761,2019-10-28,17.1,13.9,21.3,0.0,,,11.8,31.5,1017.7,
1762,2019-10-29,17.0,13.5,22.3,,,,11.8,22.2,1016.6,
1763,2019-10-30,17.9,14.1,23.9,0.0,,,11.7,24.1,1019.2,
1764,2019-10-31,18.0,15.5,22.9,0.1,,,8.9,22.2,1018.7,
1765,2019-11-01,16.9,13.4,22.3,,,,10.1,24.1,1016.2,
1766,2019-11-02,18.8,14.9,24.0,0.6,,,13.2,37.0,1006.2,
1767,2019-11-03,18.4,16.1,21.4,0.6,,,22.6,68.5,998.9,
1768,2019-11-04,18.8,14.9,24.7,0.0,,,20.3,64.8,1004.5,
1769,2019-11-05,16.5,12.9,19.6,0.0,,,20.5,61.1,1004.1,
1770,2019-11-06,14.6,10.7,20.1,0.0,,,13.3,29.6,1009.4,
1771,2019-11-07,13.1,9.1,20.1,0.0,,,12.0,29.6,1007.6,
1772,2019-11-08,11.7,9.2,16.2,0.0,,,17.9,46.3,1007.8,
1773,2019-11-09,12.1,7.4,17.5,5.6,,,13.0,37.0,1013.0,
1774,2019-11-10,11.6,7.9,16.4,0.2,,,11.6,27.8,1009.3,
1775,2019-11-11,10.3,6.6,16.6,0.2,,,19.2,37.0,1010.8,
1776,2019-11-12,12.7,8.6,18.9,0.0,,,12.3,29.6,1008.5,
1777,2019-11-13,10.6,8.4,15.1,4.7,,,11.0,24.1,1006.8,
1778,2019-11-14,9.8,5.1,16.2,5.0,,,11.0,38.9,1000.2,
1779,2019-11-15,8.3,5.1,14.1,0.0,,,15.6,27.8,1001.1,
1780,2019-11-16,8.5,5.3,14.7,0.0,,,16.4,29.6,1009.8,
1781,2019-11-17,9.2,4.4,15.4,0.0,,,11.0,37.0,1009.1,
1782,2019-11-18,10.3,7.4,15.9,0.0,,,12.6,29.6,1010.1,
1783,2019-11-19,8.2,5.0,14.2,0.0,,,13.3,31.5,1015.4,
1784,2019-11-20,7.8,3.2,14.1,0.0,,,15.7,29.6,1012.4,
1785,2019-11-21,10.3,6.8,17.0,0.3,,,15.6,35.2,1007.9,
1786,2019-11-22,12.3,7.8,17.2,8.3,,,18.4,38.9,1002.6,
1787,2019-11-23,13.9,11.6,17.0,0.0,,,19.0,48.2,993.1,
1788,2019-11-24,12.3,9.3,17.7,0.0,,,14.9,35.2,1006.8,
1789,2019-11-25,11.7,8.7,17.6,0.0,,,10.3,25.9,1011.3,
1790,2019-11-26,12.7,8.0,18.5,,,,16.3,35.2,1010.7,
1791,2019-11-27,15.7,11.6,20.1,0.0,,,12.6,44.5,1007.1,
1792,2019-11-28,15.1,10.0,19.1,,,,19.8,50.0,1011.8,
1793,2019-11-29,14.5,11.8,19.5,0.0,,,9.0,24.1,1016.9,
1794,2019-11-30,13.3,10.0,17.6,0.0,,,13.9,25.9,1018.0,
1795,2019-12-01,13.6,11.2,18.2,0.0,,,10.3,24.1,1012.3,
1796,2019-12-02,10.6,8.3,15.1,0.0,,,12.5,24.1,1016.3,
1797,2019-12-03,10.8,7.5,14.7,,,,23.6,42.6,1017.6,
1798,2019-12-04,12.7,10.7,14.7,68.9,,,42.8,72.2,1010.3,
1799,2019-12-05,12.5,11.2,15.3,7.4,,,19.9,53.7,1017.4,
1800,2019-12-06,12.3,9.8,16.7,0.0,,,13.1,29.6,1023.1,
1801,2019-12-07,11.3,7.8,16.6,0.0,,,12.7,29.6,1022.9,
1802,2019-12-08,9.6,6.6,15.0,0.0,,,18.1,31.5,1022.0,
1803,2019-12-09,12.3,8.3,16.9,0.0,,,17.0,48.2,1020.3,
1804,2019-12-10,9.8,5.9,14.7,0.0,,,10.1,33.3,1023.3,
1805,2019-12-11,9.3,6.1,15.3,0.2,,,13.5,27.8,1018.1,
1806,2019-12-12,11.5,9.1,14.5,0.0,,,18.9,48.2,1012.1,
1807,2019-12-13,16.8,12.2,21.0,0.0,,,25.8,68.5,1001.8,
1808,2019-12-14,16.2,10.8,20.6,0.0,,,21.0,48.2,1011.5,
1809,2019-12-15,12.1,7.7,17.4,0.0,,,12.0,37.0,1013.2,
1810,2019-12-16,11.1,8.2,15.1,0.0,,,13.8,31.5,1010.3,
1811,2019-12-17,13.9,11.8,17.0,0.0,,,12.7,29.6,1007.5,
1812,2019-12-18,13.6,11.4,18.0,0.0,,,12.6,25.9,1015.8,
1813,2019-12-19,12.0,8.9,16.2,7.4,,,12.7,27.8,1015.1,
1814,2019-12-20,14.9,12.9,17.0,6.2,,,18.6,55.5,1001.3,
1815,2019-12-21,15.7,13.2,19.1,0.3,,,15.9,48.2,999.1,
1816,2019-12-22,16.7,13.4,19.2,0.0,,,41.0,77.8,1006.2,
1817,2019-12-23,13.3,8.5,17.6,0.0,,,16.8,46.3,1021.4,
1818,2019-12-24,11.7,7.4,18.2,0.0,,,13.5,29.6,1025.4,
1819,2019-12-25,12.2,8.8,18.0,0.0,,,15.4,29.6,1023.8,
1820,2019-12-26,11.9,9.4,17.1,0.0,,,14.3,31.5,1024.3,
1821,2019-12-27,10.1,6.9,15.3,0.0,,,18.3,29.6,1028.7,
1822,2019-12-28,9.1,4.8,15.7,0.0,,,14.0,31.5,1030.4,
1823,2019-12-29,10.4,8.2,14.6,0.0,,,11.0,27.8,1032.3,
1824,2019-12-30,10.5,7.0,14.9,0.0,,,13.3,27.8,1032.8,
1825,2019-12-31,8.8,6.3,14.8,0.0,,,19.1,31.5,1032.7,
1826,2020-01-01,7.9,4.9,13.4,0.0,,,12.2,31.5,1032.1,
1827,2020-01-02,7.8,4.1,14.7,0.0,,,14.7,29.6,1031.8,
1828,2020-01-03,7.1,4.5,11.0,0.0,,,17.6,29.6,1030.9,
1829,2020-01-04,7.9,3.9,14.8,0.0,,,20.6,33.3,1031.4,
1830,2020-01-05,8.5,4.9,15.1,0.0,,,21.3,35.2,1028.6,
1831,2020-01-06,8.3,4.1,16.0,0.0,,,14.2,31.5,1029.4,
1832,2020-01-07,8.2,4.6,15.3,0.0,,,17.4,33.3,1029.8,
1833,2020-01-08,9.1,4.7,16.7,0.0,,,13.2,33.3,1030.2,
1834,2020-01-09,9.5,5.7,14.7,4.9,,,14.8,29.6,1027.5,
1835,2020-01-10,9.3,6.8,12.5,16.2,,,11.7,27.8,1025.7,
1836,2020-01-11,7.2,4.2,12.3,0.0,,,16.8,29.6,1030.1,
1837,2020-01-12,6.4,2.4,14.7,0.0,,,15.3,31.5,1029.9,
1838,2020-01-13,7.2,2.9,12.9,0.0,,,15.7,31.5,1025.0,
1839,2020-01-14,7.8,2.7,14.4,0.0,,,14.6,29.6,1022.0,
1840,2020-01-15,7.8,3.2,14.3,0.0,,,15.8,33.3,1024.4,
1841,2020-01-16,9.0,4.8,14.8,0.0,,,15.0,27.8,1027.7,
1842,2020-01-17,12.3,6.9,19.0,0.0,,,12.6,48.2,1026.2,
1843,2020-01-18,9.9,7.2,14.7,0.2,,,15.0,29.6,1027.1,
1844,2020-01-19,10.7,9.3,12.5,0.0,,,35.4,72.2,1020.5,
1845,2020-01-20,9.7,7.3,11.4,54.1,,,53.9,96.3,1024.9,
1846,2020-01-21,10.4,7.6,12.8,87.9,,,60.2,96.3,1023.4,
1847,2020-01-22,12.6,10.0,14.9,10.4,,,26.4,70.4,1020.8,
1848,2020-01-23,12.2,8.5,14.7,0.1,,,16.1,50.0,1020.9,
1849,2020-01-24,9.7,6.2,15.4,0.0,,,14.4,27.8,1022.1,
1850,2020-01-25,10.7,7.8,14.3,0.0,,,12.8,24.1,1020.5,
1851,2020-01-26,11.4,8.2,17.4,0.0,,,12.3,22.2,1019.9,
1852,2020-01-27,10.4,6.1,15.4,0.0,,,13.2,44.5,1020.7,
1853,2020-01-28,13.6,10.1,17.7,0.0,,,23.7,46.3,1017.7,
1854,2020-01-29,11.2,8.2,16.4,0.0,,,9.2,25.9,1021.0,
1855,2020-01-30,12.3,8.7,18.8,0.0,,,9.1,27.8,1020.4,
1856,2020-01-31,13.1,10.5,19.2,0.0,,,12.0,24.1,1020.9,
1857,2020-02-01,13.4,8.9,21.4,0.0,,,6.4,24.1,1021.2,
1858,2020-02-02,14.6,10.0,20.7,0.0,,,10.0,31.5,1025.9,
1859,2020-02-03,15.4,11.7,21.5,0.0,,,11.5,25.9,1026.4,
1860,2020-02-04,14.7,10.3,21.3,0.0,,,11.5,33.3,1022.5,
1861,2020-02-05,10.4,7.0,14.8,0.0,,,14.6,25.9,1028.6,
1862,2020-02-06,9.5,4.8,14.8,0.0,,,15.8,31.5,1027.6,
1863,2020-02-07,9.9,6.5,14.7,0.0,,,11.9,22.2,1025.4,
1864,2020-02-08,10.3,6.7,14.1,0.0,,,8.7,22.2,1025.2,
1865,2020-02-09,11.1,7.2,15.1,0.0,,,18.6,40.8,1028.6,
1866,2020-02-10,14.6,11.2,21.6,0.0,,,19.6,42.6,1026.4,
1867,2020-02-11,13.7,10.7,17.3,0.0,,,10.8,25.9,1023.9,
1868,2020-02-12,12.3,11.4,13.5,0.0,,,14.3,25.9,1025.1,
1869,2020-02-13,12.8,9.5,16.3,0.0,,,18.7,44.5,1021.4,
1870,2020-02-14,12.1,9.2,16.2,0.0,,,10.5,24.1,1024.7,
1871,2020-02-15,12.3,9.9,15.6,0.0,,,14.3,33.3,1026.2,
1872,2020-02-16,13.8,13.2,15.8,0.0,,,21.2,44.5,1026.3,
1873,2020-02-17,13.9,13.3,15.9,1.1,,,16.3,37.0,1025.2,
1874,2020-02-18,11.7,7.9,15.1,0.0,,,12.2,27.8,1031.1,
1875,2020-02-19,9.9,6.8,16.7,0.0,,,14.1,27.8,1030.7,
1876,2020-02-20,10.2,5.2,15.6,0.0,,,18.5,35.2,1026.1,
1877,2020-02-21,11.3,6.8,17.0,0.0,,,16.3,33.3,1029.1,
1878,2020-02-22,11.5,7.5,16.4,0.0,,,13.9,25.9,1031.9,
1879,2020-02-23,12.3,8.2,17.6,0.0,,,16.6,35.2,1031.9,
1880,2020-02-24,12.9,8.8,18.4,0.0,,,16.8,35.2,1025.1,
1881,2020-02-25,11.8,8.2,16.1,0.0,,,10.6,27.8,1016.2,
1882,2020-02-26,13.5,9.1,19.8,0.0,,,18.0,44.5,1014.8,
1883,2020-02-27,14.4,9.1,19.7,0.0,,,21.2,53.7,1016.5,
1884,2020-02-28,13.4,10.5,16.4,0.0,,,11.4,27.8,1020.4,
1885,2020-02-29,13.8,11.2,17.0,0.0,,,16.6,48.2,1011.8,
1886,2020-03-01,15.6,13.0,20.9,0.9,,,20.2,59.3,1009.3,
1887,2020-03-02,14.9,9.7,19.1,1.4,,,38.6,81.5,1000.1,
1888,2020-03-03,12.4,8.2,18.0,0.0,,,23.9,63.0,1009.6,
1889,2020-03-04,12.7,9.8,18.0,0.0,,,9.6,42.6,1015.4,
1890,2020-03-05,14.7,9.8,20.0,0.0,,,20.5,61.1,1007.6,
1891,2020-03-06,12.3,8.3,17.9,0.0,,,23.0,57.4,1008.9,
1892,2020-03-07,11.9,6.3,18.8,0.0,,,14.9,40.8,1018.8,
1893,2020-03-08,12.6,8.2,17.0,0.0,,,15.4,33.3,1022.4,
1894,2020-03-09,13.0,9.1,21.1,0.0,,,17.0,35.2,1019.5,
1895,2020-03-10,12.5,9.3,15.9,0.0,,,15.7,38.9,1023.8,
1896,2020-03-11,12.6,8.7,16.8,0.0,,,10.7,22.2,1023.1,
1897,2020-03-12,12.7,10.4,17.0,0.0,,,10.4,27.8,1020.6,
1898,2020-03-13,13.7,10.2,17.5,0.0,,,17.0,31.5,1019.5,
1899,2020-03-14,14.2,10.2,18.4,0.0,,,10.9,25.9,1019.9,
1900,2020-03-15,12.7,8.9,17.3,0.0,,,12.8,29.6,1018.9,
1901,2020-03-16,13.7,13.4,15.2,18.3,,,31.5,61.1,1017.3,
1902,2020-03-17,14.8,12.9,17.4,0.0,,,30.4,59.3,1027.0,
1903,2020-03-18,12.8,9.4,17.5,0.0,,,9.6,24.1,1027.6,
1904,2020-03-19,11.6,8.2,15.8,0.0,,,11.4,22.2,1024.0,
1905,2020-03-20,12.0,8.5,16.5,0.0,,,15.9,33.3,1020.3,
1906,2020-03-21,12.0,7.2,17.1,0.0,,,16.1,31.5,1014.9,
1907,2020-03-22,13.1,9.8,16.9,4.2,,,19.6,40.8,1013.9,
1908,2020-03-23,13.5,11.6,16.4,20.4,,,26.7,44.5,1018.8,
1909,2020-03-24,12.5,10.8,15.1,0.0,,,33.7,48.2,1020.3,
1910,2020-03-25,10.1,5.9,13.6,0.0,,,14.7,37.0,1017.3,
1911,2020-03-26,8.4,5.0,13.0,0.0,,,22.0,48.2,1010.5,
1912,2020-03-27,9.5,3.7,16.2,0.1,,,13.9,29.6,1014.3,
1913,2020-03-28,13.0,10.0,17.4,0.0,,,14.9,25.9,1017.1,
1914,2020-03-29,13.7,8.9,19.1,,,,12.2,29.6,1015.1,
1915,2020-03-30,10.2,8.0,14.3,6.0,,,18.6,33.3,1014.6,
1916,2020-03-31,11.2,8.3,13.1,3.2,,,30.5,57.4,1014.3,
1917,2020-04-01,11.6,10.4,13.0,16.4,,,41.7,63.0,1014.4,
1918,2020-04-02,12.1,10.3,15.1,0.0,,,29.2,59.3,1012.3,
1919,2020-04-03,12.3,7.8,17.3,0.0,,,12.7,37.0,1015.7,
1920,2020-04-04,12.2,8.5,17.0,0.0,,,12.3,35.2,1020.0,
1921,2020-04-05,12.2,7.6,17.4,0.0,,,12.0,25.9,1021.3,
1922,2020-04-06,12.9,8.8,17.5,0.0,,,11.5,22.2,1023.9,
1923,2020-04-07,14.1,11.3,18.3,0.0,,,10.0,22.2,1026.8,
1924,2020-04-08,15.0,11.2,19.2,0.0,,,9.1,24.1,1025.6,
1925,2020-04-09,14.4,11.0,18.2,0.0,,,11.1,24.1,1023.0,
1926,2020-04-10,14.5,10.1,20.4,0.0,,,12.6,27.8,1022.7,
1927,2020-04-11,14.6,10.4,19.4,0.0,,,11.6,29.6,1022.9,
1928,2020-04-12,15.4,11.2,19.9,14.1,,,13.5,25.9,1019.8,
1929,2020-04-13,13.5,12.0,15.6,18.0,,,19.6,46.3,1010.5,
1930,2020-04-14,14.9,12.3,18.5,0.0,,,13.7,35.2,1013.5,
1931,2020-04-15,14.9,11.1,18.6,0.0,,,19.5,46.3,1017.9,
1932,2020-04-16,16.3,15.3,19.4,0.0,,,17.5,29.6,1019.3,
1933,2020-04-17,15.9,14.1,18.5,0.0,,,9.9,27.8,1017.7,
1934,2020-04-18,16.6,14.7,19.6,12.1,,,15.9,31.5,1016.3,
1935,2020-04-19,15.9,15.4,16.4,78.5,,,21.7,38.9,1010.5,
1936,2020-04-20,15.6,15.4,18.1,47.7,,,12.4,27.8,1005.7,
1937,2020-04-21,14.9,13.8,15.6,73.3,,,18.2,50.0,1004.4,
1938,2020-04-22,15.2,14.0,18.4,0.0,,,30.2,53.7,1012.6,
1939,2020-04-23,16.4,13.4,20.8,0.0,,,15.8,31.5,1019.1,
1940,2020-04-24,16.2,13.5,19.8,0.0,,,13.5,35.2,1016.1,
1941,2020-04-25,15.8,11.6,20.5,0.0,,,10.3,24.1,1011.1,
1942,2020-04-26,16.2,12.7,20.1,0.0,,,11.8,29.6,1010.8,
1943,2020-04-27,16.4,12.9,20.5,3.4,,,11.9,31.5,1011.0,
1944,2020-04-28,16.9,12.9,21.6,0.0,,,19.5,50.0,1011.6,
1945,2020-04-29,16.9,12.2,21.6,,,,19.7,50.0,1015.1,
1946,2020-04-30,18.8,14.3,25.3,0.0,,,20.8,55.5,1012.7,
1947,2020-05-01,20.2,13.9,26.3,0.0,,,24.4,59.3,1013.8,
1948,2020-05-02,19.3,15.4,23.9,0.0,,,10.5,29.6,1016.4,
1949,2020-05-03,19.1,15.7,22.6,0.0,,,11.8,25.9,1018.4,
1950,2020-05-04,19.3,15.4,24.3,0.0,,,12.6,27.8,1016.4,
1951,2020-05-05,19.4,16.7,23.1,0.0,,,9.2,29.6,1014.4,
1952,2020-05-06,20.3,16.4,25.0,0.0,,,12.6,25.9,1016.3,
1953,2020-05-07,19.8,16.6,23.6,0.0,,,17.4,31.5,1019.4,
1954,2020-05-08,19.8,15.9,24.2,0.0,,,14.8,35.2,1017.9,
1955,2020-05-09,18.7,16.7,20.5,6.3,,,18.4,37.0,1012.9,
1956,2020-05-10,17.8,15.0,20.5,4.0,,,16.3,40.8,1004.8,
1957,2020-05-11,18.7,14.7,22.5,0.0,,,27.2,64.8,1004.0,
1958,2020-05-12,17.4,16.0,20.2,0.9,,,20.9,44.5,1009.5,
1959,2020-05-13,18.6,15.5,22.2,0.0,,,21.5,44.5,1004.5,
1960,2020-05-14,16.5,13.7,18.5,4.5,,,16.6,33.3,1005.3,
1961,2020-05-15,17.3,13.7,21.5,0.0,,,10.6,27.8,1012.3,
1962,2020-05-16,17.7,15.8,22.6,1.4,,,14.0,27.8,1016.2,
1963,2020-05-17,18.2,14.4,23.0,0.0,,,16.3,33.3,1019.1,
1964,2020-05-18,18.8,15.0,22.9,0.0,,,13.6,27.8,1020.0,
1965,2020-05-19,20.6,16.3,27.5,0.0,,,13.2,31.5,1016.5,
1966,2020-05-20,20.5,17.2,26.1,0.0,,,12.8,25.9,1015.6,
1967,2020-05-21,22.2,17.5,26.4,0.0,,,14.6,35.2,1018.4,
1968,2020-05-22,21.4,17.4,26.4,0.0,,,11.4,27.8,1022.8,
1969,2020-05-23,21.3,17.5,26.3,0.0,,,13.2,33.3,1025.2,
1970,2020-05-24,20.3,18.6,23.1,0.0,,,13.2,29.6,1027.6,
1971,2020-05-25,20.8,18.5,24.0,0.0,,,14.7,27.8,1026.2,
1972,2020-05-26,21.7,17.7,26.4,0.0,,,13.8,31.5,1025.5,
1973,2020-05-27,21.4,18.7,24.6,0.0,,,19.4,35.2,1026.2,
1974,2020-05-28,20.6,18.3,23.1,0.0,,,12.6,27.8,1024.8,
1975,2020-05-29,20.3,16.8,25.0,4.5,,,15.6,38.9,1017.3,
1976,2020-05-30,20.3,17.2,23.5,0.0,,,12.2,25.9,1016.4,
1977,2020-05-31,20.6,16.7,24.3,,,,12.4,29.6,1014.9,
1978,2020-06-01,21.3,18.2,24.7,0.3,,,9.9,25.9,1015.7,
1979,2020-06-02,20.6,16.8,24.4,0.0,,,12.8,27.8,1015.7,
1980,2020-06-03,21.4,19.1,25.1,7.3,,,15.0,35.2,1009.4,
1981,2020-06-04,19.3,15.6,22.8,0.2,,,15.3,37.0,1002.9,
1982,2020-06-05,19.6,14.3,25.8,0.0,,,14.7,40.8,1008.3,
1983,2020-06-06,20.6,16.4,24.1,0.2,,,12.2,27.8,1009.6,
1984,2020-06-07,19.8,16.8,22.6,18.2,,,14.8,27.8,1008.0,
1985,2020-06-08,17.7,14.8,21.4,1.3,,,13.7,33.3,1013.1,
1986,2020-06-09,17.3,14.4,22.4,17.4,,,13.2,25.9,1015.7,
1987,2020-06-10,18.2,14.4,22.2,0.2,,,14.4,27.8,1015.5,
1988,2020-06-11,20.1,17.4,23.6,0.0,,,11.3,27.8,1008.6,
1989,2020-06-12,21.9,19.0,25.1,0.0,,,18.1,48.2,1004.0,
1990,2020-06-13,21.2,16.8,26.6,0.0,,,19.3,46.3,1011.0,
1991,2020-06-14,20.8,16.6,24.5,0.0,,,16.1,35.2,1017.9,
1992,2020-06-15,21.3,18.1,24.3,0.0,,,13.0,33.3,1019.3,
1993,2020-06-16,20.4,18.3,23.3,0.3,,,9.9,29.6,1017.5,
1994,2020-06-17,20.0,16.8,23.8,5.4,,,12.7,31.5,1015.7,
1995,2020-06-18,19.3,15.9,21.6,2.9,,,16.3,27.8,1016.0,
1996,2020-06-19,20.2,17.2,23.6,0.0,,,11.6,25.9,1019.0,
1997,2020-06-20,21.6,18.4,25.3,0.0,,,13.5,33.3,1021.0,
1998,2020-06-21,22.6,19.7,26.0,0.0,,,12.7,31.5,1020.9,
1999,2020-06-22,23.1,20.1,27.5,0.0,,,8.7,27.8,1021.1,
2000,2020-06-23,23.2,20.5,26.3,0.0,,,17.0,37.0,1018.8,
2001,2020-06-24,23.4,19.7,27.4,0.0,,,11.5,27.8,1017.7,
2002,2020-06-25,24.7,21.1,28.5,0.0,,,9.7,22.2,1016.5,
2003,2020-06-26,25.2,21.1,28.9,0.0,,,10.9,22.2,1015.2,
2004,2020-06-27,24.5,21.8,27.4,0.0,,,12.1,25.9,1015.2,
2005,2020-06-28,24.9,21.9,28.9,0.0,,,12.8,27.8,1017.2,
2006,2020-06-29,25.0,22.1,28.5,0.0,,,11.9,27.8,1016.8,
2007,2020-06-30,25.2,23.3,28.1,0.0,,,10.6,29.6,1015.0,
2008,2020-07-01,25.9,21.9,30.4,0.0,,,10.7,24.1,1011.7,
2009,2020-07-02,25.7,23.5,28.8,51.7,,,14.6,27.8,1013.9,
2010,2020-07-03,23.3,19.3,25.8,6.8,,,14.8,33.3,1017.9,
2011,2020-07-04,23.3,20.0,26.3,0.0,,,14.5,27.8,1020.8,
2012,2020-07-05,24.0,20.0,28.5,0.0,,,16.9,38.9,1019.5,
2013,2020-07-06,25.5,21.9,29.9,0.0,,,11.0,27.8,1016.0,
2014,2020-07-07,24.7,22.6,27.2,0.0,,,13.4,27.8,1016.0,
2015,2020-07-08,24.8,21.6,28.8,0.0,,,11.1,25.9,1017.3,
2016,2020-07-09,25.4,21.6,29.1,0.0,,,11.0,25.9,1016.5,
2017,2020-07-10,25.8,22.7,30.0,0.0,,,12.9,22.2,1015.5,
2018,2020-07-11,24.6,21.0,28.7,,,,13.6,33.3,1017.3,
2019,2020-07-12,24.7,22.0,28.1,0.0,,,11.6,27.8,1018.9,
2020,2020-07-13,25.1,23.1,28.5,0.3,,,10.0,22.2,1018.3,
2021,2020-07-14,24.9,21.7,28.7,0.0,,,15.8,27.8,1016.2,
2022,2020-07-15,24.4,20.8,28.4,51.6,,,15.4,29.6,1016.4,
2023,2020-07-16,23.4,19.6,25.8,0.1,,,13.8,29.6,1018.6,
2024,2020-07-17,24.2,22.6,27.3,0.7,,,13.2,27.8,1016.5,
2025,2020-07-18,24.7,22.3,28.2,0.0,,,11.4,31.5,1015.8,
2026,2020-07-19,25.1,21.8,28.5,,,,16.4,40.8,1015.7,
2027,2020-07-20,24.8,21.6,28.8,0.0,,,12.7,35.2,1017.0,
2028,2020-07-21,24.9,21.7,28.4,0.0,,,11.0,24.1,1019.0,
2029,2020-07-22,25.3,21.4,30.2,0.0,,,11.7,24.1,1018.6,
2030,2020-07-23,26.8,22.8,30.8,0.0,,,11.0,25.9,1015.2,
2031,2020-07-24,26.5,23.6,30.0,0.0,,,12.2,29.6,1014.0,
2032,2020-07-25,26.6,23.9,29.7,0.0,,,12.7,33.3,1015.0,
2033,2020-07-26,26.1,23.0,29.0,0.0,,,11.6,24.1,1015.6,
2034,2020-07-27,26.4,22.9,30.0,0.0,,,13.5,31.5,1016.4,
2035,2020-07-28,26.6,23.8,30.0,0.0,,,14.1,27.8,1015.8,
2036,2020-07-29,26.7,22.8,30.5,0.0,,,13.4,25.9,1016.2,
2037,2020-07-30,27.4,23.1,31.6,0.0,,,13.6,24.1,1016.0,
2038,2020-07-31,27.2,23.6,31.1,0.0,,,13.1,22.2,1015.2,
2039,2020-08-01,27.6,23.9,32.1,0.0,,,10.8,22.2,1014.4,
2040,2020-08-02,27.8,25.2,31.5,3.1,,,16.7,35.2,1013.8,
2041,2020-08-03,24.9,18.9,27.5,0.1,,,14.6,33.3,1013.0,
2042,2020-08-04,24.8,22.3,27.7,0.0,,,15.2,33.3,1014.0,
2043,2020-08-05,25.1,21.0,29.0,0.0,,,13.4,27.8,1013.9,
2044,2020-08-06,26.0,22.0,30.4,0.0,,,15.2,35.2,1016.0,
2045,2020-08-07,25.8,21.9,29.9,0.0,,,17.5,40.8,1017.6,
2046,2020-08-08,26.3,22.8,30.6,0.0,,,15.6,37.0,1018.3,
2047,2020-08-09,27.4,23.9,31.9,0.0,,,10.1,24.1,1015.7,
2048,2020-08-10,26.7,23.3,31.0,0.0,,,14.4,29.6,1013.5,
2049,2020-08-11,26.8,23.5,31.5,0.0,,,11.0,24.1,1014.5,
2050,2020-08-12,27.7,25.2,31.3,0.0,,,17.0,33.3,1013.2,
2051,2020-08-13,27.1,24.1,30.5,0.0,,,11.5,25.9,1013.7,
2052,2020-08-14,26.6,25.0,29.7,0.0,,,11.8,25.9,1015.2,
2053,2020-08-15,26.2,22.8,30.0,0.0,,,13.9,31.5,1012.7,
2054,2020-08-16,26.3,23.8,30.2,0.0,,,13.2,27.8,1011.0,
2055,2020-08-17,25.9,22.6,29.3,0.0,,,13.3,27.8,1013.2,
2056,2020-08-18,26.3,24.9,29.3,0.0,,,11.6,24.1,1013.2,
2057,2020-08-19,26.3,22.1,30.4,0.0,,,15.9,35.2,1011.0,
2058,2020-08-20,26.9,23.1,30.8,0.0,,,11.8,24.1,1010.5,
2059,2020-08-21,27.4,23.8,31.3,0.0,,,12.6,24.1,1013.1,
2060,2020-08-22,27.8,24.7,30.8,,,,12.5,31.5,1018.1,
2061,2020-08-23,25.9,23.6,29.7,1.2,,,12.9,42.6,1019.3,
2062,2020-08-24,25.6,22.4,28.6,0.0,,,13.1,29.6,1016.7,
2063,2020-08-25,26.1,21.8,30.8,0.0,,,17.5,46.3,1015.3,
2064,2020-08-26,26.9,23.5,30.7,0.0,,,12.2,31.5,1017.9,
2065,2020-08-27,26.6,23.3,30.7,0.0,,,10.6,29.6,1016.5,
2066,2020-08-28,26.4,22.4,30.4,13.5,,,14.1,37.0,1008.3,
2067,2020-08-29,20.0,17.8,24.4,1.8,,,16.1,42.6,1005.1,
2068,2020-08-30,20.4,16.1,25.4,2.8,,,16.2,29.6,1011.5,
2069,2020-08-31,20.8,15.7,26.0,0.0,,,17.8,35.2,1017.2,
2070,2020-09-01,22.1,17.3,26.9,1.3,,,11.8,24.1,1014.4,
2071,2020-09-02,23.0,19.2,26.6,0.0,,,15.2,37.0,1016.0,
2072,2020-09-03,23.5,19.3,27.7,0.0,,,13.0,31.5,1021.4,
2073,2020-09-04,24.0,20.3,28.4,0.0,,,13.4,27.8,1023.6,
2074,2020-09-05,23.9,20.5,28.0,0.0,,,11.9,27.8,1020.1,
2075,2020-09-06,24.5,18.9,30.0,62.7,,,13.4,31.5,1016.2,
2076,2020-09-07,20.0,16.7,24.4,9.7,,,17.6,33.3,1018.3,
2077,2020-09-08,20.5,15.8,26.8,34.9,,,19.4,38.9,1022.0,
2078,2020-09-09,20.2,17.3,23.8,25.1,,,14.2,31.5,1020.9,
2079,2020-09-10,20.9,17.3,26.6,2.0,,,15.4,31.5,1017.8,
2080,2020-09-11,23.5,19.2,28.8,0.0,,,12.1,25.9,1014.4,
2081,2020-09-12,24.1,20.0,29.7,0.0,,,11.6,25.9,1017.7,
2082,2020-09-13,24.5,20.5,30.4,0.0,,,10.9,25.9,1022.2,
2083,2020-09-14,23.4,19.4,29.6,0.0,,,12.2,22.2,1023.0,
2084,2020-09-15,23.6,19.8,27.7,0.0,,,13.4,31.5,1020.9,
2085,2020-09-16,23.9,20.7,27.8,0.0,,,10.9,27.8,1018.6,
2086,2020-09-17,23.9,21.0,28.8,0.0,,,13.3,31.5,1016.2,
2087,2020-09-18,22.8,20.1,26.9,11.3,,,10.9,24.1,1016.3,
2088,2020-09-19,23.2,20.3,27.7,0.0,,,12.8,33.3,1014.0,
2089,2020-09-20,23.1,18.8,27.4,,,,13.8,35.2,1014.5,
2090,2020-09-21,21.9,19.7,25.1,6.0,,,11.5,24.1,1015.9,
2091,2020-09-22,21.9,18.4,26.3,0.0,,,13.4,27.8,1014.2,
2092,2020-09-23,22.3,17.6,27.0,0.0,,,17.3,37.0,1011.5,
2093,2020-09-24,22.7,19.5,27.8,0.0,,,14.5,48.2,1010.8,
2094,2020-09-25,19.8,14.9,22.7,0.0,,,26.4,88.9,1011.2,
2095,2020-09-26,17.6,13.3,23.2,0.0,,,19.8,42.6,1012.4,
2096,2020-09-27,17.3,12.8,22.2,0.0,,,14.6,38.9,1009.0,
2097,2020-09-28,17.8,13.6,23.0,0.0,,,14.6,33.3,1014.8,
2098,2020-09-29,18.8,14.2,23.9,0.0,,,13.4,29.6,1018.5,
2099,2020-09-30,18.8,14.2,23.7,0.0,,,14.6,33.3,1015.6,
2100,2020-10-01,20.6,16.6,25.9,0.0,,,16.6,33.3,1008.6,
2101,2020-10-02,17.4,12.1,21.7,0.3,,,15.8,55.5,994.6,
2102,2020-10-03,16.0,12.1,20.5,0.0,,,24.0,75.9,1001.7,
2103,2020-10-04,16.7,11.2,22.9,0.0,,,17.0,57.4,1006.2,
2104,2020-10-05,16.4,10.9,23.5,0.0,,,12.7,29.6,1013.8,
2105,2020-10-06,17.9,12.2,24.4,0.0,,,17.9,46.3,1018.7,
2106,2020-10-07,20.6,18.0,24.3,0.0,,,11.4,29.6,1019.7,
2107,2020-10-08,20.2,18.4,23.5,1.6,,,11.6,35.2,1023.8,
2108,2020-10-09,20.1,17.2,24.3,0.0,,,12.4,29.6,1022.0,
2109,2020-10-10,18.3,14.0,23.8,74.5,,,13.5,27.8,1021.8,
2110,2020-10-11,16.2,12.6,21.4,0.4,,,13.0,33.3,1020.0,
2111,2020-10-12,16.6,11.4,23.6,0.0,,,15.1,35.2,1018.1,
2112,2020-10-13,16.4,12.3,21.1,3.1,,,11.9,27.8,1013.3,
2113,2020-10-14,14.7,9.3,19.3,,,,13.1,25.9,1009.6,
2114,2020-10-15,12.6,7.8,18.7,0.0,,,15.6,29.6,1012.6,
2115,2020-10-16,12.5,7.9,18.5,0.0,,,16.1,35.2,1016.7,
2116,2020-10-17,12.9,7.3,19.3,0.0,,,15.6,33.3,1017.2,
2117,2020-10-18,14.1,8.9,21.3,0.0,,,14.1,31.5,1021.0,
2118,2020-10-19,15.7,10.5,21.5,0.0,,,14.7,27.8,1021.6,
2119,2020-10-20,18.7,14.9,22.3,0.0,,,14.8,40.8,1017.9,
2120,2020-10-21,20.9,17.3,24.2,0.0,,,10.6,37.0,1012.2,
2121,2020-10-22,19.4,17.2,22.9,1.2,,,13.6,37.0,1015.1,
2122,2020-10-23,19.1,14.7,25.0,0.0,,,14.5,42.6,1017.4,
2123,2020-10-24,16.3,11.7,21.2,0.0,,,16.9,44.5,1021.4,
2124,2020-10-25,17.0,13.4,22.5,0.1,,,13.9,55.5,1013.6,
2125,2020-10-26,16.3,12.8,20.4,0.0,,,13.1,33.3,1010.4,
2126,2020-10-27,14.4,11.6,19.8,0.0,,,11.3,29.6,1016.3,
2127,2020-10-28,15.2,11.4,20.5,0.0,,,14.0,33.3,1019.7,
2128,2020-10-29,16.0,11.8,21.2,0.0,,,14.0,27.8,1025.4,
2129,2020-10-30,15.7,11.7,20.9,0.0,,,12.9,27.8,1025.2,
2130,2020-10-31,15.8,11.0,20.8,0.0,,,15.5,33.3,1023.7,
2131,2020-11-01,16.1,11.5,21.0,0.0,,,13.6,31.5,1023.0,
2132,2020-11-02,16.7,12.5,20.6,0.0,,,14.3,38.9,1022.1,
2133,2020-11-03,17.8,13.9,20.8,6.9,,,11.5,22.2,1024.6,
2134,2020-11-04,13.3,11.3,14.6,0.0,,,15.8,35.2,1023.6,
2135,2020-11-05,15.3,10.7,18.9,1.4,,,26.5,50.0,1026.3,
2136,2020-11-06,18.2,16.9,19.0,0.0,,,32.8,50.0,1025.1,
2137,2020-11-07,17.6,13.2,20.1,3.3,,,23.4,50.0,1021.4,
2138,2020-11-08,15.1,12.1,20.7,,,,8.9,24.1,1022.7,
2139,2020-11-09,14.3,10.4,19.5,0.0,,,12.4,24.1,1021.8,
2140,2020-11-10,14.7,10.8,21.2,0.0,,,12.8,27.8,1025.2,
2141,2020-11-11,14.6,10.3,19.8,0.0,,,16.4,35.2,1025.0,
2142,2020-11-12,14.3,10.8,19.8,0.0,,,11.0,24.1,1023.1,
2143,2020-11-13,14.6,10.6,21.1,0.0,,,11.6,27.8,1022.0,
2144,2020-11-14,15.1,10.8,21.6,0.0,,,14.2,25.9,1021.0,
2145,2020-11-15,16.6,12.7,20.7,0.0,,,13.9,44.5,1018.3,
2146,2020-11-16,17.1,14.9,18.9,1.8,,,10.6,22.2,1021.4,
2147,2020-11-17,14.4,11.2,19.4,0.0,,,12.3,25.9,1026.5,
2148,2020-11-18,13.8,9.8,19.1,0.0,,,12.6,25.9,1027.8,
2149,2020-11-19,14.8,10.4,20.9,0.0,,,16.7,27.8,1028.5,
2150,2020-11-20,12.4,8.3,17.3,0.0,,,13.3,29.6,1027.6,
2151,2020-11-21,9.9,5.7,15.6,0.0,,,17.0,29.6,1029.1,
2152,2020-11-22,9.5,4.6,15.8,0.0,,,13.7,27.8,1028.8,
2153,2020-11-23,10.7,5.9,17.3,0.0,,,16.2,27.8,1028.0,
2154,2020-11-24,11.3,6.4,17.6,0.0,,,13.8,29.6,1023.6,
2155,2020-11-25,13.0,10.1,19.1,0.0,,,13.4,22.2,1018.4,
2156,2020-11-26,14.9,11.6,19.2,0.4,,,18.4,44.5,1017.2,
2157,2020-11-27,16.1,13.2,17.9,32.5,,,33.1,53.7,1012.8,
2158,2020-11-28,13.7,11.5,15.5,4.7,,,21.7,59.3,1006.7,
2159,2020-11-29,14.1,11.3,19.8,0.0,,,12.4,35.2,1015.1,
2160,2020-11-30,12.3,9.2,17.4,0.0,,,14.0,27.8,1022.0,
2161,2020-12-01,10.6,7.8,14.9,1.6,,,17.8,29.6,1019.2,
2162,2020-12-02,10.7,6.4,14.5,0.0,,,14.3,29.6,1012.3,
2163,2020-12-03,8.5,4.6,13.0,0.0,,,14.8,33.3,1009.5,
2164,2020-12-04,9.4,4.8,14.1,0.0,,,12.5,46.3,994.0,
2165,2020-12-05,6.9,2.5,12.2,0.0,,,17.4,31.5,998.5,
2166,2020-12-06,8.8,5.5,13.7,0.0,,,15.8,42.6,1003.1,
2167,2020-12-07,10.3,8.1,13.3,1.6,,,15.5,42.6,1003.2,
2168,2020-12-08,8.8,5.4,11.3,0.0,,,13.1,46.3,1002.4,
2169,2020-12-09,9.4,5.5,14.4,0.0,,,17.6,38.9,1010.4,
2170,2020-12-10,10.7,6.2,15.8,0.7,,,14.7,38.9,1007.2,
2171,2020-12-11,9.8,7.3,15.0,0.3,,,11.8,29.6,1004.5,
2172,2020-12-12,12.7,8.1,17.8,0.0,,,18.3,53.7,1005.7,
2173,2020-12-13,10.1,6.4,15.8,0.0,,,12.6,35.2,1014.3,
2174,2020-12-14,10.6,7.1,14.7,0.0,,,8.2,20.4,1013.5,
2175,2020-12-15,13.3,9.7,17.8,0.0,,,12.4,25.9,1014.2,
2176,2020-12-16,10.8,6.8,16.6,0.0,,,10.9,24.1,1017.7,
2177,2020-12-17,12.4,8.5,16.2,21.0,,,18.5,29.6,1021.8,
2178,2020-12-18,13.8,11.5,16.6,0.2,,,9.9,29.6,1022.9,
2179,2020-12-19,12.3,10.2,16.2,0.0,,,8.8,27.8,1020.2,
2180,2020-12-20,12.3,9.7,16.7,0.0,,,11.4,24.1,1022.2,
2181,2020-12-21,10.8,7.4,15.6,0.0,,,14.6,33.3,1027.0,
2182,2020-12-22,11.5,7.5,16.1,0.0,,,16.8,31.5,1026.8,
2183,2020-12-23,12.8,9.1,16.1,0.0,,,14.7,38.9,1023.0,
2184,2020-12-24,11.7,7.8,14.7,0.0,,,10.8,24.1,1021.3,
2185,2020-12-25,8.9,6.0,13.0,0.0,,,19.2,40.8,1020.2,
2186,2020-12-26,7.8,3.6,14.2,0.0,,,13.4,35.2,1021.9,
2187,2020-12-27,6.2,2.3,11.1,0.0,,,18.6,46.3,1010.8,
2188,2020-12-28,10.7,7.5,14.1,0.0,,,22.5,68.5,994.5,
2189,2020-12-29,10.3,6.3,14.4,0.0,,,23.8,51.8,1000.7,
2190,2020-12-30,9.0,5.1,13.3,0.0,,,19.0,42.6,1009.6,
2191,2020-12-31,8.6,3.6,13.8,0.0,,,11.8,46.3,1011.9,
2192,2021-01-01,7.2,5.3,8.5,10.1,,,11.1,29.6,1005.3,
2193,2021-01-02,5.7,2.7,9.7,0.0,,,13.2,31.5,1006.2,
2194,2021-01-03,5.4,1.4,9.7,0.0,,,14.1,29.6,1010.0,
2195,2021-01-04,4.9,0.5,11.3,0.0,,,14.3,29.6,1009.6,
2196,2021-01-05,3.8,0.6,10.1,0.0,,,13.5,27.8,1010.6,
2197,2021-01-06,3.6,-0.5,10.6,0.7,,,15.9,29.6,1014.3,
2198,2021-01-07,4.7,2.7,7.6,0.0,,,14.8,31.5,1014.3,
2199,2021-01-08,4.2,1.2,7.4,5.7,,,17.7,35.2,1013.3,
2200,2021-01-09,6.3,2.5,8.2,14.4,,,34.9,77.8,1007.1,
2201,2021-01-10,6.7,4.9,8.1,7.4,,,16.9,63.0,1010.8,
2202,2021-01-11,4.9,2.3,8.6,0.0,,,17.0,33.3,1019.7,
2203,2021-01-12,4.2,1.8,9.1,0.0,,,21.3,37.0,1024.8,
2204,2021-01-13,6.6,3.3,11.3,0.0,,,20.7,33.3,1026.0,
2205,2021-01-14,6.7,4.6,10.5,0.0,,,22.5,35.2,1023.4,
2206,2021-01-15,6.8,4.1,12.9,0.0,,,17.2,33.3,1021.0,
2207,2021-01-16,6.8,2.9,13.5,0.0,,,14.0,27.8,1024.5,
2208,2021-01-17,8.7,4.7,15.4,0.0,,,12.0,33.3,1023.0,
2209,2021-01-18,9.2,6.3,12.8,0.4,,,9.7,25.9,1026.9,
2210,2021-01-19,8.6,3.7,14.5,0.0,,,13.7,37.0,1024.5,
2211,2021-01-20,10.1,7.8,14.0,0.0,,,14.0,35.2,1014.6,
2212,2021-01-21,11.3,6.4,15.3,0.5,,,16.3,50.0,1010.3,
2213,2021-01-22,12.8,8.9,16.7,4.5,,,28.6,68.5,1003.4,
2214,2021-01-23,11.8,7.1,16.3,0.0,,,19.6,64.8,1008.0,
2215,2021-01-24,13.1,9.3,17.2,0.0,,,18.6,55.5,1005.3,
2216,2021-01-25,11.9,9.5,14.9,0.0,,,18.4,40.8,1009.5,
2217,2021-01-26,10.4,8.0,13.3,0.0,,,11.7,29.6,1021.3,
2218,2021-01-27,10.1,5.8,16.9,0.0,,,11.2,27.8,1020.5,
2219,2021-01-28,11.9,7.5,18.5,0.0,,,6.3,24.1,1019.6,
2220,2021-01-29,14.7,9.2,21.3,0.0,,,13.4,37.0,1015.4,
2221,2021-01-30,13.9,9.2,20.0,0.6,,,15.5,57.4,1006.7,
2222,2021-01-31,14.3,11.1,18.7,0.3,,,24.3,53.7,1003.4,
2223,2021-02-01,16.4,12.3,20.9,0.0,,,17.0,61.1,1004.4,
2224,2021-02-02,14.7,11.2,18.5,0.0,,,14.1,33.3,1013.3,
2225,2021-02-03,13.4,9.7,18.2,0.0,,,12.8,44.5,1012.4,
2226,2021-02-04,11.8,9.9,14.5,0.0,,,9.1,20.4,1013.4,
2227,2021-02-05,13.0,11.5,15.7,0.0,,,18.1,37.0,1010.7,
2228,2021-02-06,13.9,11.7,16.2,0.4,,,20.8,40.8,1002.0,
2229,2021-02-07,11.1,7.9,14.1,0.0,,,12.6,27.8,1002.9,
2230,2021-02-08,11.5,9.2,15.1,1.0,,,18.4,50.0,1000.3,
2231,2021-02-09,12.0,8.0,15.5,0.1,,,20.0,50.0,1003.4,
2232,2021-02-10,11.2,10.3,16.1,0.1,,,18.1,38.9,1005.5,
2233,2021-02-11,11.3,6.9,15.6,0.0,,,13.6,29.6,1016.7,
2234,2021-02-12,11.8,9.0,17.0,4.1,,,10.4,25.9,1015.1,
2235,2021-02-13,13.5,7.5,15.7,0.0,,,10.8,27.8,1022.3,
2236,2021-02-14,9.8,8.2,13.0,0.4,,,20.4,35.2,1033.4,
2237,2021-02-15,9.5,8.1,12.1,1.1,,,8.3,29.6,1035.8,
2238,2021-02-16,12.2,9.0,15.1,0.0,,,25.0,51.8,1027.8,
2239,2021-02-17,11.1,8.5,16.5,0.0,,,16.2,29.6,1023.8,
2240,2021-02-18,11.0,8.4,14.6,0.0,,,10.4,27.8,1019.9,
2241,2021-02-19,9.5,8.1,13.3,0.0,,,13.2,33.3,1020.6,
2242,2021-02-20,12.1,8.4,14.9,0.0,,,7.6,20.4,1020.3,
2243,2021-02-21,13.3,10.0,14.8,0.0,,,38.3,70.4,1014.9,
2244,2021-02-22,13.2,11.7,14.9,9.1,,,17.2,63.0,1017.7,
2245,2021-02-23,14.2,12.9,18.5,0.0,,,13.9,24.1,1032.9,
2246,2021-02-24,13.7,10.5,17.0,0.0,,,8.6,18.5,1034.9,
2247,2021-02-25,12.4,10.1,16.5,0.0,,,12.8,29.6,1031.5,
2248,2021-02-26,12.3,8.8,15.7,0.0,,,9.9,20.4,1030.4,
2249,2021-02-27,11.7,8.1,15.7,0.0,,,14.6,31.5,1025.9,
2250,2021-02-28,12.3,9.6,15.9,0.0,,,18.5,35.2,1025.4,
2251,2021-03-01,13.4,12.5,15.6,0.0,,,22.1,40.8,1026.2,
2252,2021-03-02,13.4,12.5,15.3,0.0,,,26.8,44.5,1028.9,
2253,2021-03-03,12.7,10.9,15.4,0.0,,,11.7,22.2,1030.3,
2254,2021-03-04,12.3,10.0,16.0,0.0,,,8.8,22.2,1023.8,
2255,2021-03-05,11.4,9.1,14.6,0.0,,,9.7,22.2,1018.8,
2256,2021-03-06,12.3,10.0,14.4,0.0,,,14.1,29.6,1022.6,
2257,2021-03-07,12.2,10.5,14.2,0.7,,,12.5,25.9,1020.2,
2258,2021-03-08,11.8,9.4,13.5,0.0,,,11.6,29.6,1015.1,
2259,2021-03-09,10.9,8.0,15.0,0.0,,,13.4,33.3,1016.8,
2260,2021-03-10,10.8,6.5,15.3,0.0,,,18.1,35.2,1021.4,
2261,2021-03-11,11.6,6.8,16.2,0.0,,,16.5,46.3,1021.7,
2262,2021-03-12,12.2,9.4,15.7,0.0,,,11.3,25.9,1020.5,
2263,2021-03-13,12.3,8.4,16.5,0.0,,,18.5,50.0,1021.2,
2264,2021-03-14,12.0,7.9,16.1,0.0,,,13.9,31.5,1020.9,
2265,2021-03-15,12.4,7.9,16.8,0.0,,,18.2,31.5,1023.1,
2266,2021-03-16,11.6,7.6,16.1,0.0,,,12.9,29.6,1024.2,
2267,2021-03-17,12.3,8.0,17.1,0.0,,,12.9,31.5,1021.3,
2268,2021-03-18,11.4,7.4,15.3,8.3,,,15.8,33.3,1018.3,
2269,2021-03-19,7.8,6.1,11.6,1.3,,,12.9,31.5,1013.7,
2270,2021-03-20,9.2,4.4,14.1,0.0,,,23.8,46.3,1016.2,
2271,2021-03-21,9.7,4.1,14.7,0.0,,,13.4,35.2,1017.1,
2272,2021-03-22,11.5,6.7,17.3,0.0,,,13.8,31.5,1016.3,
2273,2021-03-23,11.7,7.7,16.1,0.0,,,13.1,31.5,1021.9,
2274,2021-03-24,12.0,7.6,16.0,0.0,,,17.7,31.5,1024.3,
2275,2021-03-25,12.5,8.0,15.6,0.0,,,12.4,27.8,1023.8,
2276,2021-03-26,13.6,11.6,16.9,0.0,,,12.3,31.5,1022.0,
2277,2021-03-27,13.7,10.9,16.9,0.0,,,8.3,24.1,1026.8,
2278,2021-03-28,12.9,9.4,17.5,0.0,,,10.4,22.2,1030.5,
2279,2021-03-29,13.4,8.5,18.8,0.0,,,16.5,25.9,1032.0,
2280,2021-03-30,13.1,9.4,17.1,0.0,,,13.4,22.2,1030.1,
2281,2021-03-31,12.7,8.8,17.8,0.0,,,11.8,20.4,1025.7,
2282,2021-04-01,13.6,7.9,19.6,0.0,,,14.4,24.1,1020.1,
2283,2021-04-02,15.4,10.8,20.1,0.0,,,19.3,33.3,1014.6,
2284,2021-04-03,16.0,12.2,21.8,0.0,,,11.7,31.5,1011.5,
2285,2021-04-04,14.4,11.3,18.4,0.0,,,10.3,24.1,1016.1,
2286,2021-04-05,14.1,10.8,18.3,0.0,,,19.2,44.5,1016.6,
2287,2021-04-06,13.6,10.6,16.6,0.0,,,15.4,35.2,1011.9,
2288,2021-04-07,11.1,8.3,13.9,0.0,,,13.3,31.5,1020.3,
2289,2021-04-08,11.6,8.4,15.6,0.0,,,16.8,40.8,1025.5,
2290,2021-04-09,11.8,8.0,15.6,0.0,,,13.6,22.2,1022.3,
2291,2021-04-10,12.6,10.6,14.8,0.0,,,10.4,24.1,1016.1,
2292,2021-04-11,13.0,10.0,16.1,5.6,,,10.8,31.5,1014.2,
2293,2021-04-12,12.0,9.4,15.6,1.5,,,16.4,37.0,1022.8,
2294,2021-04-13,12.2,8.7,15.7,0.0,,,12.8,27.8,1024.5,
2295,2021-04-14,12.7,9.5,15.1,0.0,,,14.1,27.8,1021.2,
2296,2021-04-15,12.3,9.3,15.9,0.0,,,18.8,37.0,1019.2,
2297,2021-04-16,12.2,8.4,15.9,0.7,,,19.2,33.3,1017.6,
2298,2021-04-17,11.0,7.4,16.2,0.0,,,14.9,29.6,1017.6,
2299,2021-04-18,11.7,6.9,16.8,0.0,,,17.5,38.9,1019.2,
2300,2021-04-19,12.9,8.6,17.1,0.0,,,17.7,31.5,1018.1,
2301,2021-04-20,14.2,11.7,18.3,1.3,,,17.0,27.8,1015.4,
2302,2021-04-21,13.5,11.7,15.5,0.0,,,18.8,38.9,1014.4,
2303,2021-04-22,13.2,10.3,17.2,0.0,,,17.2,37.0,1017.4,
2304,2021-04-23,13.9,8.9,18.5,0.0,,,11.4,25.9,1020.9,
2305,2021-04-24,14.1,9.4,18.2,0.0,,,12.7,24.1,1020.8,
2306,2021-04-25,15.9,12.3,20.5,0.0,,,19.2,40.8,1015.6,
2307,2021-04-26,15.6,12.8,19.1,2.0,,,18.0,50.0,1007.8,
2308,2021-04-27,14.7,12.0,18.4,0.0,,,11.2,22.2,1006.4,
2309,2021-04-28,15.6,14.3,18.9,0.0,,,7.4,24.1,1007.0,
2310,2021-04-29,16.1,15.1,19.3,0.0,,,16.3,31.5,1008.0,
2311,2021-04-30,16.0,15.0,20.4,22.2,,,15.1,27.8,1009.1,
2312,2021-05-01,14.8,12.8,18.7,4.1,,,15.2,33.3,1009.9,
2313,2021-05-02,13.3,10.6,16.2,1.1,,,16.7,35.2,1018.9,
2314,2021-05-03,13.6,9.7,17.9,0.0,,,14.2,25.9,1022.0,
2315,2021-05-04,14.4,10.0,18.7,0.0,,,16.8,37.0,1018.0,
2316,2021-05-05,16.0,12.8,20.4,0.0,,,11.8,31.5,1015.5,
2317,2021-05-06,17.0,14.7,20.5,0.0,,,20.9,48.2,1015.9,
2318,2021-05-07,17.1,14.3,20.8,0.0,,,11.8,27.8,1017.0,
2319,2021-05-08,17.9,14.8,22.3,0.0,,,15.8,27.8,1017.8,
2320,2021-05-09,17.7,14.1,21.6,0.0,,,18.1,42.6,1010.1,
2321,2021-05-10,17.3,15.5,20.5,5.1,,,11.7,31.5,1008.4,
2322,2021-05-11,16.8,12.2,24.0,0.0,,,16.6,40.8,1012.7,
2323,2021-05-12,15.9,11.3,21.8,0.0,,,19.9,40.8,1014.7,
2324,2021-05-13,16.8,14.3,21.3,1.7,,,21.9,40.8,1012.8,
2325,2021-05-14,16.8,14.6,22.0,0.0,,,16.9,33.3,1012.6,
2326,2021-05-15,17.2,13.7,21.8,0.0,,,20.3,37.0,1013.1,
2327,2021-05-16,19.3,15.7,26.2,0.0,,,18.5,38.9,1010.2,
2328,2021-05-17,16.7,14.8,19.9,0.0,,,14.5,35.2,1017.2,
2329,2021-05-18,17.8,16.3,21.2,0.6,,,19.1,38.9,1018.5,
2330,2021-05-19,16.6,15.3,19.7,0.6,,,16.1,33.3,1021.3,
2331,2021-05-20,17.4,15.8,20.7,0.0,,,14.7,27.8,1023.2,
2332,2021-05-21,17.9,15.6,21.3,0.0,,,14.3,33.3,1016.8,
2333,2021-05-22,16.7,14.8,19.2,0.0,,,13.4,27.8,1014.4,
2334,2021-05-23,15.6,14.5,18.0,1.0,,,10.6,25.9,1018.4,
2335,2021-05-24,17.7,15.2,21.9,0.0,,,21.8,38.9,1017.3,
2336,2021-05-25,16.8,16.3,19.3,0.0,,,12.9,27.8,1024.9,
2337,2021-05-26,16.9,13.5,20.5,0.0,,,12.6,27.8,1021.1,
2338,2021-05-27,18.1,15.5,22.5,0.0,,,12.3,25.9,1017.8,
2339,2021-05-28,19.1,16.0,24.1,0.0,,,11.1,25.9,1017.2,
2340,2021-05-29,20.6,15.4,24.8,0.0,,,13.7,33.3,1018.3,
2341,2021-05-30,21.2,19.5,24.9,0.0,,,11.1,25.9,1017.9,
2342,2021-05-31,20.7,19.3,24.5,0.0,,,10.2,24.1,1016.5,
2343,2021-06-01,20.0,17.6,23.9,0.2,,,14.1,27.8,1013.3,
2344,2021-06-02,20.4,18.2,23.9,0.0,,,15.8,27.8,1015.3,
2345,2021-06-03,21.0,19.5,24.0,0.0,,,18.4,33.3,1020.1,
2346,2021-06-04,21.2,20.4,24.1,0.0,,,20.7,33.3,1021.2,
2347,2021-06-05,20.4,19.1,24.7,0.0,,,12.2,27.8,1022.3,
2348,2021-06-06,21.6,19.3,25.7,0.0,,,17.5,37.0,1020.0,
2349,2021-06-07,20.5,17.4,24.3,0.0,,,11.8,29.6,1020.3,
2350,2021-06-08,20.9,17.9,25.4,0.0,,,13.8,31.5,1020.3,
2351,2021-06-09,22.4,18.1,27.4,0.0,,,9.8,25.9,1020.0,
2352,2021-06-10,23.8,19.4,29.4,0.0,,,15.5,33.3,1018.9,
2353,2021-06-11,24.7,20.9,29.8,0.0,,,10.5,25.9,1017.4,
2354,2021-06-12,25.1,20.6,32.2,0.0,,,15.3,25.9,1019.5,
2355,2021-06-13,25.8,23.1,31.0,0.0,,,16.7,27.8,1020.0,
2356,2021-06-14,25.7,23.1,30.4,0.0,,,13.7,31.5,1017.4,
2357,2021-06-15,26.2,21.8,32.5,0.0,,,9.3,29.6,1016.7,
2358,2021-06-16,25.7,24.2,30.2,0.0,,,15.1,31.5,1013.3,
2359,2021-06-17,24.4,21.9,27.4,0.3,,,25.3,50.0,1010.7,
2360,2021-06-18,23.4,20.0,29.3,0.0,,,14.6,27.8,1013.6,
2361,2021-06-19,24.0,22.6,27.1,0.1,,,10.5,24.1,1014.4,
2362,2021-06-20,23.8,22.0,28.1,0.0,,,16.0,33.3,1009.4,
2363,2021-06-21,24.3,21.4,28.2,0.0,,,16.8,37.0,1008.6,
2364,2021-06-22,22.9,21.9,26.0,0.3,,,13.6,27.8,1012.6,
2365,2021-06-23,20.9,17.6,26.3,2.4,,,15.1,25.9,1016.6,
2366,2021-06-24,21.3,18.0,25.9,0.0,,,12.8,27.8,1020.2,
2367,2021-06-25,22.1,18.8,26.3,0.0,,,15.9,33.3,1019.9,
2368,2021-06-26,22.6,19.7,26.7,0.0,,,14.8,33.3,1016.7,
2369,2021-06-27,23.4,21.0,27.0,0.0,,,11.0,29.6,1013.7,
2370,2021-06-28,23.3,20.1,27.2,0.0,,,13.7,24.1,1013.3,
2371,2021-06-29,23.4,21.8,26.3,0.0,,,14.0,27.8,1016.4,
2372,2021-06-30,23.6,23.0,26.5,0.0,,,14.8,29.6,1017.7,
2373,2021-07-01,24.1,21.9,27.4,0.0,,,14.4,35.2,1017.3,
2374,2021-07-02,23.7,20.1,28.5,0.0,,,14.3,31.5,1016.4,
2375,2021-07-03,24.3,21.7,28.6,0.0,,,14.6,35.2,1014.3,
2376,2021-07-04,23.9,21.8,28.6,0.0,,,15.8,29.6,1013.4,
2377,2021-07-05,24.1,20.8,28.2,0.0,,,14.2,29.6,1014.1,
2378,2021-07-06,26.5,24.7,28.6,0.0,,,15.2,27.8,1010.4,
2379,2021-07-07,24.4,22.8,27.3,0.0,,,13.4,24.1,1014.5,
2380,2021-07-08,23.8,22.0,27.6,0.0,,,16.4,31.5,1020.2,
2381,2021-07-09,24.2,20.9,27.9,0.0,,,18.9,42.6,1021.6,
2382,2021-07-10,24.1,20.9,28.5,0.0,,,18.7,42.6,1017.4,
2383,2021-07-11,24.6,21.4,28.5,0.0,,,9.7,29.6,1015.8,
2384,2021-07-12,24.7,22.4,29.1,0.0,,,14.2,31.5,1010.3,
2385,2021-07-13,22.6,18.3,27.5,0.0,,,17.8,31.5,1014.2,
2386,2021-07-14,22.3,18.9,26.4,2.1,,,18.0,29.6,1018.0,
2387,2021-07-15,23.3,20.8,27.1,0.0,,,15.7,29.6,1018.9,
2388,2021-07-16,23.7,21.5,27.5,0.0,,,14.9,27.8,1018.2,
2389,2021-07-17,23.8,21.3,28.0,0.0,,,15.1,33.3,1017.3,
2390,2021-07-18,24.3,21.2,28.9,0.0,,,14.2,37.0,1013.9,
2391,2021-07-19,26.1,22.4,30.4,0.0,,,15.5,42.6,1012.6,
2392,2021-07-20,25.3,22.8,29.7,0.0,,,16.0,38.9,1014.4,
2393,2021-07-21,25.7,23.9,29.2,0.0,,,15.5,33.3,1017.3,
2394,2021-07-22,25.8,22.3,30.5,0.0,,,15.3,38.9,1017.0,
2395,2021-07-23,26.1,22.5,30.5,0.0,,,10.5,33.3,1013.2,
2396,2021-07-24,25.8,23.8,28.9,0.0,,,16.4,33.3,1009.1,
2397,2021-07-25,25.3,23.3,30.2,0.0,,,13.0,24.1,1010.1,
2398,2021-07-26,25.1,23.0,30.1,0.0,,,12.9,25.9,1013.0,
2399,2021-07-27,25.0,22.0,29.2,0.0,,,15.3,38.9,1014.7,
2400,2021-07-28,24.5,23.0,28.2,0.0,,,17.1,29.6,1015.0,
2401,2021-07-29,24.6,21.9,28.5,0.0,,,13.4,29.6,1015.0,
2402,2021-07-30,25.6,23.3,30.1,0.0,,,13.3,29.6,1011.8,
2403,2021-07-31,25.4,18.0,28.0,5.6,,,15.3,27.8,1010.4,
2404,2021-08-01,22.3,18.0,26.5,1.0,,,14.2,25.9,1013.6,
2405,2021-08-02,23.2,19.7,27.8,0.0,,,13.2,24.1,1016.3,
2406,2021-08-03,24.7,21.1,28.6,0.0,,,16.2,31.5,1015.8,
2407,2021-08-04,24.3,20.9,29.1,2.3,,,15.6,27.8,1013.3,
2408,2021-08-05,24.1,20.8,28.9,0.0,,,17.8,35.2,1014.1,
2409,2021-08-06,24.7,24.1,27.8,0.0,,,19.1,37.0,1010.6,
2410,2021-08-07,25.3,24.0,29.7,0.0,,,17.0,29.6,1006.9,
2411,2021-08-08,23.7,21.7,26.6,0.0,,,14.2,24.1,1015.4,
2412,2021-08-09,23.0,20.2,27.7,0.0,,,11.7,22.2,1017.7,
2413,2021-08-10,24.7,21.2,30.9,0.0,,,13.8,25.9,1016.5,
2414,2021-08-11,26.0,23.0,31.8,0.0,,,10.9,24.1,1016.8,
2415,2021-08-12,26.6,24.2,30.8,0.0,,,12.2,27.8,1017.1,
2416,2021-08-13,26.3,23.1,32.5,0.0,,,10.9,24.1,1020.4,
2417,2021-08-14,26.9,23.7,32.5,0.0,,,13.0,29.6,1018.3,
2418,2021-08-15,26.6,25.4,30.4,0.0,,,13.7,27.8,1015.9,
2419,2021-08-16,26.0,24.6,29.6,0.0,,,15.3,35.2,1016.3,
2420,2021-08-17,24.6,21.6,28.3,0.0,,,16.0,27.8,1018.2,
2421,2021-08-18,24.0,21.3,28.2,0.0,,,14.1,29.6,1017.1,
2422,2021-08-19,23.2,20.8,27.0,0.0,,,11.0,24.1,1015.2,
2423,2021-08-20,24.8,21.9,29.1,0.0,,,13.8,25.9,1015.5,
2424,2021-08-21,25.5,23.3,29.4,0.0,,,15.5,33.3,1017.5,
2425,2021-08-22,25.1,22.2,29.9,0.0,,,11.8,24.1,1019.4,
2426,2021-08-23,24.6,22.4,28.4,2.1,,,11.8,27.8,1018.0,
2427,2021-08-24,24.3,22.8,28.0,0.3,,,10.2,31.5,1015.3,
2428,2021-08-25,23.9,21.1,27.3,0.0,,,11.9,24.1,1014.0,
2429,2021-08-26,23.7,19.4,28.8,0.0,,,19.6,37.0,1013.7,
2430,2021-08-27,25.8,23.7,29.9,0.0,,,10.7,25.9,1012.1,
2431,2021-08-28,24.6,22.6,27.2,0.0,,,18.0,29.6,1013.4,
2432,2021-08-29,24.1,22.4,27.3,0.0,,,12.7,27.8,1014.4,
2433,2021-08-30,22.1,20.9,25.0,6.3,,,12.5,24.1,1014.2,
2434,2021-08-31,22.9,20.6,26.9,7.8,,,15.5,29.6,1016.7,
2435,2021-09-01,22.9,21.3,25.6,1.6,,,19.4,35.2,1017.8,
2436,2021-09-02,23.3,19.5,27.7,0.2,,,23.0,44.5,1016.8,
2437,2021-09-03,23.6,20.5,28.2,0.0,,,12.6,25.9,1015.9,
2438,2021-09-04,23.3,20.8,27.8,0.0,,,12.2,24.1,1015.9,
2439,2021-09-05,24.6,21.5,29.0,0.0,,,15.0,35.2,1017.2,
2440,2021-09-06,25.1,22.5,29.2,0.0,,,12.2,31.5,1019.6,
2441,2021-09-07,25.0,23.2,28.7,0.1,,,9.5,24.1,1019.2,
2442,2021-09-08,24.8,21.8,29.6,0.0,,,14.9,27.8,1014.0,
2443,2021-09-09,25.0,22.3,29.0,0.0,,,20.8,42.6,1012.4,
2444,2021-09-10,22.7,20.2,28.6,7.0,,,16.1,27.8,1015.5,
2445,2021-09-11,22.9,19.2,27.6,0.0,,,15.1,27.8,1018.1,
2446,2021-09-12,24.2,22.2,28.9,0.0,,,13.3,25.9,1015.8,
2447,2021-09-13,24.8,22.1,29.0,0.0,,,15.9,33.3,1015.8,
2448,2021-09-14,26.1,24.3,29.5,0.0,,,12.3,31.5,1013.8,
2449,2021-09-15,25.5,23.8,29.4,5.4,,,18.2,35.2,1012.5,
2450,2021-09-16,23.6,21.2,27.3,2.8,,,12.7,27.8,1015.6,
2451,2021-09-17,23.2,19.3,27.8,0.0,,,18.6,33.3,1014.7,
2452,2021-09-18,22.0,20.4,26.8,0.9,,,14.6,25.9,1013.4,
2453,2021-09-19,21.1,17.1,25.9,0.0,,,16.1,27.8,1017.1,
2454,2021-09-20,19.6,16.9,26.3,11.8,,,18.7,31.5,1018.5,
2455,2021-09-21,18.6,16.7,23.0,1.7,,,13.1,31.5,1021.4,
2456,2021-09-22,20.9,17.8,25.1,5.6,,,22.4,38.9,1020.5,
2457,2021-09-23,20.8,17.4,25.6,1.6,,,18.6,42.6,1019.4,
2458,2021-09-24,21.3,17.8,25.4,0.0,,,17.3,37.0,1017.3,
2459,2021-09-25,23.4,21.6,28.0,0.1,,,10.8,25.9,1016.2,
2460,2021-09-26,23.8,20.3,29.1,0.0,,,14.5,29.6,1017.7,
2461,2021-09-27,22.5,18.6,27.5,0.0,,,15.5,35.2,1019.7,
2462,2021-09-28,21.8,18.6,26.2,0.0,,,15.6,35.2,1021.0,
2463,2021-09-29,21.8,19.8,25.5,0.4,,,10.1,25.9,1023.1,
2464,2021-09-30,20.8,18.6,24.7,0.0,,,14.9,25.9,1024.4,
2465,2021-10-01,20.1,16.3,25.3,0.0,,,13.3,25.9,1020.5,
2466,2021-10-02,21.4,17.9,25.3,0.1,,,15.1,27.8,1016.8,
2467,2021-10-03,23.6,17.5,26.7,20.7,,,22.9,42.6,1010.2,
2468,2021-10-04,16.1,14.3,19.5,2.8,,,12.2,27.8,1015.5,
2469,2021-10-05,18.3,12.5,24.6,0.0,,,17.4,37.0,1017.5,
2470,2021-10-06,18.7,16.4,22.4,0.0,,,12.5,27.8,1021.6,
2471,2021-10-07,17.8,14.2,22.6,0.0,,,15.1,25.9,1020.4,
2472,2021-10-08,18.2,14.9,22.9,0.0,,,13.0,24.1,1019.8,
2473,2021-10-09,17.6,16.2,21.3,0.0,,,10.8,24.1,1020.8,
2474,2021-10-10,18.6,16.3,22.3,0.0,,,9.7,22.2,1022.0,
2475,2021-10-11,17.6,13.3,23.8,0.0,,,14.1,25.9,1021.6,
2476,2021-10-12,17.6,12.9,23.4,0.0,,,13.1,29.6,1018.2,
2477,2021-10-13,17.2,13.5,22.5,0.0,,,13.5,29.6,1018.3,
2478,2021-10-14,17.5,15.1,21.6,0.0,,,11.8,25.9,1022.6,
2479,2021-10-15,18.2,14.9,23.9,0.0,,,15.1,25.9,1018.4,
2480,2021-10-16,18.3,16.0,22.8,0.0,,,11.9,25.9,1017.5,
2481,2021-10-17,18.0,15.0,22.2,0.0,,,10.5,22.2,1019.1,
2482,2021-10-18,18.9,16.2,24.5,0.0,,,10.7,24.1,1023.1,
2483,2021-10-19,19.7,16.7,24.1,0.0,,,16.9,27.8,1026.1,
2484,2021-10-20,21.1,17.8,24.1,0.0,,,20.8,40.8,1022.5,
2485,2021-10-21,18.4,16.4,22.7,0.8,,,11.3,22.2,1017.2,
2486,2021-10-22,16.9,14.6,21.0,0.0,,,10.1,24.1,1018.9,
2487,2021-10-23,15.1,11.9,20.8,0.0,,,14.0,27.8,1021.3,
2488,2021-10-24,15.8,10.8,23.0,0.0,,,14.6,29.6,1022.6,
2489,2021-10-25,15.9,11.5,21.3,0.0,,,13.8,29.6,1021.7,
2490,2021-10-26,16.2,12.8,22.4,0.0,,,15.3,27.8,1022.8,
2491,2021-10-27,15.6,11.5,21.0,0.0,,,15.4,27.8,1022.5,
2492,2021-10-28,15.1,11.4,20.8,0.5,,,14.1,25.9,1018.6,
2493,2021-10-29,17.1,13.6,22.6,19.4,,,13.5,24.1,1013.3,
2494,2021-10-30,19.5,17.0,22.0,8.0,,,21.5,38.9,1007.9,
2495,2021-10-31,19.0,16.3,23.6,1.4,,,14.0,31.5,1008.4,
2496,2021-11-01,19.1,15.8,25.0,0.0,,,15.2,35.2,1007.2,
2497,2021-11-02,15.4,12.6,20.2,0.0,,,15.3,29.6,1008.9,
2498,2021-11-03,14.1,10.6,17.8,0.0,,,11.6,25.9,1003.5,
2499,2021-11-04,11.5,8.4,18.2,10.3,,,15.2,29.6,1011.8,
2500,2021-11-05,10.8,6.9,16.3,0.0,,,14.9,29.6,1018.7,
2501,2021-11-06,11.1,5.9,19.0,0.0,,,17.3,29.6,1022.1,
2502,2021-11-07,11.2,6.8,18.9,0.0,,,17.5,31.5,1018.1,
2503,2021-11-08,12.9,8.9,18.9,0.0,,,15.1,29.6,1014.7,
2504,2021-11-09,12.9,9.2,17.2,1.0,,,18.2,35.2,1017.4,
2505,2021-11-10,13.7,11.9,16.5,10.0,,,17.9,33.3,1016.2,
2506,2021-11-11,15.7,12.8,18.6,4.3,,,28.6,44.5,1015.9,
2507,2021-11-12,15.3,14.1,20.1,0.4,,,14.8,27.8,1015.6,
2508,2021-11-13,15.7,13.9,20.5,0.0,,,12.5,25.9,1017.4,
2509,2021-11-14,14.3,11.0,18.7,7.3,,,13.1,29.6,1015.1,
2510,2021-11-15,12.4,9.9,15.6,0.1,,,10.0,24.1,1015.1,
2511,2021-11-16,10.8,9.8,12.8,1.7,,,18.9,25.9,1017.2,
2512,2021-11-17,11.4,8.4,16.7,0.0,,,16.9,27.8,1019.8,
2513,2021-11-18,10.8,7.5,17.1,0.0,,,15.2,27.8,1026.5,
2514,2021-11-19,10.9,6.7,17.2,0.0,,,13.8,29.6,1029.0,
2515,2021-11-20,11.2,7.3,16.1,0.0,,,12.9,29.6,1024.3,
2516,2021-11-21,13.0,10.5,18.1,0.0,,,13.2,25.9,1013.6,
2517,2021-11-22,12.2,8.9,16.3,0.8,,,17.2,29.6,1011.0,
2518,2021-11-23,13.0,11.7,16.3,33.9,,,30.7,53.7,1013.6,
2519,2021-11-24,12.1,9.7,15.5,50.6,,,20.3,40.8,1010.1,
2520,2021-11-25,10.1,5.9,13.6,1.5,,,13.6,27.8,1004.7,
2521,2021-11-26,9.9,6.7,14.9,0.0,,,14.3,24.1,1005.1,
2522,2021-11-27,9.2,5.6,14.8,0.0,,,16.6,38.9,1000.2,
2523,2021-11-28,7.8,5.4,11.9,0.0,,,21.6,40.8,1005.3,
2524,2021-11-29,9.1,4.9,14.9,0.0,,,14.7,29.6,1011.8,
2525,2021-11-30,9.2,6.3,15.4,0.0,,,11.5,25.9,1024.2,
2526,2021-12-01,9.8,6.3,15.8,0.5,,,15.5,31.5,1016.5,
2527,2021-12-02,10.9,7.5,14.8,0.0,,,14.1,27.8,1007.4,
2528,2021-12-03,8.4,4.9,14.1,0.0,,,11.7,27.8,1015.8,
2529,2021-12-04,12.1,6.9,19.8,0.0,,,17.6,35.2,1015.2,
2530,2021-12-05,10.2,7.7,13.2,0.0,,,20.7,42.6,1011.3,
2531,2021-12-06,9.0,4.7,15.9,0.0,,,7.4,29.6,1016.9,
2532,2021-12-07,10.6,6.4,16.2,0.0,,,13.4,27.8,1015.7,
2533,2021-12-08,12.3,7.8,14.7,0.0,,,22.2,51.8,1006.3,
2534,2021-12-09,9.2,6.3,13.4,0.0,,,14.8,38.9,1012.3,
2535,2021-12-10,13.7,8.4,18.5,0.0,,,19.9,46.3,1007.6,
2536,2021-12-11,9.5,5.1,15.0,0.0,,,10.4,27.8,1017.4,
2537,2021-12-12,10.9,8.0,16.8,0.0,,,13.0,29.6,1025.4,
2538,2021-12-13,9.9,5.9,16.7,0.0,,,14.7,27.8,1026.1,
2539,2021-12-14,9.2,5.5,15.6,0.0,,,13.8,31.5,1026.2,
2540,2021-12-15,9.7,5.8,18.8,0.0,,,15.0,31.5,1026.5,
2541,2021-12-16,9.1,5.0,15.6,0.0,,,13.6,31.5,1029.2,
2542,2021-12-17,9.9,7.5,14.1,0.0,,,13.4,31.5,1030.2,
2543,2021-12-18,9.1,5.5,15.7,0.0,,,14.0,33.3,1029.5,
2544,2021-12-19,8.2,4.6,14.2,0.0,,,16.1,31.5,1026.9,
2545,2021-12-20,7.5,3.9,15.2,0.0,,,19.1,31.5,1020.8,
2546,2021-12-21,8.4,4.3,13.5,0.0,,,16.3,29.6,1020.0,
2547,2021-12-22,10.0,8.6,12.2,0.2,,,12.2,25.9,1021.5,
2548,2021-12-23,12.0,10.3,15.3,0.0,,,11.0,25.9,1020.4,
2549,2021-12-24,12.8,10.6,16.2,0.1,,,10.5,24.1,1013.4,
2550,2021-12-25,12.6,9.5,17.4,0.0,,,10.5,25.9,1006.5,
2551,2021-12-26,12.2,9.1,17.7,0.0,,,12.0,25.9,1008.9,
2552,2021-12-27,15.9,10.6,22.2,0.0,,,16.5,29.6,1008.7,
2553,2021-12-28,16.8,14.2,21.2,0.0,,,16.8,33.3,1014.1,
2554,2021-12-29,16.2,13.2,20.9,0.0,,,14.4,27.8,1019.4,
2555,2021-12-30,13.9,11.0,20.6,0.0,,,15.3,31.5,1022.6,
2556,2021-12-31,11.9,8.8,18.4,0.0,,,13.2,27.8,1026.1,
2557,2022-01-01,11.2,7.5,16.3,0.0,,,8.8,25.9,1026.9,
2558,2022-01-02,10.9,7.8,15.0,0.0,,,10.7,22.2,1027.8,
2559,2022-01-03,11.4,8.7,14.7,0.0,,,16.4,29.6,1024.3,
2560,2022-01-04,13.1,9.5,18.5,13.9,,,14.7,31.5,1011.4,
2561,2022-01-05,10.4,5.8,14.2,0.2,,,11.7,27.8,1009.2,
2562,2022-01-06,6.4,2.2,12.4,0.0,,,19.1,31.5,1016.7,
2563,2022-01-07,6.0,2.7,12.8,0.0,,,12.3,29.6,1022.9,
2564,2022-01-08,8.7,5.4,13.4,0.0,,,13.1,27.8,1021.7,
2565,2022-01-09,12.4,8.9,16.6,0.0,,,18.6,33.3,1013.5,
2566,2022-01-10,10.5,9.8,12.8,0.1,,,13.2,31.5,1014.4,
2567,2022-01-11,10.3,6.9,15.0,0.0,,,14.9,29.6,1022.8,
2568,2022-01-12,8.8,5.3,13.1,0.0,,,11.0,25.9,1029.4,
2569,2022-01-13,6.4,2.5,12.8,0.0,,,13.6,27.8,1034.3,
2570,2022-01-14,6.3,2.0,14.1,0.0,,,15.2,33.3,1033.5,
2571,2022-01-15,6.4,1.3,13.7,0.0,,,16.7,31.5,1027.6,
2572,2022-01-16,6.2,1.7,14.3,0.0,,,17.3,31.5,1029.0,
2573,2022-01-17,6.8,2.4,15.4,0.0,,,18.9,33.3,1031.6,
2574,2022-01-18,7.1,3.0,13.2,0.0,,,16.5,29.6,1030.8,
2575,2022-01-19,6.8,3.2,13.4,0.0,,,14.1,29.6,1031.3,
2576,2022-01-20,7.3,3.1,13.7,0.0,,,16.4,31.5,1027.1,
2577,2022-01-21,6.5,3.4,11.4,0.0,,,17.0,29.6,1025.7,
2578,2022-01-22,5.9,2.1,12.5,0.0,,,17.4,31.5,1030.0,
2579,2022-01-23,5.9,1.6,13.2,0.0,,,14.5,31.5,1029.3,
2580,2022-01-24,6.8,2.3,15.0,0.0,,,14.1,29.6,1030.0,
2581,2022-01-25,7.2,2.7,14.6,0.0,,,13.8,33.3,1032.8,
2582,2022-01-26,7.8,3.4,14.3,0.0,,,14.1,31.5,1030.6,
2583,2022-01-27,8.4,4.3,15.7,0.0,,,14.7,33.3,1028.9,
2584,2022-01-28,9.3,3.8,17.0,0.0,,,17.5,33.3,1029.7,
2585,2022-01-29,9.4,5.4,16.9,0.0,,,17.3,35.2,1031.7,
2586,2022-01-30,9.9,4.8,16.7,0.0,,,15.5,31.5,1026.9,
2587,2022-01-31,10.1,6.6,16.9,0.0,,,15.1,29.6,1020.9,
2588,2022-02-01,9.8,5.1,15.6,0.0,,,12.6,27.8,1023.0,
2589,2022-02-02,11.9,8.4,18.7,0.0,,,13.9,31.5,1023.7,
2590,2022-02-03,10.3,6.0,16.3,0.0,,,15.3,27.8,1020.5,
2591,2022-02-04,10.9,7.3,15.3,0.0,,,12.0,25.9,1020.6,
2592,2022-02-05,11.2,9.5,16.3,0.0,,,9.6,22.2,1024.2,
2593,2022-02-06,10.7,7.4,16.0,0.0,,,15.9,27.8,1027.5,
2594,2022-02-07,9.8,5.6,16.1,0.0,,,13.6,27.8,1026.6,
2595,2022-02-08,10.6,6.8,16.0,0.0,,,14.0,31.5,1031.8,
2596,2022-02-09,10.1,7.0,15.0,0.0,,,13.8,27.8,1032.0,
2597,2022-02-10,9.0,4.9,15.1,0.0,,,13.0,27.8,1028.4,
2598,2022-02-11,10.3,6.6,17.3,0.0,,,10.8,27.8,1026.2,
2599,2022-02-12,10.6,8.9,13.4,4.4,,,8.5,24.1,1026.1,
2600,2022-02-13,12.3,9.8,16.1,0.1,,,17.2,38.9,1021.6,
2601,2022-02-14,13.6,8.8,18.1,0.0,,,17.8,35.2,1014.0,
2602,2022-02-15,11.4,7.6,18.5,0.0,,,13.2,24.1,1021.3,
2603,2022-02-16,11.3,8.2,15.9,0.0,,,10.8,27.8,1022.4,
2604,2022-02-17,13.3,8.7,19.9,0.0,,,15.1,27.8,1022.2,
2605,2022-02-18,12.3,8.6,17.1,0.0,,,15.9,33.3,1017.7,
2606,2022-02-19,11.4,7.1,13.6,0.1,,,10.0,22.2,1020.5,
2607,2022-02-20,10.1,6.8,15.5,0.0,,,13.8,29.6,1026.6,
2608,2022-02-21,11.9,7.2,20.8,0.0,,,13.9,29.6,1022.7,
2609,2022-02-22,11.3,8.4,17.5,0.0,,,15.1,29.6,1026.4,
2610,2022-02-23,11.0,7.0,16.6,0.0,,,16.4,27.8,1025.9,
2611,2022-02-24,12.2,9.3,16.7,0.0,,,8.6,24.1,1022.3,
2612,2022-02-25,11.8,9.3,15.9,0.1,,,12.9,24.1,1024.9,
2613,2022-02-26,11.1,8.3,13.2,0.0,,,13.6,31.5,1025.7,
2614,2022-02-27,9.9,5.7,15.0,0.0,,,11.9,24.1,1024.4,
2615,2022-02-28,11.8,9.7,15.3,0.0,,,13.8,25.9,1026.9,
2616,2022-03-01,11.3,7.0,17.4,0.0,,,12.3,24.1,1026.1,
2617,2022-03-02,11.0,8.0,15.9,0.0,,,12.0,29.6,1022.1,
2618,2022-03-03,12.3,8.8,17.2,0.0,,,14.2,31.5,1016.4,
2619,2022-03-04,12.0,8.5,17.3,0.0,,,13.3,27.8,1014.3,
2620,2022-03-05,12.6,10.3,16.8,12.2,,,14.4,25.9,1015.8,
2621,2022-03-06,10.4,9.3,13.3,0.2,,,9.4,25.9,1016.2,
2622,2022-03-07,10.8,7.9,14.0,0.0,,,11.7,27.8,1017.1,
2623,2022-03-08,9.1,6.4,12.7,4.7,,,10.4,25.9,1018.6,
2624,2022-03-09,10.9,8.3,15.4,0.5,,,12.0,25.9,1022.6,
2625,2022-03-10,11.8,8.7,15.7,0.0,,,13.7,27.8,1022.5,
2626,2022-03-11,12.2,9.9,15.5,19.7,,,7.8,27.8,1017.7,
2627,2022-03-12,12.4,10.3,15.6,9.3,,,14.3,31.5,1013.0,
2628,2022-03-13,11.6,8.4,16.5,0.4,,,12.2,29.6,1014.9,
2629,2022-03-14,13.2,11.8,15.0,0.1,,,40.9,64.8,1020.9,
2630,2022-03-15,14.2,13.7,15.6,0.0,,,43.4,61.1,1023.8,
2631,2022-03-16,14.1,13.7,16.0,0.0,,,40.6,57.4,1019.5,
2632,2022-03-17,14.6,13.6,17.0,0.2,,,34.5,46.3,1020.1,
2633,2022-03-18,14.8,13.1,16.9,1.3,,,35.1,42.6,1024.4,
2634,2022-03-19,12.6,10.0,14.0,0.2,,,30.7,46.3,1026.6,
2635,2022-03-20,12.8,9.7,15.8,0.2,,,18.2,37.0,1026.7,
2636,2022-03-21,13.4,12.0,16.5,1.6,,,29.3,53.7,1028.2,
2637,2022-03-22,12.5,10.2,15.2,1.4,,,29.4,48.2,1029.1,
2638,2022-03-23,11.2,8.4,14.8,3.7,,,23.3,46.3,1027.6,
2639,2022-03-24,11.9,9.7,14.3,0.0,,,22.8,44.5,1025.6,
2640,2022-03-25,13.4,11.8,17.1,0.0,,,30.4,48.2,1022.5,
2641,2022-03-26,12.9,11.4,14.1,2.3,,,27.9,48.2,1021.1,
2642,2022-03-27,14.3,10.8,20.3,0.0,,,19.7,33.3,1023.9,
2643,2022-03-28,13.2,8.9,19.1,0.0,,,12.1,25.9,1023.5,
2644,2022-03-29,13.1,10.4,15.7,0.9,,,20.8,37.0,1011.9,
2645,2022-03-30,12.7,10.8,15.2,5.3,,,15.2,35.2,1002.4,
2646,2022-03-31,12.9,9.6,16.8,0.0,,,13.4,29.6,999.9,
2647,2022-04-01,10.7,6.0,15.8,0.0,,,21.6,51.8,1004.8,
2648,2022-04-02,9.7,4.7,17.2,0.0,,,23.7,48.2,1011.1,
2649,2022-04-03,7.0,5.6,9.0,0.7,,,13.1,31.5,1016.7,
2650,2022-04-04,8.2,3.6,12.7,0.0,,,16.7,33.3,1018.5,
2651,2022-04-05,9.9,5.1,15.1,0.0,,,14.9,27.8,1015.6,
2652,2022-04-06,13.0,9.7,16.8,0.1,,,14.3,31.5,1011.8,
2653,2022-04-07,13.9,9.0,20.0,0.0,,,21.3,42.6,1013.9,
2654,2022-04-08,16.2,10.0,21.7,0.0,,,20.5,42.6,1011.9,
2655,2022-04-09,15.6,13.2,19.9,0.0,,,18.1,37.0,1014.3,
2656,2022-04-10,13.5,10.8,17.2,0.0,,,11.5,27.8,1019.9,
2657,2022-04-11,13.3,9.4,17.5,0.0,,,21.2,48.2,1016.1,
2658,2022-04-12,14.3,13.8,16.4,0.2,,,37.1,55.5,1012.4,
2659,2022-04-13,13.7,12.8,14.6,5.1,,,32.7,42.6,1012.9,
2660,2022-04-14,16.4,11.2,21.9,0.0,,,23.1,37.0,1016.5,
2661,2022-04-15,18.3,14.1,25.2,0.0,,,11.9,24.1,1019.4,
2662,2022-04-16,18.4,14.9,25.3,0.0,,,15.3,25.9,1017.2,
2663,2022-04-17,16.7,13.4,22.2,0.0,,,14.0,27.8,1017.0,
2664,2022-04-18,15.0,11.8,19.2,0.0,,,10.5,25.9,1015.9,
2665,2022-04-19,14.5,11.5,19.7,0.5,,,8.3,25.9,1012.1,
2666,2022-04-20,15.0,13.6,16.7,18.4,,,33.4,53.7,1004.5,
2667,2022-04-21,12.9,11.6,14.2,32.7,,,13.9,42.6,1003.5,
2668,2022-04-22,14.3,10.2,18.1,0.0,,,13.1,35.2,1001.8,
2669,2022-04-23,14.4,11.4,18.0,0.6,,,19.2,51.8,999.1,
2670,2022-04-24,15.8,12.2,22.6,0.0,,,20.3,37.0,1007.0,
2671,2022-04-25,14.9,11.6,19.7,0.0,,,14.7,27.8,1013.2,
2672,2022-04-26,15.1,10.3,20.4,0.0,,,11.9,27.8,1014.7,
2673,2022-04-27,16.7,12.6,20.9,0.0,,,9.5,24.1,1016.5,
2674,2022-04-28,17.2,14.0,20.5,0.0,,,13.5,31.5,1019.9,
2675,2022-04-29,17.8,14.1,23.5,0.0,,,14.2,24.1,1023.1,
2676,2022-04-30,17.7,15.1,20.9,0.2,,,10.0,24.1,1020.8,
2677,2022-05-01,17.2,14.6,21.7,0.0,,,12.1,24.1,1018.2,
2678,2022-05-02,17.3,15.8,20.7,0.0,,,12.6,29.6,1014.4,
2679,2022-05-03,16.9,15.1,18.8,0.5,,,18.4,38.9,1014.2,
2680,2022-05-04,16.0,13.0,19.0,0.0,,,11.5,33.3,1016.7,
2681,2022-05-05,17.1,14.0,20.8,0.5,,,13.2,25.9,1018.3,
2682,2022-05-06,16.7,12.4,21.9,0.0,,,14.2,27.8,1019.0,
2683,2022-05-07,17.1,13.8,23.3,0.0,,,13.5,27.8,1019.1,
2684,2022-05-08,17.6,13.9,23.1,0.0,,,10.3,25.9,1019.4,
2685,2022-05-09,18.3,14.8,23.9,0.0,,,11.5,24.1,1022.2,
2686,2022-05-10,18.2,14.5,22.7,0.0,,,16.0,33.3,1022.6,
2687,2022-05-11,18.0,14.7,21.9,0.0,,,16.5,33.3,1021.3,
2688,2022-05-12,17.9,14.6,23.1,0.0,,,9.9,24.1,1022.0,
2689,2022-05-13,17.8,14.2,22.4,0.0,,,12.4,24.1,1021.4,
2690,2022-05-14,19.2,15.9,24.4,0.0,,,11.1,25.9,1019.2,
2691,2022-05-15,20.1,16.9,25.1,0.0,,,11.2,29.6,1017.0,
2692,2022-05-16,20.1,17.3,24.6,0.0,,,10.0,24.1,1018.6,
2693,2022-05-17,20.4,16.9,24.5,0.0,,,11.7,25.9,1018.6,
2694,2022-05-18,21.9,18.6,27.8,0.0,,,10.5,24.1,1018.7,
2695,2022-05-19,21.9,20.0,24.9,0.0,,,13.1,27.8,1022.1,
2696,2022-05-20,21.9,18.6,26.0,0.0,,,11.8,24.1,1024.2,
2697,2022-05-21,22.8,18.8,28.2,0.0,,,16.9,33.3,1020.3,
2698,2022-05-22,22.4,18.8,27.4,0.0,,,14.5,33.3,1012.5,
2699,2022-05-23,21.8,19.2,25.1,0.0,,,12.2,31.5,1007.8,
2700,2022-05-24,19.3,15.9,22.9,24.2,,,13.6,31.5,1010.1,
2701,2022-05-25,17.8,14.4,22.8,0.0,,,10.7,27.8,1015.5,
2702,2022-05-26,20.6,17.8,24.9,0.0,,,15.2,27.8,1020.3,
2703,2022-05-27,21.1,18.2,25.0,0.0,,,17.1,25.9,1018.1,
2704,2022-05-28,22.8,19.7,29.3,0.0,,,17.0,25.9,1012.5,
2705,2022-05-29,20.8,19.3,25.1,0.0,,,12.9,27.8,1007.6,
2706,2022-05-30,20.1,18.4,23.5,0.0,,,14.8,25.9,1007.7,
2707,2022-05-31,20.5,17.8,24.4,0.0,,,10.7,27.8,1013.2,
2708,2022-06-01,20.8,18.2,24.4,0.0,,,13.9,25.9,1014.8,
2709,2022-06-02,21.2,18.7,24.5,0.0,,,16.4,,1013.7,
2710,2022-06-03,21.1,20.0,26.6,0.0,,,12.8,,1013.3,
2711,2022-06-04,21.9,20.0,27.4,0.0,,,11.6,,1014.0,
2712,2022-06-05,23.1,20.1,27.5,0.0,,,10.4,,1017.1,
2713,2022-06-06,23.1,20.9,26.6,0.0,,,13.3,,1018.6,
2714,2022-06-07,22.9,20.4,27.1,0.0,,,12.1,,1017.3,
2715,2022-06-08,22.7,21.1,26.5,0.0,,,13.3,,1013.8,
2716,2022-06-09,21.9,20.1,26.0,0.0,,,13.9,,1016.8,
2717,2022-06-10,22.3,19.1,26.1,0.0,,,16.5,,1019.3,
2718,2022-06-11,23.8,20.6,28.3,0.0,,,13.5,,1020.2,
2719,2022-06-12,24.4,21.9,28.9,0.0,,,16.1,,1020.0,
2720,2022-06-13,25.2,21.1,31.0,0.0,,,12.2,,1017.9,
2721,2022-06-14,24.5,21.6,29.0,0.5,,,11.3,25.9,1016.1,
2722,2022-06-15,25.7,23.4,30.1,0.0,,,13.8,29.6,1016.4,
2723,2022-06-16,25.7,21.3,30.6,0.0,,,11.0,29.6,1017.9,
2724,2022-06-17,28.2,24.0,32.9,0.0,,,8.9,25.9,1018.4,
2725,2022-06-18,26.3,24.2,31.0,0.0,,,14.6,29.6,1016.5,
2726,2022-06-19,25.6,24.0,28.8,0.0,,,21.7,37.0,1012.1,
2727,2022-06-20,25.2,23.6,29.0,0.0,,,11.7,27.8,1011.1,
2728,2022-06-21,25.3,22.1,30.6,3.8,,,9.2,24.1,1010.5,
2729,2022-06-22,24.1,21.5,28.2,0.2,,,15.3,29.6,1010.2,
2730,2022-06-23,24.9,22.2,27.8,0.0,,,15.3,33.3,1011.4,
2731,2022-06-24,24.6,21.0,30.1,0.0,,,18.3,37.0,1012.2,
2732,2022-06-25,23.9,21.3,27.7,0.0,,,11.9,27.8,1012.2,
2733,2022-06-26,23.9,22.4,27.0,0.0,,,16.1,37.0,1010.5,
2734,2022-06-27,24.2,22.9,28.3,0.6,,,12.8,38.9,1014.0,
2735,2022-06-28,23.6,21.4,27.7,0.0,,,23.3,38.9,1015.9,
2736,2022-06-29,23.3,19.7,28.0,0.0,,,13.5,33.3,1014.4,
2737,2022-06-30,23.8,21.3,28.3,0.0,,,13.8,27.8,1012.2,
2738,2022-07-01,23.2,21.2,26.2,0.0,,,13.0,27.8,1017.3,
2739,2022-07-02,23.2,20.0,27.6,0.0,,,10.9,24.1,1019.2,
2740,2022-07-03,24.7,21.7,30.1,0.0,,,11.8,24.1,1017.7,
2741,2022-07-04,25.8,22.5,31.9,0.0,,,10.9,24.1,1016.4,
2742,2022-07-05,25.8,23.2,30.8,2.1,,,12.3,27.8,1018.5,
2743,2022-07-06,24.7,22.8,29.0,0.5,,,15.7,25.9,1019.2,
2744,2022-07-07,24.8,22.5,29.2,0.0,,,20.3,33.3,1020.3,
2745,2022-07-08,24.9,22.2,28.8,0.0,,,15.6,29.6,1021.3,
2746,2022-07-09,25.2,22.3,29.8,0.0,,,12.1,33.3,1021.2,
2747,2022-07-10,25.4,23.0,30.5,0.0,,,11.4,31.5,1017.6,
2748,2022-07-11,25.7,23.0,29.9,0.0,,,12.6,25.9,1016.1,
2749,2022-07-12,26.0,22.6,30.7,0.0,,,9.6,25.9,1018.7,
2750,2022-07-13,26.3,23.6,30.7,0.0,,,9.8,27.8,1019.9,
2751,2022-07-14,25.9,22.9,30.4,0.0,,,11.6,25.9,1019.3,
2752,2022-07-15,27.4,23.6,33.3,0.0,,,11.7,33.3,1016.0,
2753,2022-07-16,28.1,25.1,32.4,0.0,,,12.1,25.9,1016.2,
2754,2022-07-17,27.2,24.3,31.9,0.0,,,12.3,27.8,1018.0,
2755,2022-07-18,25.8,23.3,30.0,0.0,,,11.5,25.9,1018.4,
2756,2022-07-19,26.3,23.4,30.7,0.0,,,8.8,24.1,1016.8,
2757,2022-07-20,26.7,24.0,31.0,0.0,,,14.8,27.8,1018.1,
2758,2022-07-21,26.7,24.2,31.6,0.0,,,15.9,33.3,1018.9,
2759,2022-07-22,27.1,23.6,31.9,0.0,,,16.4,44.5,1016.3,
2760,2022-07-23,26.9,24.3,30.6,0.0,,,12.8,29.6,1017.7,
2761,2022-07-24,27.4,24.8,31.6,0.0,,,14.9,31.5,1016.8,
2762,2022-07-25,26.8,24.5,31.1,0.0,,,16.3,29.6,1015.1,
2763,2022-07-26,26.8,25.0,31.0,0.7,,,14.2,29.6,1014.9,
2764,2022-07-27,26.1,23.2,30.1,0.4,,,13.7,29.6,1013.5,
2765,2022-07-28,26.8,24.4,31.3,0.0,,,10.5,27.8,1012.8,
2766,2022-07-29,26.3,24.5,31.0,0.0,,,16.2,29.6,1015.1,
2767,2022-07-30,26.7,24.6,31.0,0.0,,,12.5,33.3,1018.3,
2768,2022-07-31,27.6,24.4,32.2,0.0,,,12.2,25.9,1017.8,
2769,2022-08-01,27.7,24.8,33.3,0.0,,,14.8,31.5,1016.1,
2770,2022-08-02,28.4,26.7,32.5,0.0,,,13.4,31.5,1015.3,
2771,2022-08-03,27.9,25.2,32.3,0.0,,,14.0,31.5,1014.0,
2772,2022-08-04,27.9,25.6,31.9,0.0,,,13.5,29.6,1014.3,
2773,2022-08-05,26.3,22.2,32.3,13.5,,,15.7,29.6,1015.2,
2774,2022-08-06,26.9,22.7,33.6,0.0,,,17.5,29.6,1016.0,
2775,2022-08-07,27.3,24.4,31.7,0.0,,,12.7,25.9,1015.0,
2776,2022-08-08,26.7,22.5,31.8,0.0,,,13.7,25.9,1015.7,
2777,2022-08-09,27.6,24.2,32.1,0.0,,,12.3,24.1,1017.1,
2778,2022-08-10,27.3,24.0,32.5,0.0,,,15.7,31.5,1016.0,751.0
2779,2022-08-11,27.3,23.9,32.2,0.0,,,12.7,29.6,1015.3,751.0
2780,2022-08-12,27.9,24.5,32.6,0.0,,,21.0,46.3,1012.7,700.0
2781,2022-08-13,28.1,25.3,33.7,0.0,,,12.4,27.8,1010.7,608.0
2782,2022-08-14,28.4,25.9,34.6,2.7,,,17.1,31.5,1007.9,635.0
2783,2022-08-15,26.8,24.2,30.4,0.0,,,16.3,31.5,1007.9,685.0
2784,2022-08-16,26.6,23.8,31.2,0.0,,,10.4,27.8,1008.0,600.0
2785,2022-08-17,25.4,18.3,31.2,45.9,,,15.6,31.5,1007.8,387.0
2786,2022-08-18,21.4,19.4,27.5,2.8,,,13.0,25.9,1012.5,509.0
2787,2022-08-19,23.2,18.2,29.5,0.0,,,14.2,27.8,1017.3,743.0
2788,2022-08-20,24.7,20.6,30.1,0.0,,,19.8,35.2,1017.7,728.0
2789,2022-08-21,25.3,23.2,30.7,3.4,,,13.4,27.8,1014.9,465.0
2790,2022-08-22,25.2,23.5,29.2,0.0,,,12.2,25.9,1013.3,511.0
2791,2022-08-23,25.8,23.0,30.3,0.0,,,14.7,27.8,1013.9,646.0
2792,2022-08-24,26.7,24.3,31.0,0.0,,,12.7,31.5,1014.3,679.0
2793,2022-08-25,26.6,22.2,30.8,0.6,,,13.2,27.8,1014.6,438.0
2794,2022-08-26,25.6,22.0,31.3,0.0,,,18.2,25.9,1013.6,556.0
2795,2022-08-27,26.2,23.6,31.3,0.0,,,12.6,27.8,1011.9,541.0
2796,2022-08-28,26.0,22.6,31.1,0.0,,,17.4,33.3,1013.3,681.0
2797,2022-08-29,25.9,22.9,30.7,0.0,,,13.6,37.0,1015.9,633.0
2798,2022-08-30,26.6,23.4,31.2,1.8,,,18.0,35.2,1015.8,519.0
2799,2022-08-31,24.5,18.8,30.5,11.6,,,12.8,27.8,1015.4,314.0
2800,2022-09-01,23.9,19.4,30.2,0.0,,,14.9,25.9,1014.1,633.0
2801,2022-09-02,25.4,23.1,30.9,0.0,,,14.7,27.8,1011.5,472.0
2802,2022-09-03,24.9,22.7,29.3,0.0,,,17.8,33.3,1012.1,423.0
2803,2022-09-04,25.6,23.1,29.5,0.0,,,13.8,31.5,1015.8,523.0
2804,2022-09-05,26.2,23.8,30.4,0.0,,,14.5,27.8,1017.9,501.0
2805,2022-09-06,26.2,23.1,30.8,0.0,,,15.7,33.3,1015.7,604.0
2806,2022-09-07,25.2,21.8,30.5,0.0,,,11.3,27.8,1013.3,470.0
2807,2022-09-08,25.5,23.6,29.3,0.0,,,12.4,24.1,1013.9,357.0
2808,2022-09-09,24.7,22.2,29.7,0.0,,,17.4,31.5,1016.3,405.0
2809,2022-09-10,24.7,21.0,29.4,0.0,,,12.5,27.8,1018.6,473.0
2810,2022-09-11,25.6,24.4,29.1,0.0,,,11.8,25.9,1016.1,482.0
2811,2022-09-12,25.9,23.2,30.8,0.0,,,11.1,31.5,1013.1,501.0
2812,2022-09-13,26.8,25.0,32.8,0.7,,,15.2,27.8,1011.1,218.0
2813,2022-09-14,23.9,20.8,28.1,0.1,,,17.3,35.2,1009.1,266.0
2814,2022-09-15,24.8,20.8,29.9,0.0,,,13.3,25.9,1010.9,593.0
2815,2022-09-16,24.0,21.7,28.5,0.0,,,13.1,25.9,1011.7,352.0
2816,2022-09-17,22.7,20.1,26.4,0.0,,,15.1,29.6,1013.5,363.0
2817,2022-09-18,21.9,18.6,25.5,0.0,,,11.4,24.1,1016.6,465.0
2818,2022-09-19,22.2,18.8,26.6,0.0,,,11.2,24.1,1015.9,474.0
2819,2022-09-20,22.6,20.7,26.2,0.0,,,11.3,24.1,1017.3,456.0
2820,2022-09-21,21.8,19.5,26.0,0.0,,,15.9,25.9,1017.8,429.0
2821,2022-09-22,22.1,20.1,25.8,0.0,,,17.5,33.3,1018.3,525.0
2822,2022-09-23,21.7,17.0,27.0,13.7,,,14.4,27.8,1017.5,353.0
2823,2022-09-24,19.8,16.7,23.3,0.6,,,18.2,33.3,1012.9,139.0
2824,2022-09-25,19.1,16.4,23.7,0.0,,,14.2,27.8,1012.9,409.0
2825,2022-09-26,19.7,15.0,25.6,0.0,,,16.5,37.0,1012.0,545.0
2826,2022-09-27,19.6,15.3,24.7,0.0,,,12.3,24.1,1010.5,452.0
2827,2022-09-28,20.8,16.8,27.0,0.0,,,16.0,31.5,1008.0,440.0
2828,2022-09-29,19.7,16.3,24.6,0.0,,,15.6,27.8,1003.4,287.0
2829,2022-09-30,17.9,14.5,23.2,0.0,,,16.4,27.8,1010.0,463.0
2830,2022-10-01,18.2,12.7,24.2,0.0,,,19.9,31.5,1022.7,609.0
2831,2022-10-02,20.4,15.7,26.2,0.0,,,20.6,38.9,1025.3,633.0
2832,2022-10-03,20.2,16.6,25.5,0.0,,,10.8,25.9,1021.5,519.0
2833,2022-10-04,20.4,17.8,25.7,0.0,,,11.0,24.1,1020.9,575.0
2834,2022-10-05,19.9,16.4,24.9,0.0,,,13.7,25.9,1024.0,536.0
2835,2022-10-06,20.7,18.1,25.0,0.7,,,20.4,35.2,1026.5,369.0
2836,2022-10-07,18.5,17.1,20.8,35.2,,,14.8,37.0,1022.4,87.0
2837,2022-10-08,19.7,18.0,23.0,0.0,,,16.9,27.8,1019.2,157.0
2838,2022-10-09,19.3,17.1,23.3,0.4,,,9.6,25.9,1017.8,356.0
2839,2022-10-10,20.2,18.3,23.5,0.0,,,11.0,22.2,1018.0,373.0
2840,2022-10-11,19.4,17.5,23.2,0.0,,,17.5,31.5,1019.5,230.0
2841,2022-10-12,19.8,16.8,24.6,0.0,,,13.4,25.9,1020.5,347.0
2842,2022-10-13,20.3,17.5,25.3,0.0,,,17.3,35.2,1021.9,457.0
2843,2022-10-14,20.1,16.8,25.5,0.0,,,11.0,24.1,1020.1,494.0
2844,2022-10-15,20.3,17.0,25.7,0.0,,,12.5,24.1,1016.5,503.0
2845,2022-10-16,21.2,18.4,26.2,0.0,,,10.1,22.2,1018.0,403.0
2846,2022-10-17,22.3,20.4,25.7,0.0,,,13.8,31.5,1023.7,230.0
2847,2022-10-18,21.2,19.1,25.7,0.0,,,10.7,24.1,1025.6,446.0
2848,2022-10-19,21.3,19.5,26.0,0.0,,,11.3,22.2,1020.7,334.0
2849,2022-10-20,21.6,19.6,25.1,0.0,,,7.4,20.4,1016.9,94.0
2850,2022-10-21,21.9,19.7,26.2,0.0,,,14.5,35.2,1014.4,234.0
2851,2022-10-22,20.7,18.1,26.6,0.0,,,8.2,27.8,1016.2,353.0
2852,2022-10-23,21.1,18.7,26.2,0.0,,,11.0,20.4,1016.1,221.0
2853,2022-10-24,21.2,18.7,27.0,0.0,,,13.5,31.5,1016.8,371.0
2854,2022-10-25,20.7,17.9,26.8,0.0,,,11.6,24.1,1017.8,419.0
2855,2022-10-26,20.9,18.0,26.3,0.0,,,8.1,22.2,1019.3,336.0
2856,2022-10-27,19.2,16.8,22.7,0.0,,,15.7,24.1,1024.2,408.0
2857,2022-10-28,18.3,15.9,22.9,0.0,,,11.6,24.1,1025.8,418.0
2858,2022-10-29,17.4,14.5,22.1,0.0,,,12.2,25.9,1023.7,360.0
2859,2022-10-30,18.2,15.6,23.9,0.0,,,11.6,24.1,1021.1,279.0
2860,2022-10-31,19.6,16.6,23.9,0.0,,,10.8,22.2,1020.1,270.0
2861,2022-11-01,19.5,17.3,24.9,0.0,,,12.5,20.4,1021.9,467.0
2862,2022-11-02,18.2,16.1,22.6,0.0,,,11.7,25.9,1023.9,366.0
2863,2022-11-03,18.7,15.8,24.0,0.1,,,15.6,33.3,1016.3,142.0
2864,2022-11-04,16.8,12.8,21.9,0.0,,,20.5,42.6,1014.0,529.0
2865,2022-11-05,14.8,12.1,20.6,0.0,,,13.2,35.2,1018.5,540.0
2866,2022-11-06,14.4,9.3,21.1,0.0,,,17.3,29.6,1017.6,509.0
2867,2022-11-07,15.2,10.8,21.4,0.0,,,14.3,29.6,1019.8,424.0
2868,2022-11-08,16.2,12.5,23.1,0.0,,,12.6,27.8,1016.4,381.0
2869,2022-11-09,17.4,13.2,23.5,23.0,,,13.6,25.9,1016.3,234.0
2870,2022-11-10,16.6,14.6,20.8,0.0,,,11.5,24.1,1023.8,310.0
2871,2022-11-11,17.2,13.6,21.4,0.0,,,23.7,40.8,1028.0,302.0
2872,2022-11-12,18.2,16.7,21.3,0.0,,,16.2,35.2,1027.6,350.0
2873,2022-11-13,16.3,12.4,20.5,0.0,,,10.9,24.1,1020.9,474.0
2874,2022-11-14,17.2,15.3,21.6,0.0,,,12.2,27.8,1017.2,269.0
2875,2022-11-15,17.1,14.8,20.9,0.0,,,13.8,33.3,1011.0,232.0
2876,2022-11-16,18.0,16.7,21.6,0.0,,,13.0,27.8,1006.7,346.0
2877,2022-11-17,18.9,16.9,23.4,0.0,,,13.1,33.3,1004.4,279.0
2878,2022-11-18,15.2,13.3,18.8,0.0,,,12.6,25.9,1008.3,179.0
2879,2022-11-19,12.6,9.3,17.4,0.0,,,14.5,25.9,1011.1,418.0
2880,2022-11-20,10.7,6.2,16.4,0.0,,,10.7,27.8,1017.4,466.0
2881,2022-11-21,12.8,11.0,16.6,0.2,,,11.9,25.9,1010.3,70.0
2882,2022-11-22,12.6,10.0,16.2,0.0,,,22.6,44.5,1008.3,356.0
2883,2022-11-23,15.5,11.7,23.8,0.0,,,14.4,31.5,1008.4,237.0
2884,2022-11-24,14.4,11.2,19.7,0.0,,,12.6,24.1,1017.6,260.0
2885,2022-11-25,14.4,10.7,19.9,3.3,,,10.7,22.2,1019.8,233.0
2886,2022-11-26,11.6,8.0,18.8,0.0,,,15.1,29.6,1027.1,325.0
2887,2022-11-27,10.7,6.4,17.8,0.0,,,13.0,31.5,1024.3,274.0
2888,2022-11-28,11.3,9.6,15.0,2.3,,,11.7,31.5,1015.3,132.0
2889,2022-11-29,10.8,8.3,16.1,0.0,,,12.4,27.8,1017.1,321.0
2890,2022-11-30,9.8,7.3,15.6,0.5,,,13.2,27.8,1016.9,215.0
2891,2022-12-01,10.8,8.2,15.1,0.0,,,14.5,27.8,1016.7,346.0
2892,2022-12-02,8.9,6.1,13.8,0.0,,,16.8,29.6,1015.0,308.0
2893,2022-12-03,8.0,3.7,14.8,2.2,,,18.0,29.6,1008.6,354.0
2894,2022-12-04,8.7,7.0,14.2,0.2,,,13.4,31.5,1010.8,215.0
2895,2022-12-05,8.9,4.4,14.6,0.0,,,18.5,31.5,1017.2,328.0
2896,2022-12-06,10.7,8.8,15.6,0.0,,,9.8,25.9,1015.7,272.0
2897,2022-12-07,10.9,8.2,15.1,0.0,,,11.1,25.9,1013.9,228.0
2898,2022-12-08,11.6,9.9,14.9,13.8,,,11.0,25.9,1007.4,74.0
2899,2022-12-09,14.2,11.6,19.8,0.2,,,12.3,25.9,999.7,358.0
2900,2022-12-10,11.7,5.5,15.8,0.0,,,13.0,27.8,1004.2,323.0
2901,2022-12-11,7.2,5.2,9.8,0.3,,,13.1,27.8,1007.9,56.0
2902,2022-12-12,8.1,6.3,11.3,7.0,,,12.9,27.8,1007.4,104.0
2903,2022-12-13,11.8,8.4,16.1,1.9,,,10.4,25.9,1002.9,108.0
2904,2022-12-14,13.4,11.8,19.2,0.2,,,11.6,25.9,1002.4,333.0
2905,2022-12-15,13.3,11.7,18.0,0.2,,,15.5,29.6,998.1,303.0
2906,2022-12-16,12.7,9.5,17.8,0.3,,,8.9,22.2,1006.2,327.0
2907,2022-12-17,11.1,9.0,15.3,0.0,,,8.7,25.9,1018.1,218.0
2908,2022-12-18,10.1,6.4,15.9,0.0,,,14.0,29.6,1027.0,380.0
2909,2022-12-19,11.4,8.4,17.4,0.0,,,9.0,22.2,1028.5,229.0
2910,2022-12-20,12.6,9.8,16.8,0.9,,,10.2,25.9,1023.5,209.0
2911,2022-12-21,13.1,9.9,17.6,0.0,,,8.9,22.2,1020.7,381.0
2912,2022-12-22,13.3,9.9,18.5,0.0,,,11.6,24.1,1022.7,341.0
2913,2022-12-23,16.1,11.9,21.4,0.0,,,11.0,25.9,1020.9,370.0
2914,2022-12-24,15.1,12.9,19.4,0.0,,,13.4,25.9,1019.7,424.0
2915,2022-12-25,12.6,8.5,17.4,0.0,,,9.8,24.1,1019.7,443.0
2916,2022-12-26,12.8,9.4,18.5,0.0,,,11.2,22.2,1025.4,341.0
2917,2022-12-27,11.9,8.1,17.7,0.0,,,13.4,27.8,1029.6,460.0
2918,2022-12-28,11.3,7.4,15.8,0.0,,,14.2,29.6,1025.1,440.0
2919,2022-12-29,11.8,6.8,17.6,0.0,,,11.0,27.8,1020.6,276.0
2920,2022-12-30,13.8,9.1,19.7,0.0,,,8.6,27.8,1020.9,267.0
2921,2022-12-31,14.2,10.0,19.5,0.0,,,11.9,25.9,1024.6,397.0
2922,2023-01-01,11.0,8.6,15.9,0.0,,,10.0,27.8,1025.8,267.0
2923,2023-01-02,10.7,7.0,15.0,0.0,,,14.1,31.5,1024.6,178.0
2924,2023-01-03,12.4,8.2,17.6,0.0,,,12.1,24.1,1029.2,230.0
2925,2023-01-04,10.3,7.5,16.1,0.0,,,14.8,29.6,1032.6,451.0
2926,2023-01-05,9.5,5.7,15.6,0.0,,,15.6,31.5,1028.8,480.0
2927,2023-01-06,8.6,4.3,15.4,0.0,,,12.5,29.6,1025.0,483.0
2928,2023-01-07,9.7,4.8,16.6,0.0,,,15.9,33.3,1021.1,465.0
2929,2023-01-08,12.7,9.1,15.8,0.0,,,13.1,33.3,1013.4,121.0
2930,2023-01-09,14.1,10.9,17.3,0.0,,,17.4,40.8,1016.3,439.0
2931,2023-01-10,9.9,6.1,15.2,0.0,,,12.2,29.6,1026.5,380.0
2932,2023-01-11,10.1,6.2,15.2,0.0,,,15.9,24.1,1024.7,259.0
2933,2023-01-12,9.9,6.5,14.7,0.0,,,16.2,29.6,1027.3,435.0
2934,2023-01-13,9.8,6.3,15.7,0.0,,,11.6,29.6,1025.5,342.0
2935,2023-01-14,10.2,5.0,16.0,0.0,,,20.1,33.3,1024.6,385.0
2936,2023-01-15,12.3,8.5,16.7,0.0,,,13.8,31.5,1017.1,271.0
2937,2023-01-16,11.3,6.8,16.6,0.0,,,17.6,46.3,1007.4,253.0
2938,2023-01-17,13.4,7.4,17.2,0.8,,,38.6,59.3,992.9,418.0
2939,2023-01-18,8.9,6.2,13.0,0.0,,,21.8,40.8,1000.6,365.0
2940,2023-01-19,8.3,4.3,12.2,0.0,,,23.7,40.8,1010.8,386.0
2941,2023-01-20,9.2,4.1,14.2,0.0,,,13.0,31.5,1013.3,439.0
2942,2023-01-21,6.1,0.4,12.0,0.0,,,18.1,38.9,1017.8,480.0
2943,2023-01-22,4.6,-0.8,10.4,0.1,,,13.6,25.9,1020.0,445.0
2944,2023-01-23,5.1,0.1,10.0,0.0,,,13.4,25.9,1020.8,375.0
2945,2023-01-24,4.9,3.0,6.2,0.6,,,19.1,27.8,1025.2,107.0
2946,2023-01-25,7.9,4.1,14.3,0.0,,,20.7,29.6,1023.5,455.0
2947,2023-01-26,5.4,1.5,10.6,0.0,,,14.4,27.8,1016.3,414.0
2948,2023-01-27,6.0,2.5,10.7,0.0,,,16.4,29.6,1013.6,309.0
2949,2023-01-28,5.6,2.0,9.8,0.0,,,16.6,29.6,1018.3,232.0
2950,2023-01-29,6.6,3.7,10.8,0.0,,,12.2,25.9,1025.1,466.0
2951,2023-01-30,6.3,1.8,13.5,0.0,,,16.9,27.8,1027.1,498.0
2952,2023-01-31,7.3,3.7,12.4,0.0,,,15.0,31.5,1027.0,534.0
2953,2023-02-01,7.4,2.9,13.7,0.0,,,15.8,31.5,1028.1,514.0
2954,2023-02-02,8.9,4.1,15.6,0.0,,,17.6,33.3,1028.6,543.0
2955,2023-02-03,8.9,4.1,14.9,0.0,,,16.7,31.5,1030.3,542.0
2956,2023-02-04,11.9,5.5,20.9,0.0,,,19.1,27.8,1026.7,548.0
2957,2023-02-05,9.9,6.5,15.6,0.8,,,17.8,35.2,1030.0,545.0
2958,2023-02-06,8.8,6.3,11.6,0.2,,,25.7,50.0,1027.2,190.0
2959,2023-02-07,9.8,7.5,11.8,11.4,,,35.2,59.3,1024.5,31.0
2960,2023-02-08,9.3,7.7,10.8,0.6,,,33.0,46.3,1028.6,191.0
2961,2023-02-09,8.8,6.0,11.4,0.0,,,18.2,31.5,1032.9,357.0
2962,2023-02-10,7.6,3.5,12.7,0.0,,,12.8,29.6,1037.2,482.0
2963,2023-02-11,6.7,2.0,12.6,0.0,,,14.1,31.5,1035.6,565.0
2964,2023-02-12,6.8,1.8,12.6,0.0,,,16.3,33.3,1034.5,560.0
2965,2023-02-13,7.6,2.5,13.1,0.0,,,15.4,31.5,1035.6,551.0
2966,2023-02-14,8.3,3.8,13.2,0.0,,,15.7,31.5,1034.1,514.0
2967,2023-02-15,9.2,4.5,14.5,0.0,,,10.4,27.8,1030.3,278.0
2968,2023-02-16,8.6,4.9,14.5,0.0,,,12.9,29.6,1031.0,246.0
2969,2023-02-17,9.6,4.7,15.9,0.0,,,14.6,27.8,1032.2,593.0
2970,2023-02-18,10.8,6.0,15.5,0.0,,,16.4,29.6,1030.5,596.0
2971,2023-02-19,10.7,6.6,15.8,0.0,,,10.3,25.9,1027.5,505.0
2972,2023-02-20,11.4,7.7,16.5,0.0,,,13.4,24.1,1026.0,579.0
2973,2023-02-21,11.2,7.1,15.5,0.0,,,13.0,27.8,1020.7,384.0
2974,2023-02-22,11.9,8.9,14.9,0.0,,,10.8,22.2,1017.5,385.0
2975,2023-02-23,11.3,8.7,13.7,7.4,,,11.5,29.6,1012.2,96.0
2976,2023-02-24,9.9,7.1,13.4,0.0,,,17.8,29.6,1008.3,359.0
2977,2023-02-25,9.2,5.9,15.0,0.0,,,14.2,25.9,1004.1,234.0
2978,2023-02-26,8.5,3.1,12.9,23.3,,,13.8,27.8,1002.6,315.0
2979,2023-02-27,4.8,1.4,8.9,0.4,,,12.1,27.8,1009.9,153.0
2980,2023-02-28,8.0,4.4,13.8,0.0,,,19.7,31.5,1013.7,180.0
2981,2023-03-01,6.2,1.7,10.5,0.0,,,18.8,31.5,1016.1,593.0
2982,2023-03-02,7.4,3.8,12.9,0.0,,,15.2,27.8,1016.3,211.0
2983,2023-03-03,9.2,3.1,12.7,0.0,,,15.2,27.8,1017.9,546.0
2984,2023-03-04,8.7,4.9,13.3,0.0,,,17.9,29.6,1020.1,624.0
2985,2023-03-05,8.9,3.5,14.4,0.0,,,17.8,35.2,1015.6,622.0
2986,2023-03-06,10.4,6.7,14.1,0.0,,,13.0,25.9,1010.0,369.0
2987,2023-03-07,11.2,5.8,17.0,0.0,,,17.1,35.2,1007.5,387.0
2988,2023-03-08,14.5,8.8,21.7,0.0,,,17.2,42.6,1008.9,349.0
2989,2023-03-09,15.9,13.2,21.7,1.4,,,19.8,38.9,1009.6,244.0
2990,2023-03-10,18.3,12.9,24.4,0.0,,,24.0,44.5,1011.9,442.0
2991,2023-03-11,20.2,14.6,26.6,0.0,,,32.1,38.9,1011.6,374.0
2992,2023-03-12,15.2,11.8,18.1,0.0,,,11.2,29.6,1017.9,433.0
2993,2023-03-13,14.6,11.7,20.5,0.0,,,12.4,29.6,1013.8,381.0
2994,2023-03-14,17.3,11.4,22.4,0.0,,,26.0,42.6,1013.1,511.0
2995,2023-03-15,12.7,9.1,17.2,0.0,,,11.3,25.9,1018.3,451.0
2996,2023-03-16,12.6,8.3,16.7,0.0,,,11.5,24.1,1017.1,626.0
2997,2023-03-17,14.1,12.0,16.7,0.0,,,17.8,37.0,1016.2,299.0
2998,2023-03-18,13.7,10.8,16.9,0.0,,,13.4,25.9,1014.6,268.0
2999,2023-03-19,13.6,10.5,17.0,0.0,,,10.3,25.9,1020.2,463.0
3000,2023-03-20,12.7,8.9,16.3,0.0,,,9.9,20.4,1021.2,544.0
3001,2023-03-21,13.3,9.7,16.6,0.0,,,11.5,25.9,1018.7,374.0
3002,2023-03-22,13.1,9.4,17.0,0.0,,,18.4,35.2,1016.5,544.0
3003,2023-03-23,14.2,12.2,17.3,0.0,,,17.0,31.5,1015.5,425.0
3004,2023-03-24,15.0,10.6,22.8,0.0,,,14.3,35.2,1015.6,439.0
3005,2023-03-25,13.9,9.7,17.5,0.0,,,13.2,31.5,1021.1,536.0
3006,2023-03-26,18.1,11.0,26.1,0.0,,,23.5,40.8,1014.5,556.0
3007,2023-03-27,14.8,11.8,18.3,0.0,,,16.0,38.9,1019.3,654.0
3008,2023-03-28,14.2,12.5,16.7,0.0,,,14.8,29.6,1025.5,433.0
3009,2023-03-29,14.5,11.4,18.0,0.0,,,25.8,40.8,1024.4,609.0
3010,2023-03-30,14.2,10.8,17.3,0.0,,,12.8,31.5,1021.0,543.0
3011,2023-03-31,16.9,12.0,26.0,0.0,,,17.3,35.2,1015.8,356.0
3012,2023-04-01,15.8,11.0,23.6,0.6,,,19.2,31.5,1015.6,397.0
3013,2023-04-02,14.1,8.3,21.0,0.1,,,20.2,33.3,1015.2,626.0
3014,2023-04-03,12.9,9.8,16.5,0.0,,,11.3,27.8,1016.2,589.0
3015,2023-04-04,12.0,8.0,15.6,0.0,,,14.8,31.5,1014.9,534.0
3016,2023-04-05,12.2,7.5,16.9,0.0,,,14.1,25.9,1018.6,708.0
3017,2023-04-06,12.7,8.8,17.1,0.0,,,15.3,29.6,1019.9,519.0
3018,2023-04-07,13.1,8.7,17.4,0.0,,,21.4,35.2,1017.4,707.0
3019,2023-04-08,13.1,9.5,16.5,0.0,,,14.1,35.2,1018.0,654.0
3020,2023-04-09,13.5,9.5,17.5,0.0,,,17.9,29.6,1020.3,545.0
3021,2023-04-10,14.4,11.2,18.2,0.0,,,10.0,24.1,1021.6,455.0
3022,2023-04-11,14.5,10.9,18.0,0.0,,,17.9,31.5,1020.8,554.0
3023,2023-04-12,15.2,11.0,20.4,0.0,,,17.8,37.0,1010.6,602.0
3024,2023-04-13,15.9,11.2,21.8,0.0,,,19.5,38.9,1012.2,616.0
3025,2023-04-14,14.7,9.8,19.5,0.0,,,19.3,40.8,1012.7,439.0
3026,2023-04-15,15.4,10.3,19.8,0.0,,,16.1,27.8,1013.1,589.0
3027,2023-04-16,14.2,10.0,19.4,0.0,,,12.8,29.6,1017.7,689.0
3028,2023-04-17,13.7,9.0,19.0,0.0,,,12.1,25.9,1016.3,576.0
3029,2023-04-18,14.9,11.6,18.4,0.0,,,9.7,27.8,1015.6,551.0
3030,2023-04-19,14.3,10.0,18.5,0.0,,,13.9,25.9,1015.5,708.0
3031,2023-04-20,14.7,10.2,18.9,0.0,,,16.7,35.2,1010.1,679.0
3032,2023-04-21,16.3,13.8,19.7,0.0,,,10.8,29.6,1009.3,456.0
3033,2023-04-22,16.0,12.7,20.3,0.0,,,13.8,27.8,1011.8,358.0
3034,2023-04-23,17.1,15.1,20.0,0.3,,,21.7,37.0,1012.8,579.0
3035,2023-04-24,16.4,14.1,19.5,0.0,,,12.8,27.8,1015.7,498.0
3036,2023-04-25,16.7,14.3,19.8,0.0,,,12.9,31.5,1014.3,412.0
3037,2023-04-26,16.9,14.4,19.7,0.0,,,12.1,27.8,1016.5,446.0
3038,2023-04-27,17.8,14.1,22.7,0.0,,,12.4,27.8,1016.9,467.0
3039,2023-04-28,18.3,14.4,22.4,0.0,,,9.8,24.1,1017.2,459.0
3040,2023-04-29,18.3,15.3,21.3,3.5,,,12.1,27.8,1013.5,477.0
3041,2023-04-30,19.0,16.6,22.3,0.1,,,12.8,27.8,1014.9,493.0
3042,2023-05-01,17.9,15.2,21.3,0.0,,,11.8,27.8,1016.6,415.0
3043,2023-05-02,17.4,13.5,21.8,0.0,,,14.8,31.5,1017.8,720.0
3044,2023-05-03,17.7,14.1,20.9,0.0,,,15.2,29.6,1018.1,689.0
3045,2023-05-04,18.1,14.7,21.3,0.0,,,13.2,27.8,1019.5,627.0
3046,2023-05-05,18.2,14.5,22.0,0.0,,,14.8,29.6,1018.6,595.0
3047,2023-05-06,18.2,15.0,21.7,0.0,,,10.5,24.1,1016.0,617.0
3048,2023-05-07,19.1,17.6,21.3,0.0,,,12.8,25.9,1017.8,438.0
3049,2023-05-08,19.2,16.4,23.1,0.0,,,11.5,24.1,1020.2,634.0
3050,2023-05-09,19.1,15.8,22.5,0.1,,,15.6,31.5,1018.1,402.0
3051,2023-05-10,18.4,16.5,21.3,0.0,,,15.2,33.3,1017.7,599.0
3052,2023-05-11,16.7,14.4,19.4,0.0,,,15.6,35.2,1016.3,441.0
3053,2023-05-12,14.9,11.6,19.0,0.4,,,14.3,31.5,1015.1,324.0
3054,2023-05-13,14.7,10.8,20.2,1.6,,,14.0,24.1,1016.6,444.0
3055,2023-05-14,15.6,11.8,19.9,5.7,,,13.5,24.1,1016.2,618.0
3056,2023-05-15,17.8,14.0,23.0,0.1,,,13.1,29.6,1013.2,602.0
3057,2023-05-16,17.4,13.8,21.9,0.0,,,15.5,27.8,1011.4,555.0
3058,2023-05-17,16.7,12.0,20.6,0.0,,,16.6,27.8,1014.6,710.0
3059,2023-05-18,16.4,13.1,20.1,0.0,,,11.5,29.6,1017.1,529.0
3060,2023-05-19,16.5,14.3,21.2,2.8,,,9.9,25.9,1016.4,477.0
3061,2023-05-20,16.9,13.7,22.3,0.0,,,13.6,25.9,1013.1,360.0
3062,2023-05-21,16.7,13.0,20.1,0.0,,,11.3,24.1,1012.6,334.0
3063,2023-05-22,18.7,16.6,23.1,0.0,,,14.4,29.6,1013.0,383.0
3064,2023-05-23,18.6,15.3,23.5,0.0,,,13.7,29.6,1013.7,510.0
3065,2023-05-24,19.7,15.8,25.1,0.7,,,11.1,24.1,1014.1,566.0
3066,2023-05-25,16.7,15.3,18.4,8.8,,,13.5,29.6,1016.2,137.0
3067,2023-05-26,17.4,14.1,20.6,0.0,,,12.8,25.9,1020.0,733.0
3068,2023-05-27,19.9,16.2,24.5,0.0,,,12.8,25.9,1017.3,788.0
3069,2023-05-28,19.8,16.6,23.6,0.0,,,18.1,33.3,1013.6,673.0
3070,2023-05-29,19.5,17.4,23.0,0.0,,,11.6,22.2,1013.0,619.0
3071,2023-05-30,19.8,16.7,23.2,0.0,,,11.4,24.1,1015.1,608.0
3072,2023-05-31,20.4,17.4,25.3,2.7,,,14.4,25.9,1014.6,511.0
3073,2023-06-01,20.0,17.7,22.8,0.0,,,12.6,27.8,1014.9,435.0
3074,2023-06-02,19.4,16.2,22.8,0.0,,,12.3,24.1,1013.8,638.0
3075,2023-06-03,20.0,17.0,23.2,0.0,,,9.5,24.1,1014.2,514.0
3076,2023-06-04,20.1,16.8,23.4,0.0,,,10.8,25.9,1015.0,616.0
3077,2023-06-05,20.7,17.3,24.2,0.0,,,13.0,25.9,1015.4,673.0
3078,2023-06-06,21.6,18.1,25.0,0.0,,,16.2,33.3,1015.3,671.0
3079,2023-06-07,21.2,18.6,24.6,0.0,,,11.0,25.9,1015.1,440.0
3080,2023-06-08,21.9,19.1,25.0,0.0,,,11.9,24.1,1012.5,503.0
3081,2023-06-09,22.7,21.1,25.9,0.0,,,14.8,35.2,1010.0,488.0
3082,2023-06-10,22.8,20.2,25.5,0.0,,,11.8,25.9,1012.4,660.0
3083,2023-06-11,23.8,20.9,28.9,1.3,,,12.8,24.1,1013.5,577.0
3084,2023-06-12,23.2,19.8,27.7,0.0,,,12.2,25.9,1011.7,663.0
3085,2023-06-13,22.7,19.8,27.0,0.0,,,13.8,25.9,1008.4,460.0
3086,2023-06-14,22.2,18.4,26.8,0.0,,,17.6,29.6,1011.0,592.0
3087,2023-06-15,23.2,20.1,27.2,0.0,,,12.6,25.9,1016.2,754.0
3088,2023-06-16,23.6,20.5,26.0,0.0,,,13.5,29.6,1016.8,749.0
3089,2023-06-17,23.6,19.9,27.9,0.0,,,13.8,35.2,1014.8,746.0
3090,2023-06-18,24.9,21.4,28.5,0.0,,,10.8,29.6,1013.5,618.0
3091,2023-06-19,23.9,20.3,29.4,0.7,,,24.9,40.8,1012.3,551.0
3092,2023-06-20,24.2,21.3,28.2,0.0,,,12.6,31.5,1011.0,533.0
3093,2023-06-21,24.8,22.9,28.5,0.0,,,19.7,35.2,1012.5,496.0
3094,2023-06-22,25.4,21.8,30.3,0.0,,,15.8,33.3,1016.1,733.0
3095,2023-06-23,24.5,22.0,27.9,0.0,,,14.4,37.0,1022.0,788.0
3096,2023-06-24,24.3,21.7,28.3,0.0,,,11.7,33.3,1018.9,764.0
3097,2023-06-25,24.6,21.7,27.8,0.0,,,15.5,35.2,1017.1,825.0
3098,2023-06-26,25.1,22.7,28.3,0.0,,,13.1,29.6,1017.8,763.0
3099,2023-06-27,25.3,23.4,28.5,0.0,,,12.5,29.6,1017.3,649.0
3100,2023-06-28,25.3,23.3,28.4,0.0,,,13.0,27.8,1014.9,511.0
3101,2023-06-29,25.6,19.7,28.7,5.8,,,10.6,25.9,1015.0,542.0
3102,2023-06-30,23.1,18.6,26.5,0.0,,,15.1,27.8,1016.1,464.0
3103,2023-07-01,23.5,20.3,26.6,0.0,,,19.0,29.6,1015.6,711.0
3104,2023-07-02,24.6,21.4,28.1,0.0,,,13.3,27.8,1015.8,650.0
3105,2023-07-03,24.5,22.1,27.9,0.0,,,12.9,29.6,1016.7,600.0
3106,2023-07-04,24.6,21.7,28.0,0.0,,,12.4,25.9,1016.2,518.0
3107,2023-07-05,24.0,22.7,26.3,0.7,,,12.3,27.8,1017.3,434.0
3108,2023-07-06,24.8,22.0,28.3,0.0,,,11.9,29.6,1015.7,444.0
3109,2023-07-07,25.1,22.2,28.8,0.0,,,19.4,33.3,1015.2,582.0
3110,2023-07-08,25.7,23.0,30.3,0.0,,,15.6,31.5,1016.0,795.0
3111,2023-07-09,25.4,22.8,29.2,0.0,,,10.8,24.1,1018.5,746.0
3112,2023-07-10,25.9,24.2,29.5,0.0,,,11.8,25.9,1020.0,727.0
3113,2023-07-11,26.6,24.5,30.5,0.0,,,9.5,25.9,1015.4,648.0
3114,2023-07-12,26.3,24.6,28.6,0.0,,,14.1,29.6,1014.1,527.0
3115,2023-07-13,26.4,24.2,29.7,0.0,,,14.9,31.5,1017.3,638.0
3116,2023-07-14,26.7,24.7,30.4,0.0,,,16.4,40.8,1016.2,738.0
3117,2023-07-15,26.7,24.2,30.3,0.0,,,11.8,29.6,1012.7,632.0
3118,2023-07-16,26.1,25.3,28.8,0.0,,,13.6,25.9,1015.6,679.0
3119,2023-07-17,26.3,24.6,29.4,0.0,,,11.3,29.6,1018.1,634.0
3120,2023-07-18,26.5,23.4,29.8,0.0,,,15.9,38.9,1016.8,793.0
3121,2023-07-19,27.4,25.4,31.1,0.0,,,10.8,29.6,1015.2,685.0
3122,2023-07-20,26.7,24.3,29.8,0.0,,,12.0,29.6,1012.7,692.0
3123,2023-07-21,26.6,25.6,28.8,0.0,,,14.3,27.8,1012.0,501.0
3124,2023-07-22,26.1,24.2,28.7,0.0,,,11.5,25.9,1016.5,581.0
3125,2023-07-23,26.4,23.8,29.8,0.1,,,11.3,27.8,1014.7,621.0
3126,2023-07-24,26.7,24.9,30.1,0.0,,,14.3,27.8,1008.7,473.0
3127,2023-07-25,27.0,24.1,32.5,0.0,,,21.9,40.8,1010.8,731.0
3128,2023-07-26,24.7,23.0,26.8,0.0,,,17.8,33.3,1016.6,563.0
3129,2023-07-27,24.9,21.8,29.2,0.9,,,14.3,31.5,1015.1,588.0
3130,2023-07-28,24.9,20.7,29.4,0.0,,,16.1,25.9,1014.0,667.0
3131,2023-07-29,26.3,23.3,30.1,0.0,,,16.9,37.0,1013.5,679.0
3132,2023-07-30,26.7,25.1,30.1,0.0,,,10.8,29.6,1016.7,627.0
3133,2023-07-31,26.1,23.5,29.5,0.2,,,11.3,31.5,1016.3,576.0
3134,2023-08-01,27.2,25.1,31.6,0.0,,,13.5,27.8,1012.0,589.0
3135,2023-08-02,27.4,24.7,31.2,0.0,,,19.0,38.9,1009.7,662.0
3136,2023-08-03,25.3,21.4,27.4,18.6,,,14.5,27.8,1011.0,442.0
3137,2023-08-04,23.5,18.9,27.4,0.0,,,15.9,27.8,1014.6,661.0
3138,2023-08-05,23.9,20.1,28.3,0.0,,,18.9,31.5,1016.2,754.0
3139,2023-08-06,23.8,21.8,26.7,0.0,,,15.7,27.8,1016.5,517.0
3140,2023-08-07,24.0,23.2,26.8,0.2,,,15.8,37.0,1019.0,582.0
3141,2023-08-08,24.7,21.9,28.7,0.0,,,16.3,33.3,1017.6,531.0
3142,2023-08-09,25.3,22.3,29.0,0.0,,,15.4,35.2,1017.6,680.0
3143,2023-08-10,26.7,24.1,29.7,0.0,,,14.6,31.5,1017.3,600.0
3144,2023-08-11,26.3,23.2,30.8,0.0,,,15.8,37.0,1020.1,757.0
3145,2023-08-12,26.1,23.9,28.9,0.0,,,13.1,27.8,1019.4,714.0
3146,2023-08-13,26.1,23.7,29.2,0.0,,,9.6,25.9,1017.4,685.0
3147,2023-08-14,26.3,23.0,30.4,0.0,,,11.2,24.1,1015.4,658.0
3148,2023-08-15,26.4,23.2,30.1,0.0,,,14.4,29.6,1015.7,657.0
3149,2023-08-16,26.3,23.6,29.8,0.0,,,16.6,29.6,1015.3,582.0
3150,2023-08-17,27.0,24.3,30.3,0.0,,,24.8,42.6,1013.6,596.0
3151,2023-08-18,26.2,23.5,29.4,0.0,,,11.2,27.8,1013.2,641.0
3152,2023-08-19,26.5,24.3,30.6,0.0,,,10.8,25.9,1016.0,581.0
3153,2023-08-20,28.1,24.3,32.7,0.0,,,9.7,27.8,1018.2,709.0
3154,2023-08-21,29.4,26.3,34.2,0.0,,,8.1,22.2,1018.6,723.0
3155,2023-08-22,28.8,26.2,32.3,0.0,,,9.1,22.2,1017.5,695.0
3156,2023-08-23,30.2,26.7,35.1,0.0,,,9.8,27.8,1015.0,665.0
3157,2023-08-24,29.2,26.8,32.1,0.0,,,13.6,31.5,1014.0,731.0
3158,2023-08-25,28.1,25.6,31.4,0.0,,,12.2,33.3,1013.2,639.0
3159,2023-08-26,26.7,21.9,29.8,13.9,,,16.4,29.6,1012.3,403.0
3160,2023-08-27,20.7,18.1,28.1,19.7,,,17.6,35.2,1009.5,98.0
3161,2023-08-28,22.9,17.2,30.9,0.0,,,16.7,40.8,1011.2,615.0
3162,2023-08-29,22.9,18.5,26.8,7.0,,,15.6,27.8,1011.0,654.0
3163,2023-08-30,22.4,18.3,25.4,3.9,,,16.9,31.5,1011.1,481.0
3164,2023-08-31,23.3,20.2,27.6,0.0,,,14.5,27.8,1016.1,621.0
3165,2023-09-01,24.1,20.5,28.1,0.0,,,13.3,29.6,1017.1,519.0
3166,2023-09-02,24.4,23.0,26.5,0.0,,,23.1,42.6,1016.3,341.0
3167,2023-09-03,25.4,23.4,29.2,0.0,,,39.8,63.0,1018.2,423.0
3168,2023-09-04,27.3,25.0,30.8,0.0,,,35.2,61.1,1016.5,591.0
3169,2023-09-05,25.4,22.7,28.4,0.0,,,19.0,37.0,1016.9,509.0
3170,2023-09-06,24.4,21.6,27.8,0.0,,,14.5,29.6,1018.4,519.0
3171,2023-09-07,22.8,19.5,26.6,0.0,,,10.9,25.9,1018.3,491.0
3172,2023-09-08,22.7,18.9,26.8,0.0,,,10.2,22.2,1017.9,493.0
3173,2023-09-09,22.5,18.7,26.5,0.0,,,10.8,22.2,1017.5,466.0
3174,2023-09-10,22.8,19.3,26.8,0.0,,,10.2,22.2,1017.7,391.0
3175,2023-09-11,23.6,20.1,27.2,0.0,,,10.1,25.9,1015.3,252.0
3176,2023-09-12,24.0,21.0,28.1,0.0,,,11.7,24.1,1014.1,175.0
3177,2023-09-13,24.2,21.8,28.1,0.0,,,12.4,25.9,1017.6,318.0
3178,2023-09-14,23.2,20.4,27.7,0.0,,,12.6,25.9,1018.3,342.0
3179,2023-09-15,21.4,19.7,26.0,26.4,,,14.6,24.1,1014.4,32.0
3180,2023-09-16,22.7,19.3,27.0,0.0,,,11.9,27.8,1012.4,
3181,2023-09-17,24.4,21.4,28.8,1.2,,,14.0,24.1,1012.2,
3182,2023-09-18,25.4,22.9,28.5,0.0,,,16.0,42.6,1013.9,
3183,2023-09-19,22.3,19.5,26.1,11.2,,,8.7,24.1,1017.9,
3184,2023-09-20,21.5,18.8,24.5,0.0,,,15.1,31.5,1012.4,
3185,2023-09-21,22.6,18.6,26.8,0.0,,,14.2,42.6,1006.4,
3186,2023-09-22,22.3,19.3,27.3,0.0,,,12.4,38.9,1009.3,
3187,2023-09-23,20.2,16.1,24.0,0.0,,,13.4,25.9,1018.1,
3188,2023-09-24,20.7,16.2,25.4,0.0,,,16.5,27.8,1021.3,
3189,2023-09-25,21.1,17.4,24.8,0.0,,,11.7,24.1,1020.9,
3190,2023-09-26,20.8,17.5,25.4,0.0,,,11.0,22.2,1020.7,
3191,2023-09-27,21.4,17.7,25.8,0.0,,,16.8,37.0,1019.4,432.0
3192,2023-09-28,22.4,19.1,26.3,0.0,,,16.6,37.0,1019.1,323.0
3193,2023-09-29,22.8,19.7,27.0,0.0,,,10.9,25.9,1021.9,422.0
3194,2023-09-30,23.6,19.7,28.9,0.0,,,13.5,24.1,1023.2,476.0
3195,2023-10-01,22.9,19.9,26.6,0.0,,,14.0,25.9,1022.8,435.0
3196,2023-10-02,22.4,19.9,26.3,0.0,,,11.0,22.2,1023.3,369.0
3197,2023-10-03,22.4,19.4,26.3,0.0,,,12.2,22.2,1023.8,269.0
3198,2023-10-04,23.4,21.0,27.3,0.0,,,14.8,42.6,1025.3,345.0
3199,2023-10-05,22.7,20.4,27.3,0.0,,,12.0,25.9,1024.3,329.0
3200,2023-10-06,22.6,19.7,26.7,0.0,,,8.7,24.1,1024.2,377.0
3201,2023-10-07,22.2,19.5,26.8,0.0,,,8.3,20.4,1024.5,327.0
3202,2023-10-08,21.4,18.5,26.1,0.0,,,10.5,18.5,1024.5,342.0
3203,2023-10-09,21.0,18.4,25.6,0.0,,,14.3,31.5,1024.3,369.0
3204,2023-10-10,20.9,17.5,26.0,0.0,,,14.4,33.3,1022.4,400.0
3205,2023-10-11,20.6,17.0,25.4,0.0,,,13.0,27.8,1021.7,342.0
3206,2023-10-12,20.2,17.3,25.4,0.0,,,13.5,29.6,1021.2,359.0
3207,2023-10-13,21.0,17.7,25.8,0.0,,,16.1,35.2,1019.3,326.0
3208,2023-10-14,21.8,18.7,26.5,0.0,,,12.8,25.9,1018.3,149.0
3209,2023-10-15,19.9,18.9,21.8,53.6,,,12.9,24.1,1017.1,114.0
3210,2023-10-16,19.1,17.3,20.7,10.0,,,14.2,25.9,1013.1,34.0
3211,2023-10-17,19.9,16.6,24.7,0.0,,,10.0,22.2,1010.9,123.0
3212,2023-10-18,22.0,19.5,26.8,0.0,,,15.0,44.5,1005.2,192.0
3213,2023-10-19,21.9,17.1,25.0,3.6,,,22.2,53.7,997.2,144.0
3214,2023-10-20,19.4,16.5,24.2,0.0,,,22.2,64.8,992.2,262.0
3215,2023-10-21,17.4,13.9,21.6,0.0,,,12.3,37.0,1005.0,323.0
3216,2023-10-22,16.2,11.0,21.2,0.0,,,16.0,29.6,1011.1,134.0
3217,2023-10-23,20.8,17.6,24.4,18.1,,,22.1,42.6,1006.5,147.0
3218,2023-10-24,18.2,15.3,22.7,0.0,,,15.4,51.8,1009.6,331.0
3219,2023-10-25,19.3,15.8,24.7,0.0,,,17.7,48.2,1009.1,303.0
3220,2023-10-26,20.8,19.5,23.5,0.0,,,16.7,50.0,1004.3,164.0
3221,2023-10-27,19.0,16.1,23.5,0.0,,,21.6,53.7,1005.8,326.0
3222,2023-10-28,18.1,14.7,22.8,0.0,,,15.2,44.5,1008.4,337.0
3223,2023-10-29,17.0,13.2,22.3,0.0,,,10.6,42.6,1007.5,293.0
3224,2023-10-30,16.7,14.6,21.6,0.4,,,17.6,33.3,1004.6,68.0
3225,2023-10-31,15.5,12.1,19.4,0.0,,,15.6,35.2,1014.6,264.0
3226,2023-11-01,15.4,10.5,20.3,0.0,,,15.4,44.5,1012.2,264.0
3227,2023-11-02,17.4,12.7,21.7,0.6,,,27.0,66.7,999.2,45.0
3228,2023-11-03,14.6,11.8,20.0,0.0,,,24.2,68.5,1001.0,310.0
3229,2023-11-04,15.6,12.2,20.1,0.1,,,22.8,51.8,998.8,130.0
3230,2023-11-05,17.2,12.7,21.3,0.0,,,28.9,61.1,1004.3,363.0
3231,2023-11-06,14.8,10.4,20.3,0.0,,,12.2,42.6,1014.5,351.0
3232,2023-11-07,11.7,7.6,16.6,0.0,,,16.7,31.5,1021.1,353.0
3233,2023-11-08,11.7,7.5,16.3,0.4,,,15.2,31.5,1022.5,345.0
3234,2023-11-09,13.4,10.8,16.6,0.2,,,11.1,31.5,1015.6,172.0
3235,2023-11-10,16.1,12.2,20.7,0.0,,,16.1,42.6,1013.3,297.0
3236,2023-11-11,14.7,12.2,18.1,0.1,,,6.8,22.2,1013.2,142.0
3237,2023-11-12,16.9,14.5,21.7,0.0,,,11.2,27.8,1015.2,228.0
3238,2023-11-13,16.6,12.0,22.1,0.0,,,14.2,37.0,1020.4,310.0
3239,2023-11-14,17.3,13.8,23.3,0.0,,,12.9,40.8,1019.7,311.0
3240,2023-11-15,16.6,14.5,19.0,0.0,,,9.0,24.1,1023.3,153.0
3241,2023-11-16,16.1,14.2,19.4,0.0,,,15.4,42.6,1020.8,189.0
3242,2023-11-17,15.2,12.8,19.1,0.0,,,9.5,22.2,1023.5,162.0
3243,2023-11-18,14.4,12.0,18.5,0.0,,,16.6,29.6,1025.8,262.0
3244,2023-11-19,13.4,10.6,16.8,0.0,,,6.4,27.8,1023.0,297.0
3245,2023-11-20,13.3,9.7,18.2,0.0,,,9.0,20.4,1019.2,206.0
3246,2023-11-21,14.1,11.7,17.4,0.0,,,11.0,25.9,1014.2,191.0
3247,2023-11-22,14.3,8.4,20.4,0.0,,,15.8,29.6,1016.2,292.0
3248,2023-11-23,11.0,6.6,17.5,0.0,,,16.7,29.6,1021.3,358.0
3249,2023-11-24,13.2,9.1,21.2,0.0,,,21.9,35.2,1013.4,339.0
3250,2023-11-25,13.2,10.3,16.0,0.0,,,14.4,25.9,1013.8,115.0
3251,2023-11-26,12.2,9.9,15.0,0.0,,,8.7,20.4,1017.4,137.0
3252,2023-11-27,11.9,8.3,15.9,0.0,,,12.9,27.8,1012.1,115.0
3253,2023-11-28,12.7,10.1,18.1,0.0,,,11.8,29.6,1007.3,188.0
3254,2023-11-29,12.5,10.5,15.4,0.0,,,8.0,20.4,1007.7,65.0
3255,2023-11-30,15.0,9.9,21.0,0.0,,,15.9,44.5,1001.4,178.0
3256,2023-12-01,15.4,10.3,18.9,0.0,,,15.5,42.6,997.6,3.0
3257,2023-12-02,11.4,8.5,15.2,0.0,,,11.6,37.0,1010.7,272.0
3258,2023-12-03,8.9,6.3,13.5,0.0,,,13.1,24.1,1021.1,183.0
3259,2023-12-04,10.9,7.3,14.9,0.0,,,15.7,46.3,1015.2,222.0
3260,2023-12-05,9.8,7.2,14.0,0.0,,,11.8,29.6,1016.5,202.0
3261,2023-12-06,9.2,6.4,14.2,0.0,,,13.6,22.2,1017.3,172.0
3262,2023-12-07,9.9,4.7,15.2,1.1,,,18.2,33.3,1018.1,187.0
3263,2023-12-08,12.7,9.8,16.6,0.0,,,11.3,31.5,1013.6,147.0
3264,2023-12-09,11.7,7.9,16.7,0.0,,,18.1,35.2,1019.7,175.0
3265,2023-12-10,13.6,9.5,19.1,0.0,,,15.0,29.6,1021.5,228.0
3266,2023-12-11,14.2,10.8,20.0,0.0,,,10.1,38.9,1018.8,200.0
3267,2023-12-12,14.8,10.0,19.7,0.0,,,5.9,42.6,1014.1,183.0
3268,2023-12-13,15.2,12.0,16.8,0.0,,,19.5,57.4,1009.4,109.0
3269,2023-12-14,13.4,9.2,18.1,0.0,,,22.5,38.9,1018.3,290.0
3270,2023-12-15,10.8,8.0,17.0,0.0,,,12.7,25.9,1030.9,335.0
3271,2023-12-16,9.5,6.0,15.5,0.0,,,16.1,22.2,1036.0,316.0
3272,2023-12-17,7.9,3.6,13.7,0.0,,,15.9,24.1,1037.8,346.0
3273,2023-12-18,7.7,2.7,14.4,0.0,,,14.8,27.8,1035.2,347.0
3274,2023-12-19,10.1,6.0,17.9,0.0,,,18.1,31.5,1028.1,350.0
3275,2023-12-20,9.1,5.8,14.3,0.0,,,17.0,29.6,1021.3,137.0
3276,2023-12-21,10.3,6.1,15.9,0.0,,,11.6,25.9,1021.4,302.0
3277,2023-12-22,14.3,10.4,18.9,0.0,,,12.6,29.6,1020.5,314.0
3278,2023-12-23,11.2,8.1,15.6,0.0,,,15.5,29.6,1023.9,317.0
3279,2023-12-24,9.3,5.8,14.8,0.0,,,18.0,29.6,1023.6,331.0
3280,2023-12-25,8.2,4.3,14.8,0.0,,,13.1,29.6,1021.9,339.0
3281,2023-12-26,8.8,4.7,15.5,0.0,,,14.6,29.6,1021.9,342.0
3282,2023-12-27,8.8,3.9,16.0,0.0,,,17.0,27.8,1023.6,352.0
3283,2023-12-28,8.0,3.5,15.0,0.0,,,11.6,27.8,1025.2,143.0
3284,2023-12-29,9.1,6.2,14.2,0.0,,,12.9,27.8,1022.8,79.0
3285,2023-12-30,8.9,4.3,15.8,0.0,,,14.7,25.9,1020.0,242.0
3286,2023-12-31,10.9,6.0,17.2,0.0,,,11.0,40.8,1015.4,216.0
3287,2024-01-01,8.8,5.6,14.3,0.0,,,10.8,20.4,1019.2,123.0
3288,2024-01-02,10.3,4.2,15.6,0.0,,,17.6,44.5,1018.1,198.0
3289,2024-01-03,14.3,11.1,18.0,0.0,,,13.0,44.5,1014.7,59.0
3290,2024-01-04,11.9,8.8,17.2,0.3,,,10.0,24.1,1015.0,131.0
3291,2024-01-05,11.2,8.6,14.4,11.8,,,11.2,24.1,1004.3,57.0
3292,2024-01-06,10.1,6.4,15.1,0.0,,,15.7,40.8,1007.6,261.0
3293,2024-01-07,9.8,6.1,14.6,0.0,,,26.4,57.4,1011.4,304.0
3294,2024-01-08,7.8,3.9,12.9,0.0,,,13.4,37.0,1015.2,312.0
3295,2024-01-09,6.6,2.5,12.2,0.2,,,15.9,25.9,1020.4,202.0
3296,2024-01-10,7.1,5.7,10.3,2.8,,,15.0,22.2,1018.9,0.0
3297,2024-01-11,7.7,5.0,12.0,0.1,,,14.9,24.1,1020.1,65.0
3298,2024-01-12,7.4,4.7,13.1,0.0,,,19.3,27.8,1024.9,337.0
3299,2024-01-13,7.2,3.0,12.7,0.0,,,16.5,29.6,1023.8,281.0
3300,2024-01-14,11.2,7.3,16.7,0.0,,,13.8,31.5,1014.8,137.0
3301,2024-01-15,12.3,8.2,17.6,0.0,,,13.1,33.3,1009.7,68.0
3302,2024-01-16,11.9,9.1,16.3,0.0,,,8.0,25.9,1009.8,122.0
3303,2024-01-17,13.9,10.4,17.4,0.0,,,14.8,46.3,1002.1,109.0
3304,2024-01-18,15.5,13.4,19.1,0.6,,,24.7,59.3,1005.2,291.0
3305,2024-01-19,10.4,7.2,16.0,8.6,,,19.1,35.2,1011.6,0.0
3306,2024-01-20,8.3,5.3,12.4,0.0,,,14.5,20.4,1024.3,288.0
3307,2024-01-21,7.9,4.1,13.7,0.0,,,14.0,24.1,1033.2,287.0
3308,2024-01-22,8.6,4.2,14.4,0.0,,,15.8,40.8,1032.6,297.0
3309,2024-01-23,10.5,7.0,16.1,0.0,,,14.3,27.8,1035.0,273.0
3310,2024-01-24,11.8,8.4,17.6,0.0,,,7.7,24.1,1035.5,355.0
3311,2024-01-25,12.3,8.6,16.8,0.0,,,10.2,24.1,1031.4,328.0
3312,2024-01-26,13.1,9.8,21.0,0.0,,,13.8,27.8,1030.8,288.0
3313,2024-01-27,11.6,8.6,16.8,0.0,,,10.6,20.4,1030.8,245.0
3314,2024-01-28,11.0,7.7,15.0,0.0,,,12.8,20.4,1031.2,218.0
3315,2024-01-29,13.0,11.8,15.1,0.0,,,11.4,22.2,1032.3,54.0
3316,2024-01-30,12.3,9.4,16.1,0.0,,,9.8,20.4,1033.7,122.0
3317,2024-01-31,11.2,8.2,15.1,0.0,,,13.9,22.2,1034.7,286.0
3318,2024-02-01,11.1,7.6,15.7,0.0,,,13.8,25.9,1032.6,319.0
3319,2024-02-02,11.4,8.6,16.8,0.0,,,14.5,25.9,1031.6,348.0
3320,2024-02-03,11.3,7.2,16.9,0.0,,,19.0,33.3,1031.5,373.0
3321,2024-02-04,11.8,8.1,16.9,0.0,,,12.1,29.6,1029.9,389.0
3322,2024-02-05,11.7,7.5,16.2,0.0,,,15.1,35.2,1027.4,388.0
3323,2024-02-06,11.2,8.0,15.1,0.0,,,10.0,25.9,1023.7,96.0
3324,2024-02-07,11.7,7.2,16.4,0.0,,,12.8,37.0,1019.0,352.0
3325,2024-02-08,12.8,8.9,18.7,0.2,,,16.5,40.8,1011.0,246.0
3326,2024-02-09,13.7,11.8,16.0,5.8,,,19.9,42.6,996.1,86.0
3327,2024-02-10,13.2,9.9,16.6,0.0,,,17.8,51.8,989.4,127.0
3328,2024-02-11,11.8,7.3,16.5,0.0,,,21.6,63.0,1004.2,341.0
3329,2024-02-12,12.4,5.9,20.6,0.0,,,15.5,53.7,1008.3,352.0
3330,2024-02-13,11.7,9.3,15.6,0.0,,,12.2,25.9,1020.9,263.0
3331,2024-02-14,12.2,8.8,18.3,0.0,,,12.3,24.1,1024.2,327.0
3332,2024-02-15,13.7,10.8,19.9,0.0,,,8.3,18.5,1019.8,126.0
3333,2024-02-16,13.1,10.8,16.2,0.1,,,12.5,22.2,1019.6,60.0
3334,2024-02-17,13.7,10.1,18.9,0.0,,,12.9,24.1,1027.5,279.0
3335,2024-02-18,12.4,8.8,16.4,0.0,,,13.4,29.6,1032.4,325.0
3336,2024-02-19,13.2,10.0,19.9,0.0,,,9.9,22.2,1030.2,215.0
3337,2024-02-20,12.4,9.8,16.5,0.0,,,14.1,27.8,1027.8,230.0
3338,2024-02-21,11.8,8.4,15.6,0.0,,,13.6,35.2,1025.2,229.0
3339,2024-02-22,12.9,11.4,17.3,1.5,,,17.7,50.0,1011.2,192.0
3340,2024-02-23,12.1,8.3,16.5,3.6,,,17.5,53.7,1005.4,320.0
3341,2024-02-24,10.1,5.7,15.5,1.6,,,13.9,31.5,1008.5,232.0
3342,2024-02-25,10.8,5.7,14.4,0.0,,,15.5,51.8,1008.5,88.0
3343,2024-02-26,13.8,10.1,17.6,0.0,,,15.1,42.6,999.7,262.0
3344,2024-02-27,11.9,8.5,19.2,0.0,,,15.1,33.3,1006.6,228.0
3345,2024-02-28,11.9,8.2,16.0,0.0,,,12.3,27.8,1014.6,178.0
3346,2024-02-29,11.4,7.2,15.6,0.3,,,17.2,29.6,1013.2,377.0
3347,2024-03-01,13.2,9.1,19.3,0.0,,,14.7,44.5,1010.3,342.0
3348,2024-03-02,12.8,8.2,15.8,0.6,,,19.7,50.0,1005.1,240.0
3349,2024-03-03,10.7,5.3,14.9,1.4,,,23.5,63.0,1000.7,191.0
3350,2024-03-04,10.9,6.1,16.0,0.0,,,16.2,38.9,1012.2,313.0
3351,2024-03-05,11.9,6.6,19.6,0.0,,,13.0,31.5,1019.3,347.0
3352,2024-03-06,10.5,6.3,16.0,0.0,,,11.6,24.1,1021.7,402.0
3353,2024-03-07,11.2,7.1,15.5,1.2,,,12.7,25.9,1015.5,238.0
3354,2024-03-08,13.2,9.0,16.1,4.3,,,19.7,57.4,1005.5,227.0
3355,2024-03-09,12.1,9.2,14.2,15.0,,,20.2,55.5,998.2,5.0
3356,2024-03-10,10.9,6.8,15.3,0.0,,,17.0,55.5,998.5,310.0
3357,2024-03-11,13.2,8.2,19.1,0.0,,,16.4,38.9,1010.1,389.0
3358,2024-03-12,11.5,7.8,15.7,0.0,,,12.5,25.9,1021.0,378.0
3359,2024-03-13,11.4,7.4,15.7,0.0,,,18.7,38.9,1019.0,422.0
3360,2024-03-14,12.0,7.7,16.2,0.0,,,15.9,42.6,1017.8,346.0
3361,2024-03-15,13.8,11.9,16.9,0.0,,,10.0,25.9,1019.5,254.0
3362,2024-03-16,14.0,10.8,17.8,0.0,,,8.4,25.9,1024.0,397.0
3363,2024-03-17,13.4,12.2,15.5,0.0,,,14.7,37.0,1021.6,283.0
3364,2024-03-18,14.3,11.0,18.5,0.0,,,9.7,24.1,1018.4,263.0
3365,2024-03-19,14.7,12.1,18.5,0.0,,,9.9,25.9,1017.2,285.0
3366,2024-03-20,14.6,12.2,18.1,0.0,,,19.4,31.5,1019.0,207.0
3367,2024-03-21,14.8,13.1,17.3,0.0,,,15.5,29.6,1024.1,233.0
3368,2024-03-22,16.9,12.1,23.1,0.0,,,9.7,24.1,1020.3,329.0
3369,2024-03-23,15.8,13.1,20.0,0.0,,,10.8,31.5,1018.7,290.0
3370,2024-03-24,13.4,12.3,15.3,0.1,,,11.3,31.5,1016.4,154.0
3371,2024-03-25,12.6,11.6,14.3,22.8,,,9.9,27.8,1003.6,16.0
3372,2024-03-26,12.9,8.4,16.7,0.6,,,15.8,48.2,991.2,52.0
3373,2024-03-27,11.9,7.1,16.7,0.0,,,17.6,59.3,995.6,307.0
3374,2024-03-28,16.3,14.1,20.0,0.0,,,22.5,59.3,1000.1,286.0
3375,2024-03-29,15.7,14.1,18.7,0.0,,,11.0,38.9,999.6,199.0
3376,2024-03-30,14.2,11.8,16.6,0.7,,,17.0,40.8,997.5,250.0
3377,2024-03-31,14.1,11.7,16.5,13.2,,,23.3,48.2,997.1,27.0
3378,2024-04-01,13.3,7.5,18.2,0.1,,,19.9,59.3,1008.3,439.0
3379,2024-04-02,12.6,10.6,17.8,0.0,,,15.1,31.5,1018.3,345.0
3380,2024-04-03,15.0,10.1,19.7,0.0,,,10.0,38.9,1017.6,433.0
3381,2024-04-04,14.6,10.8,18.3,0.0,,,13.6,31.5,1019.5,451.0
3382,2024-04-05,15.6,12.2,20.4,0.0,,,11.0,25.9,1020.1,366.0
3383,2024-04-06,15.1,11.4,19.0,0.0,,,20.2,35.2,1020.0,368.0
3384,2024-04-07,16.7,15.2,20.1,0.0,,,21.1,44.5,1017.1,151.0
3385,2024-04-08,16.1,14.4,19.7,0.0,,,16.5,29.6,1010.6,108.0
3386,2024-04-09,14.6,10.6,18.9,0.0,,,16.9,33.3,1019.5,378.0
3387,2024-04-10,12.8,8.4,17.6,0.0,,,13.5,25.9,1026.5,512.0
3388,2024-04-11,13.7,9.7,18.0,0.0,,,13.9,27.8,1028.8,525.0
3389,2024-04-12,16.6,11.9,21.3,0.0,,,14.6,25.9,1030.0,522.0
3390,2024-04-13,18.4,14.3,25.4,0.0,,,12.2,20.4,1027.1,527.0
3391,2024-04-14,18.3,12.6,25.4,0.0,,,15.2,33.3,1024.1,542.0
3392,2024-04-15,17.3,13.6,20.7,0.0,,,10.5,25.9,1018.6,356.0
3393,2024-04-16,15.9,13.4,18.5,1.1,,,16.1,31.5,1015.2,358.0
3394,2024-04-17,14.2,12.2,16.7,0.0,,,15.9,37.0,1014.9,263.0
3395,2024-04-18,14.1,11.1,17.3,0.0,,,16.6,37.0,1015.8,321.0
3396,2024-04-19,13.6,9.2,18.0,0.0,,,21.0,48.2,1021.2,522.0
3397,2024-04-20,14.5,10.5,18.2,0.0,,,12.4,27.8,1016.8,470.0
3398,2024-04-21,13.7,11.6,16.6,1.3,,,10.1,29.6,1016.7,355.0
3399,2024-04-22,11.3,8.6,15.0,10.2,,,15.6,42.6,1015.9,126.0
3400,2024-04-23,11.2,6.8,15.0,0.0,,,13.7,35.2,1015.2,390.0
3401,2024-04-24,11.8,6.1,17.4,0.0,,,17.2,31.5,1015.1,541.0
3402,2024-04-25,13.4,11.7,15.8,0.4,,,18.9,37.0,1010.6,104.0
3403,2024-04-26,14.4,10.7,17.8,0.0,,,10.4,33.3,1007.6,254.0
3404,2024-04-27,16.7,15.2,19.3,1.5,,,14.4,38.9,1005.4,28.0
3405,2024-04-28,15.6,14.2,17.2,10.3,,,11.9,27.8,1011.6,2.0
3406,2024-04-29,13.6,13.0,14.8,68.4,,,16.2,50.0,1014.5,5.0
3407,2024-04-30,15.2,13.8,17.5,0.0,,,16.9,44.5,1012.3,54.0
3408,2024-05-01,15.9,11.5,22.0,0.0,,,13.2,44.5,1005.5,218.0
3409,2024-05-02,14.7,10.0,19.0,0.0,,,22.8,46.3,1011.0,432.0
3410,2024-05-03,14.6,9.4,20.3,0.0,,,19.2,46.3,1017.6,451.0
3411,2024-05-04,16.6,12.0,21.2,0.0,,,18.0,57.4,1015.9,341.0
3412,2024-05-05,16.3,12.8,19.8,0.0,,,9.4,31.5,1013.7,333.0
3413,2024-05-06,16.8,14.8,22.2,0.0,,,12.6,33.3,1011.5,197.0
3414,2024-05-07,16.1,14.1,18.9,0.0,,,15.8,35.2,1017.4,344.0
3415,2024-05-08,16.8,12.2,21.6,0.0,,,15.1,33.3,1019.8,489.0
3416,2024-05-09,17.9,13.7,20.5,0.0,,,15.0,29.6,1019.8,571.0
3417,2024-05-10,17.9,13.9,22.6,0.0,,,14.4,35.2,1018.8,558.0
3418,2024-05-11,17.8,14.0,22.2,0.0,,,12.2,29.6,1018.2,558.0
3419,2024-05-12,18.4,14.8,22.8,0.0,,,11.4,27.8,1016.9,310.0
3420,2024-05-13,18.8,16.1,22.1,0.1,,,11.9,24.1,1013.2,326.0
3421,2024-05-14,18.1,15.6,22.3,12.8,,,17.0,35.2,1005.7,142.0
3422,2024-05-15,16.2,14.0,18.3,1.2,,,10.2,33.3,1007.1,236.0
3423,2024-05-16,16.0,13.3,20.4,4.1,,,9.3,35.2,1008.1,282.0
3424,2024-05-17,17.3,14.3,21.2,1.0,,,13.6,31.5,1009.5,309.0
3425,2024-05-18,16.9,14.5,20.5,2.0,,,16.1,29.6,1011.5,259.0
3426,2024-05-19,17.4,14.1,20.5,0.0,,,13.9,29.6,1011.0,219.0
3427,2024-05-20,19.0,16.2,22.6,0.0,,,15.0,33.3,1009.5,253.0
3428,2024-05-21,18.6,15.0,22.9,0.0,,,16.1,37.0,1012.4,412.0
3429,2024-05-22,18.4,16.1,21.0,0.0,,,15.4,31.5,1016.2,271.0
3430,2024-05-23,17.7,15.1,20.8,0.0,,,15.1,33.3,1018.1,405.0
3431,2024-05-24,18.3,16.2,21.2,0.0,,,18.1,35.2,1018.3,217.0
3432,2024-05-25,17.7,14.1,21.4,0.0,,,14.1,29.6,1017.8,331.0
3433,2024-05-26,19.2,15.1,23.0,0.6,,,10.4,27.8,1017.7,461.0
3434,2024-05-27,20.2,18.4,23.5,0.0,,,19.2,35.2,1018.2,243.0
3435,2024-05-28,19.6,16.8,22.9,0.0,,,15.8,40.8,1019.7,485.0
3436,2024-05-29,19.7,16.7,23.5,0.0,,,15.9,35.2,1017.0,368.0
3437,2024-05-30,20.5,17.4,24.5,0.0,,,15.4,31.5,1012.1,313.0
3438,2024-05-31,20.2,18.4,23.8,0.3,,,18.9,46.3,1013.6,374.0
3439,2024-06-01,18.7,16.6,21.6,6.8,,,14.4,35.2,1016.4,315.0
3440,2024-06-02,18.8,15.5,22.6,0.0,,,15.1,33.3,1018.1,452.0
3441,2024-06-03,20.3,17.2,23.7,0.0,,,19.1,42.6,1017.0,473.0
3442,2024-06-04,20.4,17.6,24.5,0.0,,,15.4,38.9,1015.4,347.0
3443,2024-06-05,20.7,18.1,24.5,0.0,,,15.7,40.8,1016.7,473.0
3444,2024-06-06,22.1,17.9,26.4,0.0,,,14.2,35.2,1017.4,415.0
3445,2024-06-07,22.8,19.1,28.5,0.0,,,15.6,29.6,1017.2,489.0
3446,2024-06-08,23.4,21.7,26.3,0.0,,,26.1,46.3,1009.9,252.0
3447,2024-06-09,21.9,20.3,24.3,1.6,,,13.5,31.5,1005.9,222.0
3448,2024-06-10,19.9,18.9,22.1,0.1,,,12.0,31.5,1011.4,206.0
3449,2024-06-11,18.6,15.9,22.4,24.5,,,10.0,25.9,1014.5,58.0
3450,2024-06-12,18.2,14.2,22.5,20.1,,,14.1,33.3,1017.4,167.0
3451,2024-06-13,18.4,13.8,23.1,0.0,,,20.3,46.3,1019.8,499.0
3452,2024-06-14,21.2,18.7,24.8,0.0,,,16.3,42.6,1015.2,394.0
3453,2024-06-15,21.0,17.8,24.1,0.0,,,19.1,35.2,1012.8,472.0
3454,2024-06-16,20.3,17.5,23.7,0.0,,,11.7,29.6,1014.4,531.0
3455,2024-06-17,21.9,19.0,25.5,0.0,,,13.6,27.8,1013.5,503.0
3456,2024-06-18,22.7,19.7,26.9,0.0,,,18.0,33.3,1012.6,541.0
3457,2024-06-19,22.0,19.7,25.6,5.8,,,12.9,27.8,1012.1,285.0
3458,2024-06-20,21.6,20.3,24.4,0.6,,,18.1,29.6,1015.2,193.0
3459,2024-06-21,21.9,18.4,25.8,0.0,,,13.5,38.9,1017.9,523.0
3460,2024-06-22,22.3,19.3,26.0,1.2,,,14.3,27.8,1018.5,358.0
3461,2024-06-23,20.0,17.6,22.7,0.1,,,12.6,37.0,1016.4,247.0
3462,2024-06-24,22.4,20.5,26.3,0.0,,,11.9,37.0,1014.2,427.0
3463,2024-06-25,22.7,20.3,26.3,0.0,,,20.4,44.5,1012.1,485.0
3464,2024-06-26,22.7,20.1,26.5,0.0,,,13.1,37.0,1012.2,437.0
3465,2024-06-27,23.9,21.2,27.8,0.0,,,14.1,27.8,1013.1,507.0
3466,2024-06-28,24.7,20.8,29.0,0.3,,,21.2,35.2,1014.3,463.0
3467,2024-06-29,23.4,20.6,27.3,5.4,,,19.1,42.6,1011.0,293.0
3468,2024-06-30,22.7,22.4,25.0,10.4,,,17.2,31.5,1014.4,426.0
3469,2024-07-01,21.2,19.3,24.0,14.1,,,11.8,25.9,1016.0,110.0
3470,2024-07-02,21.8,18.6,25.5,0.0,,,14.0,31.5,1016.5,442.0
3471,2024-07-03,22.4,20.2,25.2,0.0,,,12.6,31.5,1013.7,442.0
3472,2024-07-04,22.4,19.3,26.0,0.0,,,12.1,27.8,1015.1,508.0
3473,2024-07-05,23.4,20.4,26.7,0.0,,,10.6,27.8,1014.4,527.0
3474,2024-07-06,24.1,21.6,28.0,0.0,,,16.7,33.3,1010.4,282.0
3475,2024-07-07,23.2,21.2,26.7,0.0,,,15.8,40.8,1013.3,431.0
3476,2024-07-08,23.4,20.9,26.8,0.0,,,14.5,33.3,1015.5,475.0
3477,2024-07-09,24.1,21.2,27.7,0.0,,,11.8,29.6,1015.6,476.0
3478,2024-07-10,24.5,21.5,28.5,0.0,,,16.4,37.0,1016.2,533.0
3479,2024-07-11,25.4,22.9,29.2,0.0,,,14.3,33.3,1016.0,505.0
3480,2024-07-12,25.3,22.4,28.6,0.3,,,11.4,31.5,1013.0,367.0
3481,2024-07-13,23.4,21.8,25.8,0.0,,,9.9,27.8,1013.5,392.0
3482,2024-07-14,24.1,20.5,28.5,0.0,,,18.4,42.6,1012.4,396.0
3483,2024-07-15,25.3,22.7,28.6,0.0,,,15.9,38.9,1012.2,429.0
3484,2024-07-16,25.4,23.6,28.5,0.0,,,11.5,27.8,1015.5,493.0
3485,2024-07-17,24.9,22.2,28.4,0.0,,,12.8,31.5,1017.9,540.0
3486,2024-07-18,24.9,21.3,28.6,0.1,,,14.0,37.0,1017.9,583.0
3487,2024-07-19,26.3,23.7,29.5,0.0,,,15.6,37.0,1016.7,463.0
3488,2024-07-20,26.1,22.0,29.6,0.0,,,13.7,35.2,1010.4,501.0
3489,2024-07-21,25.9,24.2,30.3,0.7,,,15.1,38.9,1009.4,378.0
3490,2024-07-22,24.7,21.4,28.6,0.0,,,17.8,35.2,1017.3,628.0
3491,2024-07-23,24.8,20.9,28.8,0.0,,,15.9,38.9,1019.0,576.0
3492,2024-07-24,25.7,22.3,29.4,0.0,,,12.8,37.0,1017.0,580.0
3493,2024-07-25,25.6,22.4,29.4,0.0,,,12.0,31.5,1012.9,562.0
3494,2024-07-26,26.2,22.7,30.5,0.0,,,11.3,27.8,1012.0,537.0
3495,2024-07-27,26.1,22.6,30.7,0.0,,,11.0,25.9,1013.8,585.0
3496,2024-07-28,26.4,23.7,30.3,0.0,,,19.0,35.2,1017.8,543.0
3497,2024-07-29,26.7,23.5,31.6,0.0,,,15.2,29.6,1017.3,607.0
3498,2024-07-30,28.1,23.2,34.5,0.0,,,14.2,40.8,1015.3,581.0
3499,2024-07-31,28.3,24.1,34.3,0.0,,,13.2,33.3,1013.2,610.0
3500,2024-08-01,27.7,24.8,31.8,0.0,,,12.2,27.8,1012.1,517.0
3501,2024-08-02,27.0,20.1,32.3,9.1,,,14.1,25.9,1010.2,392.0
3502,2024-08-03,25.4,21.4,30.5,0.0,,,17.6,35.2,1012.3,567.0
3503,2024-08-04,26.4,23.9,31.2,0.0,,,14.8,33.3,1014.1,489.0
3504,2024-08-05,26.2,23.5,30.1,0.0,,,13.7,37.0,1012.7,449.0
3505,2024-08-06,26.6,23.6,30.4,0.0,,,13.8,31.5,1011.4,419.0
3506,2024-08-07,27.1,23.7,30.8,0.0,,,11.3,29.6,1012.8,440.0
3507,2024-08-08,26.7,23.5,30.4,0.0,,,12.2,24.1,1015.1,514.0
3508,2024-08-09,27.3,23.8,31.9,0.0,,,10.6,25.9,1017.5,560.0
3509,2024-08-10,27.9,24.5,32.2,0.0,,,11.7,24.1,1018.0,567.0
3510,2024-08-11,27.1,24.9,29.5,0.0,,,15.8,31.5,1015.8,439.0
3511,2024-08-12,26.8,23.7,30.4,0.0,,,11.4,25.9,1012.2,490.0
3512,2024-08-13,27.1,24.2,30.9,0.2,,,11.9,24.1,1010.4,321.0
3513,2024-08-14,25.8,22.6,31.1,0.5,,,18.0,27.8,1011.2,20.0
3514,2024-08-15,24.7,21.0,29.5,0.2,,,14.1,27.8,1015.3,236.0
3515,2024-08-16,24.9,22.3,29.1,0.0,,,13.5,24.1,1016.1,328.0
3516,2024-08-17,26.5,23.0,30.5,0.0,,,15.7,42.6,1014.7,463.0
3517,2024-08-18,25.4,23.7,28.5,0.0,,,15.0,37.0,1012.6,152.0
3518,2024-08-19,24.7,22.9,28.2,0.0,,,14.4,33.3,1012.9,443.0
3519,2024-08-20,24.8,20.9,30.1,0.0,,,15.4,35.2,1013.3,548.0
3520,2024-08-21,26.0,22.8,30.4,0.0,,,16.9,40.8,1016.2,470.0
3521,2024-08-22,26.5,24.5,30.1,0.0,,,14.6,40.8,1014.0,318.0
3522,2024-08-23,26.5,24.2,30.0,0.0,,,12.7,33.3,1014.6,398.0
3523,2024-08-24,26.2,23.2,29.9,0.0,,,10.6,31.5,1014.6,439.0
3524,2024-08-25,26.2,23.9,29.3,0.0,,,15.1,22.2,1017.3,300.0
3525,2024-08-26,25.5,23.3,29.7,0.0,,,15.2,35.2,1016.9,456.0
3526,2024-08-27,26.2,23.9,29.9,0.0,,,15.3,31.5,1015.1,462.0
3527,2024-08-28,25.8,23.5,29.1,0.0,,,11.5,27.8,1015.6,470.0
3528,2024-08-29,25.5,23.9,28.3,0.0,,,11.5,29.6,1016.8,471.0
3529,2024-08-30,24.9,21.3,29.1,0.0,,,11.9,35.2,1016.5,368.0
3530,2024-08-31,25.7,23.0,29.6,0.0,,,11.9,35.2,1015.9,462.0
3531,2024-09-01,25.4,23.3,28.8,0.1,,,14.9,31.5,1013.9,430.0
3532,2024-09-02,24.9,21.4,29.4,0.0,,,12.9,31.5,1013.2,500.0
3533,2024-09-03,22.6,20.2,27.0,3.9,,,13.9,35.2,1014.2,494.0
3534,2024-09-04,20.1,16.8,25.2,7.5,,,13.8,24.1,1013.2,0.0
3535,2024-09-05,20.7,16.8,25.2,0.0,,,12.9,27.8,1011.0,320.0
3536,2024-09-06,23.9,20.1,28.7,0.0,,,17.8,31.5,1008.3,212.0
3537,2024-09-07,25.1,21.8,29.0,4.6,,,16.5,37.0,1008.4,329.0
3538,2024-09-08,22.4,19.4,25.2,42.0,,,12.4,25.9,1010.9,139.0
3539,2024-09-09,22.7,18.1,27.6,0.0,,,14.7,31.5,1014.2,514.0
3540,2024-09-10,22.1,19.3,26.0,0.0,,,16.9,29.6,1015.7,341.0
3541,2024-09-11,20.9,17.5,25.0,0.0,,,14.1,27.8,1014.4,293.0
3542,2024-09-12,20.4,16.7,24.2,1.6,,,14.1,35.2,1012.6,100.0
3543,2024-09-13,17.1,15.0,22.9,0.0,,,12.3,29.6,1019.1,457.0
3544,2024-09-14,19.3,13.5,25.2,0.0,,,17.3,35.2,1022.1,525.0
3545,2024-09-15,19.7,14.0,26.3,0.0,,,16.4,31.5,1017.8,543.0
3546,2024-09-16,20.3,15.6,27.6,0.0,,,15.2,27.8,1014.8,448.0
3547,2024-09-17,19.8,17.0,24.6,1.4,,,14.6,27.8,1013.6,312.0
3548,2024-09-18,18.9,17.5,21.9,21.6,,,13.3,29.6,1016.2,207.0
3549,2024-09-19,19.9,16.3,24.3,3.5,,,12.0,25.9,1015.8,283.0
3550,2024-09-20,19.3,16.9,22.6,7.3,,,13.6,24.1,1016.9,70.0
3551,2024-09-21,19.9,18.4,23.1,0.5,,,15.2,25.9,1016.5,46.0
3552,2024-09-22,19.9,18.4,24.3,0.5,,,10.9,25.9,1014.2,213.0
3553,2024-09-23,19.9,18.2,22.8,4.7,,,13.7,33.3,1013.5,292.0
3554,2024-09-24,20.7,17.3,26.6,0.0,,,17.5,29.6,1012.2,169.0
3555,2024-09-25,20.6,16.0,25.3,0.0,,,16.2,29.6,1012.9,276.0
3556,2024-09-26,23.7,20.1,27.7,0.0,,,17.6,51.8,1007.9,377.0
3557,2024-09-27,22.3,18.0,27.8,0.0,,,18.5,42.6,1011.8,410.0
3558,2024-09-28,18.3,14.1,22.8,0.0,,,13.3,31.5,1020.6,446.0
3559,2024-09-29,19.2,14.5,23.8,0.0,,,19.3,37.0,1022.9,400.0
3560,2024-09-30,20.9,17.0,25.4,0.0,,,15.9,37.0,1020.3,351.0
3561,2024-10-01,20.9,18.3,25.3,0.0,,,18.6,44.5,1015.5,207.0
3562,2024-10-02,20.4,15.9,24.6,24.3,,,16.6,31.5,1009.2,106.0
3563,2024-10-03,18.5,15.2,24.5,11.3,,,16.4,42.6,1008.1,322.0
3564,2024-10-04,17.8,14.1,23.0,0.0,,,16.8,29.6,1012.5,339.0
3565,2024-10-05,17.6,13.0,23.9,0.0,,,15.2,29.6,1013.2,308.0
3566,2024-10-06,20.4,17.0,25.1,0.0,,,13.8,29.6,1009.7,204.0
3567,2024-10-07,21.1,18.1,25.1,2.2,,,10.6,24.1,1007.4,82.0
3568,2024-10-08,20.1,16.4,25.7,0.0,,,18.2,53.7,1006.6,332.0
3569,2024-10-09,21.2,17.6,25.0,0.0,,,18.4,57.4,1003.7,277.0
3570,2024-10-10,19.6,15.5,23.0,0.0,,,13.1,33.3,1007.2,388.0
3571,2024-10-11,17.3,13.6,22.4,0.0,,,12.6,25.9,1015.1,296.0
3572,2024-10-12,19.0,16.0,23.7,2.9,,,12.0,31.5,1014.2,60.0
3573,2024-10-13,19.1,16.1,23.2,0.0,,,15.2,24.1,1018.0,257.0
3574,2024-10-14,20.0,18.4,23.7,0.0,,,18.5,35.2,1017.7,186.0
3575,2024-10-15,21.1,20.2,24.1,9.7,,,21.6,44.5,1013.6,10.0
3576,2024-10-16,21.3,18.9,25.4,0.0,,,10.1,29.6,1010.9,130.0
3577,2024-10-17,20.1,16.1,26.6,0.0,,,15.7,33.3,1010.7,102.0
3578,2024-10-18,16.4,14.2,20.6,0.0,,,13.3,27.8,1016.7,133.0
3579,2024-10-19,16.1,12.1,21.8,0.0,,,13.6,25.9,1018.6,311.0
3580,2024-10-20,18.0,13.5,24.6,0.0,,,12.0,24.1,1021.8,286.0
3581,2024-10-21,18.7,15.4,24.1,0.0,,,17.0,25.9,1024.8,258.0
3582,2024-10-22,18.2,15.6,22.4,0.2,,,18.4,35.2,1026.5,172.0
3583,2024-10-23,18.1,15.5,22.8,0.0,,,12.2,22.2,1027.4,245.0
3584,2024-10-24,17.3,14.4,21.8,0.0,,,10.2,20.4,1024.0,279.0
3585,2024-10-25,18.6,15.5,22.6,33.9,,,12.3,24.1,1018.6,89.0
3586,2024-10-26,14.8,12.2,17.6,22.6,,,13.5,29.6,1013.9,22.0
3587,2024-10-27,15.0,11.7,19.4,8.4,,,23.2,40.8,1017.7,95.0
3588,2024-10-28,18.4,17.0,21.1,21.9,,,24.6,48.2,1021.7,14.0
3589,2024-10-29,19.1,16.8,22.5,0.1,,,28.7,50.0,1022.2,15.0
3590,2024-10-30,19.6,19.0,21.0,1.6,,,35.9,61.1,1019.9,15.0
3591,2024-10-31,20.0,18.5,22.8,0.0,,,25.9,50.0,1021.8,51.0
3592,2024-11-01,18.1,15.6,22.2,0.1,,,20.7,42.6,1022.1,56.0
3593,2024-11-02,17.4,16.0,20.2,0.8,,,22.5,51.8,1020.6,30.0
3594,2024-11-03,17.1,15.0,20.0,15.3,,,18.8,40.8,1023.9,34.0
3595,2024-11-04,18.2,15.8,20.3,144.2,,,20.4,35.2,1023.2,32.0
3596,2024-11-05,18.9,17.3,23.1,0.1,,,10.3,24.1,1022.9,120.0
3597,2024-11-06,18.1,16.1,22.0,0.0,,,14.0,27.8,1025.2,203.0
3598,2024-11-07,17.1,15.2,20.5,0.0,,,18.6,42.6,1024.4,146.0
3599,2024-11-08,16.8,14.4,21.4,0.0,,,12.6,24.1,1022.2,255.0
3600,2024-11-09,16.0,13.4,20.4,0.0,,,11.5,24.1,1022.1,168.0
3601,2024-11-10,15.8,13.0,21.3,0.0,,,16.7,29.6,1022.7,296.0
3602,2024-11-11,14.5,11.4,20.6,0.0,,,14.9,25.9,1023.2,295.0
3603,2024-11-12,12.3,10.4,16.6,10.8,,,17.7,29.6,1018.9,46.0
3604,2024-11-13,12.9,9.4,17.0,1.5,,,28.6,59.3,1019.0,22.0
3605,2024-11-14,13.4,10.5,18.6,0.0,,,15.9,29.6,1021.3,284.0
3606,2024-11-15,13.8,12.6,18.0,0.0,,,9.5,22.2,1023.4,215.0
3607,2024-11-16,14.2,11.6,19.7,0.0,,,11.0,22.2,1021.7,231.0
3608,2024-11-17,14.1,10.8,19.6,0.0,,,14.6,27.8,1018.6,290.0
3609,2024-11-18,13.1,10.2,17.4,0.0,,,15.3,27.8,1017.5,160.0
3610,2024-11-19,14.8,11.3,20.9,0.0,,,13.1,31.5,1015.1,317.0
3611,2024-11-20,17.2,15.4,20.3,0.0,,,19.8,53.7,1010.7,126.0
3612,2024-11-21,15.5,11.0,19.3,0.0,,,21.9,55.5,1008.4,165.0
3613,2024-11-22,15.5,11.5,18.8,2.2,,,16.4,53.7,1012.3,297.0
3614,2024-11-23,13.6,10.6,18.0,0.1,,,14.6,31.5,1025.5,239.0
3615,2024-11-24,16.4,14.3,20.7,0.0,,,9.2,20.4,1025.4,191.0
3616,2024-11-25,15.9,13.6,20.1,0.0,,,10.4,27.8,1020.0,51.0
3617,2024-11-26,14.1,12.2,18.3,0.0,,,12.2,24.1,1022.4,192.0
3618,2024-11-27,12.3,9.8,18.3,0.0,,,14.1,24.1,1024.1,255.0
3619,2024-11-28,11.2,7.3,17.6,0.0,,,16.5,27.8,1025.5,329.0
3620,2024-11-29,12.1,8.2,19.4,0.0,,,14.0,31.5,1024.5,326.0
3621,2024-11-30,12.4,8.5,17.8,0.0,,,12.6,25.9,1027.2,271.0
3622,2024-12-01,14.4,11.9,17.4,0.0,,,12.8,24.1,1024.9,161.0
3623,2024-12-02,13.9,11.1,21.4,0.0,,,14.2,29.6,1021.4,156.0
3624,2024-12-03,11.9,9.5,16.7,0.2,,,14.9,25.9,1020.1,240.0
3625,2024-12-04,11.4,9.4,15.6,0.0,,,13.0,20.4,1021.2,211.0
3626,2024-12-05,11.0,8.2,16.4,0.0,,,16.4,29.6,1025.9,187.0
3627,2024-12-06,13.0,10.3,18.8,0.0,,,14.3,31.5,1022.5,141.0
3628,2024-12-07,13.8,8.6,20.8,0.0,,,20.4,66.7,1016.8,230.0
3629,2024-12-08,9.9,7.6,14.5,0.0,,,22.7,57.4,1012.3,290.0
3630,2024-12-09,8.9,6.4,14.5,0.0,,,17.1,35.2,1011.4,235.0
3631,2024-12-10,8.0,6.4,11.4,8.9,,,14.8,14.8,1017.0,149.0
3632,2024-12-11,7.9,6.6,10.5,1.7,,,15.4,24.1,1020.6,93.0
3633,2024-12-12,10.4,9.3,13.3,30.3,,,19.1,44.5,1020.9,101.0
3634,2024-12-13,9.9,7.5,15.7,0.0,,,11.3,37.0,1022.1,160.0
3635,2024-12-14,9.2,6.4,14.1,0.0,,,12.9,27.8,1026.5,278.0
3636,2024-12-15,8.2,5.1,14.3,0.0,,,13.2,25.9,1032.3,256.0
3637,2024-12-16,8.1,4.2,14.4,0.0,,,17.4,29.6,1037.8,331.0
3638,2024-12-17,9.5,4.5,15.6,0.0,,,15.5,38.9,1032.9,235.0
3639,2024-12-18,9.9,6.8,16.7,0.0,,,11.4,33.3,1027.3,286.0
3640,2024-12-19,15.1,9.1,20.8,0.0,,,16.0,50.0,1017.5,234.0
3641,2024-12-20,9.7,6.3,15.1,0.0,,,11.4,29.6,1024.0,288.0
3642,2024-12-21,8.0,4.5,14.3,0.0,,,15.2,29.6,1027.9,242.0
3643,2024-12-22,11.9,7.3,17.6,0.0,,,18.3,50.0,1021.0,226.0
3644,2024-12-23,10.4,6.1,16.2,0.0,,,10.8,38.9,1019.7,285.0
3645,2024-12-24,7.8,4.3,12.5,0.0,,,12.3,25.9,1023.7,156.0
3646,2024-12-25,10.2,8.5,15.1,0.0,,,11.2,24.1,1028.0,177.0
3647,2024-12-26,11.4,9.4,14.3,0.0,,,9.6,14.8,1029.6,100.0
3648,2024-12-27,9.8,6.4,17.5,0.0,,,13.0,24.1,1031.1,300.0
3649,2024-12-28,8.0,3.9,14.8,0.0,,,15.2,25.9,1029.7,302.0
3650,2024-12-29,7.9,4.3,16.0,0.0,,,15.0,27.8,1028.9,295.0
3651,2024-12-30,7.4,3.7,14.5,0.0,,,15.1,27.8,1029.9,283.0
3652,2024-12-31,7.6,3.1,14.7,0.0,,,15.5,27.8,1031.3,200.0
3653,2025-01-01,8.4,5.6,14.8,0.0,,,15.6,25.9,1030.6,239.0
3654,2025-01-02,7.9,4.2,16.3,0.0,,,16.5,29.6,1025.8,290.0
3655,2025-01-03,8.3,5.1,13.7,0.0,,,17.1,37.0,1021.2,127.0
3656,2025-01-04,10.7,8.3,16.2,0.0,,,11.6,25.9,1020.1,219.0
3657,2025-01-05,10.1,6.7,15.4,0.0,,,16.0,42.6,1012.9,152.0
3658,2025-01-06,12.7,9.3,16.6,0.1,,,13.2,42.6,1005.7,205.0
3659,2025-01-07,10.8,6.5,15.7,0.0,,,16.0,42.6,1015.1,262.0
3660,2025-01-08,12.1,7.7,17.6,0.0,,,15.1,48.2,1015.5,278.0
3661,2025-01-09,15.9,12.0,20.3,0.0,,,20.3,51.8,1015.2,315.0
3662,2025-01-10,12.9,8.1,19.3,0.0,,,12.8,31.5,1020.6,273.0
3663,2025-01-11,14.3,12.2,19.1,0.0,,,11.3,31.5,1017.8,203.0
3664,2025-01-12,9.7,4.4,15.8,0.0,,,14.1,27.8,1023.5,256.0
3665,2025-01-13,5.7,2.6,11.7,0.0,,,16.0,25.9,1028.2,284.0
3666,2025-01-14,5.0,0.6,12.0,0.0,,,17.3,25.9,1030.1,328.0
3667,2025-01-15,5.3,0.7,12.5,0.0,,,18.2,25.9,1026.0,305.0
3668,2025-01-16,6.7,2.4,13.4,6.5,,,28.6,42.6,1025.6,104.0
3669,2025-01-17,10.0,7.1,13.8,0.0,,,26.7,46.3,1028.6,164.0
3670,2025-01-18,7.9,3.7,13.6,0.0,,,15.1,25.9,1024.5,254.0
3671,2025-01-19,9.6,6.8,14.4,0.0,,,12.4,24.1,1020.5,67.0
3672,2025-01-20,8.3,5.4,14.5,0.0,,,12.8,22.2,1017.7,89.0
3673,2025-01-21,8.6,4.7,13.9,0.0,,,13.1,25.9,1014.7,38.0
3674,2025-01-22,11.8,7.8,17.0,0.0,,,11.3,37.0,1010.1,184.0
3675,2025-01-23,12.1,9.5,16.7,0.0,,,9.0,27.8,1013.8,136.0
3676,2025-01-24,11.6,7.4,17.9,0.0,,,17.3,35.2,1018.5,323.0
3677,2025-01-25,11.9,7.7,17.0,0.0,,,12.3,38.9,1014.6,189.0
3678,2025-01-26,12.1,7.4,17.4,0.0,,,15.0,38.9,1017.6,208.0
3679,2025-01-27,16.0,14.0,20.3,0.4,,,24.0,61.1,1008.0,116.0
3680,2025-01-28,13.2,11.2,16.4,0.0,,,30.5,63.0,1012.0,280.0
3681,2025-01-29,11.6,8.7,15.4,0.0,,,15.5,48.2,1016.3,222.0
3682,2025-01-30,10.6,7.9,16.1,0.0,,,13.3,42.6,1013.3,256.0
3683,2025-01-31,8.9,6.2,13.8,0.0,,,14.6,25.9,1025.0,251.0
3684,2025-02-01,7.0,5.6,10.3,6.4,,,14.5,22.2,1022.6,47.0
3685,2025-02-02,8.9,6.5,14.7,0.0,,,14.5,22.2,1019.4,200.0
3686,2025-02-03,9.1,4.8,16.2,0.0,,,15.3,27.8,1023.1,341.0
3687,2025-02-04,8.8,4.2,15.1,0.0,,,16.4,25.9,1027.1,353.0
3688,2025-02-05,8.9,4.8,15.6,0.0,,,15.4,25.9,1031.8,335.0
3689,2025-02-06,8.5,4.4,13.5,0.0,,,14.2,27.8,1029.7,308.0
3690,2025-02-07,10.2,7.4,14.4,6.3,,,14.0,31.5,1021.3,149.0
3691,2025-02-08,9.8,5.7,14.2,0.0,,,16.0,35.2,1019.2,159.0
3692,2025-02-09,8.3,3.7,14.4,0.0,,,13.0,24.1,1026.0,239.0
3693,2025-02-10,10.3,7.7,14.9,0.1,,,11.5,24.1,1024.0,129.0
3694,2025-02-11,11.4,9.1,15.4,0.0,,,9.4,22.2,1020.1,221.0
3695,2025-02-12,10.2,8.7,13.3,32.6,,,12.5,24.1,1016.2,10.0
3696,2025-02-13,11.8,9.8,16.6,0.0,,,13.3,22.2,1018.6,256.0
3697,2025-02-14,11.0,8.0,16.3,0.0,,,11.3,22.2,1017.2,248.0
3698,2025-02-15,10.9,10.6,12.4,0.0,,,11.3,25.9,1016.7,111.0
3699,2025-02-16,11.8,9.8,16.6,0.0,,,11.2,25.9,1013.9,216.0
3700,2025-02-17,11.7,8.8,16.3,0.0,,,8.7,20.4,1015.9,238.0
3701,2025-02-18,11.9,10.6,15.4,0.0,,,9.5,18.5,1017.1,115.0
3702,2025-02-19,11.7,9.0,16.3,0.0,,,20.5,29.6,1020.5,94.0
3703,2025-02-20,12.6,12.3,14.3,0.1,,,10.1,22.2,1026.9,139.0
3704,2025-02-21,12.7,12.2,14.6,0.2,,,6.5,22.2,1025.9,60.0
3705,2025-02-22,13.6,12.8,15.7,0.0,,,9.9,20.4,1021.7,18.0
3706,2025-02-23,12.1,9.1,16.1,0.1,,,9.6,18.5,1027.9,189.0
3707,2025-02-24,11.0,7.5,15.9,0.0,,,15.1,38.9,1027.4,285.0
3708,2025-02-25,11.4,8.4,16.8,0.2,,,11.8,33.3,1020.5,111.0
3709,2025-02-26,9.9,6.4,15.1,0.0,,,11.0,27.8,1023.4,431.0
3710,2025-02-27,9.8,5.5,15.3,0.0,,,11.4,22.2,1020.8,154.0
3711,2025-02-28,9.8,8.3,14.6,0.0,,,15.8,25.9,1019.3,209.0
3712,2025-03-01,9.9,7.1,13.8,0.0,,,18.1,35.2,1018.2,108.0
3713,2025-03-02,11.7,9.5,16.0,0.0,,,26.6,46.3,1022.3,94.0
3714,2025-03-03,12.8,12.8,15.5,0.0,,,34.3,42.6,1022.8,12.0
3715,2025-03-04,12.9,11.3,16.7,0.0,,,28.2,44.5,1021.7,220.0
3716,2025-03-05,12.5,9.8,16.7,0.0,,,30.2,44.5,1022.3,224.0
3717,2025-03-06,13.2,11.8,16.0,10.0,,,34.4,42.6,1019.8,18.0
3718,2025-03-07,12.0,11.4,14.3,6.4,,,24.6,38.9,1015.9,25.0
3719,2025-03-08,13.9,13.8,16.1,33.0,,,16.5,48.2,1008.8,90.0
3720,2025-03-09,13.0,10.6,16.2,21.7,,,14.9,48.2,1000.5,141.0
3721,2025-03-10,11.8,9.5,16.6,0.2,,,11.1,25.9,1002.7,128.0
3722,2025-03-11,11.8,9.2,16.7,0.3,,,12.8,33.3,1001.9,79.0
3723,2025-03-12,12.2,9.9,15.8,0.1,,,12.9,35.2,999.8,218.0
3724,2025-03-13,10.7,8.6,14.7,8.7,,,22.5,37.0,998.0,57.0
3725,2025-03-14,8.1,8.0,9.9,12.3,,,11.3,35.2,1000.4,5.0
3726,2025-03-15,9.1,6.6,13.8,0.0,,,14.3,31.5,1009.5,331.0
3727,2025-03-16,7.9,4.2,13.1,1.4,,,11.6,31.5,1016.4,484.0
3728,2025-03-17,9.3,7.2,13.0,0.0,,,12.3,31.5,1018.1,322.0
3729,2025-03-18,10.7,6.8,14.3,2.1,,,22.6,38.9,1019.7,210.0
3730,2025-03-19,13.6,12.8,15.1,1.6,,,24.2,46.3,1022.9,354.0
3731,2025-03-20,13.8,13.7,14.5,,,,31.7,42.6,1022.0,432.0
3732,2025-03-21,13.8,10.5,15.5,6.1,,,25.9,40.8,1011.7,324.0
3733,2025-03-22,12.1,8.8,16.9,0.2,,,12.7,50.0,1006.2,159.0
3734,2025-03-23,11.6,8.3,16.1,0.9,,,12.7,37.0,1006.4,102.0
3735,2025-03-24,11.3,7.8,15.8,3.3,,,14.9,29.6,1013.2,205.0
3736,2025-03-25,12.3,8.7,16.2,0.0,,,12.5,25.9,1019.3,223.0
3737,2025-03-26,13.2,10.4,18.5,0.0,,,13.1,25.9,1017.7,332.0
3738,2025-03-27,13.1,10.1,16.2,0.0,,,14.4,27.8,1015.1,239.0
3739,2025-03-28,13.7,11.1,17.0,0.0,,,13.6,29.6,1013.3,307.0
3740,2025-03-29,14.4,10.1,19.7,0.0,,,18.1,44.5,1012.7,496.0
3741,2025-03-30,13.4,9.1,18.6,0.0,,,16.5,31.5,1017.6,514.0
3742,2025-03-31,14.3,10.8,20.1,0.0,,,13.8,24.1,1016.1,549.0
3743,2025-04-01,13.2,9.5,17.3,0.1,,,15.2,25.9,1011.4,477.0
3744,2025-04-02,13.8,12.0,15.3,3.3,,,20.3,37.0,1010.5,0.0
3745,2025-04-03,14.7,13.0,17.6,0.0,,,30.3,44.5,1016.9,91.0
3746,2025-04-04,16.1,14.4,19.1,0.0,,,37.9,57.4,1013.6,162.0
3747,2025-04-05,14.7,12.3,18.0,0.0,,,12.4,33.3,1012.0,264.0
3748,2025-04-06,16.6,10.5,23.3,0.0,,,16.7,37.0,1010.9,382.0
3749,2025-04-07,16.0,14.1,19.1,0.0,,,14.2,25.9,1016.5,362.0
3750,2025-04-08,15.1,11.8,18.4,0.0,,,11.2,24.1,1022.2,417.0
3751,2025-04-09,15.2,12.0,18.5,0.0,,,11.3,29.6,1019.7,332.0
3752,2025-04-10,16.1,14.4,18.5,0.0,,,13.1,29.6,1021.3,218.0
3753,2025-04-11,15.3,11.9,18.9,0.2,,,12.6,24.1,1020.2,159.0
3754,2025-04-12,15.2,12.3,19.8,0.0,,,10.8,25.9,1012.2,135.0
3755,2025-04-13,15.8,12.8,19.5,0.0,,,9.5,27.8,1009.7,165.0
3756,2025-04-14,16.4,15.2,19.0,0.0,,,12.8,25.9,1007.5,155.0
3757,2025-04-15,16.2,12.4,19.6,0.0,,,14.8,35.2,1002.4,161.0
3758,2025-04-16,13.1,9.5,16.3,0.5,,,14.1,29.6,1008.1,158.0
3759,2025-04-17,14.3,8.8,20.6,0.0,,,18.7,31.5,1011.7,606.0
3760,2025-04-18,14.8,9.9,18.7,1.7,,,12.9,29.6,1014.2,464.0
3761,2025-04-19,15.9,10.6,20.1,6.4,,,12.8,35.2,1005.7,287.0
3762,2025-04-20,14.0,8.3,19.0,0.0,,,16.8,35.2,1009.4,248.0
3763,2025-04-21,14.6,10.3,18.5,0.0,,,13.6,37.0,1015.5,506.0
3764,2025-04-22,16.1,12.2,20.7,0.0,,,11.8,27.8,1018.1,185.0
3765,2025-04-23,15.9,12.3,19.7,0.0,,,17.7,35.2,1020.1,378.0
3766,2025-04-24,16.1,12.7,19.7,0.0,,,13.2,27.8,1018.7,412.0
3767,2025-04-25,16.8,15.1,19.6,0.0,,,11.9,25.9,1015.9,357.0
3768,2025-04-26,15.7,12.8,18.3,19.9,,,12.2,29.6,1015.1,151.0
3769,2025-04-27,15.3,11.3,20.0,0.3,,,11.0,24.1,1020.0,338.0
3770,2025-04-28,16.3,12.1,21.4,0.0,,,15.5,25.0,1022.1,344.0
3771,2025-04-29,16.3,12.6,19.8,0.0,,,13.8,31.5,1021.3,403.0
3772,2025-04-30,17.6,14.3,21.0,0.0,,,19.7,38.9,1020.0,372.0
3773,2025-05-01,18.4,14.7,22.7,0.0,,,24.3,38.9,1018.7,314.0
3774,2025-05-02,18.0,15.7,21.0,6.0,,,24.6,40.8,1017.4,123.0
3775,2025-05-03,18.3,15.7,24.1,0.2,,,16.8,37.0,1014.0,352.0
3776,2025-05-04,18.4,16.1,21.3,0.1,,,15.1,37.0,1008.8,252.0
3777,2025-05-05,16.7,13.3,21.8,26.1,,,14.3,31.5,1007.4,193.0
3778,2025-05-06,14.3,11.0,17.9,4.9,,,14.8,37.0,1012.4,178.0
3779,2025-05-07,14.4,10.0,18.7,0.0,,,16.1,35.2,1015.0,451.0
3780,2025-05-08,15.7,11.4,20.1,11.4,,,14.4,29.6,1012.5,148.0
3781,2025-05-09,16.7,14.2,19.0,8.8,,,13.9,27.8,1012.5,139.0
3782,2025-05-10,18.2,15.8,20.7,1.8,,,17.1,33.3,1014.2,184.0
3783,2025-05-11,17.8,14.1,21.4,0.0,,,14.9,44.5,1011.3,377.0
3784,2025-05-12,17.0,13.0,20.1,0.0,,,12.7,31.5,1013.7,392.0
3785,2025-05-13,17.2,13.1,21.1,0.0,,,13.2,25.9,1014.3,334.0
3786,2025-05-14,17.6,13.3,21.4,0.0,,,16.9,33.3,1015.1,192.0
3787,2025-05-15,18.5,13.9,23.9,0.2,,,17.4,35.2,1013.1,272.0
3788,2025-05-16,19.4,16.3,23.9,0.0,,,16.0,33.3,1013.2,486.0
3789,2025-05-17,18.9,15.1,22.9,0.0,,,14.7,35.2,1016.0,534.0
3790,2025-05-18,19.0,15.1,22.5,0.0,,,16.3,37.0,1016.1,447.0
3791,2025-05-19,20.2,16.3,24.1,0.0,,,12.9,29.6,1013.8,366.0
3792,2025-05-20,19.4,15.6,25.4,0.0,,,15.1,33.3,1016.0,441.0
3793,2025-05-21,19.6,16.2,23.2,1.1,,,17.0,31.5,1017.0,490.0
3794,2025-05-22,18.0,15.7,20.0,1.7,,,13.6,33.3,1015.1,260.0
3795,2025-05-23,18.5,14.4,22.5,0.0,,,17.2,35.2,1016.5,515.0
3796,2025-05-24,18.6,14.4,22.3,0.0,,,14.3,31.5,1018.7,505.0
3797,2025-05-25,19.1,14.5,22.9,0.0,,,13.6,29.6,1019.4,472.0
3798,2025-05-26,19.9,16.4,23.2,0.0,,,11.6,29.6,1020.5,354.0
3799,2025-05-27,20.1,16.9,23.6,0.0,,,12.6,29.6,1021.9,460.0
3800,2025-05-28,20.5,16.6,24.1,0.0,,,16.5,35.2,1022.7,557.0
3801,2025-05-29,21.3,17.3,25.6,0.0,,,12.0,29.6,1022.3,557.0
3802,2025-05-30,22.9,18.7,26.8,0.0,,,15.1,33.3,1020.5,575.0
3803,2025-05-31,23.2,19.6,27.2,0.0,,,11.7,31.5,1020.0,446.0
3804,2025-06-01,23.3,20.8,26.6,0.0,,,16.5,37.0,1018.0,408.0
3805,2025-06-02,23.3,21.5,27.3,0.0,,,21.9,35.2,1017.6,189.0
3806,2025-06-03,22.4,18.6,27.4,0.0,,,18.5,33.3,1013.3,294.0
3807,2025-06-04,22.9,19.9,26.9,0.0,,,16.9,44.5,1012.7,407.0
3808,2025-06-05,22.3,20.8,24.6,0.0,,,16.0,27.8,1016.2,406.0
3809,2025-06-06,22.4,20.0,26.0,0.0,,,11.2,27.8,1016.9,424.0
3810,2025-06-07,22.7,19.0,26.0,0.0,,,11.4,25.9,1015.9,505.0
3811,2025-06-08,22.0,19.5,24.7,0.0,,,11.5,33.3,1019.8,472.0
3812,2025-06-09,22.4,18.9,26.0,0.0,,,13.6,35.2,1020.4,557.0
3813,2025-06-10,24.7,22.1,29.1,0.0,,,20.6,37.0,1018.8,421.0
3814,2025-06-11,25.3,21.3,30.0,0.0,,,16.4,40.8,1015.0,422.0
3815,2025-06-12,25.0,21.8,28.4,0.0,,,19.6,27.8,1014.2,476.0
3816,2025-06-13,24.9,23.5,27.9,0.0,,,20.5,33.3,1017.6,354.0
3817,2025-06-14,25.6,22.5,29.5,0.0,,,15.8,31.5,1018.3,353.0
3818,2025-06-15,25.9,23.5,29.7,0.0,,,22.6,33.3,1019.5,378.0
3819,2025-06-16,24.5,22.3,27.7,0.0,,,15.0,40.8,1020.9,571.0
3820,2025-06-17,24.3,21.2,27.6,0.0,,,9.7,29.6,1020.1,570.0
3821,2025-06-18,25.7,21.9,30.1,0.0,,,9.3,27.8,1020.4,634.0
3822,2025-06-19,25.6,22.5,28.9,0.0,,,14.4,33.3,1019.4,516.0
3823,2025-06-20,25.9,22.6,29.7,0.0,,,19.4,38.9,1019.0,438.0
3824,2025-06-21,26.2,23.3,30.4,0.0,,,18.0,40.8,1017.8,540.0
3825,2025-06-22,26.9,23.5,29.7,0.0,,,17.2,37.0,1018.6,470.0
3826,2025-06-23,26.9,23.3,30.2,0.0,,,16.5,37.0,1018.0,493.0
3827,2025-06-24,26.8,22.8,31.4,0.0,,,14.9,37.0,1016.4,566.0
3828,2025-06-25,27.7,23.3,32.9,0.0,,,11.1,29.6,1014.0,555.0
3829,2025-06-26,27.0,24.9,30.2,0.0,,,16.0,33.3,1016.9,787.0
3830,2025-06-27,27.3,24.1,31.3,0.0,,,17.0,38.9,1021.5,807.0
3831,2025-06-28,27.1,24.7,30.8,0.0,,,14.6,31.5,1021.9,818.0
3832,2025-06-29,29.0,24.9,34.8,0.0,,,10.7,25.9,1019.6,821.0
3833,2025-06-30,29.1,25.8,34.3,0.0,,,13.4,29.6,1016.3,815.0
3834,2025-07-01,29.3,25.6,33.5,0.0,,,12.9,25.9,1015.0,747.0
3835,2025-07-02,28.4,24.1,33.1,0.0,,,12.6,27.8,1015.1,709.0
3836,2025-07-03,28.1,25.5,30.9,0.0,,,14.9,35.2,1019.5,714.0
3837,2025-07-04,27.9,24.1,31.6,0.0,,,16.5,33.3,1020.4,697.0
3838,2025-07-05,27.8,23.6,32.6,0.0,,,11.9,25.9,1017.5,579.0
3839,2025-07-06,27.0,23.5,31.2,0.0,,,15.6,33.3,1013.6,569.0
3840,2025-07-07,25.8,23.6,29.7,0.1,,,16.6,37.0,1012.0,593.0
3841,2025-07-08,24.6,22.4,28.1,0.0,,,18.4,44.5,1015.1,661.0
3842,2025-07-09,25.2,24.7,27.0,0.0,,,11.1,29.6,1018.6,384.0
3843,2025-07-10,25.4,24.0,28.1,0.3,,,13.0,25.9,1017.2,386.0
3844,2025-07-11,26.5,23.3,30.0,0.0,,,11.8,29.6,1014.0,357.0
3845,2025-07-12,24.8,18.9,29.7,11.8,,,15.8,35.2,1010.9,114.0
3846,2025-07-13,24.8,19.9,29.2,0.0,,,14.7,33.3,1013.8,745.0
3847,2025-07-14,26.4,22.2,31.6,0.0,,,13.2,29.6,1019.2,784.0
3848,2025-07-15,26.6,22.8,30.5,0.0,,,13.0,29.6,1019.4,787.0
3849,2025-07-16,26.9,23.8,31.3,0.0,,,15.9,38.9,1018.3,777.0
3850,2025-07-17,27.1,23.3,30.9,0.0,,,10.3,33.3,1015.3,711.0
3851,2025-07-18,27.4,24.0,30.8,0.2,,,10.6,25.9,1011.2,636.0
3852,2025-07-19,27.6,26.1,31.1,0.0,,,17.4,31.5,1008.5,549.0
3853,2025-07-20,27.6,26.4,30.6,0.0,,,18.7,37.0,1007.1,665.0
3854,2025-07-21,25.9,23.7,28.0,0.0,,,17.2,31.5,1010.7,675.0
3855,2025-07-22,25.6,21.9,28.8,0.0,,,14.1,35.2,1016.2,583.0
3856,2025-07-23,26.3,20.2,29.7,18.3,,,13.9,27.8,1013.6,212.0
3857,2025-07-24,20.6,19.5,22.3,3.1,,,12.1,31.5,1014.5,130.0
3858,2025-07-25,22.9,18.5,28.1,0.4,,,18.5,37.0,1015.8,671.0
3859,2025-07-26,24.1,20.1,27.9,0.0,,,15.7,37.0,1017.2,767.0
3860,2025-07-27,25.3,21.0,29.8,17.3,,,16.4,33.3,1016.4,676.0
3861,2025-07-28,24.8,21.9,27.3,0.0,,,15.7,29.6,1014.9,468.0
3862,2025-07-29,25.1,21.6,28.0,0.0,,,12.8,35.2,1017.1,692.0
3863,2025-07-30,24.7,21.8,27.7,0.0,,,15.5,31.5,1018.3,643.0
3864,2025-07-31,25.2,21.8,29.4,0.3,,,19.0,44.5,1018.4,734.0
3865,2025-08-01,25.3,21.8,29.0,0.0,,,14.8,38.9,1015.3,612.0
3866,2025-08-02,26.1,24.4,29.1,0.0,,,11.1,31.5,1014.1,584.0
3867,2025-08-03,25.3,23.8,28.0,0.0,,,14.2,29.6,1017.9,593.0
3868,2025-08-04,25.7,22.4,29.6,0.0,,,20.2,44.5,1020.4,609.0
3869,2025-08-05,26.2,22.8,30.3,0.0,,,12.4,35.2,1019.5,690.0
3870,2025-08-06,26.1,22.7,29.8,0.0,,,11.4,33.3,1018.9,635.0
3871,2025-08-07,26.1,23.1,29.7,0.0,,,11.2,27.8,1018.0,710.0
3872,2025-08-08,26.4,22.3,30.4,0.0,,,11.3,24.1,1018.9,707.0
3873,2025-08-09,26.4,22.8,29.9,0.0,,,9.8,24.1,1019.5,669.0
3874,2025-08-10,28.2,24.4,33.0,0.0,,,10.4,33.3,1019.4,676.0
3875,2025-08-11,29.1,26.6,33.1,0.3,,,12.0,25.9,1016.3,690.0
3876,2025-08-12,28.4,25.2,32.2,0.0,,,10.8,24.1,1015.5,645.0
3877,2025-08-13,28.2,25.4,31.7,0.0,,,13.8,29.6,1015.1,546.0
3878,2025-08-14,28.2,24.1,33.7,0.0,,,15.4,33.3,1016.1,633.0
3879,2025-08-15,28.1,25.0,33.3,0.0,,,11.7,29.6,1017.9,741.0
3880,2025-08-16,29.2,25.6,36.7,0.0,,,13.3,29.6,1016.4,741.0
3881,2025-08-17,28.8,26.1,35.6,0.0,,,12.2,27.8,1013.5,713.0
3882,2025-08-18,28.1,25.3,32.3,0.1,,,13.0,29.6,1013.3,505.0
3883,2025-08-19,27.5,25.5,30.0,0.7,,,16.4,31.5,1011.9,295.0
3884,2025-08-20,24.8,19.8,28.5,32.9,,,14.8,29.6,1009.7,317.0
3885,2025-08-21,23.6,19.5,29.2,0.0,,,14.4,33.3,1011.0,613.0
3886,2025-08-22,24.7,21.3,28.5,0.0,,,16.4,27.8,1014.9,550.0
3887,2025-08-23,25.1,21.3,28.9,0.0,,,17.2,37.0,1015.6,705.0
3888,2025-08-24,25.9,22.3,29.4,0.0,,,11.5,29.6,1015.1,560.0
3889,2025-08-25,25.4,23.2,28.5,1.5,,,11.5,29.6,1015.9,57.0
3890,2025-08-26,26.3,23.6,28.9,0.0,,,14.6,24.1,1012.8,594.0
3891,2025-08-27,26.8,24.5,30.8,0.0,,,20.8,38.9,1009.2,391.0
3892,2025-08-28,25.2,20.7,29.0,48.7,,,13.3,31.5,1006.8,203.0
3893,2025-08-29,23.6,18.3,30.1,0.0,,,19.4,48.2,1010.0,581.0
3894,2025-08-30,23.5,19.1,27.9,0.0,,,14.2,29.6,1013.4,667.0
3895,2025-08-31,25.6,21.6,29.4,0.2,,,11.5,31.5,1011.6,441.0
3896,2025-09-01,25.2,21.5,28.6,0.0,,,14.2,33.3,1009.4,463.0
3897,2025-09-02,23.5,19.1,28.4,0.0,,,20.3,48.2,1014.9,527.0
3898,2025-09-03,24.2,19.4,28.8,0.0,,,17.5,42.6,1015.2,694.0
3899,2025-09-04,25.1,21.7,29.2,0.0,,,13.0,38.9,1014.2,510.0
3900,2025-09-05,24.4,20.6,26.4,0.0,,,16.1,29.6,1020.0,516.0
3901,2025-09-06,23.4,18.8,27.7,0.0,,,11.3,27.8,1018.7,619.0
3902,2025-09-07,25.4,22.1,28.9,0.0,,,11.5,24.1,1015.5,416.0
3903,2025-09-08,25.4,24.3,27.5,0.2,,,14.9,27.8,1014.7,140.0
3904,2025-09-09,23.1,19.4,24.8,2.3,,,14.2,29.6,1013.5,141.0
3905,2025-09-10,23.2,18.9,28.6,0.0,,,17.4,46.3,1011.7,569.0
3906,2025-09-11,23.1,19.3,27.8,0.0,,,13.9,31.5,1016.6,581.0
3907,2025-09-12,22.9,20.4,26.8,4.1,,,17.0,31.5,1020.1,396.0
3908,2025-09-13,22.6,21.2,27.9,1.9,,,8.7,27.8,1017.8,183.0
3909,2025-09-14,24.0,20.8,27.0,0.0,,,10.6,25.9,1020.0,493.0
3910,2025-09-15,24.8,21.7,28.3,0.0,,,13.5,37.0,1020.5,574.0
3911,2025-09-16,24.3,22.3,26.9,0.0,,,9.3,27.8,1022.4,407.0
3912,2025-09-17,24.8,22.0,28.3,0.0,,,10.8,29.6,1022.0,413.0
3913,2025-09-18,24.8,21.9,28.3,0.0,,,9.7,24.1,1023.0,525.0
3914,2025-09-19,24.4,21.4,27.7,0.0,,,10.5,25.9,1023.9,510.0
3915,2025-09-20,25.0,22.4,28.7,4.1,,,11.4,25.9,1020.3,367.0
3916,2025-09-21,23.2,18.6,27.2,19.2,,,9.0,29.6,1012.9,156.0
3917,2025-09-22,19.8,15.4,23.7,0.0,,,13.9,27.8,1013.8,662.0
3918,2025-09-23,18.1,13.9,22.8,10.3,,,15.8,29.6,1016.2,569.0
3919,2025-09-24,17.7,13.4,21.9,9.4,,,14.9,27.8,1018.2,595.0
3920,2025-09-25,18.2,14.5,22.7,0.0,,,14.3,31.5,1018.5,449.0
3921,2025-09-26,19.3,15.0,23.9,0.0,,,14.2,29.6,1018.4,616.0
3922,2025-09-27,20.4,16.4,24.4,0.0,,,12.8,27.8,1018.4,448.0
3923,2025-09-28,21.3,19.6,23.7,0.0,,,18.9,42.6,1016.6,80.0
3924,2025-09-29,20.6,16.6,23.7,0.0,,,16.2,42.6,1018.2,352.0
3925,2025-09-30,21.0,17.6,24.6,0.0,,,11.2,25.9,1019.5,485.0
3926,2025-10-01,20.7,16.9,25.0,4.9,,,10.2,23.0,1020.2,499.0
3927,2025-10-02,20.1,17.3,23.2,0.0,,,10.2,22.2,1021.6,357.0
3928,2025-10-03,21.1,17.6,25.5,0.0,,,9.1,22.2,1020.3,258.0
3929,2025-10-04,21.8,17.8,26.4,0.0,,,14.4,29.6,1017.1,420.0
3930,2025-10-05,20.4,15.8,23.8,1.8,,,15.5,37.0,1018.7,373.0
3931,2025-10-06,18.7,15.0,22.2,0.0,,,18.8,29.6,1023.7,507.0
3932,2025-10-07,18.7,13.3,24.2,0.0,,,14.5,26.0,1022.0,435.0
3933,2025-10-08,20.4,16.9,24.8,0.0,,,8.0,25.9,1019.9,437.0
3934,2025-10-09,20.0,18.4,23.9,14.3,,,6.5,20.0,1020.2,174.0
3935,2025-10-10,20.6,18.5,24.1,0.0,,,10.3,25.9,1023.9,473.0
3936,2025-10-11,21.1,17.9,24.5,0.0,,,20.5,51.8,1024.6,370.0
3937,2025-10-12,19.9,16.9,23.5,3.9,,,21.0,50.0,1022.1,219.0
3938,2025-10-13,20.3,18.1,23.3,0.6,,,13.9,33.3,1018.9,143.0
3939,2025-10-14,20.2,17.8,23.4,2.3,,,13.5,31.5,1017.8,325.0
3940,2025-10-15,19.1,16.2,22.3,0.0,,,10.6,22.2,1018.6,467.0
3941,2025-10-16,18.7,15.5,22.1,0.6,,,10.5,20.4,1018.1,398.0
3942,2025-10-17,19.0,16.2,23.3,2.7,,,9.6,22.2,1017.5,342.0
3943,2025-10-18,18.8,15.6,23.4,2.3,,,12.1,24.1,1019.4,390.0
3944,2025-10-19,19.8,15.4,24.2,0.2,,,17.8,35.2,1017.3,281.0
3945,2025-10-20,22.5,17.0,25.4,0.0,,,23.5,51.8,1008.6,250.0
3946,2025-10-21,20.4,15.2,25.4,0.0,,,18.2,40.8,1007.4,493.0
3947,2025-10-22,22.3,18.1,27.7,0.0,,,14.2,35.2,1007.9,468.0
3948,2025-10-23,23.0,16.6,27.6,0.0,,,26.6,57.4,1007.5,504.0
3949,2025-10-24,18.2,13.6,22.7,0.0,,,15.8,33.3,1014.5,558.0
3950,2025-10-25,19.0,15.8,22.7,0.7,,,11.1,25.9,1011.8,291.0
3951,2025-10-26,16.4,12.5,19.6,2.7,,,12.0,24.1,1015.4,247.0
3952,2025-10-27,14.3,10.0,20.1,0.0,,,17.8,31.5,1019.3,573.0
3953,2025-10-28,15.0,10.0,21.1,0.0,,,16.0,31.5,1018.1,557.0
3954,2025-10-29,16.6,12.8,22.0,0.7,,,11.6,25.9,1010.4,97.0
3955,2025-10-30,18.4,15.2,23.2,0.0,,,13.5,33.3,1010.9,433.0
3956,2025-10-31,17.2,12.6,23.0,0.0,,,14.0,33.3,1014.7,408.0
3957,2025-11-01,17.2,13.4,22.4,0.0,,,13.4,37.0,1016.1,330.0
3958,2025-11-02,19.0,13.9,24.6,0.0,,,10.9,29.6,1017.6,399.0
3959,2025-11-03,15.3,12.0,20.5,0.0,,,14.7,27.0,1023.4,420.0
3960,2025-11-04,15.4,10.8,21.4,0.0,,,13.8,27.8,1022.7,465.0
3961,2025-11-05,15.8,12.4,20.2,2.4,,,12.4,25.9,1019.2,222.0
3962,2025-11-06,16.9,13.1,20.3,12.4,,,13.8,44.5,1008.9,227.0
3963,2025-11-07,15.3,12.0,20.8,0.0,,,10.0,27.8,1011.4,457.0
3964,2025-11-08,14.1,11.8,18.1,0.0,,,13.4,25.9,1012.1,84.0
3965,2025-11-09,14.0,11.1,19.3,0.0,,,15.5,29.6,1017.8,539.0
3966,2025-11-10,13.5,9.0,19.5,0.0,,,14.7,29.6,1016.2,427.0
3967,2025-11-11,13.9,9.4,19.9,0.0,,,15.2,27.8,1016.8,374.0
3968,2025-11-12,15.0,10.2,20.9,0.0,,,12.5,27.8,1017.4,331.0
3969,2025-11-13,17.9,14.9,21.4,0.0,,,21.5,37.0,1016.5,253.0
3970,2025-11-14,19.6,17.5,22.1,0.0,,,15.0,29.6,1009.9,9.0
3971,2025-11-15,18.5,14.1,21.7,10.9,,,14.6,46.3,1010.9,390.0
3972,2025-11-16,17.5,13.1,21.5,0.0,,,13.4,44.5,1007.7,396.0
3973,2025-11-17,14.4,10.7,19.0,0.0,,,12.5,25.9,1011.3,392.0
3974,2025-11-18,12.8,10.0,16.0,0.0,,,18.1,27.0,1015.5,424.0
3975,2025-11-19,9.4,5.7,14.4,0.0,,,15.5,29.6,1014.1,504.0
3976,2025-11-20,8.9,5.3,14.1,0.0,,,15.2,27.8,1013.1,250.0
3977,2025-11-21,8.6,5.0,12.4,0.0,,,20.2,40.8,1016.8,522.0
3978,2025-11-22,8.6,4.3,14.2,0.0,,,18.2,33.3,1022.4,535.0
3979,2025-11-23,10.2,4.7,15.9,0.0,,,12.7,27.8,1019.1,385.0
3980,2025-11-24,16.2,11.5,20.0,0.0,,,21.0,46.3,1008.0,343.0
3981,2025-11-25,13.6,8.8,17.2,0.0,,,16.2,29.6,1008.3,377.0
3982,2025-11-26,10.8,6.0,15.7,0.0,,,18.9,31.5,1015.4,417.0
3983,2025-11-27,8.3,4.8,14.3,0.0,,,14.9,29.6,1019.5,418.0
3984,2025-11-28,8.7,3.9,15.8,0.0,,,17.5,31.5,1020.1,313.0
3985,2025-11-29,10.9,6.0,16.1,0.0,,,15.3,33.3,1015.2,304.0
3986,2025-11-30,10.7,7.3,16.0,0.0,,,14.5,33.3,1014.1,369.0
3987,2025-12-01,10.0,7.0,16.0,0.0,,,16.3,33.3,1018.4,339.0
3988,2025-12-02,10.3,6.7,16.0,0.0,,,13.5,24.1,1012.4,275.0
3989,2025-12-03,10.2,7.0,15.0,0.0,,,18.3,26.0,1011.6,434.0
3990,2025-12-04,8.1,5.0,12.0,0.0,,,13.4,33.3,1011.7,177.0
3991,2025-12-05,10.1,5.8,14.7,0.0,,,10.6,29.6,1012.7,436.0
3992,2025-12-06,12.0,7.9,19.0,0.0,,,10.1,27.8,1017.0,363.0
3993,2025-12-07,13.3,8.8,20.0,0.0,,,15.1,25.9,1019.1,364.0
3994,2025-12-08,12.6,9.0,17.5,0.0,,,17.0,27.8,1020.7,462.0
3995,2025-12-09,11.8,7.9,17.6,0.0,,,12.4,31.5,1020.5,404.0
3996,2025-12-10,11.9,8.0,17.0,0.0,,,10.7,22.2,1021.4,354.0
3997,2025-12-11,11.9,9.0,17.0,0.0,,,12.6,23.0,1023.2,360.0
3998,2025-12-12,13.4,10.9,17.4,0.0,,,12.2,24.0,1021.2,342.0
3999,2025-12-13,13.0,10.0,17.0,0.0,,,13.5,19.0,1025.5,265.0
4000,2025-12-14,11.1,7.0,15.0,1.0,,,17.2,25.0,1024.2,144.0
4001,2025-12-15,15.2,12.0,17.6,11.6,,,15.3,25.9,1014.9,35.0
4002,2025-12-16,12.1,10.0,14.0,9.9,,,12.8,22.2,1010.5,66.0
4003,2025-12-17,12.9,11.0,16.0,1.6,,,12.7,24.1,1020.7,311.0
4004,2025-12-18,11.9,9.0,16.0,0.0,,,12.0,23.0,1024.0,374.0
4005,2025-12-19,11.2,8.0,15.0,0.0,,,14.1,23.0,1020.1,243.0
4006,2025-12-20,12.1,10.8,13.0,8.5,,,11.8,21.0,1014.2,31.0
4007,2025-12-21,12.6,10.0,15.3,3.4,,,7.6,20.4,1006.0,243.0
4008,2025-12-22,8.8,7.0,12.0,1.8,,,11.3,38.9,1004.1,110.0
4009,2025-12-23,7.9,6.0,12.0,3.0,,,17.0,29.6,1004.2,32.0
4010,2025-12-24,10.1,7.0,15.0,0.0,,,16.6,27.8,1006.5,168.0
4011,2025-12-25,9.0,7.0,11.0,7.7,,,13.2,27.8,1010.6,3.0
4012,2025-12-26,12.7,10.0,14.0,29.0,,,26.2,37.0,1011.8,10.0
4013,2025-12-27,12.6,11.0,14.0,40.9,,,31.2,33.3,1018.0,13.0
4014,2025-12-28,12.3,9.7,15.0,3.5,,,14.7,25.9,1019.4,190.0
4015,2025-12-29,11.3,10.0,12.3,4.9,,,9.2,24.1,1019.1,114.0
4016,2025-12-30,9.5,8.0,13.0,0.0,,,19.2,27.8,1017.0,445.0
4017,2025-12-31,9.1,7.0,12.0,0.0,,,16.5,26.0,1018.6,218.0
