,Unnamed: 0,time,tavg,tmin,tmax,prcp,pres,target,month,day_of_year,pres_lag_1,tavg_lag_1,prcp_lag_1,temp_roll_3,prcp_sum_7,month_sin,month_cos,pres_ayer,tavg_ayer,prcp_ayer,tavg_media_3d,pres_media_3d
6,6,2015-01-07,8.2,5.4,15.0,0.0,1030.6,0,1,7,1026.0,8.1,0.0,8.366666666666667,0.0,0.49999999999999994,0.8660254037844387,1026.0,8.1,0.0,8.366666666666667,1028.8
7,7,2015-01-08,7.1,4.0,12.9,0.0,1036.3,0,1,8,1030.6,8.2,0.0,7.8,0.0,0.49999999999999994,0.8660254037844387,1030.6,8.2,0.0,7.8,1030.9666666666665
8,8,2015-01-09,7.8,3.8,14.8,0.0,1039.9,0,1,9,1036.3,7.1,0.0,7.7,0.0,0.49999999999999994,0.8660254037844387,1036.3,7.1,0.0,7.7,1035.6000000000001
9,9,2015-01-10,11.1,7.2,17.8,0.0,1031.8,0,1,10,1039.9,7.8,0.0,8.666666666666666,0.0,0.49999999999999994,0.8660254037844387,1039.9,7.8,0.0,8.666666666666666,1036.0
10,10,2015-01-11,10.4,7.2,15.5,0.0,1028.3,0,1,11,1031.8,11.1,0.0,9.766666666666666,0.0,0.49999999999999994,0.8660254037844387,1031.8,11.1,0.0,9.766666666666666,1033.3333333333333
11,11,2015-01-12,9.9,5.4,15.6,0.0,1032.7,0,1,12,1028.3,10.4,0.0,10.466666666666667,0.0,0.49999999999999994,0.8660254037844387,1028.3,10.4,0.0,10.466666666666667,1030.9333333333334
12,12,2015-01-13,11.5,7.8,16.0,0.0,1025.9,0,1,13,1032.7,9.9,0.0,10.6,0.0,0.49999999999999994,0.8660254037844387,1032.7,9.9,0.0,10.6,1028.9666666666667
13,13,2015-01-14,11.2,8.1,16.9,0.0,1024.7,0,1,14,1025.9,11.5,0.0,10.866666666666665,0.0,0.49999999999999994,0.8660254037844387,1025.9,11.5,0.0,10.866666666666665,1027.7666666666667
14,14,2015-01-15,10.3,6.0,15.8,0.0,1018.2,1,1,15,1024.7,11.2,0.0,11.0,0.0,0.49999999999999994,0.8660254037844387,1024.7,11.2,0.0,11.0,1022.9333333333334
15,15,2015-01-16,10.1,7.9,14.2,0.1,1010.3,0,1,16,1018.2,10.3,0.0,10.533333333333333,0.1,0.49999999999999994,0.8660254037844387,1018.2,10.3,0.0,10.533333333333333,1017.7333333333332
16,16,2015-01-17,7.8,4.1,12.8,0.0,1019.4,1,1,17,1010.3,10.1,0.1,9.4,0.1,0.49999999999999994,0.8660254037844387,1010.3,10.1,0.1,9.4,1015.9666666666667
17,17,2015-01-18,7.4,1.6,13.7,5.8,1016.1,1,1,18,1019.4,7.8,0.0,8.433333333333334,5.8999999999999995,0.49999999999999994,0.8660254037844387,1019.4,7.8,0.0,8.433333333333334,1015.2666666666668
18,18,2015-01-19,6.9,6.0,8.2,7.5,1009.4,0,1,19,1016.1,7.4,5.8,7.366666666666667,13.399999999999999,0.49999999999999994,0.8660254037844387,1016.1,7.4,5.8,7.366666666666667,1014.9666666666667
19,19,2015-01-20,7.2,5.7,10.4,0.0,1009.0,0,1,20,1009.4,6.9,7.5,7.166666666666667,13.399999999999999,0.49999999999999994,0.8660254037844387,1009.4,6.9,7.5,7.166666666666667,1011.5
20,20,2015-01-21,6.7,4.0,10.6,0.0,1007.2,0,1,21,1009.0,7.2,0.0,6.933333333333334,13.399999999999999,0.49999999999999994,0.8660254037844387,1009.0,7.2,0.0,6.933333333333334,1008.5333333333333
21,21,2015-01-22,6.5,2.9,13.1,0.0,1009.9,0,1,22,1007.2,6.7,0.0,6.8,13.399999999999999,0.49999999999999994,0.8660254037844387,1007.2,6.7,0.0,6.8,1008.6999999999999
22,22,2015-01-23,7.9,2.5,14.8,0.0,1015.6,0,1,23,1009.9,6.5,0.0,7.033333333333334,13.3,0.49999999999999994,0.8660254037844387,1009.9,6.5,0.0,7.033333333333334,1010.9
23,23,2015-01-24,9.5,4.6,15.1,0.0,1018.5,0,1,24,1015.6,7.9,0.0,7.966666666666668,13.3,0.49999999999999994,0.8660254037844387,1015.6,7.9,0.0,7.966666666666668,1014.6666666666666
24,24,2015-01-25,10.8,7.0,17.0,0.0,1020.0,0,1,25,1018.5,9.5,0.0,9.4,7.5,0.49999999999999994,0.8660254037844387,1018.5,9.5,0.0,9.4,1018.0333333333333
25,25,2015-01-26,7.8,4.6,13.5,0.0,1025.6,0,1,26,1020.0,10.8,0.0,9.366666666666667,0.0,0.49999999999999994,0.8660254037844387,1020.0,10.8,0.0,9.366666666666667,1021.3666666666667
26,26,2015-01-27,9.0,6.3,13.2,0.0,1022.4,0,1,27,1025.6,7.8,0.0,9.200000000000001,0.0,0.49999999999999994,0.8660254037844387,1025.6,7.8,0.0,9.200000000000001,1022.6666666666666
27,27,2015-01-28,8.1,4.4,13.6,0.0,1021.3,0,1,28,1022.4,9.0,0.0,8.299999999999999,0.0,0.49999999999999994,0.8660254037844387,1022.4,9.0,0.0,8.299999999999999,1023.0999999999999
28,28,2015-01-29,10.7,5.4,17.6,0.0,1007.1,1,1,29,1021.3,8.1,0.0,9.266666666666666,0.0,0.49999999999999994,0.8660254037844387,1021.3,8.1,0.0,9.266666666666666,1016.9333333333334
29,29,2015-01-30,14.2,8.8,18.3,0.2,991.6,0,1,30,1007.1,10.7,0.0,11.0,0.2,0.49999999999999994,0.8660254037844387,1007.1,10.7,0.0,11.0,1006.6666666666666
30,30,2015-01-31,10.2,7.0,15.1,0.0,989.8,0,1,31,991.6,14.2,0.2,11.699999999999998,0.2,0.49999999999999994,0.8660254037844387,991.6,14.2,0.2,11.699999999999998,996.1666666666666
31,31,2015-02-01,7.9,5.3,13.0,0.0,1003.1,1,2,32,989.8,10.2,0.0,10.766666666666666,0.2,0.8660254037844386,0.5000000000000001,989.8,10.2,0.0,10.766666666666666,994.8333333333334
32,32,2015-02-02,6.7,3.3,11.7,0.2,1007.9,1,2,33,1003.1,7.9,0.0,8.266666666666666,0.4,0.8660254037844386,0.5000000000000001,1003.1,7.9,0.0,8.266666666666666,1000.2666666666668
33,33,2015-02-03,6.6,4.4,8.9,8.9,998.3,1,2,34,1007.9,6.7,0.2,7.066666666666666,9.3,0.8660254037844386,0.5000000000000001,1007.9,6.7,0.2,7.066666666666666,1003.0999999999999
34,34,2015-02-04,5.1,1.8,8.0,1.1,998.1,0,2,35,998.3,6.6,8.9,6.133333333333333,10.4,0.8660254037844386,0.5000000000000001,998.3,6.6,8.9,6.133333333333333,1001.4333333333334
35,35,2015-02-05,6.6,3.4,11.4,0.0,1001.6,0,2,36,998.1,5.1,1.1,6.1000000000000005,10.4,0.8660254037844386,0.5000000000000001,998.1,5.1,1.1,6.1000000000000005,999.3333333333334
36,36,2015-02-06,4.4,0.5,9.7,0.0,1007.9,0,2,37,1001.6,6.6,0.0,5.366666666666666,10.200000000000001,0.8660254037844386,0.5000000000000001,1001.6,6.6,0.0,5.366666666666666,1002.5333333333334
37,37,2015-02-07,5.7,1.5,10.7,0.0,1018.0,0,2,38,1007.9,4.4,0.0,5.566666666666667,10.200000000000001,0.8660254037844386,0.5000000000000001,1007.9,4.4,0.0,5.566666666666667,1009.1666666666666
38,38,2015-02-08,7.2,4.0,12.3,0.0,1019.6,0,2,39,1018.0,5.7,0.0,5.766666666666667,10.200000000000001,0.8660254037844386,0.5000000000000001,1018.0,5.7,0.0,5.766666666666667,1015.1666666666666
39,39,2015-02-09,6.9,2.6,13.5,0.0,1025.3,0,2,40,1019.6,7.2,0.0,6.6000000000000005,10.0,0.8660254037844386,0.5000000000000001,1019.6,7.2,0.0,6.6000000000000005,1020.9666666666667
40,40,2015-02-10,8.4,3.8,14.7,0.0,1024.8,0,2,41,1025.3,6.9,0.0,7.5,1.1,0.8660254037844386,0.5000000000000001,1025.3,6.9,0.0,7.5,1023.2333333333332
41,41,2015-02-11,7.9,3.0,15.7,0.0,1023.4,0,2,42,1024.8,8.4,0.0,7.733333333333334,0.0,0.8660254037844386,0.5000000000000001,1024.8,8.4,0.0,7.733333333333334,1024.5
42,42,2015-02-12,9.0,4.4,14.4,0.0,1021.5,0,2,43,1023.4,7.9,0.0,8.433333333333334,0.0,0.8660254037844386,0.5000000000000001,1023.4,7.9,0.0,8.433333333333334,1023.2333333333332
43,43,2015-02-13,11.3,8.8,15.5,0.0,1020.1,0,2,44,1021.5,9.0,0.0,9.4,0.0,0.8660254037844386,0.5000000000000001,1021.5,9.0,0.0,9.4,1021.6666666666666
44,44,2015-02-14,11.0,6.3,15.3,0.0,1013.9,0,2,45,1020.1,11.3,0.0,10.433333333333335,0.0,0.8660254037844386,0.5000000000000001,1020.1,11.3,0.0,10.433333333333335,1018.5
45,45,2015-02-15,10.9,8.4,14.2,0.0,1009.4,0,2,46,1013.9,11.0,0.0,11.066666666666668,0.0,0.8660254037844386,0.5000000000000001,1013.9,11.0,0.0,11.066666666666668,1014.4666666666666
46,46,2015-02-16,10.0,5.1,15.0,0.0,1015.7,0,2,47,1009.4,10.9,0.0,10.633333333333333,0.0,0.8660254037844386,0.5000000000000001,1009.4,10.9,0.0,10.633333333333333,1013.0
47,47,2015-02-17,11.9,9.7,14.9,0.0,1024.1,0,2,48,1015.7,10.0,0.0,10.933333333333332,0.0,0.8660254037844386,0.5000000000000001,1015.7,10.0,0.0,10.933333333333332,1016.4
48,48,2015-02-18,11.2,8.1,15.8,0.0,1031.4,0,2,49,1024.1,11.9,0.0,11.033333333333333,0.0,0.8660254037844386,0.5000000000000001,1024.1,11.9,0.0,11.033333333333333,1023.7333333333332
49,49,2015-02-19,9.1,5.0,14.2,0.0,1031.8,0,2,50,1031.4,11.2,0.0,10.733333333333334,0.0,0.8660254037844386,0.5000000000000001,1031.4,11.2,0.0,10.733333333333334,1029.1000000000001
50,50,2015-02-20,8.5,4.4,13.4,0.0,1023.0,0,2,51,1031.8,9.1,0.0,9.600000000000001,0.0,0.8660254037844386,0.5000000000000001,1031.8,9.1,0.0,9.600000000000001,1028.7333333333333
51,51,2015-02-21,9.3,5.2,13.3,0.0,1006.1,0,2,52,1023.0,8.5,0.0,8.966666666666667,0.0,0.8660254037844386,0.5000000000000001,1023.0,8.5,0.0,8.966666666666667,1020.3000000000001
52,52,2015-02-22,9.6,4.3,16.6,0.0,1007.3,0,2,53,1006.1,9.3,0.0,9.133333333333335,0.0,0.8660254037844386,0.5000000000000001,1006.1,9.3,0.0,9.133333333333335,1012.1333333333333
60,60,2015-03-02,16.3,13.5,23.4,0.0,1019.7,0,3,61,1020.4,12.8,0.0,12.766666666666667,0.0,1.0,6.123233995736766e-17,1020.4,12.8,0.0,12.766666666666667,1020.2666666666668
61,61,2015-03-03,13.5,10.3,17.2,0.0,1025.2,1,3,62,1019.7,16.3,0.0,14.200000000000001,0.0,1.0,6.123233995736766e-17,1019.7,16.3,0.0,14.200000000000001,1021.7666666666668
62,62,2015-03-04,10.1,6.5,14.2,22.2,1025.4,0,3,63,1025.2,13.5,0.0,13.300000000000002,22.2,1.0,6.123233995736766e-17,1025.2,13.5,0.0,13.300000000000002,1023.4333333333334
63,63,2015-03-05,11.6,4.7,19.9,0.0,1027.1,0,3,64,1025.4,10.1,22.2,11.733333333333334,22.2,1.0,6.123233995736766e-17,1025.4,10.1,22.2,11.733333333333334,1025.9
64,64,2015-03-06,10.4,5.7,15.4,0.0,1031.0,0,3,65,1027.1,11.6,0.0,10.700000000000001,22.2,1.0,6.123233995736766e-17,1027.1,11.6,0.0,10.700000000000001,1027.8333333333333
65,65,2015-03-07,10.9,6.2,16.7,0.0,1028.4,0,3,66,1031.0,10.4,0.0,10.966666666666667,22.2,1.0,6.123233995736766e-17,1031.0,10.4,0.0,10.966666666666667,1028.8333333333333
66,66,2015-03-08,10.5,6.8,16.0,0.0,1025.3,0,3,67,1028.4,10.9,0.0,10.6,22.2,1.0,6.123233995736766e-17,1028.4,10.9,0.0,10.6,1028.2333333333333
67,67,2015-03-09,11.7,8.4,15.7,0.0,1024.7,0,3,68,1025.3,10.5,0.0,11.033333333333331,22.2,1.0,6.123233995736766e-17,1025.3,10.5,0.0,11.033333333333331,1026.1333333333334
68,68,2015-03-10,12.3,8.9,17.5,0.0,1025.5,0,3,69,1024.7,11.7,0.0,11.5,22.2,1.0,6.123233995736766e-17,1024.7,11.7,0.0,11.5,1025.1666666666667
69,69,2015-03-11,12.1,7.4,16.4,0.0,1023.3,0,3,70,1025.5,12.3,0.0,12.033333333333333,0.0,1.0,6.123233995736766e-17,1025.5,12.3,0.0,12.033333333333333,1024.5
70,70,2015-03-12,12.8,9.3,18.4,0.0,1020.8,0,3,71,1023.3,12.1,0.0,12.4,0.0,1.0,6.123233995736766e-17,1023.3,12.1,0.0,12.4,1023.1999999999999
71,71,2015-03-13,12.6,9.1,16.0,0.0,1021.3,1,3,72,1020.8,12.8,0.0,12.5,0.0,1.0,6.123233995736766e-17,1020.8,12.8,0.0,12.5,1021.7999999999998
72,72,2015-03-14,9.1,5.9,11.7,7.0,1020.1,1,3,73,1021.3,12.6,0.0,11.5,7.0,1.0,6.123233995736766e-17,1021.3,12.6,0.0,11.5,1020.7333333333332
73,73,2015-03-15,8.3,3.6,13.7,1.7,1017.3,0,3,74,1020.1,9.1,7.0,10.0,8.7,1.0,6.123233995736766e-17,1020.1,9.1,7.0,10.0,1019.5666666666666
74,74,2015-03-16,9.1,6.1,12.6,0.0,1019.3,0,3,75,1017.3,8.3,1.7,8.833333333333334,8.7,1.0,6.123233995736766e-17,1017.3,8.3,1.7,8.833333333333334,1018.9
75,75,2015-03-17,10.3,4.7,15.2,0.0,1021.4,0,3,76,1019.3,9.1,0.0,9.233333333333333,8.7,1.0,6.123233995736766e-17,1019.3,9.1,0.0,9.233333333333333,1019.3333333333334
76,76,2015-03-18,13.5,12.3,16.0,0.0,1020.9,0,3,77,1021.4,10.3,0.0,10.966666666666667,8.7,1.0,6.123233995736766e-17,1021.4,10.3,0.0,10.966666666666667,1020.5333333333333
77,77,2015-03-19,14.4,11.3,17.8,0.0,1018.9,1,3,78,1020.9,13.5,0.0,12.733333333333334,8.7,1.0,6.123233995736766e-17,1020.9,13.5,0.0,12.733333333333334,1020.4
78,78,2015-03-20,14.4,12.5,16.4,18.3,1015.1,1,3,79,1018.9,14.4,0.0,14.1,27.0,1.0,6.123233995736766e-17,1018.9,14.4,0.0,14.1,1018.3000000000001
79,79,2015-03-21,13.8,12.3,15.8,1.5,1010.4,0,3,80,1015.1,14.4,18.3,14.200000000000001,21.5,1.0,6.123233995736766e-17,1015.1,14.4,18.3,14.200000000000001,1014.7999999999998
80,80,2015-03-22,13.1,11.5,15.5,0.0,1010.8,1,3,81,1010.4,13.8,1.5,13.766666666666667,19.8,1.0,6.123233995736766e-17,1010.4,13.8,1.5,13.766666666666667,1012.1
81,81,2015-03-23,13.4,12.3,15.8,4.5,1011.9,1,3,82,1010.8,13.1,0.0,13.433333333333332,24.3,1.0,6.123233995736766e-17,1010.8,13.1,0.0,13.433333333333332,1011.0333333333333
82,82,2015-03-24,12.8,12.0,14.4,2.0,1005.8,1,3,83,1011.9,13.4,4.5,13.1,26.3,1.0,6.123233995736766e-17,1011.9,13.4,4.5,13.1,1009.5
83,83,2015-03-25,11.3,9.5,13.6,2.1,1002.7,0,3,84,1005.8,12.8,2.0,12.5,28.400000000000002,1.0,6.123233995736766e-17,1005.8,12.8,2.0,12.5,1006.8000000000001
92,92,2015-04-03,12.8,9.1,16.8,0.0,1020.1,0,4,93,1024.9,13.6,0.0,13.5,0.0,0.8660254037844387,-0.4999999999999998,1024.9,13.6,0.0,13.5,1023.5
93,93,2015-04-04,13.6,10.3,17.5,0.0,1014.5,0,4,94,1020.1,12.8,0.0,13.333333333333334,0.0,0.8660254037844387,-0.4999999999999998,1020.1,12.8,0.0,13.333333333333334,1019.8333333333334
94,94,2015-04-05,13.2,9.2,17.1,0.0,1012.7,0,4,95,1014.5,13.6,0.0,13.200000000000001,0.0,0.8660254037844387,-0.4999999999999998,1014.5,13.6,0.0,13.200000000000001,1015.7666666666668
95,95,2015-04-06,13.2,9.4,15.9,0.0,1020.6,0,4,96,1012.7,13.2,0.0,13.333333333333334,0.0,0.8660254037844387,-0.4999999999999998,1012.7,13.2,0.0,13.333333333333334,1015.9333333333334
96,96,2015-04-07,12.0,7.8,16.9,0.0,1027.7,0,4,97,1020.6,13.2,0.0,12.799999999999999,0.0,0.8660254037844387,-0.4999999999999998,1020.6,13.2,0.0,12.799999999999999,1020.3333333333334
97,97,2015-04-08,11.4,6.3,17.2,0.0,1030.6,0,4,98,1027.7,12.0,0.0,12.200000000000001,0.0,0.8660254037844387,-0.4999999999999998,1027.7,12.0,0.0,12.200000000000001,1026.3
98,98,2015-04-09,11.5,6.0,16.2,0.0,1028.5,0,4,99,1030.6,11.4,0.0,11.633333333333333,0.0,0.8660254037844387,-0.4999999999999998,1030.6,11.4,0.0,11.633333333333333,1028.9333333333334
99,99,2015-04-10,12.9,8.2,17.6,0.0,1025.9,0,4,100,1028.5,11.5,0.0,11.933333333333332,0.0,0.8660254037844387,-0.4999999999999998,1028.5,11.5,0.0,11.933333333333332,1028.3333333333333
100,100,2015-04-11,13.9,10.8,17.6,0.0,1025.7,0,4,101,1025.9,12.9,0.0,12.766666666666666,0.0,0.8660254037844387,-0.4999999999999998,1025.9,12.9,0.0,12.766666666666666,1026.7
101,101,2015-04-12,15.2,11.1,18.9,0.0,1028.8,0,4,102,1025.7,13.9,0.0,14.0,0.0,0.8660254037844387,-0.4999999999999998,1025.7,13.9,0.0,14.0,1026.8000000000002
102,102,2015-04-13,14.4,10.1,19.1,0.0,1029.7,0,4,103,1028.8,15.2,0.0,14.5,0.0,0.8660254037844387,-0.4999999999999998,1028.8,15.2,0.0,14.5,1028.0666666666666
107,107,2015-04-18,15.8,12.2,21.2,3.6,1015.1,0,4,108,1016.9,16.1,0.0,16.066666666666666,6.5,0.8660254037844387,-0.4999999999999998,1016.9,16.1,0.0,16.066666666666666,1016.0333333333333
108,108,2015-04-19,15.6,13.3,20.4,0.0,1014.0,0,4,109,1015.1,15.8,3.6,15.833333333333334,6.5,0.8660254037844387,-0.4999999999999998,1015.1,15.8,3.6,15.833333333333334,1015.3333333333334
109,109,2015-04-20,14.9,11.6,18.2,0.0,1021.5,0,4,110,1014.0,15.6,0.0,15.433333333333332,6.5,0.8660254037844387,-0.4999999999999998,1014.0,15.6,0.0,15.433333333333332,1016.8666666666667
110,110,2015-04-21,16.7,12.1,22.8,0.0,1024.1,0,4,111,1021.5,14.9,0.0,15.733333333333334,6.5,0.8660254037844387,-0.4999999999999998,1021.5,14.9,0.0,15.733333333333334,1019.8666666666667
111,111,2015-04-22,15.9,12.6,21.0,0.0,1022.6,0,4,112,1024.1,16.7,0.0,15.833333333333334,6.5,0.8660254037844387,-0.4999999999999998,1024.1,16.7,0.0,15.833333333333334,1022.7333333333332
112,112,2015-04-23,16.0,10.9,19.9,0.0,1018.1,0,4,113,1022.6,15.9,0.0,16.2,3.6,0.8660254037844387,-0.4999999999999998,1022.6,15.9,0.0,16.2,1021.6
113,113,2015-04-24,16.4,12.9,20.7,0.0,1016.2,0,4,114,1018.1,16.0,0.0,16.099999999999998,3.6,0.8660254037844387,-0.4999999999999998,1018.1,16.0,0.0,16.099999999999998,1018.9666666666667
114,114,2015-04-25,17.2,16.3,19.8,0.0,1013.6,1,4,115,1016.2,16.4,0.0,16.533333333333335,0.0,0.8660254037844387,-0.4999999999999998,1016.2,16.4,0.0,16.533333333333335,1015.9666666666667
115,115,2015-04-26,17.3,15.1,19.8,3.6,1008.1,0,4,116,1013.6,17.2,0.0,16.96666666666667,3.6,0.8660254037844387,-0.4999999999999998,1013.6,17.2,0.0,16.96666666666667,1012.6333333333333
116,116,2015-04-27,17.5,13.0,24.7,0.0,1004.3,1,4,117,1008.1,17.3,3.6,17.333333333333332,3.6,0.8660254037844387,-0.4999999999999998,1008.1,17.3,3.6,17.333333333333332,1008.6666666666666
117,117,2015-04-28,15.8,12.1,19.2,1.0,1015.7,0,4,118,1004.3,17.5,0.0,16.866666666666667,4.6,0.8660254037844387,-0.4999999999999998,1004.3,17.5,0.0,16.866666666666667,1009.3666666666668
118,118,2015-04-29,15.3,11.2,19.3,0.0,1018.5,0,4,119,1015.7,15.8,1.0,16.200000000000003,4.6,0.8660254037844387,-0.4999999999999998,1015.7,15.8,1.0,16.200000000000003,1012.8333333333334
119,119,2015-04-30,16.7,13.8,20.0,0.0,1020.0,0,4,120,1018.5,15.3,0.0,15.933333333333335,4.6,0.8660254037844387,-0.4999999999999998,1018.5,15.3,0.0,15.933333333333335,1018.0666666666666
120,120,2015-05-01,17.1,15.2,19.7,0.0,1014.2,0,5,121,1020.0,16.7,0.0,16.366666666666667,4.6,0.49999999999999994,-0.8660254037844387,1020.0,16.7,0.0,16.366666666666667,1017.5666666666666
121,121,2015-05-02,19.4,16.0,23.7,0.0,1013.7,0,5,122,1014.2,17.1,0.0,17.733333333333334,4.6,0.49999999999999994,-0.8660254037844387,1014.2,17.1,0.0,17.733333333333334,1015.9666666666667
122,122,2015-05-03,20.1,16.7,26.1,0.0,1010.2,0,5,123,1013.7,19.4,0.0,18.866666666666667,1.0,0.49999999999999994,-0.8660254037844387,1013.7,19.4,0.0,18.866666666666667,1012.7000000000002
123,123,2015-05-04,17.9,16.0,21.0,0.0,1009.5,0,5,124,1010.2,20.1,0.0,19.133333333333333,1.0,0.49999999999999994,-0.8660254037844387,1010.2,20.1,0.0,19.133333333333333,1011.1333333333333
124,124,2015-05-05,19.8,16.8,28.9,0.0,1009.7,0,5,125,1009.5,17.9,0.0,19.266666666666666,0.0,0.49999999999999994,-0.8660254037844387,1009.5,17.9,0.0,19.266666666666666,1009.8000000000001
125,125,2015-05-06,18.8,15.2,23.2,0.0,1016.3,0,5,126,1009.7,19.8,0.0,18.833333333333336,0.0,0.49999999999999994,-0.8660254037844387,1009.7,19.8,0.0,18.833333333333336,1011.8333333333334
126,126,2015-05-07,17.8,14.0,21.8,0.0,1019.8,0,5,127,1016.3,18.8,0.0,18.8,0.0,0.49999999999999994,-0.8660254037844387,1016.3,18.8,0.0,18.8,1015.2666666666668
127,127,2015-05-08,18.6,14.2,23.9,0.0,1016.8,0,5,128,1019.8,17.8,0.0,18.400000000000002,0.0,0.49999999999999994,-0.8660254037844387,1019.8,17.8,0.0,18.400000000000002,1017.6333333333332
128,128,2015-05-09,19.9,16.3,23.8,0.0,1023.2,0,5,129,1016.8,18.6,0.0,18.76666666666667,0.0,0.49999999999999994,-0.8660254037844387,1016.8,18.6,0.0,18.76666666666667,1019.9333333333334
146,146,2015-05-27,18.5,15.8,21.7,0.0,1018.8,0,5,147,1015.6,19.2,0.0,19.0,0.0,0.49999999999999994,-0.8660254037844387,1015.6,19.2,0.0,19.0,1016.8000000000001
147,147,2015-05-28,18.8,15.3,22.6,0.0,1019.2,0,5,148,1018.8,18.5,0.0,18.833333333333336,0.0,0.49999999999999994,-0.8660254037844387,1018.8,18.5,0.0,18.833333333333336,1017.8666666666667
148,148,2015-05-29,18.8,15.1,22.7,0.0,1016.0,0,5,149,1019.2,18.8,0.0,18.700000000000003,0.0,0.49999999999999994,-0.8660254037844387,1019.2,18.8,0.0,18.700000000000003,1018.0
149,149,2015-05-30,19.3,16.3,22.9,0.0,1017.5,0,5,150,1016.0,18.8,0.0,18.96666666666667,0.0,0.49999999999999994,-0.8660254037844387,1016.0,18.8,0.0,18.96666666666667,1017.5666666666666
150,150,2015-05-31,19.8,16.3,22.9,0.0,1018.2,0,5,151,1017.5,19.3,0.0,19.3,0.0,0.49999999999999994,-0.8660254037844387,1017.5,19.3,0.0,19.3,1017.2333333333335
151,151,2015-06-01,21.1,18.3,24.9,0.0,1018.8,0,6,152,1018.2,19.8,0.0,20.066666666666666,0.0,1.2246467991473532e-16,-1.0,1018.2,19.8,0.0,20.066666666666666,1018.1666666666666
152,152,2015-06-02,20.7,17.0,24.3,0.0,1020.3,0,6,153,1018.8,21.1,0.0,20.533333333333335,0.0,1.2246467991473532e-16,-1.0,1018.8,21.1,0.0,20.533333333333335,1019.1
160,160,2015-06-10,23.7,20.9,26.7,0.0,1015.2,1,6,161,1015.4,23.8,0.0,24.133333333333336,0.0,1.2246467991473532e-16,-1.0,1015.4,23.8,0.0,24.133333333333336,1016.0666666666667
161,161,2015-06-11,23.7,19.9,28.7,3.7,1012.8,0,6,162,1015.2,23.7,0.0,23.733333333333334,3.7,1.2246467991473532e-16,-1.0,1015.2,23.7,0.0,23.733333333333334,1014.4666666666667
162,162,2015-06-12,22.2,18.5,26.4,0.0,1009.8,0,6,163,1012.8,23.7,3.7,23.2,3.7,1.2246467991473532e-16,-1.0,1012.8,23.7,3.7,23.2,1012.5999999999999
163,163,2015-06-13,21.9,20.1,24.8,0.0,1011.4,0,6,164,1009.8,22.2,0.0,22.599999999999998,3.7,1.2246467991473532e-16,-1.0,1009.8,22.2,0.0,22.599999999999998,1011.3333333333334
164,164,2015-06-14,22.4,19.2,26.6,0.0,1010.7,1,6,165,1011.4,21.9,0.0,22.166666666666668,3.7,1.2246467991473532e-16,-1.0,1011.4,21.9,0.0,22.166666666666668,1010.6333333333332
165,165,2015-06-15,21.9,19.0,25.0,7.0,1015.3,0,6,166,1010.7,22.4,0.0,22.066666666666663,10.7,1.2246467991473532e-16,-1.0,1010.7,22.4,0.0,22.066666666666663,1012.4666666666667
173,173,2015-06-23,24.6,22.8,27.9,0.2,1012.8,0,6,174,1016.2,23.2,0.0,23.666666666666668,0.2,1.2246467991473532e-16,-1.0,1016.2,23.2,0.0,23.666666666666668,1015.9666666666667
174,174,2015-06-24,23.1,21.2,25.4,0.0,1017.8,0,6,175,1012.8,24.6,0.2,23.633333333333336,0.2,1.2246467991473532e-16,-1.0,1012.8,24.6,0.2,23.633333333333336,1015.5999999999999
175,175,2015-06-25,23.1,20.2,26.4,0.0,1021.4,0,6,176,1017.8,23.1,0.0,23.600000000000005,0.2,1.2246467991473532e-16,-1.0,1017.8,23.1,0.0,23.600000000000005,1017.3333333333334
176,176,2015-06-26,23.9,20.9,27.2,0.0,1020.5,0,6,177,1021.4,23.1,0.0,23.36666666666667,0.2,1.2246467991473532e-16,-1.0,1021.4,23.1,0.0,23.36666666666667,1019.9
177,177,2015-06-27,24.6,21.4,28.0,0.0,1019.1,0,6,178,1020.5,23.9,0.0,23.866666666666664,0.2,1.2246467991473532e-16,-1.0,1020.5,23.9,0.0,23.866666666666664,1020.3333333333334
185,185,2015-07-05,28.0,23.3,33.0,0.0,1018.5,0,7,186,1021.6,27.2,0.0,27.333333333333332,0.0,-0.4999999999999997,-0.8660254037844388,1021.6,27.2,0.0,27.333333333333332,1020.9333333333334
186,186,2015-07-06,27.8,23.5,32.6,0.0,1018.6,0,7,187,1018.5,28.0,0.0,27.666666666666668,0.0,-0.4999999999999997,-0.8660254037844388,1018.5,28.0,0.0,27.666666666666668,1019.5666666666667
187,187,2015-07-07,27.7,24.3,31.0,0.0,1015.3,0,7,188,1018.6,27.8,0.0,27.833333333333332,0.0,-0.4999999999999997,-0.8660254037844388,1018.6,27.8,0.0,27.833333333333332,1017.4666666666667
188,188,2015-07-08,26.0,24.1,29.2,0.0,1015.0,0,7,189,1015.3,27.7,0.0,27.166666666666668,0.0,-0.4999999999999997,-0.8660254037844388,1015.3,27.7,0.0,27.166666666666668,1016.3000000000001
189,189,2015-07-09,25.9,23.6,29.5,0.0,1016.6,0,7,190,1015.0,26.0,0.0,26.533333333333335,0.0,-0.4999999999999997,-0.8660254037844388,1015.0,26.0,0.0,26.533333333333335,1015.6333333333333
190,190,2015-07-10,25.7,22.2,29.7,0.0,1016.7,0,7,191,1016.6,25.9,0.0,25.866666666666664,0.0,-0.4999999999999997,-0.8660254037844388,1016.6,25.9,0.0,25.866666666666664,1016.1
191,191,2015-07-11,25.7,23.5,28.3,0.0,1019.2,0,7,192,1016.7,25.7,0.0,25.766666666666666,0.0,-0.4999999999999997,-0.8660254037844388,1016.7,25.7,0.0,25.766666666666666,1017.5
192,192,2015-07-12,26.4,23.8,29.3,0.0,1018.7,0,7,193,1019.2,25.7,0.0,25.933333333333334,0.0,-0.4999999999999997,-0.8660254037844388,1019.2,25.7,0.0,25.933333333333334,1018.2000000000002
193,193,2015-07-13,26.7,24.2,29.7,0.0,1018.4,0,7,194,1018.7,26.4,0.0,26.266666666666666,0.0,-0.4999999999999997,-0.8660254037844388,1018.7,26.4,0.0,26.266666666666666,1018.7666666666668
194,194,2015-07-14,26.8,24.1,29.7,0.0,1018.1,0,7,195,1018.4,26.7,0.0,26.633333333333336,0.0,-0.4999999999999997,-0.8660254037844388,1018.4,26.7,0.0,26.633333333333336,1018.4
195,195,2015-07-15,27.1,24.1,31.0,0.0,1017.0,0,7,196,1018.1,26.8,0.0,26.86666666666667,0.0,-0.4999999999999997,-0.8660254037844388,1018.1,26.8,0.0,26.86666666666667,1017.8333333333334
196,196,2015-07-16,27.1,23.5,30.3,0.0,1015.9,0,7,197,1017.0,27.1,0.0,27.0,0.0,-0.4999999999999997,-0.8660254037844388,1017.0,27.1,0.0,27.0,1017.0
197,197,2015-07-17,26.8,24.2,30.4,0.0,1017.6,0,7,198,1015.9,27.1,0.0,27.0,0.0,-0.4999999999999997,-0.8660254037844388,1015.9,27.1,0.0,27.0,1016.8333333333334
198,198,2015-07-18,27.3,25.0,30.4,0.0,1016.9,0,7,199,1017.6,26.8,0.0,27.066666666666666,0.0,-0.4999999999999997,-0.8660254037844388,1017.6,26.8,0.0,27.066666666666666,1016.8000000000001
199,199,2015-07-19,26.9,24.4,30.3,0.0,1015.1,0,7,200,1016.9,27.3,0.0,27.0,0.0,-0.4999999999999997,-0.8660254037844388,1016.9,27.3,0.0,27.0,1016.5333333333333
200,200,2015-07-20,27.4,25.0,31.0,0.0,1015.3,0,7,201,1015.1,26.9,0.0,27.200000000000003,0.0,-0.4999999999999997,-0.8660254037844388,1015.1,26.9,0.0,27.200000000000003,1015.7666666666668
201,201,2015-07-21,28.1,25.7,31.1,0.0,1014.8,0,7,202,1015.3,27.4,0.0,27.46666666666667,0.0,-0.4999999999999997,-0.8660254037844388,1015.3,27.4,0.0,27.46666666666667,1015.0666666666666
202,202,2015-07-22,28.1,24.1,32.7,0.0,1014.7,0,7,203,1014.8,28.1,0.0,27.86666666666667,0.0,-0.4999999999999997,-0.8660254037844388,1014.8,28.1,0.0,27.86666666666667,1014.9333333333334
203,203,2015-07-23,27.9,24.6,31.4,0.0,1014.4,0,7,204,1014.7,28.1,0.0,28.033333333333335,0.0,-0.4999999999999997,-0.8660254037844388,1014.7,28.1,0.0,28.033333333333335,1014.6333333333333
217,217,2015-08-06,26.4,22.9,29.5,0.0,1015.1,0,8,218,1015.0,26.4,0.0,26.46666666666667,15.3,-0.8660254037844385,-0.5000000000000004,1015.0,26.4,0.0,26.46666666666667,1015.2666666666668
218,218,2015-08-07,27.1,24.2,30.4,0.0,1014.5,1,8,219,1015.1,26.4,0.0,26.633333333333336,1.9,-0.8660254037844385,-0.5000000000000004,1015.1,26.4,0.0,26.633333333333336,1014.8666666666668
219,219,2015-08-08,26.1,21.8,30.5,6.3,1017.9,0,8,220,1014.5,27.1,0.0,26.533333333333335,8.2,-0.8660254037844385,-0.5000000000000004,1014.5,27.1,0.0,26.533333333333335,1015.8333333333334
220,220,2015-08-09,24.1,21.4,28.0,0.0,1018.7,0,8,221,1017.9,26.1,6.3,25.76666666666667,8.2,-0.8660254037844385,-0.5000000000000004,1017.9,26.1,6.3,25.76666666666667,1017.0333333333333
221,221,2015-08-10,24.9,22.3,28.4,0.0,1015.8,0,8,222,1018.7,24.1,0.0,25.033333333333335,6.3,-0.8660254037844385,-0.5000000000000004,1018.7,24.1,0.0,25.033333333333335,1017.4666666666667
222,222,2015-08-11,25.4,21.3,29.7,0.0,1014.8,0,8,223,1015.8,24.9,0.0,24.8,6.300000000000001,-0.8660254037844385,-0.5000000000000004,1015.8,24.9,0.0,24.8,1016.4333333333333
223,223,2015-08-12,26.9,24.8,30.3,0.0,1016.6,0,8,224,1014.8,25.4,0.0,25.733333333333334,6.300000000000001,-0.8660254037844385,-0.5000000000000004,1014.8,25.4,0.0,25.733333333333334,1015.7333333333332
227,227,2015-08-16,22.2,17.3,27.7,0.5,1013.5,1,8,228,1013.7,22.3,1.6,23.133333333333336,9.3,-0.8660254037844385,-0.5000000000000004,1013.7,22.3,1.6,23.133333333333336,1013.5333333333333
228,228,2015-08-17,23.7,21.1,26.5,18.6,1013.0,1,8,229,1013.5,22.2,0.5,22.733333333333334,27.900000000000002,-0.8660254037844385,-0.5000000000000004,1013.5,22.2,0.5,22.733333333333334,1013.4
229,229,2015-08-18,21.2,17.5,24.3,5.9,1014.7,0,8,230,1013.0,23.7,18.6,22.366666666666664,33.800000000000004,-0.8660254037844385,-0.5000000000000004,1013.0,23.7,18.6,22.366666666666664,1013.7333333333335
230,230,2015-08-19,23.0,18.8,26.9,0.0,1018.1,0,8,231,1014.7,21.2,5.9,22.633333333333336,33.800000000000004,-0.8660254037844385,-0.5000000000000004,1014.7,21.2,5.9,22.633333333333336,1015.2666666666668
231,231,2015-08-20,24.3,20.6,28.6,0.0,1021.0,0,8,232,1018.1,23.0,0.0,22.833333333333332,33.800000000000004,-0.8660254037844385,-0.5000000000000004,1018.1,23.0,0.0,22.833333333333332,1017.9333333333334
240,240,2015-08-29,25.6,22.7,29.4,0.0,1019.9,0,8,241,1017.9,25.8,0.0,25.700000000000003,0.0,-0.8660254037844385,-0.5000000000000004,1017.9,25.8,0.0,25.700000000000003,1017.9333333333333
241,241,2015-08-30,25.3,21.1,29.4,0.0,1018.8,1,8,242,1019.9,25.6,0.0,25.566666666666666,0.0,-0.8660254037844385,-0.5000000000000004,1019.9,25.6,0.0,25.566666666666666,1018.8666666666667
242,242,2015-08-31,25.8,22.6,30.2,0.1,1015.4,1,8,243,1018.8,25.3,0.0,25.566666666666666,0.1,-0.8660254037844385,-0.5000000000000004,1018.8,25.3,0.0,25.566666666666666,1018.0333333333333
243,243,2015-09-01,25.5,23.3,29.0,0.4,1015.5,1,9,244,1015.4,25.8,0.1,25.533333333333335,0.5,-1.0,-1.8369701987210297e-16,1015.4,25.8,0.1,25.533333333333335,1016.5666666666666
244,244,2015-09-02,23.6,20.4,25.9,5.9,1015.9,1,9,245,1015.5,25.5,0.4,24.96666666666667,6.4,-1.0,-1.8369701987210297e-16,1015.5,25.5,0.4,24.96666666666667,1015.6
245,245,2015-09-03,22.6,20.7,24.9,0.2,1014.0,1,9,246,1015.9,23.6,5.9,23.900000000000002,6.6000000000000005,-1.0,-1.8369701987210297e-16,1015.9,23.6,5.9,23.900000000000002,1015.1333333333333
246,246,2015-09-04,20.6,18.0,23.6,2.9,1015.3,1,9,247,1014.0,22.6,0.2,22.26666666666667,9.5,-1.0,-1.8369701987210297e-16,1014.0,22.6,0.2,22.26666666666667,1015.0666666666666
250,250,2015-09-08,21.2,18.4,24.8,0.0,1018.2,0,9,251,1020.7,21.2,0.0,21.233333333333334,12.4,-1.0,-1.8369701987210297e-16,1020.7,21.2,0.0,21.233333333333334,1020.0333333333334
251,251,2015-09-09,21.2,16.7,25.3,0.0,1016.1,1,9,252,1018.2,21.2,0.0,21.2,6.5,-1.0,-1.8369701987210297e-16,1018.2,21.2,0.0,21.2,1018.3333333333334
252,252,2015-09-10,19.7,17.4,22.3,15.2,1015.7,0,9,253,1016.1,21.2,0.0,20.7,21.5,-1.0,-1.8369701987210297e-16,1016.1,21.2,0.0,20.7,1016.6666666666666
253,253,2015-09-11,21.3,18.6,25.1,0.0,1016.3,1,9,254,1015.7,19.7,15.2,20.733333333333334,18.6,-1.0,-1.8369701987210297e-16,1015.7,19.7,15.2,20.733333333333334,1016.0333333333333
254,254,2015-09-12,23.6,21.1,27.8,0.5,1015.1,0,9,255,1016.3,21.3,0.0,21.533333333333335,16.2,-1.0,-1.8369701987210297e-16,1016.3,21.3,0.0,21.533333333333335,1015.7000000000002
255,255,2015-09-13,22.9,18.9,27.3,0.0,1009.5,0,9,256,1015.1,23.6,0.5,22.599999999999998,15.7,-1.0,-1.8369701987210297e-16,1015.1,23.6,0.5,22.599999999999998,1013.6333333333332
256,256,2015-09-14,23.0,19.4,28.0,0.0,1010.7,0,9,257,1009.5,22.9,0.0,23.166666666666668,15.7,-1.0,-1.8369701987210297e-16,1009.5,22.9,0.0,23.166666666666668,1011.7666666666668
257,257,2015-09-15,21.8,17.4,25.8,0.0,1010.3,0,9,258,1010.7,23.0,0.0,22.566666666666666,15.7,-1.0,-1.8369701987210297e-16,1010.7,23.0,0.0,22.566666666666666,1010.1666666666666
258,258,2015-09-16,24.2,20.5,28.1,0.0,1004.0,0,9,259,1010.3,21.8,0.0,23.0,15.7,-1.0,-1.8369701987210297e-16,1010.3,21.8,0.0,23.0,1008.3333333333334
259,259,2015-09-17,24.1,19.7,29.2,0.0,1008.1,0,9,260,1004.0,24.2,0.0,23.36666666666667,0.5,-1.0,-1.8369701987210297e-16,1004.0,24.2,0.0,23.36666666666667,1007.4666666666667
260,260,2015-09-18,20.4,17.0,24.1,0.0,1019.2,0,9,261,1008.1,24.1,0.0,22.900000000000002,0.5,-1.0,-1.8369701987210297e-16,1008.1,24.1,0.0,22.900000000000002,1010.4333333333334
261,261,2015-09-19,20.5,16.4,24.5,0.0,1022.8,0,9,262,1019.2,20.4,0.0,21.666666666666668,0.0,-1.0,-1.8369701987210297e-16,1019.2,20.4,0.0,21.666666666666668,1016.6999999999999
262,262,2015-09-20,21.6,18.4,24.0,0.0,1020.9,0,9,263,1022.8,20.5,0.0,20.833333333333332,0.0,-1.0,-1.8369701987210297e-16,1022.8,20.5,0.0,20.833333333333332,1020.9666666666667
263,263,2015-09-21,20.9,18.0,24.7,0.0,1016.7,0,9,264,1020.9,21.6,0.0,21.0,0.0,-1.0,-1.8369701987210297e-16,1020.9,21.6,0.0,21.0,1020.1333333333332
264,264,2015-09-22,20.7,17.2,25.3,0.0,1012.8,1,9,265,1016.7,20.9,0.0,21.066666666666666,0.0,-1.0,-1.8369701987210297e-16,1016.7,20.9,0.0,21.066666666666666,1016.8000000000001
265,265,2015-09-23,20.3,18.4,22.2,1.0,1013.5,0,9,266,1012.8,20.7,0.0,20.633333333333336,1.0,-1.0,-1.8369701987210297e-16,1012.8,20.7,0.0,20.633333333333336,1014.3333333333334
266,266,2015-09-24,19.5,16.4,23.2,0.0,1017.7,0,9,267,1013.5,20.3,1.0,20.166666666666668,1.0,-1.0,-1.8369701987210297e-16,1013.5,20.3,1.0,20.166666666666668,1014.6666666666666
267,267,2015-09-25,19.4,15.0,23.1,0.0,1017.8,0,9,268,1017.7,19.5,0.0,19.733333333333334,1.0,-1.0,-1.8369701987210297e-16,1017.7,19.5,0.0,19.733333333333334,1016.3333333333334
268,268,2015-09-26,20.7,17.6,24.1,0.0,1017.8,0,9,269,1017.8,19.4,0.0,19.866666666666667,1.0,-1.0,-1.8369701987210297e-16,1017.8,19.4,0.0,19.866666666666667,1017.7666666666668
284,284,2015-10-12,19.9,19.1,22.7,0.0,1009.6,1,10,285,1007.6,18.9,0.0,18.966666666666665,6.899999999999993,-0.8660254037844386,0.5000000000000001,1007.6,18.9,0.0,18.966666666666665,1009.4
285,285,2015-10-13,18.5,17.2,21.8,3.8,1012.9,1,10,286,1009.6,19.9,0.0,19.099999999999998,10.699999999999992,-0.8660254037844386,0.5000000000000001,1009.6,19.9,0.0,19.099999999999998,1010.0333333333333
286,286,2015-10-14,16.9,12.9,20.1,0.1,1012.0,0,10,287,1012.9,18.5,3.8,18.433333333333334,3.899999999999993,-0.8660254037844386,0.5000000000000001,1012.9,18.5,3.8,18.433333333333334,1011.5
287,287,2015-10-15,13.9,9.8,18.6,0.0,1014.9,0,10,288,1012.0,16.9,0.1,16.433333333333334,3.899999999999993,-0.8660254037844386,0.5000000000000001,1012.0,16.9,0.1,16.433333333333334,1013.2666666666668
288,288,2015-10-16,14.4,10.6,19.2,0.0,1017.1,0,10,289,1014.9,13.9,0.0,15.066666666666668,3.899999999999993,-0.8660254037844386,0.5000000000000001,1014.9,13.9,0.0,15.066666666666668,1014.6666666666666
289,289,2015-10-17,15.5,11.2,19.3,0.0,1016.6,0,10,290,1017.1,14.4,0.0,14.600000000000001,3.899999999999993,-0.8660254037844386,0.5000000000000001,1017.1,14.4,0.0,14.600000000000001,1016.1999999999999
290,290,2015-10-18,18.2,16.1,22.7,0.0,1014.1,1,10,291,1016.6,15.5,0.0,16.033333333333335,3.899999999999993,-0.8660254037844386,0.5000000000000001,1016.6,15.5,0.0,16.033333333333335,1015.9333333333334
291,291,2015-10-19,17.8,15.9,21.2,0.2,1012.5,1,10,292,1014.1,18.2,0.0,17.166666666666668,4.0999999999999925,-0.8660254037844386,0.5000000000000001,1014.1,18.2,0.0,17.166666666666668,1014.4000000000001
292,292,2015-10-20,17.2,15.3,19.1,0.9,1014.9,0,10,293,1012.5,17.8,0.2,17.733333333333334,1.199999999999993,-0.8660254037844386,0.5000000000000001,1012.5,17.8,0.2,17.733333333333334,1013.8333333333334
293,293,2015-10-21,16.1,12.4,19.4,0.0,1016.6,0,10,294,1014.9,17.2,0.9,17.033333333333335,1.099999999999993,-0.8660254037844386,0.5000000000000001,1014.9,17.2,0.9,17.033333333333335,1014.6666666666666
294,294,2015-10-22,15.2,10.3,20.3,0.0,1018.4,0,10,295,1016.6,16.1,0.0,16.166666666666668,1.099999999999993,-0.8660254037844386,0.5000000000000001,1016.6,16.1,0.0,16.166666666666668,1016.6333333333333
295,295,2015-10-23,16.4,13.2,20.5,0.0,1020.3,0,10,296,1018.4,15.2,0.0,15.9,1.099999999999993,-0.8660254037844386,0.5000000000000001,1018.4,15.2,0.0,15.9,1018.4333333333334
296,296,2015-10-24,16.1,12.9,21.0,0.0,1020.4,1,10,297,1020.3,16.4,0.0,15.9,1.099999999999993,-0.8660254037844386,0.5000000000000001,1020.3,16.4,0.0,15.9,1019.6999999999999
297,297,2015-10-25,16.9,14.5,20.3,2.5,1021.6,1,10,298,1020.4,16.1,0.0,16.466666666666665,3.599999999999993,-0.8660254037844386,0.5000000000000001,1020.4,16.1,0.0,16.466666666666665,1020.7666666666668
298,298,2015-10-26,17.3,15.3,20.2,5.3,1016.4,1,10,299,1021.6,16.9,2.5,16.766666666666666,8.699999999999992,-0.8660254037844386,0.5000000000000001,1021.6,16.9,2.5,16.766666666666666,1019.4666666666667
299,299,2015-10-27,18.3,16.5,21.4,1.8,1013.5,0,10,300,1016.4,17.3,5.3,17.500000000000004,9.599999999999993,-0.8660254037844386,0.5000000000000001,1016.4,17.3,5.3,17.500000000000004,1017.1666666666666
300,300,2015-10-28,18.1,12.6,22.5,0.0,1013.5,0,10,301,1013.5,18.3,1.8,17.900000000000002,9.599999999999993,-0.8660254037844386,0.5000000000000001,1013.5,18.3,1.8,17.900000000000002,1014.4666666666667
301,301,2015-10-29,15.4,10.9,21.3,0.0,1018.4,0,10,302,1013.5,18.1,0.0,17.26666666666667,9.599999999999993,-0.8660254037844386,0.5000000000000001,1013.5,18.1,0.0,17.26666666666667,1015.1333333333332
302,302,2015-10-30,16.5,12.3,22.2,0.0,1021.2,0,10,303,1018.4,15.4,0.0,16.666666666666668,9.599999999999993,-0.8660254037844386,0.5000000000000001,1018.4,15.4,0.0,16.666666666666668,1017.6999999999999
303,303,2015-10-31,16.6,13.2,20.4,0.0,1022.6,1,10,304,1021.2,16.5,0.0,16.166666666666668,9.599999999999993,-0.8660254037844386,0.5000000000000001,1021.2,16.5,0.0,16.166666666666668,1020.7333333333332
304,304,2015-11-01,17.6,14.1,20.2,1.8,1025.7,1,11,305,1022.6,16.6,0.0,16.900000000000002,8.899999999999993,-0.5000000000000004,0.8660254037844384,1022.6,16.6,0.0,16.900000000000002,1023.1666666666666
305,305,2015-11-02,18.2,16.4,20.2,15.9,1020.7,0,11,306,1025.7,17.6,1.8,17.46666666666667,19.499999999999993,-0.5000000000000004,0.8660254037844384,1025.7,17.6,1.8,17.46666666666667,1023.0000000000001
306,306,2015-11-03,17.7,14.2,20.8,0.0,1019.7,1,11,307,1020.7,18.2,15.9,17.833333333333332,17.699999999999996,-0.5000000000000004,0.8660254037844384,1020.7,18.2,15.9,17.833333333333332,1022.0333333333334
307,307,2015-11-04,16.8,13.4,20.6,0.2,1020.9,0,11,308,1019.7,17.7,0.0,17.566666666666666,17.899999999999995,-0.5000000000000004,0.8660254037844384,1019.7,17.7,0.0,17.566666666666666,1020.4333333333334
308,308,2015-11-05,16.8,14.3,20.0,0.0,1021.8,0,11,309,1020.9,16.8,0.2,17.099999999999998,17.899999999999995,-0.5000000000000004,0.8660254037844384,1020.9,16.8,0.2,17.099999999999998,1020.8000000000001
309,309,2015-11-06,16.4,13.6,20.6,0.0,1025.6,0,11,310,1021.8,16.8,0.0,16.666666666666668,17.899999999999995,-0.5000000000000004,0.8660254037844384,1021.8,16.8,0.0,16.666666666666668,1022.7666666666668
310,310,2015-11-07,16.1,14.1,19.4,0.0,1027.8,0,11,311,1025.6,16.4,0.0,16.433333333333337,17.899999999999995,-0.5000000000000004,0.8660254037844384,1025.6,16.4,0.0,16.433333333333337,1025.0666666666666
311,311,2015-11-08,16.6,14.0,20.1,0.0,1030.4,0,11,312,1027.8,16.1,0.0,16.36666666666667,16.099999999999994,-0.5000000000000004,0.8660254037844384,1027.8,16.1,0.0,16.36666666666667,1027.9333333333334
312,312,2015-11-09,16.6,13.2,21.4,0.0,1031.3,0,11,313,1030.4,16.6,0.0,16.433333333333337,0.19999999999999468,-0.5000000000000004,0.8660254037844384,1030.4,16.6,0.0,16.433333333333337,1029.8333333333333
313,313,2015-11-10,16.3,13.2,22.6,0.0,1028.0,0,11,314,1031.3,16.6,0.0,16.500000000000004,0.19999999999999468,-0.5000000000000004,0.8660254037844384,1031.3,16.6,0.0,16.500000000000004,1029.8999999999999
314,314,2015-11-11,15.5,12.2,20.3,0.0,1025.6,0,11,315,1028.0,16.3,0.0,16.133333333333336,0.0,-0.5000000000000004,0.8660254037844384,1028.0,16.3,0.0,16.133333333333336,1028.3000000000002
315,315,2015-11-12,15.1,12.6,18.9,0.0,1026.2,0,11,316,1025.6,15.5,0.0,15.633333333333335,0.0,-0.5000000000000004,0.8660254037844384,1025.6,15.5,0.0,15.633333333333335,1026.6000000000001
316,316,2015-11-13,15.3,12.8,18.3,0.0,1029.7,0,11,317,1026.2,15.1,0.0,15.300000000000002,0.0,-0.5000000000000004,0.8660254037844384,1026.2,15.1,0.0,15.300000000000002,1027.1666666666667
317,317,2015-11-14,14.3,11.4,19.7,0.0,1031.0,0,11,318,1029.7,15.3,0.0,14.9,0.0,-0.5000000000000004,0.8660254037844384,1029.7,15.3,0.0,14.9,1028.966666666667
318,318,2015-11-15,14.1,9.4,20.2,0.0,1024.8,0,11,319,1031.0,14.3,0.0,14.566666666666668,0.0,-0.5000000000000004,0.8660254037844384,1031.0,14.3,0.0,14.566666666666668,1028.5000000000002
319,319,2015-11-16,14.4,10.1,22.2,0.0,1021.3,0,11,320,1024.8,14.1,0.0,14.266666666666667,0.0,-0.5000000000000004,0.8660254037844384,1024.8,14.1,0.0,14.266666666666667,1025.7
320,320,2015-11-17,13.5,9.4,21.4,0.0,1023.6,0,11,321,1021.3,14.4,0.0,14.0,0.0,-0.5000000000000004,0.8660254037844384,1021.3,14.4,0.0,14.0,1023.2333333333335
321,321,2015-11-18,13.2,8.7,19.4,0.0,1026.1,0,11,322,1023.6,13.5,0.0,13.700000000000001,0.0,-0.5000000000000004,0.8660254037844384,1023.6,13.5,0.0,13.700000000000001,1023.6666666666666
322,322,2015-11-19,13.9,9.6,20.3,0.0,1027.4,0,11,323,1026.1,13.2,0.0,13.533333333333337,0.0,-0.5000000000000004,0.8660254037844384,1026.1,13.2,0.0,13.533333333333337,1025.7
323,323,2015-11-20,15.2,11.2,21.0,0.0,1023.5,0,11,324,1027.4,13.9,0.0,14.100000000000001,0.0,-0.5000000000000004,0.8660254037844384,1027.4,13.9,0.0,14.100000000000001,1025.6666666666667
324,324,2015-11-21,16.2,9.2,19.9,0.0,1006.3,0,11,325,1023.5,15.2,0.0,15.1,0.0,-0.5000000000000004,0.8660254037844384,1023.5,15.2,0.0,15.1,1019.0666666666667
325,325,2015-11-22,9.8,6.7,14.1,0.0,1010.4,0,11,326,1006.3,16.2,0.0,13.733333333333334,0.0,-0.5000000000000004,0.8660254037844384,1006.3,16.2,0.0,13.733333333333334,1013.4000000000001
326,326,2015-11-23,8.2,3.6,14.2,0.0,1018.5,0,11,327,1010.4,9.8,0.0,11.4,0.0,-0.5000000000000004,0.8660254037844384,1010.4,9.8,0.0,11.4,1011.7333333333335
327,327,2015-11-24,7.2,2.0,15.6,0.0,1024.0,0,11,328,1018.5,8.2,0.0,8.4,0.0,-0.5000000000000004,0.8660254037844384,1018.5,8.2,0.0,8.4,1017.6333333333333
328,328,2015-11-25,10.2,5.8,16.7,0.0,1015.9,0,11,329,1024.0,7.2,0.0,8.533333333333333,0.0,-0.5000000000000004,0.8660254037844384,1024.0,7.2,0.0,8.533333333333333,1019.4666666666667
329,329,2015-11-26,11.2,7.1,16.4,0.0,1011.6,0,11,330,1015.9,10.2,0.0,9.533333333333333,0.0,-0.5000000000000004,0.8660254037844384,1015.9,10.2,0.0,9.533333333333333,1017.1666666666666
330,330,2015-11-27,10.4,6.4,16.0,0.0,1014.7,0,11,331,1011.6,11.2,0.0,10.600000000000001,0.0,-0.5000000000000004,0.8660254037844384,1011.6,11.2,0.0,10.600000000000001,1014.0666666666667
331,331,2015-11-28,10.1,5.8,17.2,0.0,1019.9,0,11,332,1014.7,10.4,0.0,10.566666666666668,0.0,-0.5000000000000004,0.8660254037844384,1014.7,10.4,0.0,10.566666666666668,1015.4000000000001
332,332,2015-11-29,9.8,6.4,15.2,0.0,1031.7,0,11,333,1019.9,10.1,0.0,10.100000000000001,0.0,-0.5000000000000004,0.8660254037844384,1019.9,10.1,0.0,10.100000000000001,1022.1
333,333,2015-11-30,9.7,4.7,16.6,0.0,1034.1,0,11,334,1031.7,9.8,0.0,9.866666666666669,0.0,-0.5000000000000004,0.8660254037844384,1031.7,9.8,0.0,9.866666666666669,1028.5666666666666
334,334,2015-12-01,10.1,5.3,17.4,0.0,1031.9,0,12,335,1034.1,9.7,0.0,9.866666666666667,0.0,-2.4492935982947064e-16,1.0,1034.1,9.7,0.0,9.866666666666667,1032.5666666666668
335,335,2015-12-02,9.7,5.8,16.3,0.0,1029.4,0,12,336,1031.9,10.1,0.0,9.833333333333334,0.0,-2.4492935982947064e-16,1.0,1031.9,10.1,0.0,9.833333333333334,1031.8000000000002
336,336,2015-12-03,10.3,6.7,16.2,0.0,1030.7,0,12,337,1029.4,9.7,0.0,10.033333333333333,0.0,-2.4492935982947064e-16,1.0,1029.4,9.7,0.0,10.033333333333333,1030.6666666666667
344,344,2015-12-11,11.1,8.0,17.0,0.0,1033.5,0,12,345,1034.7,11.1,0.0,11.933333333333332,0.39999999999999464,-2.4492935982947064e-16,1.0,1034.7,11.1,0.0,11.933333333333332,1034.6666666666667
345,345,2015-12-12,10.2,6.6,15.3,0.0,1028.0,0,12,346,1033.5,11.1,0.0,10.800000000000002,0.2999999999999946,-2.4492935982947064e-16,1.0,1033.5,11.1,0.0,10.800000000000002,1032.0666666666668
346,346,2015-12-13,9.7,6.6,16.1,0.0,1022.4,0,12,347,1028.0,10.2,0.0,10.333333333333334,0.0,-2.4492935982947064e-16,1.0,1028.0,10.2,0.0,10.333333333333334,1027.9666666666667
347,347,2015-12-14,8.8,4.7,14.1,0.0,1022.3,0,12,348,1022.4,9.7,0.0,9.566666666666668,0.0,-2.4492935982947064e-16,1.0,1022.4,9.7,0.0,9.566666666666668,1024.2333333333333
348,348,2015-12-15,11.3,6.4,18.3,0.0,1026.0,0,12,349,1022.3,8.8,0.0,9.933333333333335,0.0,-2.4492935982947064e-16,1.0,1022.3,8.8,0.0,9.933333333333335,1023.5666666666666
349,349,2015-12-16,12.6,9.4,18.9,0.0,1030.2,0,12,350,1026.0,11.3,0.0,10.9,0.0,-2.4492935982947064e-16,1.0,1026.0,11.3,0.0,10.9,1026.1666666666667
350,350,2015-12-17,12.8,10.2,17.9,0.0,1028.6,0,12,351,1030.2,12.6,0.0,12.233333333333334,0.0,-2.4492935982947064e-16,1.0,1030.2,12.6,0.0,12.233333333333334,1028.2666666666667
351,351,2015-12-18,11.3,8.2,17.4,0.0,1027.9,0,12,352,1028.6,12.8,0.0,12.233333333333334,0.0,-2.4492935982947064e-16,1.0,1028.6,12.8,0.0,12.233333333333334,1028.9
352,352,2015-12-19,11.3,8.3,16.2,0.0,1025.9,0,12,353,1027.9,11.3,0.0,11.800000000000002,0.0,-2.4492935982947064e-16,1.0,1027.9,11.3,0.0,11.800000000000002,1027.4666666666667
353,353,2015-12-20,12.8,12.1,14.4,0.0,1025.9,0,12,354,1025.9,11.3,0.0,11.800000000000002,0.0,-2.4492935982947064e-16,1.0,1025.9,11.3,0.0,11.800000000000002,1026.5666666666668
354,354,2015-12-21,13.4,9.7,18.0,0.0,1031.5,0,12,355,1025.9,12.8,0.0,12.5,0.0,-2.4492935982947064e-16,1.0,1025.9,12.8,0.0,12.5,1027.7666666666667
355,355,2015-12-22,11.8,7.2,15.8,0.0,1033.7,0,12,356,1031.5,13.4,0.0,12.66666666666667,0.0,-2.4492935982947064e-16,1.0,1031.5,13.4,0.0,12.66666666666667,1030.3666666666668
356,356,2015-12-23,12.8,9.7,17.3,0.0,1031.5,0,12,357,1033.7,11.8,0.0,12.666666666666666,0.0,-2.4492935982947064e-16,1.0,1033.7,11.8,0.0,12.666666666666666,1032.2333333333333
357,357,2015-12-24,13.2,9.9,18.0,0.0,1029.8,0,12,358,1031.5,12.8,0.0,12.600000000000001,0.0,-2.4492935982947064e-16,1.0,1031.5,12.8,0.0,12.600000000000001,1031.6666666666667
358,358,2015-12-25,10.6,6.9,16.8,0.0,1032.7,0,12,359,1029.8,13.2,0.0,12.200000000000001,0.0,-2.4492935982947064e-16,1.0,1029.8,13.2,0.0,12.200000000000001,1031.3333333333333
359,359,2015-12-26,10.6,6.2,15.7,0.0,1033.3,0,12,360,1032.7,10.6,0.0,11.466666666666669,0.0,-2.4492935982947064e-16,1.0,1032.7,10.6,0.0,11.466666666666669,1031.9333333333334
360,360,2015-12-27,10.6,6.5,16.2,0.0,1032.5,0,12,361,1033.3,10.6,0.0,10.6,0.0,-2.4492935982947064e-16,1.0,1033.3,10.6,0.0,10.6,1032.8333333333333
361,361,2015-12-28,11.9,8.9,17.5,0.0,1030.5,0,12,362,1032.5,10.6,0.0,11.033333333333333,0.0,-2.4492935982947064e-16,1.0,1032.5,10.6,0.0,11.033333333333333,1032.1000000000001
362,362,2015-12-29,13.6,10.8,17.2,0.0,1028.7,0,12,363,1030.5,11.9,0.0,12.033333333333333,0.0,-2.4492935982947064e-16,1.0,1030.5,11.9,0.0,12.033333333333333,1030.5666666666666
363,363,2015-12-30,11.9,8.1,17.4,0.0,1026.0,0,12,364,1028.7,13.6,0.0,12.466666666666669,0.0,-2.4492935982947064e-16,1.0,1028.7,13.6,0.0,12.466666666666669,1028.3999999999999
364,364,2015-12-31,11.3,7.1,16.9,0.0,1024.4,0,12,365,1026.0,11.9,0.0,12.266666666666667,0.0,-2.4492935982947064e-16,1.0,1026.0,11.9,0.0,12.266666666666667,1026.3666666666668
365,365,2016-01-01,11.5,8.3,16.4,0.0,1022.9,0,1,1,1024.4,11.3,0.0,11.566666666666668,0.0,0.49999999999999994,0.8660254037844387,1024.4,11.3,0.0,11.566666666666668,1024.4333333333334
366,366,2016-01-02,13.8,8.6,17.7,0.0,1017.0,0,1,2,1022.9,11.5,0.0,12.200000000000003,0.0,0.49999999999999994,0.8660254037844387,1022.9,11.5,0.0,12.200000000000003,1021.4333333333334
374,374,2016-01-10,15.3,12.3,17.6,0.0,1007.1,0,1,10,1005.9,15.6,0.0,15.9,1.1999999999999946,0.49999999999999994,0.8660254037844387,1005.9,15.6,0.0,15.9,1007.0666666666667
375,375,2016-01-11,16.2,12.4,18.9,0.0,1006.3,0,1,11,1007.1,15.3,0.0,15.700000000000003,0.0,0.49999999999999994,0.8660254037844387,1007.1,15.3,0.0,15.700000000000003,1006.4333333333334
376,376,2016-01-12,13.0,10.5,16.3,0.0,1016.9,0,1,12,1006.3,16.2,0.0,14.833333333333336,0.0,0.49999999999999994,0.8660254037844387,1006.3,16.2,0.0,14.833333333333336,1010.1
377,377,2016-01-13,10.1,6.2,15.2,0.0,1024.7,1,1,13,1016.9,13.0,0.0,13.100000000000003,0.0,0.49999999999999994,0.8660254037844387,1016.9,13.0,0.0,13.100000000000003,1015.9666666666667
378,378,2016-01-14,12.2,8.6,16.5,0.5,1016.2,0,1,14,1024.7,10.1,0.0,11.766666666666667,0.49999999999999467,0.49999999999999994,0.8660254037844387,1024.7,10.1,0.0,11.766666666666667,1019.2666666666668
379,379,2016-01-15,9.9,6.6,11.9,0.0,1019.1,0,1,15,1016.2,12.2,0.5,10.733333333333334,0.49999999999999467,0.49999999999999994,0.8660254037844387,1016.2,12.2,0.5,10.733333333333334,1020.0
380,380,2016-01-16,8.3,4.0,13.7,0.0,1024.5,0,1,16,1019.1,9.9,0.0,10.133333333333335,0.49999999999999467,0.49999999999999994,0.8660254037844387,1019.1,9.9,0.0,10.133333333333335,1019.9333333333334
381,381,2016-01-17,6.9,1.4,12.0,0.0,1025.1,0,1,17,1024.5,8.3,0.0,8.366666666666669,0.49999999999999467,0.49999999999999994,0.8660254037844387,1024.5,8.3,0.0,8.366666666666669,1022.9
382,382,2016-01-18,9.2,5.7,13.5,0.0,1015.7,0,1,18,1025.1,6.9,0.0,8.133333333333335,0.49999999999999467,0.49999999999999994,0.8660254037844387,1025.1,6.9,0.0,8.133333333333335,1021.7666666666668
383,383,2016-01-19,8.5,5.5,12.8,0.0,1017.0,0,1,19,1015.7,9.2,0.0,8.200000000000003,0.49999999999999467,0.49999999999999994,0.8660254037844387,1015.7,9.2,0.0,8.200000000000003,1019.2666666666668
384,384,2016-01-20,9.3,5.0,16.1,0.0,1017.3,0,1,20,1017.0,8.5,0.0,9.000000000000002,0.49999999999999467,0.49999999999999994,0.8660254037844387,1017.0,8.5,0.0,9.000000000000002,1016.6666666666666
385,385,2016-01-21,8.7,4.3,14.3,0.0,1021.3,0,1,21,1017.3,9.3,0.0,8.833333333333336,0.0,0.49999999999999994,0.8660254037844387,1017.3,9.3,0.0,8.833333333333336,1018.5333333333334
386,386,2016-01-22,9.6,5.1,15.2,0.0,1028.7,0,1,22,1021.3,8.7,0.0,9.200000000000001,0.0,0.49999999999999994,0.8660254037844387,1021.3,8.7,0.0,9.200000000000001,1022.4333333333334
387,387,2016-01-23,11.9,8.5,17.0,0.0,1033.2,0,1,23,1028.7,9.6,0.0,10.066666666666668,0.0,0.49999999999999994,0.8660254037844387,1028.7,9.6,0.0,10.066666666666668,1027.7333333333333
388,388,2016-01-24,11.7,8.1,14.7,0.0,1034.2,0,1,24,1033.2,11.9,0.0,11.06666666666667,0.0,0.49999999999999994,0.8660254037844387,1033.2,11.9,0.0,11.06666666666667,1032.0333333333335
389,389,2016-01-25,13.9,11.7,16.6,0.0,1032.2,0,1,25,1034.2,11.7,0.0,12.500000000000002,0.0,0.49999999999999994,0.8660254037844387,1034.2,11.7,0.0,12.500000000000002,1033.2
390,390,2016-01-26,12.9,10.3,16.7,0.0,1032.0,0,1,26,1032.2,13.9,0.0,12.833333333333336,0.0,0.49999999999999994,0.8660254037844387,1032.2,13.9,0.0,12.833333333333336,1032.8000000000002
391,391,2016-01-27,11.8,8.2,16.4,0.0,1029.6,0,1,27,1032.0,12.9,0.0,12.866666666666669,0.0,0.49999999999999994,0.8660254037844387,1032.0,12.9,0.0,12.866666666666669,1031.2666666666667
392,392,2016-01-28,12.0,8.3,17.1,0.0,1028.4,0,1,28,1029.6,11.8,0.0,12.233333333333336,0.0,0.49999999999999994,0.8660254037844387,1029.6,11.8,0.0,12.233333333333336,1030.0
393,393,2016-01-29,12.2,10.1,15.5,0.0,1032.7,0,1,29,1028.4,12.0,0.0,12.000000000000002,0.0,0.49999999999999994,0.8660254037844387,1028.4,12.0,0.0,12.000000000000002,1030.2333333333333
394,394,2016-01-30,12.3,8.6,17.8,0.0,1031.2,0,1,30,1032.7,12.2,0.0,12.16666666666667,0.0,0.49999999999999994,0.8660254037844387,1032.7,12.2,0.0,12.16666666666667,1030.7666666666667
395,395,2016-01-31,11.3,7.2,16.8,0.0,1028.1,0,1,31,1031.2,12.3,0.0,11.933333333333335,0.0,0.49999999999999994,0.8660254037844387,1031.2,12.3,0.0,11.933333333333335,1030.6666666666667
396,396,2016-02-01,13.8,9.1,19.2,0.0,1029.7,0,2,32,1028.1,11.3,0.0,12.46666666666667,0.0,0.8660254037844386,0.5000000000000001,1028.1,11.3,0.0,12.46666666666667,1029.6666666666667
397,397,2016-02-02,11.7,8.2,16.8,0.0,1027.5,0,2,33,1029.7,13.8,0.0,12.266666666666667,0.0,0.8660254037844386,0.5000000000000001,1029.7,13.8,0.0,12.266666666666667,1028.4333333333334
398,398,2016-02-03,13.5,10.3,18.3,0.0,1026.7,0,2,34,1027.5,11.7,0.0,13.000000000000002,0.0,0.8660254037844386,0.5000000000000001,1027.5,11.7,0.0,13.000000000000002,1027.966666666667
399,399,2016-02-04,9.8,5.4,14.1,0.0,1034.3,0,2,35,1026.7,13.5,0.0,11.66666666666667,0.0,0.8660254037844386,0.5000000000000001,1026.7,13.5,0.0,11.66666666666667,1029.5000000000002
400,400,2016-02-05,10.1,5.4,15.7,0.0,1028.6,1,2,36,1034.3,9.8,0.0,11.133333333333335,0.0,0.8660254037844386,0.5000000000000001,1034.3,9.8,0.0,11.133333333333335,1029.8666666666666
401,401,2016-02-06,11.2,7.5,16.2,1.9,1022.0,0,2,37,1028.6,10.1,0.0,10.366666666666669,1.8999999999999946,0.8660254037844386,0.5000000000000001,1028.6,10.1,0.0,10.366666666666669,1028.3
402,402,2016-02-07,11.8,9.4,13.5,0.0,1012.4,0,2,38,1022.0,11.2,1.9,11.033333333333337,1.8999999999999946,0.8660254037844386,0.5000000000000001,1022.0,11.2,1.9,11.033333333333337,1021.0000000000001
403,403,2016-02-08,11.8,6.1,17.4,0.0,1021.3,0,2,39,1012.4,11.8,0.0,11.600000000000003,1.8999999999999946,0.8660254037844386,0.5000000000000001,1012.4,11.8,0.0,11.600000000000003,1018.5666666666667
404,404,2016-02-09,15.9,9.8,20.1,0.0,1012.6,1,2,40,1021.3,11.8,0.0,13.16666666666667,1.8999999999999946,0.8660254037844386,0.5000000000000001,1021.3,11.8,0.0,13.16666666666667,1015.4333333333334
405,405,2016-02-10,14.2,11.0,17.6,1.7,1009.3,1,2,41,1012.6,15.9,0.0,13.966666666666669,3.5999999999999943,0.8660254037844386,0.5000000000000001,1012.6,15.9,0.0,13.966666666666669,1014.4
406,406,2016-02-11,12.0,10.0,14.5,1.2,1010.9,0,2,42,1009.3,14.2,1.7,14.033333333333337,4.7999999999999945,0.8660254037844386,0.5000000000000001,1009.3,14.2,1.7,14.033333333333337,1010.9333333333334
407,407,2016-02-12,13.6,9.9,17.9,0.0,1005.8,1,2,43,1010.9,12.0,1.2,13.266666666666671,4.7999999999999945,0.8660254037844386,0.5000000000000001,1010.9,12.0,1.2,13.266666666666671,1008.6666666666666
408,408,2016-02-13,17.2,13.2,23.3,5.9,1001.3,1,2,44,1005.8,13.6,0.0,14.266666666666667,8.799999999999995,0.8660254037844386,0.5000000000000001,1005.8,13.6,0.0,14.266666666666667,1006.0
409,409,2016-02-14,14.4,8.7,18.9,2.4,996.1,0,2,45,1001.3,17.2,5.9,15.066666666666668,11.199999999999996,0.8660254037844386,0.5000000000000001,1001.3,17.2,5.9,15.066666666666668,1001.0666666666666
410,410,2016-02-15,9.7,6.9,13.8,0.0,1006.2,0,2,46,996.1,14.4,2.4,13.766666666666667,11.199999999999996,0.8660254037844386,0.5000000000000001,996.1,14.4,2.4,13.766666666666667,1001.2000000000002
411,411,2016-02-16,8.5,3.3,13.1,0.0,1021.0,0,2,47,1006.2,9.7,0.0,10.866666666666669,11.199999999999996,0.8660254037844386,0.5000000000000001,1006.2,9.7,0.0,10.866666666666669,1007.7666666666668
412,412,2016-02-17,7.2,2.8,11.6,0.0,1020.8,0,2,48,1021.0,8.5,0.0,8.46666666666667,9.499999999999996,0.8660254037844386,0.5000000000000001,1021.0,8.5,0.0,8.46666666666667,1016.0
413,413,2016-02-18,7.7,3.7,12.9,0.0,1017.9,0,2,49,1020.8,7.2,0.0,7.800000000000002,8.299999999999995,0.8660254037844386,0.5000000000000001,1020.8,7.2,0.0,7.800000000000002,1019.9000000000001
414,414,2016-02-19,8.5,3.3,13.8,0.0,1025.5,0,2,50,1017.9,7.7,0.0,7.800000000000002,8.299999999999995,0.8660254037844386,0.5000000000000001,1017.9,7.7,0.0,7.800000000000002,1021.4000000000001
415,415,2016-02-20,8.7,2.9,14.6,0.0,1030.8,0,2,51,1025.5,8.5,0.0,8.300000000000002,2.3999999999999946,0.8660254037844386,0.5000000000000001,1025.5,8.5,0.0,8.300000000000002,1024.7333333333333
416,416,2016-02-21,10.6,4.6,16.3,0.0,1028.2,0,2,52,1030.8,8.7,0.0,9.266666666666667,0.0,0.8660254037844386,0.5000000000000001,1030.8,8.7,0.0,9.266666666666667,1028.1666666666667
417,417,2016-02-22,14.3,10.3,18.1,0.0,1019.0,0,2,53,1028.2,10.6,0.0,11.200000000000003,0.0,0.8660254037844386,0.5000000000000001,1028.2,10.6,0.0,11.200000000000003,1026.0
418,418,2016-02-23,12.4,8.8,18.3,0.0,1020.8,0,2,54,1019.0,14.3,0.0,12.433333333333337,0.0,0.8660254037844386,0.5000000000000001,1019.0,14.3,0.0,12.433333333333337,1022.6666666666666
419,419,2016-02-24,11.8,8.0,18.0,0.0,1017.0,0,2,55,1020.8,12.4,0.0,12.833333333333336,0.0,0.8660254037844386,0.5000000000000001,1020.8,12.4,0.0,12.833333333333336,1018.9333333333334
420,420,2016-02-25,12.4,7.0,17.3,0.0,1012.2,1,2,56,1017.0,11.8,0.0,12.200000000000003,0.0,0.8660254037844386,0.5000000000000001,1017.0,11.8,0.0,12.200000000000003,1016.6666666666666
421,421,2016-02-26,11.8,8.6,15.1,15.1,1009.2,1,2,57,1012.2,12.4,0.0,12.000000000000005,15.099999999999994,0.8660254037844386,0.5000000000000001,1012.2,12.4,0.0,12.000000000000005,1012.8000000000002
422,422,2016-02-27,10.8,6.8,13.7,5.7,990.7,1,2,58,1009.2,11.8,15.1,11.66666666666667,20.799999999999994,0.8660254037844386,0.5000000000000001,1009.2,11.8,15.1,11.66666666666667,1004.0333333333334
423,423,2016-02-28,10.6,7.0,14.7,0.2,998.6,0,2,59,990.7,10.8,5.7,11.06666666666667,20.999999999999993,0.8660254037844386,0.5000000000000001,990.7,10.8,5.7,11.06666666666667,999.5000000000001
424,424,2016-02-29,12.7,8.0,19.3,0.0,1007.3,0,2,60,998.6,10.6,0.2,11.366666666666669,20.999999999999993,0.8660254037844386,0.5000000000000001,998.6,10.6,0.2,11.366666666666669,998.8666666666668
425,425,2016-03-01,12.1,6.5,19.8,0.0,1020.7,0,3,61,1007.3,12.7,0.0,11.800000000000002,20.999999999999993,1.0,6.123233995736766e-17,1007.3,12.7,0.0,11.800000000000002,1008.8666666666668
426,426,2016-03-02,13.9,9.0,20.1,0.0,1016.5,0,3,62,1020.7,12.1,0.0,12.9,20.999999999999993,1.0,6.123233995736766e-17,1020.7,12.1,0.0,12.9,1014.8333333333335
427,427,2016-03-03,13.2,8.8,19.0,0.0,1013.1,0,3,63,1016.5,13.9,0.0,13.06666666666667,20.999999999999993,1.0,6.123233995736766e-17,1016.5,13.9,0.0,13.06666666666667,1016.7666666666668
428,428,2016-03-04,11.7,7.3,15.9,0.0,1007.5,0,3,64,1013.1,13.2,0.0,12.933333333333335,5.899999999999995,1.0,6.123233995736766e-17,1013.1,13.2,0.0,12.933333333333335,1012.3666666666668
429,429,2016-03-05,13.0,8.7,16.9,0.0,1001.7,0,3,65,1007.5,11.7,0.0,12.633333333333335,0.19999999999999468,1.0,6.123233995736766e-17,1007.5,11.7,0.0,12.633333333333335,1007.4333333333334
430,430,2016-03-06,10.1,6.2,14.3,0.0,1007.7,0,3,66,1001.7,13.0,0.0,11.600000000000001,0.0,1.0,6.123233995736766e-17,1001.7,13.0,0.0,11.600000000000001,1005.6333333333336
431,431,2016-03-07,10.3,6.5,13.8,0.0,1006.6,0,3,67,1007.7,10.1,0.0,11.133333333333335,0.0,1.0,6.123233995736766e-17,1007.7,10.1,0.0,11.133333333333335,1005.3333333333335
432,432,2016-03-08,10.7,7.9,13.9,0.0,1014.0,1,3,68,1006.6,10.3,0.0,10.366666666666669,0.0,1.0,6.123233995736766e-17,1006.6,10.3,0.0,10.366666666666669,1009.4333333333334
433,433,2016-03-09,8.7,4.7,12.2,0.4,1011.6,0,3,69,1014.0,10.7,0.0,9.900000000000002,0.3999999999999947,1.0,6.123233995736766e-17,1014.0,10.7,0.0,9.900000000000002,1010.7333333333335
434,434,2016-03-10,9.1,3.7,15.3,0.0,1010.4,0,3,70,1011.6,8.7,0.4,9.500000000000002,0.3999999999999947,1.0,6.123233995736766e-17,1011.6,8.7,0.4,9.500000000000002,1012.0000000000001
435,435,2016-03-11,10.0,5.1,14.6,0.0,1017.1,0,3,71,1010.4,9.1,0.0,9.266666666666667,0.3999999999999947,1.0,6.123233995736766e-17,1010.4,9.1,0.0,9.266666666666667,1013.0333333333334
436,436,2016-03-12,10.3,6.3,14.9,0.0,1020.7,0,3,72,1017.1,10.0,0.0,9.800000000000002,0.3999999999999947,1.0,6.123233995736766e-17,1017.1,10.0,0.0,9.800000000000002,1016.0666666666667
437,437,2016-03-13,10.2,5.4,15.1,0.0,1020.0,1,3,73,1020.7,10.3,0.0,10.16666666666667,0.3999999999999947,1.0,6.123233995736766e-17,1020.7,10.3,0.0,10.16666666666667,1019.2666666666668
438,438,2016-03-14,10.6,6.6,14.9,0.4,1019.8,0,3,74,1020.0,10.2,0.0,10.366666666666669,0.7999999999999947,1.0,6.123233995736766e-17,1020.0,10.2,0.0,10.366666666666669,1020.1666666666666
439,439,2016-03-15,10.3,7.8,14.6,0.0,1019.3,1,3,75,1019.8,10.6,0.4,10.366666666666669,0.7999999999999947,1.0,6.123233995736766e-17,1019.8,10.6,0.4,10.366666666666669,1019.7000000000002
440,440,2016-03-16,10.3,7.4,14.8,16.2,1014.8,1,3,76,1019.3,10.3,0.0,10.400000000000002,16.599999999999994,1.0,6.123233995736766e-17,1019.3,10.3,0.0,10.400000000000002,1017.9666666666667
441,441,2016-03-17,9.6,7.0,12.7,0.1,1019.8,0,3,77,1014.8,10.3,16.2,10.06666666666667,16.699999999999996,1.0,6.123233995736766e-17,1014.8,10.3,16.2,10.06666666666667,1017.9666666666667
442,442,2016-03-18,10.3,6.2,14.3,0.0,1019.0,1,3,78,1019.8,9.6,0.1,10.06666666666667,16.699999999999996,1.0,6.123233995736766e-17,1019.8,9.6,0.1,10.06666666666667,1017.8666666666668
443,443,2016-03-19,12.6,10.5,15.6,9.5,1016.8,1,3,79,1019.0,10.3,0.0,10.833333333333336,26.199999999999996,1.0,6.123233995736766e-17,1019.0,10.3,0.0,10.833333333333336,1018.5333333333334
444,444,2016-03-20,13.2,9.5,16.2,2.5,1014.8,0,3,80,1016.8,12.6,9.5,12.033333333333337,28.699999999999996,1.0,6.123233995736766e-17,1016.8,12.6,9.5,12.033333333333337,1016.8666666666668
445,445,2016-03-21,12.3,9.7,15.6,0.0,1013.1,0,3,81,1014.8,13.2,2.5,12.700000000000003,28.299999999999997,1.0,6.123233995736766e-17,1014.8,13.2,2.5,12.700000000000003,1014.9000000000001
446,446,2016-03-22,12.2,9.3,17.4,0.0,1004.9,0,3,82,1013.1,12.3,0.0,12.566666666666668,28.299999999999997,1.0,6.123233995736766e-17,1013.1,12.3,0.0,12.566666666666668,1010.9333333333334
447,447,2016-03-23,12.4,8.7,18.5,0.0,1002.4,0,3,83,1004.9,12.2,0.0,12.300000000000002,12.099999999999996,1.0,6.123233995736766e-17,1004.9,12.2,0.0,12.300000000000002,1006.8000000000001
448,448,2016-03-24,11.9,7.2,16.2,0.0,1013.0,0,3,84,1002.4,12.4,0.0,12.16666666666667,11.999999999999996,1.0,6.123233995736766e-17,1002.4,12.4,0.0,12.16666666666667,1006.7666666666668
456,456,2016-04-01,11.3,8.8,13.8,7.1,1013.5,0,4,92,1007.6,15.3,4.6,13.400000000000004,11.699999999999996,0.8660254037844387,-0.4999999999999998,1007.6,15.3,4.6,13.400000000000004,1012.0666666666667
457,457,2016-04-02,12.4,10.1,17.5,0.0,1013.0,0,4,93,1013.5,11.3,7.1,13.000000000000002,11.699999999999996,0.8660254037844387,-0.4999999999999998,1013.5,11.3,7.1,13.000000000000002,1011.3666666666668
458,458,2016-04-03,12.9,8.6,17.2,0.0,1013.6,1,4,94,1013.0,12.4,0.0,12.200000000000003,11.699999999999996,0.8660254037844387,-0.4999999999999998,1013.0,12.4,0.0,12.200000000000003,1013.3666666666668
459,459,2016-04-04,14.2,12.5,17.5,10.0,1009.2,1,4,95,1013.6,12.9,0.0,13.16666666666667,21.699999999999996,0.8660254037844387,-0.4999999999999998,1013.6,12.9,0.0,13.16666666666667,1011.9333333333334
460,460,2016-04-05,14.3,12.9,15.8,0.4,1005.9,0,4,96,1009.2,14.2,10.0,13.800000000000002,22.099999999999994,0.8660254037844387,-0.4999999999999998,1009.2,14.2,10.0,13.800000000000002,1009.5666666666667
461,461,2016-04-06,14.6,11.6,20.1,0.0,1012.6,1,4,97,1005.9,14.3,0.4,14.366666666666669,22.099999999999994,0.8660254037844387,-0.4999999999999998,1005.9,14.3,0.4,14.366666666666669,1009.2333333333335
462,462,2016-04-07,14.2,12.0,17.6,2.1,1012.5,1,4,98,1012.6,14.6,0.0,14.366666666666669,19.599999999999994,0.8660254037844387,-0.4999999999999998,1012.6,14.6,0.0,14.366666666666669,1010.3333333333334
463,463,2016-04-08,11.3,8.4,13.8,1.6,1011.4,0,4,99,1012.5,14.2,2.1,13.366666666666669,14.099999999999996,0.8660254037844387,-0.4999999999999998,1012.5,14.2,2.1,13.366666666666669,1012.1666666666666
464,464,2016-04-09,12.5,8.6,17.7,0.0,1009.8,1,4,100,1011.4,11.3,1.6,12.66666666666667,14.099999999999996,0.8660254037844387,-0.4999999999999998,1011.4,11.3,1.6,12.66666666666667,1011.2333333333335
465,465,2016-04-10,13.7,9.7,17.9,0.2,1009.2,0,4,101,1009.8,12.5,0.0,12.500000000000002,14.299999999999997,0.8660254037844387,-0.4999999999999998,1009.8,12.5,0.0,12.500000000000002,1010.1333333333336
466,466,2016-04-11,14.8,12.1,19.0,0.0,1009.7,0,4,102,1009.2,13.7,0.2,13.66666666666667,4.299999999999996,0.8660254037844387,-0.4999999999999998,1009.2,13.7,0.2,13.66666666666667,1009.5666666666667
467,467,2016-04-12,15.0,12.7,18.8,0.0,1011.8,0,4,103,1009.7,14.8,0.0,14.500000000000002,3.899999999999997,0.8660254037844387,-0.4999999999999998,1009.7,14.8,0.0,14.500000000000002,1010.2333333333335
468,468,2016-04-13,16.5,12.4,22.2,0.0,1011.0,0,4,104,1011.8,15.0,0.0,15.433333333333337,3.899999999999997,0.8660254037844387,-0.4999999999999998,1011.8,15.0,0.0,15.433333333333337,1010.8333333333334
469,469,2016-04-14,15.4,10.6,20.5,0.0,1014.4,0,4,105,1011.0,16.5,0.0,15.633333333333335,1.7999999999999965,0.8660254037844387,-0.4999999999999998,1011.0,16.5,0.0,15.633333333333335,1012.4000000000001
470,470,2016-04-15,15.6,12.2,19.2,0.0,1011.9,0,4,106,1014.4,15.4,0.0,15.833333333333336,0.19999999999999646,0.8660254037844387,-0.4999999999999998,1014.4,15.4,0.0,15.833333333333336,1012.4333333333334
471,471,2016-04-16,16.8,11.3,22.7,0.0,1009.6,0,4,107,1011.9,15.6,0.0,15.933333333333337,0.19999999999999646,0.8660254037844387,-0.4999999999999998,1011.9,15.6,0.0,15.933333333333337,1011.9666666666667
472,472,2016-04-17,18.1,13.8,22.7,0.0,1012.2,0,4,108,1009.6,16.8,0.0,16.83333333333334,0.0,0.8660254037844387,-0.4999999999999998,1009.6,16.8,0.0,16.83333333333334,1011.2333333333335
473,473,2016-04-18,14.6,11.9,17.4,0.0,1019.9,0,4,109,1012.2,18.1,0.0,16.500000000000004,0.0,0.8660254037844387,-0.4999999999999998,1012.2,18.1,0.0,16.500000000000004,1013.9000000000001
474,474,2016-04-19,13.8,9.9,19.8,0.0,1020.5,1,4,110,1019.9,14.6,0.0,15.500000000000002,0.0,0.8660254037844387,-0.4999999999999998,1019.9,14.6,0.0,15.500000000000002,1017.5333333333334
475,475,2016-04-20,17.0,14.3,21.1,7.7,1018.1,1,4,111,1020.5,13.8,0.0,15.133333333333335,7.699999999999997,0.8660254037844387,-0.4999999999999998,1020.5,13.8,0.0,15.133333333333335,1019.5
476,476,2016-04-21,14.6,12.0,19.2,5.2,1019.4,0,4,112,1018.1,17.0,7.7,15.133333333333335,12.899999999999997,0.8660254037844387,-0.4999999999999998,1018.1,17.0,7.7,15.133333333333335,1019.3333333333334
477,477,2016-04-22,14.9,13.1,18.1,0.0,1019.3,1,4,113,1019.4,14.6,5.2,15.500000000000005,12.899999999999997,0.8660254037844387,-0.4999999999999998,1019.4,14.6,5.2,15.500000000000005,1018.9333333333334
478,478,2016-04-23,14.8,12.0,19.3,1.2,1014.1,0,4,114,1019.3,14.9,0.0,14.766666666666671,14.099999999999996,0.8660254037844387,-0.4999999999999998,1019.3,14.9,0.0,14.766666666666671,1017.6
479,479,2016-04-24,14.4,10.4,18.1,0.0,1012.5,0,4,115,1014.1,14.8,1.2,14.700000000000003,14.099999999999996,0.8660254037844387,-0.4999999999999998,1014.1,14.8,1.2,14.700000000000003,1015.3000000000001
480,480,2016-04-25,13.8,10.5,17.5,0.0,1016.4,0,4,116,1012.5,14.4,0.0,14.333333333333337,14.099999999999996,0.8660254037844387,-0.4999999999999998,1012.5,14.4,0.0,14.333333333333337,1014.3333333333334
481,481,2016-04-26,14.0,9.5,18.7,0.0,1012.9,1,4,117,1016.4,13.8,0.0,14.06666666666667,14.099999999999996,0.8660254037844387,-0.4999999999999998,1016.4,13.8,0.0,14.06666666666667,1013.9333333333334
482,482,2016-04-27,14.2,12.3,16.0,2.9,1013.4,1,4,118,1012.9,14.0,0.0,14.000000000000005,9.299999999999997,0.8660254037844387,-0.4999999999999998,1012.9,14.0,0.0,14.000000000000005,1014.2333333333335
483,483,2016-04-28,12.6,10.5,15.3,3.8,1014.6,1,4,119,1013.4,14.2,2.9,13.600000000000003,7.899999999999996,0.8660254037844387,-0.4999999999999998,1013.4,14.2,2.9,13.600000000000003,1013.6333333333333
484,484,2016-04-29,13.9,10.3,17.7,2.3,1018.7,0,4,120,1014.6,12.6,3.8,13.56666666666667,10.199999999999996,0.8660254037844387,-0.4999999999999998,1014.6,12.6,3.8,13.56666666666667,1015.5666666666667
492,492,2016-05-07,15.4,13.8,20.3,2.7,1010.1,1,5,128,1014.3,16.1,0.6,15.700000000000005,3.4999999999999964,0.49999999999999994,-0.8660254037844387,1014.3,16.1,0.6,15.700000000000005,1013.6
493,493,2016-05-08,15.7,14.4,18.8,0.4,1007.7,1,5,129,1010.1,15.4,2.7,15.733333333333336,3.8999999999999964,0.49999999999999994,-0.8660254037844387,1010.1,15.4,2.7,15.733333333333336,1010.7000000000002
494,494,2016-05-09,16.2,14.1,17.8,5.6,1006.9,1,5,130,1007.7,15.7,0.4,15.766666666666671,9.499999999999996,0.49999999999999994,-0.8660254037844387,1007.7,15.7,0.4,15.766666666666671,1008.2333333333335
495,495,2016-05-10,15.3,12.3,19.5,6.3,1009.4,0,5,131,1006.9,16.2,5.6,15.73333333333334,15.799999999999997,0.49999999999999994,-0.8660254037844387,1006.9,16.2,5.6,15.73333333333334,1008.0000000000001
496,496,2016-05-11,15.7,12.4,20.1,0.0,1005.1,0,5,132,1009.4,15.3,6.3,15.733333333333336,15.799999999999997,0.49999999999999994,-0.8660254037844387,1009.4,15.3,6.3,15.733333333333336,1007.1333333333333
497,497,2016-05-12,16.2,11.6,22.4,0.0,1004.6,0,5,133,1005.1,15.7,0.0,15.73333333333334,15.599999999999998,0.49999999999999994,-0.8660254037844387,1005.1,15.7,0.0,15.73333333333334,1006.3666666666668
498,498,2016-05-13,16.6,13.0,20.1,0.0,1006.8,1,5,134,1004.6,16.2,0.0,16.16666666666667,14.999999999999996,0.49999999999999994,-0.8660254037844387,1004.6,16.2,0.0,16.16666666666667,1005.5
499,499,2016-05-14,16.9,13.8,20.5,0.2,1011.5,0,5,135,1006.8,16.6,0.0,16.56666666666667,12.499999999999996,0.49999999999999994,-0.8660254037844387,1006.8,16.6,0.0,16.56666666666667,1007.6333333333333
500,500,2016-05-15,18.1,15.0,22.6,0.0,1017.5,0,5,136,1011.5,16.9,0.2,17.200000000000006,12.099999999999996,0.49999999999999994,-0.8660254037844387,1011.5,16.9,0.2,17.200000000000006,1011.9333333333334
501,501,2016-05-16,17.9,15.0,22.0,0.0,1020.9,0,5,137,1017.5,18.1,0.0,17.633333333333336,6.4999999999999964,0.49999999999999994,-0.8660254037844387,1017.5,18.1,0.0,17.633333333333336,1016.6333333333333
502,502,2016-05-17,16.7,13.5,20.4,0.0,1019.7,0,5,138,1020.9,17.9,0.0,17.566666666666674,0.19999999999999646,0.49999999999999994,-0.8660254037844387,1020.9,17.9,0.0,17.566666666666674,1019.3666666666668
503,503,2016-05-18,16.9,13.5,20.7,0.0,1015.9,0,5,139,1019.7,16.7,0.0,17.16666666666667,0.19999999999999646,0.49999999999999994,-0.8660254037844387,1019.7,16.7,0.0,17.16666666666667,1018.8333333333334
504,504,2016-05-19,18.1,15.7,22.1,0.0,1016.9,0,5,140,1015.9,16.9,0.0,17.233333333333338,0.19999999999999646,0.49999999999999994,-0.8660254037844387,1015.9,16.9,0.0,17.233333333333338,1017.5
505,505,2016-05-20,17.9,15.4,22.2,0.0,1021.2,0,5,141,1016.9,18.1,0.0,17.633333333333336,0.19999999999999646,0.49999999999999994,-0.8660254037844387,1016.9,18.1,0.0,17.633333333333336,1018.0
506,506,2016-05-21,18.1,14.7,21.1,0.0,1019.3,0,5,142,1021.2,17.9,0.0,18.033333333333342,0.0,0.49999999999999994,-0.8660254037844387,1021.2,17.9,0.0,18.033333333333342,1019.1333333333333
514,514,2016-05-29,20.3,16.6,26.9,0.0,1011.6,0,5,150,1012.4,18.8,0.9,19.13333333333334,0.8999999999999965,0.49999999999999994,-0.8660254037844387,1012.4,18.8,0.9,19.13333333333334,1012.6333333333333
515,515,2016-05-30,18.8,15.8,23.4,0.0,1015.5,0,5,151,1011.6,20.3,0.0,19.300000000000008,0.8999999999999965,0.49999999999999994,-0.8660254037844387,1011.6,20.3,0.0,19.300000000000008,1013.1666666666666
516,516,2016-05-31,18.3,14.5,22.2,0.0,1017.9,0,5,152,1015.5,18.8,0.0,19.13333333333334,0.8999999999999965,0.49999999999999994,-0.8660254037844387,1015.5,18.8,0.0,19.13333333333334,1015.0
517,517,2016-06-01,18.5,15.3,22.6,0.0,1017.8,0,6,153,1017.9,18.3,0.0,18.533333333333342,0.8999999999999965,1.2246467991473532e-16,-1.0,1017.9,18.3,0.0,18.533333333333342,1017.0666666666667
518,518,2016-06-02,18.6,14.8,22.6,0.0,1015.5,0,6,154,1017.8,18.5,0.0,18.466666666666672,0.8999999999999965,1.2246467991473532e-16,-1.0,1017.8,18.5,0.0,18.466666666666672,1017.0666666666667
519,519,2016-06-03,19.2,15.6,23.1,0.0,1012.5,0,6,155,1015.5,18.6,0.0,18.766666666666673,0.8999999999999965,1.2246467991473532e-16,-1.0,1015.5,18.6,0.0,18.766666666666673,1015.2666666666668
520,520,2016-06-04,19.8,16.6,24.2,0.0,1012.6,0,6,156,1012.5,19.2,0.0,19.200000000000003,0.0,1.2246467991473532e-16,-1.0,1012.5,19.2,0.0,19.200000000000003,1013.5333333333334
521,521,2016-06-05,21.1,17.6,25.1,0.0,1016.3,0,6,157,1012.6,19.8,0.0,20.033333333333342,0.0,1.2246467991473532e-16,-1.0,1012.6,19.8,0.0,20.033333333333342,1013.8000000000001
522,522,2016-06-06,20.7,17.9,24.1,0.0,1018.1,0,6,158,1016.3,21.1,0.0,20.53333333333334,0.0,1.2246467991473532e-16,-1.0,1016.3,21.1,0.0,20.53333333333334,1015.6666666666666
523,523,2016-06-07,22.0,18.3,27.4,0.0,1021.4,0,6,159,1018.1,20.7,0.0,21.26666666666667,0.0,1.2246467991473532e-16,-1.0,1018.1,20.7,0.0,21.26666666666667,1018.6
524,524,2016-06-08,22.0,19.1,26.2,0.0,1019.7,0,6,160,1021.4,22.0,0.0,21.566666666666674,0.0,1.2246467991473532e-16,-1.0,1021.4,22.0,0.0,21.566666666666674,1019.7333333333335
525,525,2016-06-09,22.9,18.8,28.1,0.0,1014.5,0,6,161,1019.7,22.0,0.0,22.3,0.0,1.2246467991473532e-16,-1.0,1019.7,22.0,0.0,22.3,1018.5333333333334
526,526,2016-06-10,23.4,21.6,26.9,0.0,1011.5,0,6,162,1014.5,22.9,0.0,22.76666666666667,0.0,1.2246467991473532e-16,-1.0,1014.5,22.9,0.0,22.76666666666667,1015.2333333333335
527,527,2016-06-11,21.8,19.5,24.4,0.0,1013.7,0,6,163,1011.5,23.4,0.0,22.700000000000003,0.0,1.2246467991473532e-16,-1.0,1011.5,23.4,0.0,22.700000000000003,1013.2333333333335
528,528,2016-06-12,21.8,19.0,26.0,0.0,1014.6,0,6,164,1013.7,21.8,0.0,22.33333333333334,0.0,1.2246467991473532e-16,-1.0,1013.7,21.8,0.0,22.33333333333334,1013.2666666666668
529,529,2016-06-13,22.6,21.4,25.9,0.0,1010.5,0,6,165,1014.6,21.8,0.0,22.066666666666674,0.0,1.2246467991473532e-16,-1.0,1014.6,21.8,0.0,22.066666666666674,1012.9333333333334
530,530,2016-06-14,23.8,20.4,31.3,0.0,1007.4,1,6,166,1010.5,22.6,0.0,22.733333333333338,0.0,1.2246467991473532e-16,-1.0,1010.5,22.6,0.0,22.733333333333338,1010.8333333333334
531,531,2016-06-15,21.5,19.1,23.8,2.1,1003.4,0,6,167,1007.4,23.8,0.0,22.63333333333334,2.0999999999999965,1.2246467991473532e-16,-1.0,1007.4,23.8,0.0,22.63333333333334,1007.1
532,532,2016-06-16,21.0,18.1,25.6,0.0,1004.7,1,6,168,1003.4,21.5,2.1,22.100000000000005,2.0999999999999965,1.2246467991473532e-16,-1.0,1003.4,21.5,2.1,22.100000000000005,1005.1666666666666
533,533,2016-06-17,20.3,17.1,23.5,0.9,1014.5,1,6,169,1004.7,21.0,0.0,20.93333333333334,2.9999999999999964,1.2246467991473532e-16,-1.0,1004.7,21.0,0.0,20.93333333333334,1007.5333333333334
534,534,2016-06-18,18.4,12.9,22.0,24.7,1020.8,0,6,170,1014.5,20.3,0.9,19.900000000000002,27.699999999999996,1.2246467991473532e-16,-1.0,1014.5,20.3,0.9,19.900000000000002,1013.3333333333334
535,535,2016-06-19,18.9,13.7,24.1,0.0,1023.4,0,6,171,1020.8,18.4,24.7,19.200000000000006,27.699999999999996,1.2246467991473532e-16,-1.0,1020.8,18.4,24.7,19.200000000000006,1019.5666666666667
536,536,2016-06-20,20.1,16.2,24.2,0.0,1022.7,0,6,172,1023.4,18.9,0.0,19.133333333333336,27.699999999999996,1.2246467991473532e-16,-1.0,1023.4,18.9,0.0,19.133333333333336,1022.3000000000001
537,537,2016-06-21,21.5,18.1,25.0,0.0,1022.5,0,6,173,1022.7,20.1,0.0,20.16666666666667,27.699999999999996,1.2246467991473532e-16,-1.0,1022.7,20.1,0.0,20.16666666666667,1022.8666666666668
538,538,2016-06-22,22.4,19.5,27.1,0.0,1021.5,0,6,174,1022.5,21.5,0.0,21.33333333333334,25.599999999999994,1.2246467991473532e-16,-1.0,1022.5,21.5,0.0,21.33333333333334,1022.2333333333335
539,539,2016-06-23,22.9,18.4,27.4,0.0,1021.0,0,6,175,1021.5,22.4,0.0,22.26666666666667,25.599999999999994,1.2246467991473532e-16,-1.0,1021.5,22.4,0.0,22.26666666666667,1021.6666666666669
540,540,2016-06-24,22.8,18.9,26.2,0.0,1018.5,0,6,176,1021.0,22.9,0.0,22.700000000000003,24.699999999999996,1.2246467991473532e-16,-1.0,1021.0,22.9,0.0,22.700000000000003,1020.3333333333335
541,541,2016-06-25,23.7,21.0,29.0,0.0,1016.1,0,6,177,1018.5,22.8,0.0,23.133333333333336,0.0,1.2246467991473532e-16,-1.0,1018.5,22.8,0.0,23.133333333333336,1018.5333333333334
542,542,2016-06-26,23.0,21.0,26.1,0.0,1018.1,0,6,178,1016.1,23.7,0.0,23.16666666666667,0.0,1.2246467991473532e-16,-1.0,1016.1,23.7,0.0,23.16666666666667,1017.5666666666667
543,543,2016-06-27,22.8,20.2,26.1,0.0,1021.1,0,6,179,1018.1,23.0,0.0,23.16666666666667,0.0,1.2246467991473532e-16,-1.0,1018.1,23.0,0.0,23.16666666666667,1018.4333333333334
544,544,2016-06-28,22.8,19.6,26.6,0.0,1018.8,0,6,180,1021.1,22.8,0.0,22.866666666666674,0.0,1.2246467991473532e-16,-1.0,1021.1,22.8,0.0,22.866666666666674,1019.3333333333334
545,545,2016-06-29,24.0,21.8,29.0,0.0,1015.9,0,6,181,1018.8,22.8,0.0,23.200000000000006,0.0,1.2246467991473532e-16,-1.0,1018.8,22.8,0.0,23.200000000000006,1018.6
546,546,2016-06-30,24.4,22.7,27.0,0.0,1016.3,0,6,182,1015.9,24.0,0.0,23.733333333333338,0.0,1.2246467991473532e-16,-1.0,1015.9,24.0,0.0,23.733333333333338,1017.0
547,547,2016-07-01,24.2,21.7,27.5,0.0,1017.6,0,7,183,1016.3,24.4,0.0,24.200000000000003,0.0,-0.4999999999999997,-0.8660254037844388,1016.3,24.4,0.0,24.200000000000003,1016.6
548,548,2016-07-02,23.8,20.9,27.5,0.0,1018.6,0,7,184,1017.6,24.2,0.0,24.133333333333336,0.0,-0.4999999999999997,-0.8660254037844388,1017.6,24.2,0.0,24.133333333333336,1017.5
549,549,2016-07-03,23.3,21.1,26.0,0.0,1020.8,0,7,185,1018.6,23.8,0.0,23.76666666666667,0.0,-0.4999999999999997,-0.8660254037844388,1018.6,23.8,0.0,23.76666666666667,1019.0000000000001
550,550,2016-07-04,23.7,21.4,27.1,0.0,1018.5,0,7,186,1020.8,23.3,0.0,23.600000000000005,0.0,-0.4999999999999997,-0.8660254037844388,1020.8,23.3,0.0,23.600000000000005,1019.3000000000001
551,551,2016-07-05,25.0,22.7,29.1,0.0,1017.3,0,7,187,1018.5,23.7,0.0,24.000000000000004,0.0,-0.4999999999999997,-0.8660254037844388,1018.5,23.7,0.0,24.000000000000004,1018.8666666666668
552,552,2016-07-06,25.9,24.2,30.2,0.0,1018.2,0,7,188,1017.3,25.0,0.0,24.866666666666674,0.0,-0.4999999999999997,-0.8660254037844388,1017.3,25.0,0.0,24.866666666666674,1018.0
553,553,2016-07-07,25.1,22.2,28.8,0.0,1018.6,0,7,189,1018.2,25.9,0.0,25.33333333333334,0.0,-0.4999999999999997,-0.8660254037844388,1018.2,25.9,0.0,25.33333333333334,1018.0333333333334
554,554,2016-07-08,26.7,24.1,31.2,0.0,1019.1,0,7,190,1018.6,25.1,0.0,25.900000000000006,0.0,-0.4999999999999997,-0.8660254037844388,1018.6,25.1,0.0,25.900000000000006,1018.6333333333336
555,555,2016-07-09,26.8,24.2,30.5,0.0,1019.2,0,7,191,1019.1,26.7,0.0,26.200000000000006,0.0,-0.4999999999999997,-0.8660254037844388,1019.1,26.7,0.0,26.200000000000006,1018.9666666666667
556,556,2016-07-10,26.4,24.3,29.4,0.0,1015.4,0,7,192,1019.2,26.8,0.0,26.633333333333336,0.0,-0.4999999999999997,-0.8660254037844388,1019.2,26.8,0.0,26.633333333333336,1017.9000000000001
557,557,2016-07-11,26.1,23.5,29.8,0.0,1014.3,1,7,193,1015.4,26.4,0.0,26.433333333333337,0.0,-0.4999999999999997,-0.8660254037844388,1015.4,26.4,0.0,26.433333333333337,1016.3000000000002
558,558,2016-07-12,25.4,24.5,27.9,3.2,1014.3,1,7,194,1014.3,26.1,0.0,25.96666666666667,3.1999999999999966,-0.4999999999999997,-0.8660254037844388,1014.3,26.1,0.0,25.96666666666667,1014.6666666666666
559,559,2016-07-13,23.4,19.1,28.1,1.8,1017.7,0,7,195,1014.3,25.4,3.2,24.96666666666667,4.9999999999999964,-0.4999999999999997,-0.8660254037844388,1014.3,25.4,3.2,24.96666666666667,1015.4333333333334
560,560,2016-07-14,22.1,18.3,25.9,0.0,1020.4,0,7,196,1017.7,23.4,1.8,23.633333333333336,4.9999999999999964,-0.4999999999999997,-0.8660254037844388,1017.7,23.4,1.8,23.633333333333336,1017.4666666666667
561,561,2016-07-15,22.3,19.2,26.1,0.0,1022.2,0,7,197,1020.4,22.1,0.0,22.600000000000005,4.9999999999999964,-0.4999999999999997,-0.8660254037844388,1020.4,22.1,0.0,22.600000000000005,1020.1
562,562,2016-07-16,22.7,18.9,27.0,0.0,1021.3,0,7,198,1022.2,22.3,0.0,22.366666666666674,4.9999999999999964,-0.4999999999999997,-0.8660254037844388,1022.2,22.3,0.0,22.366666666666674,1021.3000000000001
563,563,2016-07-17,23.6,20.1,27.8,0.0,1020.1,0,7,199,1021.3,22.7,0.0,22.866666666666674,4.9999999999999964,-0.4999999999999997,-0.8660254037844388,1021.3,22.7,0.0,22.866666666666674,1021.2000000000002
564,564,2016-07-18,23.2,19.9,27.0,0.0,1021.0,0,7,200,1020.1,23.6,0.0,23.16666666666667,4.9999999999999964,-0.4999999999999997,-0.8660254037844388,1020.1,23.6,0.0,23.16666666666667,1020.8000000000002
565,565,2016-07-19,23.5,19.4,27.5,0.0,1019.6,1,7,201,1021.0,23.2,0.0,23.433333333333337,1.7999999999999965,-0.4999999999999997,-0.8660254037844388,1021.0,23.2,0.0,23.433333333333337,1020.2333333333335
566,566,2016-07-20,24.6,21.2,28.8,1.5,1017.2,0,7,202,1019.6,23.5,0.0,23.76666666666667,1.4999999999999964,-0.4999999999999997,-0.8660254037844388,1019.6,23.5,0.0,23.76666666666667,1019.2666666666668
567,567,2016-07-21,25.1,24.2,28.0,0.0,1015.6,1,7,203,1017.2,24.6,1.5,24.400000000000006,1.4999999999999964,-0.4999999999999997,-0.8660254037844388,1017.2,24.6,1.5,24.400000000000006,1017.4666666666668
568,568,2016-07-22,24.4,20.3,28.8,7.7,1013.0,0,7,204,1015.6,25.1,0.0,24.700000000000003,9.199999999999996,-0.4999999999999997,-0.8660254037844388,1015.6,25.1,0.0,24.700000000000003,1015.2666666666668
569,569,2016-07-23,23.7,20.0,28.2,0.0,1016.8,0,7,205,1013.0,24.4,7.7,24.400000000000006,9.199999999999996,-0.4999999999999997,-0.8660254037844388,1013.0,24.4,7.7,24.400000000000006,1015.1333333333333
570,570,2016-07-24,24.7,20.8,30.5,0.0,1018.2,0,7,206,1016.8,23.7,0.0,24.26666666666667,9.199999999999996,-0.4999999999999997,-0.8660254037844388,1016.8,23.7,0.0,24.26666666666667,1016.0
571,571,2016-07-25,25.3,22.2,29.1,0.0,1018.4,0,7,207,1018.2,24.7,0.0,24.566666666666674,9.199999999999996,-0.4999999999999997,-0.8660254037844388,1018.2,24.7,0.0,24.566666666666674,1017.8000000000001
572,572,2016-07-26,25.4,22.5,29.5,0.0,1018.7,0,7,208,1018.4,25.3,0.0,25.133333333333336,9.199999999999996,-0.4999999999999997,-0.8660254037844388,1018.4,25.3,0.0,25.133333333333336,1018.4333333333334
573,573,2016-07-27,25.2,22.0,29.4,0.0,1018.4,0,7,209,1018.7,25.4,0.0,25.3,7.699999999999997,-0.4999999999999997,-0.8660254037844388,1018.7,25.4,0.0,25.3,1018.5
574,574,2016-07-28,25.6,22.4,29.1,0.0,1018.2,0,7,210,1018.4,25.2,0.0,25.400000000000006,7.699999999999997,-0.4999999999999997,-0.8660254037844388,1018.4,25.2,0.0,25.400000000000006,1018.4333333333334
575,575,2016-07-29,25.4,22.6,29.4,0.0,1016.7,0,7,211,1018.2,25.6,0.0,25.400000000000006,0.0,-0.4999999999999997,-0.8660254037844388,1018.2,25.6,0.0,25.400000000000006,1017.7666666666668
576,576,2016-07-30,26.2,23.2,29.7,0.0,1014.8,0,7,212,1016.7,25.4,0.0,25.733333333333338,0.0,-0.4999999999999997,-0.8660254037844388,1016.7,25.4,0.0,25.733333333333338,1016.5666666666667
577,577,2016-07-31,26.1,24.7,30.0,0.0,1014.4,0,7,213,1014.8,26.2,0.0,25.900000000000006,0.0,-0.4999999999999997,-0.8660254037844388,1014.8,26.2,0.0,25.900000000000006,1015.3000000000001
578,578,2016-08-01,25.8,25.0,28.8,0.0,1018.5,0,8,214,1014.4,26.1,0.0,26.033333333333335,0.0,-0.8660254037844385,-0.5000000000000004,1014.4,26.1,0.0,26.033333333333335,1015.9000000000001
579,579,2016-08-02,26.4,24.1,29.8,0.0,1019.5,0,8,215,1018.5,25.8,0.0,26.100000000000005,0.0,-0.8660254037844385,-0.5000000000000004,1018.5,25.8,0.0,26.100000000000005,1017.4666666666667
580,580,2016-08-03,25.8,22.9,29.5,0.0,1016.9,0,8,216,1019.5,26.4,0.0,26.000000000000004,0.0,-0.8660254037844385,-0.5000000000000004,1019.5,26.4,0.0,26.000000000000004,1018.3000000000001
581,581,2016-08-04,26.9,23.6,31.8,0.0,1013.5,0,8,217,1016.9,25.8,0.0,26.366666666666674,0.0,-0.8660254037844385,-0.5000000000000004,1016.9,25.8,0.0,26.366666666666674,1016.6333333333333
582,582,2016-08-05,25.1,24.3,27.4,0.0,1018.0,0,8,218,1013.5,26.9,0.0,25.933333333333337,0.0,-0.8660254037844385,-0.5000000000000004,1013.5,26.9,0.0,25.933333333333337,1016.1333333333333
583,583,2016-08-06,25.2,23.1,28.3,0.0,1022.5,0,8,219,1018.0,25.1,0.0,25.733333333333338,0.0,-0.8660254037844385,-0.5000000000000004,1018.0,25.1,0.0,25.733333333333338,1018.0
584,584,2016-08-07,24.7,21.5,28.4,0.0,1023.8,0,8,220,1022.5,25.2,0.0,25.000000000000004,0.0,-0.8660254037844385,-0.5000000000000004,1022.5,25.2,0.0,25.000000000000004,1021.4333333333334
585,585,2016-08-08,25.6,21.6,30.8,0.0,1021.7,1,8,221,1023.8,24.7,0.0,25.16666666666667,0.0,-0.8660254037844385,-0.5000000000000004,1023.8,24.7,0.0,25.16666666666667,1022.6666666666666
586,586,2016-08-09,25.5,21.6,30.3,0.1,1018.2,0,8,222,1021.7,25.6,0.0,25.26666666666667,0.09999999999999645,-0.8660254037844385,-0.5000000000000004,1021.7,25.6,0.0,25.26666666666667,1021.2333333333335
587,587,2016-08-10,23.2,20.8,26.3,0.0,1018.6,0,8,223,1018.2,25.5,0.1,24.76666666666667,0.09999999999999645,-0.8660254037844385,-0.5000000000000004,1018.2,25.5,0.1,24.76666666666667,1019.5000000000001
588,588,2016-08-11,22.9,20.0,26.6,0.0,1021.6,0,8,224,1018.6,23.2,0.0,23.86666666666667,0.09999999999999645,-0.8660254037844385,-0.5000000000000004,1018.6,23.2,0.0,23.86666666666667,1019.4666666666668
589,589,2016-08-12,23.7,20.7,27.7,0.0,1024.5,0,8,225,1021.6,22.9,0.0,23.26666666666667,0.09999999999999645,-0.8660254037844385,-0.5000000000000004,1021.6,22.9,0.0,23.26666666666667,1021.5666666666667
590,590,2016-08-13,23.6,21.1,26.7,0.0,1023.5,0,8,226,1024.5,23.7,0.0,23.400000000000006,0.09999999999999645,-0.8660254037844385,-0.5000000000000004,1024.5,23.7,0.0,23.400000000000006,1023.2000000000002
591,591,2016-08-14,23.6,19.8,28.0,0.0,1022.0,0,8,227,1023.5,23.6,0.0,23.63333333333334,0.09999999999999645,-0.8660254037844385,-0.5000000000000004,1023.5,23.6,0.0,23.63333333333334,1023.3333333333334
592,592,2016-08-15,24.2,20.3,29.0,0.0,1019.2,0,8,228,1022.0,23.6,0.0,23.800000000000008,0.09999999999999645,-0.8660254037844385,-0.5000000000000004,1022.0,23.6,0.0,23.800000000000008,1021.5666666666667
593,593,2016-08-16,25.5,23.1,28.8,0.0,1016.2,0,8,229,1019.2,24.2,0.0,24.433333333333337,0.0,-0.8660254037844385,-0.5000000000000004,1019.2,24.2,0.0,24.433333333333337,1019.1333333333336
594,594,2016-08-17,25.6,22.3,29.3,0.0,1012.8,0,8,230,1016.2,25.5,0.0,25.100000000000005,0.0,-0.8660254037844385,-0.5000000000000004,1016.2,25.5,0.0,25.100000000000005,1016.0666666666667
595,595,2016-08-18,25.6,23.5,29.2,0.0,1012.1,0,8,231,1012.8,25.6,0.0,25.566666666666674,0.0,-0.8660254037844385,-0.5000000000000004,1012.8,25.6,0.0,25.566666666666674,1013.7000000000002
596,596,2016-08-19,25.5,22.3,29.4,0.0,1011.4,0,8,232,1012.1,25.6,0.0,25.566666666666674,0.0,-0.8660254037844385,-0.5000000000000004,1012.1,25.6,0.0,25.566666666666674,1012.1
597,597,2016-08-20,26.1,23.5,29.2,0.0,1014.4,0,8,233,1011.4,25.5,0.0,25.733333333333338,0.0,-0.8660254037844385,-0.5000000000000004,1011.4,25.5,0.0,25.733333333333338,1012.6333333333333
598,598,2016-08-21,25.1,23.3,28.8,0.0,1021.0,0,8,234,1014.4,26.1,0.0,25.566666666666674,0.0,-0.8660254037844385,-0.5000000000000004,1014.4,26.1,0.0,25.566666666666674,1015.6
599,599,2016-08-22,24.9,22.2,29.3,0.0,1023.2,0,8,235,1021.0,25.1,0.0,25.36666666666667,0.0,-0.8660254037844385,-0.5000000000000004,1021.0,25.1,0.0,25.36666666666667,1019.5333333333334
600,600,2016-08-23,24.6,21.4,28.5,0.0,1022.7,0,8,236,1023.2,24.9,0.0,24.866666666666674,0.0,-0.8660254037844385,-0.5000000000000004,1023.2,24.9,0.0,24.866666666666674,1022.3000000000001
601,601,2016-08-24,24.6,20.5,30.7,0.0,1020.3,0,8,237,1022.7,24.6,0.0,24.700000000000003,0.0,-0.8660254037844385,-0.5000000000000004,1022.7,24.6,0.0,24.700000000000003,1022.0666666666667
602,602,2016-08-25,24.9,20.7,31.2,0.0,1017.7,0,8,238,1020.3,24.6,0.0,24.700000000000006,0.0,-0.8660254037844385,-0.5000000000000004,1020.3,24.6,0.0,24.700000000000006,1020.2333333333335
603,603,2016-08-26,24.1,20.1,28.5,0.0,1017.9,0,8,239,1017.7,24.9,0.0,24.533333333333335,0.0,-0.8660254037844385,-0.5000000000000004,1017.7,24.9,0.0,24.533333333333335,1018.6333333333333
604,604,2016-08-27,24.0,19.9,28.6,0.0,1019.1,0,8,240,1017.9,24.1,0.0,24.33333333333334,0.0,-0.8660254037844385,-0.5000000000000004,1017.9,24.1,0.0,24.33333333333334,1018.2333333333335
605,605,2016-08-28,25.8,22.7,29.4,0.0,1019.1,1,8,241,1019.1,24.0,0.0,24.633333333333336,0.0,-0.8660254037844385,-0.5000000000000004,1019.1,24.0,0.0,24.633333333333336,1018.7000000000002
606,606,2016-08-29,25.4,24.6,28.2,0.4,1019.1,1,8,242,1019.1,25.8,0.0,25.066666666666674,0.39999999999999647,-0.8660254037844385,-0.5000000000000004,1019.1,25.8,0.0,25.066666666666674,1019.1
607,607,2016-08-30,23.9,21.8,26.3,0.1,1019.0,0,8,243,1019.1,25.4,0.4,25.033333333333342,0.49999999999999645,-0.8660254037844385,-0.5000000000000004,1019.1,25.4,0.4,25.033333333333342,1019.0666666666667
608,608,2016-08-31,23.9,21.1,27.8,0.0,1019.8,0,8,244,1019.0,23.9,0.1,24.400000000000006,0.49999999999999645,-0.8660254037844385,-0.5000000000000004,1019.0,23.9,0.1,24.400000000000006,1019.3000000000001
609,609,2016-09-01,25.9,22.9,31.5,0.0,1021.6,0,9,245,1019.8,23.9,0.0,24.566666666666674,0.49999999999999645,-1.0,-1.8369701987210297e-16,1019.8,23.9,0.0,24.566666666666674,1020.1333333333336
610,610,2016-09-02,25.3,22.2,29.2,0.0,1020.5,0,9,246,1021.6,25.9,0.0,25.033333333333335,0.49999999999999645,-1.0,-1.8369701987210297e-16,1021.6,25.9,0.0,25.033333333333335,1020.6333333333336
611,611,2016-09-03,26.1,22.9,29.6,0.0,1019.4,0,9,247,1020.5,25.3,0.0,25.76666666666667,0.49999999999999645,-1.0,-1.8369701987210297e-16,1020.5,25.3,0.0,25.76666666666667,1020.5
612,612,2016-09-04,26.5,22.9,30.1,0.0,1018.2,0,9,248,1019.4,26.1,0.0,25.966666666666672,0.49999999999999645,-1.0,-1.8369701987210297e-16,1019.4,26.1,0.0,25.966666666666672,1019.3666666666668
613,613,2016-09-05,26.8,24.2,31.6,0.0,1018.5,0,9,249,1018.2,26.5,0.0,26.466666666666672,0.09999999999999645,-1.0,-1.8369701987210297e-16,1018.2,26.5,0.0,26.466666666666672,1018.7000000000002
614,614,2016-09-06,26.4,23.2,31.2,0.0,1017.9,0,9,250,1018.5,26.8,0.0,26.566666666666674,0.0,-1.0,-1.8369701987210297e-16,1018.5,26.8,0.0,26.566666666666674,1018.2000000000002
615,615,2016-09-07,25.6,22.8,29.1,0.0,1016.5,0,9,251,1017.9,26.4,0.0,26.26666666666667,0.0,-1.0,-1.8369701987210297e-16,1017.9,26.4,0.0,26.26666666666667,1017.6333333333336
616,616,2016-09-08,24.6,21.9,28.1,0.0,1016.1,1,9,252,1016.5,25.6,0.0,25.533333333333342,0.0,-1.0,-1.8369701987210297e-16,1016.5,25.6,0.0,25.533333333333342,1016.8333333333335
617,617,2016-09-09,25.9,23.9,29.6,0.3,1015.6,0,9,253,1016.1,24.6,0.0,25.366666666666674,0.29999999999999644,-1.0,-1.8369701987210297e-16,1016.1,24.6,0.0,25.366666666666674,1016.0666666666667
618,618,2016-09-10,24.4,21.0,28.4,0.0,1015.9,0,9,254,1015.6,25.9,0.3,24.96666666666667,0.29999999999999644,-1.0,-1.8369701987210297e-16,1015.6,25.9,0.3,24.96666666666667,1015.8666666666668
619,619,2016-09-11,24.9,21.2,29.4,0.0,1016.6,0,9,255,1015.9,24.4,0.0,25.066666666666674,0.29999999999999644,-1.0,-1.8369701987210297e-16,1015.9,24.4,0.0,25.066666666666674,1016.0333333333334
620,620,2016-09-12,25.1,21.8,29.3,0.0,1016.5,1,9,256,1016.6,24.9,0.0,24.8,0.29999999999999644,-1.0,-1.8369701987210297e-16,1016.6,24.9,0.0,24.8,1016.3333333333334
621,621,2016-09-13,25.0,18.7,29.4,17.6,1013.8,1,9,257,1016.5,25.1,0.0,25.000000000000004,17.9,-1.0,-1.8369701987210297e-16,1016.5,25.1,0.0,25.000000000000004,1015.6333333333333
622,622,2016-09-14,21.4,16.2,26.6,0.4,1009.6,1,9,258,1013.8,25.0,17.6,23.83333333333334,18.299999999999997,-1.0,-1.8369701987210297e-16,1013.8,25.0,17.6,23.83333333333334,1013.3000000000001
623,623,2016-09-15,19.9,14.9,25.6,0.6,1013.9,0,9,259,1009.6,21.4,0.4,22.100000000000005,18.9,-1.0,-1.8369701987210297e-16,1009.6,21.4,0.4,22.100000000000005,1012.4333333333334
624,624,2016-09-16,20.8,15.7,26.2,0.0,1016.4,1,9,260,1013.9,19.9,0.6,20.700000000000003,18.599999999999998,-1.0,-1.8369701987210297e-16,1013.9,19.9,0.6,20.700000000000003,1013.3000000000001
625,625,2016-09-17,19.8,17.8,24.1,3.6,1018.4,0,9,261,1016.4,20.8,0.0,20.16666666666667,22.2,-1.0,-1.8369701987210297e-16,1016.4,20.8,0.0,20.16666666666667,1016.2333333333335
626,626,2016-09-18,19.2,15.7,23.8,0.0,1017.4,0,9,262,1018.4,19.8,3.6,19.933333333333337,22.2,-1.0,-1.8369701987210297e-16,1018.4,19.8,3.6,19.933333333333337,1017.4000000000001
627,627,2016-09-19,20.9,16.6,26.9,0.0,1017.1,0,9,263,1017.4,19.2,0.0,19.966666666666672,22.2,-1.0,-1.8369701987210297e-16,1017.4,19.2,0.0,19.966666666666672,1017.6333333333333
628,628,2016-09-20,21.1,18.1,26.9,0.0,1015.1,0,9,264,1017.1,20.9,0.0,20.400000000000006,4.599999999999996,-1.0,-1.8369701987210297e-16,1017.1,20.9,0.0,20.400000000000006,1016.5333333333334
629,629,2016-09-21,21.5,17.3,26.2,0.0,1015.8,0,9,265,1015.1,21.1,0.0,21.16666666666667,4.199999999999996,-1.0,-1.8369701987210297e-16,1015.1,21.1,0.0,21.16666666666667,1016.0
630,630,2016-09-22,22.0,18.0,26.1,0.0,1019.4,1,9,266,1015.8,21.5,0.0,21.533333333333342,3.5999999999999965,-1.0,-1.8369701987210297e-16,1015.8,21.5,0.0,21.533333333333342,1016.7666666666668
631,631,2016-09-23,21.7,18.0,25.8,14.4,1023.1,0,9,267,1019.4,22.0,0.0,21.733333333333338,17.999999999999996,-1.0,-1.8369701987210297e-16,1019.4,22.0,0.0,21.733333333333338,1019.4333333333334
632,632,2016-09-24,20.6,17.7,24.9,0.0,1022.4,0,9,268,1023.1,21.7,14.4,21.433333333333337,14.399999999999997,-1.0,-1.8369701987210297e-16,1023.1,21.7,14.4,21.433333333333337,1021.6333333333333
640,640,2016-10-02,21.9,19.6,25.7,7.7,1016.1,0,10,276,1013.7,21.1,0.0,21.300000000000004,7.899999999999997,-0.8660254037844386,0.5000000000000001,1013.7,21.1,0.0,21.300000000000004,1016.3333333333335
641,641,2016-10-03,21.9,19.8,23.9,0.0,1021.5,0,10,277,1016.1,21.9,7.7,21.633333333333336,7.899999999999997,-0.8660254037844386,0.5000000000000001,1016.1,21.9,7.7,21.633333333333336,1017.1
642,642,2016-10-04,21.4,19.1,25.3,0.0,1020.8,1,10,278,1021.5,21.9,0.0,21.733333333333338,7.699999999999997,-0.8660254037844386,0.5000000000000001,1021.5,21.9,0.0,21.733333333333338,1019.4666666666667
643,643,2016-10-05,20.5,17.1,24.4,13.7,1019.6,1,10,279,1020.8,21.4,0.0,21.26666666666667,21.399999999999995,-0.8660254037844386,0.5000000000000001,1020.8,21.4,0.0,21.26666666666667,1020.6333333333336
644,644,2016-10-06,18.1,14.6,21.4,1.9,1012.9,0,10,280,1019.6,20.5,13.7,20.000000000000004,23.299999999999994,-0.8660254037844386,0.5000000000000001,1019.6,20.5,13.7,20.000000000000004,1017.7666666666668
645,645,2016-10-07,18.8,13.9,24.4,0.0,1014.4,0,10,281,1012.9,18.1,1.9,19.13333333333334,23.299999999999994,-0.8660254037844386,0.5000000000000001,1012.9,18.1,1.9,19.13333333333334,1015.6333333333333
646,646,2016-10-08,20.3,18.5,23.5,0.0,1017.2,1,10,282,1014.4,18.8,0.0,19.066666666666674,23.299999999999994,-0.8660254037844386,0.5000000000000001,1014.4,18.8,0.0,19.066666666666674,1014.8333333333334
647,647,2016-10-09,19.0,17.8,20.7,1.2,1019.3,1,10,283,1017.2,20.3,0.0,19.36666666666667,16.799999999999997,-0.8660254037844386,0.5000000000000001,1017.2,20.3,0.0,19.36666666666667,1016.9666666666667
648,648,2016-10-10,17.3,15.4,19.4,0.2,1018.3,0,10,284,1019.3,19.0,1.2,18.86666666666667,16.999999999999996,-0.8660254037844386,0.5000000000000001,1019.3,19.0,1.2,18.86666666666667,1018.2666666666668
649,649,2016-10-11,16.8,14.1,20.9,0.0,1013.9,1,10,285,1018.3,17.3,0.2,17.700000000000006,16.999999999999996,-0.8660254037844386,0.5000000000000001,1018.3,17.3,0.2,17.700000000000006,1017.1666666666666
650,650,2016-10-12,15.4,12.7,19.7,47.7,1010.1,1,10,286,1013.9,16.8,0.0,16.500000000000004,51.0,-0.8660254037844386,0.5000000000000001,1013.9,16.8,0.0,16.500000000000004,1014.1
651,651,2016-10-13,17.6,15.8,21.4,12.4,1001.7,0,10,287,1010.1,15.4,47.7,16.600000000000005,61.5,-0.8660254037844386,0.5000000000000001,1010.1,15.4,47.7,16.600000000000005,1008.5666666666667
665,665,2016-10-27,18.4,16.1,22.8,0.0,1026.9,0,10,301,1022.6,19.0,0.0,19.033333333333335,11.0,-0.8660254037844386,0.5000000000000001,1022.6,19.0,0.0,19.033333333333335,1022.6333333333336
666,666,2016-10-28,17.3,14.5,21.8,0.0,1030.5,0,10,302,1026.9,18.4,0.0,18.233333333333338,5.5,-0.8660254037844386,0.5000000000000001,1026.9,18.4,0.0,18.233333333333338,1026.6666666666667
667,667,2016-10-29,16.6,13.0,21.4,0.0,1027.5,0,10,303,1030.5,17.3,0.0,17.43333333333334,3.4000000000000004,-0.8660254037844386,0.5000000000000001,1030.5,17.3,0.0,17.43333333333334,1028.3000000000002
668,668,2016-10-30,15.9,12.4,20.2,0.0,1023.2,0,10,304,1027.5,16.6,0.0,16.600000000000005,3.4000000000000004,-0.8660254037844386,0.5000000000000001,1027.5,16.6,0.0,16.600000000000005,1027.0666666666668
669,669,2016-10-31,16.0,13.7,19.7,0.0,1023.3,0,10,305,1023.2,15.9,0.0,16.16666666666667,1.2,-0.8660254037844386,0.5000000000000001,1023.2,15.9,0.0,16.16666666666667,1024.6666666666667
670,670,2016-11-01,17.0,13.8,22.2,0.0,1023.3,0,11,306,1023.3,16.0,0.0,16.300000000000008,0.0,-0.5000000000000004,0.8660254037844384,1023.3,16.0,0.0,16.300000000000008,1023.2666666666668
671,671,2016-11-02,16.2,12.9,21.3,0.0,1019.6,0,11,307,1023.3,17.0,0.0,16.400000000000006,0.0,-0.5000000000000004,0.8660254037844384,1023.3,17.0,0.0,16.400000000000006,1022.0666666666667
672,672,2016-11-03,15.2,11.3,20.1,0.0,1017.7,1,11,308,1019.6,16.2,0.0,16.13333333333334,0.0,-0.5000000000000004,0.8660254037844384,1019.6,16.2,0.0,16.13333333333334,1020.2000000000002
673,673,2016-11-04,16.2,12.8,21.4,0.6,1017.1,0,11,309,1017.7,15.2,0.0,15.866666666666672,0.6,-0.5000000000000004,0.8660254037844384,1017.7,15.2,0.0,15.866666666666672,1018.1333333333336
674,674,2016-11-05,18.2,14.2,23.2,0.0,1007.2,0,11,310,1017.1,16.2,0.6,16.53333333333334,0.6,-0.5000000000000004,0.8660254037844384,1017.1,16.2,0.6,16.53333333333334,1014.0000000000001
675,675,2016-11-06,13.8,9.7,17.6,0.0,1006.3,0,11,311,1007.2,18.2,0.0,16.066666666666674,0.6,-0.5000000000000004,0.8660254037844384,1007.2,18.2,0.0,16.066666666666674,1010.2000000000002
676,676,2016-11-07,10.4,7.8,15.8,0.0,1010.0,0,11,312,1006.3,13.8,0.0,14.13333333333334,0.6,-0.5000000000000004,0.8660254037844384,1006.3,13.8,0.0,14.13333333333334,1007.8333333333334
677,677,2016-11-08,10.4,6.0,16.9,0.0,1013.5,0,11,313,1010.0,10.4,0.0,11.53333333333334,0.6,-0.5000000000000004,0.8660254037844384,1010.0,10.4,0.0,11.53333333333334,1009.9333333333334
678,678,2016-11-09,13.8,9.1,19.6,0.0,1014.7,0,11,314,1013.5,10.4,0.0,11.53333333333334,0.6,-0.5000000000000004,0.8660254037844384,1013.5,10.4,0.0,11.53333333333334,1012.7333333333335
679,679,2016-11-10,13.4,9.5,19.4,0.0,1019.9,1,11,315,1014.7,13.8,0.0,12.53333333333334,0.6,-0.5000000000000004,0.8660254037844384,1014.7,13.8,0.0,12.53333333333334,1016.0333333333334
680,680,2016-11-11,12.9,9.2,19.1,1.1,1020.5,1,11,316,1019.9,13.4,0.0,13.366666666666674,1.1,-0.5000000000000004,0.8660254037844384,1019.9,13.4,0.0,13.366666666666674,1018.3666666666668
681,681,2016-11-12,13.8,11.6,17.5,0.1,1021.5,1,11,317,1020.5,12.9,1.1,13.366666666666674,1.2000000000000002,-0.5000000000000004,0.8660254037844384,1020.5,12.9,1.1,13.366666666666674,1020.6333333333333
682,682,2016-11-13,13.3,9.9,19.2,0.2,1021.9,0,11,318,1021.5,13.8,0.1,13.333333333333341,1.4000000000000001,-0.5000000000000004,0.8660254037844384,1021.5,13.8,0.1,13.333333333333341,1021.3000000000001
683,683,2016-11-14,13.7,10.2,18.8,0.0,1023.9,0,11,319,1021.9,13.3,0.2,13.600000000000007,1.4000000000000001,-0.5000000000000004,0.8660254037844384,1021.9,13.3,0.2,13.600000000000007,1022.4333333333334
684,684,2016-11-15,11.1,7.8,16.1,0.0,1028.3,0,11,320,1023.9,13.7,0.0,12.700000000000005,1.4000000000000001,-0.5000000000000004,0.8660254037844384,1023.9,13.7,0.0,12.700000000000005,1024.7
685,685,2016-11-16,10.4,6.3,16.4,0.0,1025.8,0,11,321,1028.3,11.1,0.0,11.73333333333334,1.4000000000000001,-0.5000000000000004,0.8660254037844384,1028.3,11.1,0.0,11.73333333333334,1026.0
686,686,2016-11-17,11.9,7.5,18.4,0.0,1020.2,0,11,322,1025.8,10.4,0.0,11.13333333333334,1.4000000000000001,-0.5000000000000004,0.8660254037844384,1025.8,10.4,0.0,11.13333333333334,1024.7666666666667
687,687,2016-11-18,13.8,9.1,19.2,0.0,1014.8,0,11,323,1020.2,11.9,0.0,12.033333333333339,0.30000000000000004,-0.5000000000000004,0.8660254037844384,1020.2,11.9,0.0,12.033333333333339,1020.2666666666668
688,688,2016-11-19,14.3,11.6,18.3,0.0,1014.6,1,11,324,1014.8,13.8,0.0,13.333333333333341,0.2,-0.5000000000000004,0.8660254037844384,1014.8,13.8,0.0,13.333333333333341,1016.5333333333333
689,689,2016-11-20,15.0,11.4,19.4,2.5,1010.3,1,11,325,1014.6,14.3,0.0,14.366666666666674,2.5,-0.5000000000000004,0.8660254037844384,1014.6,14.3,0.0,14.366666666666674,1013.2333333333332
690,690,2016-11-21,17.7,16.1,19.3,9.0,1005.5,1,11,326,1010.3,15.0,2.5,15.666666666666671,11.5,-0.5000000000000004,0.8660254037844384,1010.3,15.0,2.5,15.666666666666671,1010.1333333333333
691,691,2016-11-22,16.8,15.0,19.2,4.6,1006.3,1,11,327,1005.5,17.7,9.0,16.500000000000004,16.1,-0.5000000000000004,0.8660254037844384,1005.5,17.7,9.0,16.500000000000004,1007.3666666666667
692,692,2016-11-23,16.7,11.9,20.3,17.2,1004.2,0,11,328,1006.3,16.8,4.6,17.066666666666674,33.3,-0.5000000000000004,0.8660254037844384,1006.3,16.8,4.6,17.066666666666674,1005.3333333333334
693,693,2016-11-24,11.2,8.2,15.9,0.0,1008.8,0,11,329,1004.2,16.7,17.2,14.900000000000006,33.3,-0.5000000000000004,0.8660254037844384,1004.2,16.7,17.2,14.900000000000006,1006.4333333333333
694,694,2016-11-25,9.8,7.3,15.7,0.0,1012.6,1,11,330,1008.8,11.2,0.0,12.566666666666672,33.3,-0.5000000000000004,0.8660254037844384,1008.8,11.2,0.0,12.566666666666672,1008.5333333333334
695,695,2016-11-26,12.0,8.6,16.8,1.9,1013.2,1,11,331,1012.6,9.8,0.0,11.000000000000005,35.199999999999996,-0.5000000000000004,0.8660254037844384,1012.6,9.8,0.0,11.000000000000005,1011.5333333333333
696,696,2016-11-27,14.1,12.0,16.7,40.4,1011.7,0,11,332,1013.2,12.0,1.9,11.96666666666667,73.1,-0.5000000000000004,0.8660254037844384,1013.2,12.0,1.9,11.96666666666667,1012.5
697,697,2016-11-28,12.3,8.6,16.0,0.0,1012.5,1,11,333,1011.7,14.1,40.4,12.800000000000004,64.1,-0.5000000000000004,0.8660254037844384,1011.7,14.1,40.4,12.800000000000004,1012.4666666666667
698,698,2016-11-29,12.1,8.4,16.0,0.2,1022.7,0,11,334,1012.5,12.3,0.0,12.833333333333337,59.699999999999996,-0.5000000000000004,0.8660254037844384,1012.5,12.3,0.0,12.833333333333337,1015.6333333333333
699,699,2016-11-30,11.4,7.8,14.9,0.0,1032.0,0,11,335,1022.7,12.1,0.2,11.933333333333337,42.5,-0.5000000000000004,0.8660254037844384,1022.7,12.1,0.2,11.933333333333337,1022.4
700,700,2016-12-01,9.2,5.2,15.5,0.0,1027.7,0,12,336,1032.0,11.4,0.0,10.900000000000006,42.5,-2.4492935982947064e-16,1.0,1032.0,11.4,0.0,10.900000000000006,1027.4666666666667
701,701,2016-12-02,8.9,4.2,16.4,0.0,1019.2,0,12,337,1027.7,9.2,0.0,9.833333333333337,42.5,-2.4492935982947064e-16,1.0,1027.7,9.2,0.0,9.833333333333337,1026.3
702,702,2016-12-03,9.2,4.1,14.6,0.0,1016.4,1,12,338,1019.2,8.9,0.0,9.100000000000005,40.6,-2.4492935982947064e-16,1.0,1019.2,8.9,0.0,9.100000000000005,1021.1
703,703,2016-12-04,13.4,10.5,17.5,0.6,1017.6,0,12,339,1016.4,9.2,0.0,10.500000000000005,0.8,-2.4492935982947064e-16,1.0,1016.4,9.2,0.0,10.500000000000005,1017.7333333333332
704,704,2016-12-05,15.4,12.6,17.3,0.0,1020.5,0,12,340,1017.6,13.4,0.6,12.666666666666671,0.8,-2.4492935982947064e-16,1.0,1017.6,13.4,0.6,12.666666666666671,1018.1666666666666
705,705,2016-12-06,12.8,10.4,18.2,0.0,1026.4,0,12,341,1020.5,15.4,0.0,13.866666666666672,0.6000000000000001,-2.4492935982947064e-16,1.0,1020.5,15.4,0.0,13.866666666666672,1021.5
706,706,2016-12-07,11.5,7.9,16.9,0.0,1031.1,0,12,342,1026.4,12.8,0.0,13.23333333333334,0.6000000000000001,-2.4492935982947064e-16,1.0,1026.4,12.8,0.0,13.23333333333334,1026.0
707,707,2016-12-08,10.7,7.0,17.8,0.0,1034.6,0,12,343,1031.1,11.5,0.0,11.666666666666671,0.6000000000000001,-2.4492935982947064e-16,1.0,1031.1,11.5,0.0,11.666666666666671,1030.7
708,708,2016-12-09,11.1,6.7,17.4,0.0,1032.5,0,12,344,1034.6,10.7,0.0,11.100000000000003,0.6000000000000001,-2.4492935982947064e-16,1.0,1034.6,10.7,0.0,11.100000000000003,1032.7333333333333
709,709,2016-12-10,11.4,7.4,17.3,0.0,1028.7,0,12,345,1032.5,11.1,0.0,11.066666666666672,0.6000000000000001,-2.4492935982947064e-16,1.0,1032.5,11.1,0.0,11.066666666666672,1031.9333333333334
710,710,2016-12-11,10.7,7.3,16.8,0.0,1024.9,0,12,346,1028.7,11.4,0.0,11.066666666666672,0.0,-2.4492935982947064e-16,1.0,1028.7,11.4,0.0,11.066666666666672,1028.7
711,711,2016-12-12,10.1,6.4,17.8,0.0,1022.4,0,12,347,1024.9,10.7,0.0,10.733333333333336,0.0,-2.4492935982947064e-16,1.0,1024.9,10.7,0.0,10.733333333333336,1025.3333333333333
712,712,2016-12-13,10.3,6.4,16.9,0.0,1025.2,0,12,348,1022.4,10.1,0.0,10.366666666666672,0.0,-2.4492935982947064e-16,1.0,1022.4,10.1,0.0,10.366666666666672,1024.1666666666667
713,713,2016-12-14,10.9,7.7,16.5,0.0,1022.9,0,12,349,1025.2,10.3,0.0,10.433333333333339,0.0,-2.4492935982947064e-16,1.0,1025.2,10.3,0.0,10.433333333333339,1023.5
714,714,2016-12-15,9.8,7.2,14.2,0.0,1022.4,1,12,350,1022.9,10.9,0.0,10.33333333333334,0.0,-2.4492935982947064e-16,1.0,1022.9,10.9,0.0,10.33333333333334,1023.5
715,715,2016-12-16,11.8,9.1,15.9,3.9,1022.0,0,12,351,1022.4,9.8,0.0,10.833333333333337,3.9,-2.4492935982947064e-16,1.0,1022.4,9.8,0.0,10.833333333333337,1022.4333333333334
723,723,2016-12-24,10.1,7.3,16.3,0.0,1035.8,0,12,359,1034.6,10.1,0.0,10.333333333333337,17.700000000000003,-2.4492935982947064e-16,1.0,1034.6,10.1,0.0,10.333333333333337,1034.0666666666668
724,724,2016-12-25,9.7,7.0,14.8,0.0,1031.9,0,12,360,1035.8,10.1,0.0,9.96666666666667,17.700000000000003,-2.4492935982947064e-16,1.0,1035.8,10.1,0.0,9.96666666666667,1034.1000000000001
725,725,2016-12-26,10.4,6.6,16.7,0.0,1030.7,0,12,361,1031.9,9.7,0.0,10.06666666666667,3.8,-2.4492935982947064e-16,1.0,1031.9,9.7,0.0,10.06666666666667,1032.8000000000002
726,726,2016-12-27,9.9,6.5,17.4,0.0,1032.8,0,12,362,1030.7,10.4,0.0,10.000000000000005,0.0,-2.4492935982947064e-16,1.0,1030.7,10.4,0.0,10.000000000000005,1031.8
727,727,2016-12-28,9.3,5.0,15.9,0.0,1035.7,0,12,363,1032.8,9.9,0.0,9.866666666666672,0.0,-2.4492935982947064e-16,1.0,1032.8,9.9,0.0,9.866666666666672,1033.0666666666666
728,728,2016-12-29,8.3,4.4,14.7,0.0,1033.3,0,12,364,1035.7,9.3,0.0,9.166666666666673,0.0,-2.4492935982947064e-16,1.0,1035.7,9.3,0.0,9.166666666666673,1033.9333333333334
729,729,2016-12-30,8.4,4.8,15.8,0.0,1035.1,0,12,365,1033.3,8.3,0.0,8.666666666666671,0.0,-2.4492935982947064e-16,1.0,1033.3,8.3,0.0,8.666666666666671,1034.7
730,730,2016-12-31,8.4,5.3,14.8,0.0,1032.5,0,12,366,1035.1,8.4,0.0,8.366666666666672,0.0,-2.4492935982947064e-16,1.0,1035.1,8.4,0.0,8.366666666666672,1033.6333333333334
731,731,2017-01-01,7.0,3.3,12.4,0.0,1025.4,0,1,1,1032.5,8.4,0.0,7.933333333333338,0.0,0.49999999999999994,0.8660254037844387,1032.5,8.4,0.0,7.933333333333338,1031.0000000000002
732,732,2017-01-02,7.2,2.8,14.3,0.0,1022.2,0,1,2,1025.4,7.0,0.0,7.5333333333333385,0.0,0.49999999999999994,0.8660254037844387,1025.4,7.0,0.0,7.5333333333333385,1026.7
733,733,2017-01-03,6.8,3.7,12.5,0.0,1022.9,0,1,3,1022.2,7.2,0.0,7.000000000000004,0.0,0.49999999999999994,0.8660254037844387,1022.2,7.2,0.0,7.000000000000004,1023.5000000000001
734,734,2017-01-04,8.8,6.3,14.6,0.0,1022.7,0,1,4,1022.9,6.8,0.0,7.600000000000005,0.0,0.49999999999999994,0.8660254037844387,1022.9,6.8,0.0,7.600000000000005,1022.6
735,735,2017-01-05,7.8,4.6,13.1,0.0,1022.7,0,1,5,1022.7,8.8,0.0,7.800000000000005,0.0,0.49999999999999994,0.8660254037844387,1022.7,8.8,0.0,7.800000000000005,1022.7666666666668
736,736,2017-01-06,6.0,1.8,13.3,0.0,1028.8,0,1,6,1022.7,7.8,0.0,7.5333333333333385,0.0,0.49999999999999994,0.8660254037844387,1022.7,7.8,0.0,7.5333333333333385,1024.7333333333333
737,737,2017-01-07,5.8,2.1,13.2,0.0,1029.8,0,1,7,1028.8,6.0,0.0,6.5333333333333385,0.0,0.49999999999999994,0.8660254037844387,1028.8,6.0,0.0,6.5333333333333385,1027.1000000000001
738,738,2017-01-08,8.1,3.9,16.9,0.0,1026.0,0,1,8,1029.8,5.8,0.0,6.633333333333337,0.0,0.49999999999999994,0.8660254037844387,1029.8,5.8,0.0,6.633333333333337,1028.2
739,739,2017-01-09,7.5,4.5,13.8,0.0,1024.5,0,1,9,1026.0,8.1,0.0,7.133333333333337,0.0,0.49999999999999994,0.8660254037844387,1026.0,8.1,0.0,7.133333333333337,1026.7666666666667
740,740,2017-01-10,7.2,4.1,13.2,0.0,1014.0,0,1,10,1024.5,7.5,0.0,7.600000000000005,0.0,0.49999999999999994,0.8660254037844387,1024.5,7.5,0.0,7.600000000000005,1021.5
741,741,2017-01-11,8.7,2.9,13.5,0.0,1020.1,0,1,11,1014.0,7.2,0.0,7.800000000000004,0.0,0.49999999999999994,0.8660254037844387,1014.0,7.2,0.0,7.800000000000004,1019.5333333333334
742,742,2017-01-12,11.8,7.6,16.4,0.0,1020.2,0,1,12,1020.1,8.7,0.0,9.23333333333334,0.0,0.49999999999999994,0.8660254037844387,1020.1,8.7,0.0,9.23333333333334,1018.1000000000003
743,743,2017-01-13,11.9,5.4,15.4,0.0,1015.0,0,1,13,1020.2,11.8,0.0,10.800000000000006,0.0,0.49999999999999994,0.8660254037844387,1020.2,11.8,0.0,10.800000000000006,1018.4333333333335
744,744,2017-01-14,7.2,4.5,12.4,0.0,1021.2,0,1,14,1015.0,11.9,0.0,10.300000000000006,0.0,0.49999999999999994,0.8660254037844387,1015.0,11.9,0.0,10.300000000000006,1018.8000000000002
745,745,2017-01-15,7.1,3.8,13.8,0.0,1020.8,0,1,15,1021.2,7.2,0.0,8.73333333333334,0.0,0.49999999999999994,0.8660254037844387,1021.2,7.2,0.0,8.73333333333334,1019.0000000000001
746,746,2017-01-16,7.4,3.3,13.4,0.0,1016.5,0,1,16,1020.8,7.1,0.0,7.233333333333339,0.0,0.49999999999999994,0.8660254037844387,1020.8,7.1,0.0,7.233333333333339,1019.5000000000001
747,747,2017-01-17,5.3,1.2,8.4,0.0,1016.4,0,1,17,1016.5,7.4,0.0,6.600000000000006,0.0,0.49999999999999994,0.8660254037844387,1016.5,7.4,0.0,6.600000000000006,1017.9000000000002
748,748,2017-01-18,3.5,-0.6,11.2,0.0,1020.9,0,1,18,1016.4,5.3,0.0,5.400000000000006,0.0,0.49999999999999994,0.8660254037844387,1016.4,5.3,0.0,5.400000000000006,1017.9333333333334
749,749,2017-01-19,6.5,1.8,11.6,0.0,1022.3,1,1,19,1020.9,3.5,0.0,5.100000000000006,0.0,0.49999999999999994,0.8660254037844387,1020.9,3.5,0.0,5.100000000000006,1019.8666666666668
750,750,2017-01-20,9.5,8.8,10.9,4.9,1021.4,1,1,20,1022.3,6.5,0.0,6.500000000000004,4.9,0.49999999999999994,0.8660254037844387,1022.3,6.5,0.0,6.500000000000004,1021.5333333333334
751,751,2017-01-21,10.4,8.9,12.5,0.7,1017.7,1,1,21,1021.4,9.5,4.9,8.800000000000006,5.6000000000000005,0.49999999999999994,0.8660254037844387,1021.4,9.5,4.9,8.800000000000006,1020.4666666666668
752,752,2017-01-22,9.8,8.3,11.4,7.2,1015.3,1,1,22,1017.7,10.4,0.7,9.900000000000006,12.8,0.49999999999999994,0.8660254037844387,1017.7,10.4,0.7,9.900000000000006,1018.1333333333336
753,753,2017-01-23,9.2,7.8,11.7,0.7,1017.2,0,1,23,1015.3,9.8,7.2,9.800000000000006,13.5,0.49999999999999994,0.8660254037844387,1015.3,9.8,7.2,9.800000000000006,1016.7333333333336
761,761,2017-01-31,10.9,8.1,15.5,0.0,1018.6,0,1,31,1021.9,9.9,0.0,9.933333333333339,21.1,0.49999999999999994,0.8660254037844387,1021.9,9.9,0.0,9.933333333333339,1021.6666666666669
762,762,2017-02-01,10.9,8.0,15.5,0.0,1017.7,0,2,32,1018.6,10.9,0.0,10.566666666666672,20.200000000000003,0.8660254037844386,0.5000000000000001,1018.6,10.9,0.0,10.566666666666672,1019.4000000000002
763,763,2017-02-02,11.5,10.1,14.5,0.0,1014.5,0,2,33,1017.7,10.9,0.0,11.100000000000007,20.200000000000003,0.8660254037844386,0.5000000000000001,1017.7,10.9,0.0,11.100000000000007,1016.9333333333334
764,764,2017-02-03,12.2,8.2,17.5,0.0,1015.0,0,2,34,1014.5,11.5,0.0,11.533333333333339,1.6,0.8660254037844386,0.5000000000000001,1014.5,11.5,0.0,11.533333333333339,1015.7333333333336
765,765,2017-02-04,14.1,9.3,19.2,0.0,1011.7,1,2,35,1015.0,12.2,0.0,12.600000000000003,0.0,0.8660254037844386,0.5000000000000001,1015.0,12.2,0.0,12.600000000000003,1013.7333333333336
766,766,2017-02-05,13.1,9.1,16.1,0.3,1007.9,0,2,36,1011.7,14.1,0.0,13.133333333333338,0.3,0.8660254037844386,0.5000000000000001,1011.7,14.1,0.0,13.133333333333338,1011.5333333333334
767,767,2017-02-06,12.3,8.5,17.6,0.0,1015.4,1,2,37,1007.9,13.1,0.3,13.166666666666671,0.3,0.8660254037844386,0.5000000000000001,1007.9,13.1,0.3,13.166666666666671,1011.6666666666669
768,768,2017-02-07,13.6,10.5,18.6,11.1,1017.3,0,2,38,1015.4,12.3,0.0,13.000000000000005,11.4,0.8660254037844386,0.5000000000000001,1015.4,12.3,0.0,13.000000000000005,1013.5333333333334
769,769,2017-02-08,10.7,6.9,17.8,0.0,1016.7,0,2,39,1017.3,13.6,11.1,12.200000000000005,11.4,0.8660254037844386,0.5000000000000001,1017.3,13.6,11.1,12.200000000000005,1016.4666666666668
770,770,2017-02-09,8.3,4.3,14.1,0.0,1018.8,0,2,40,1016.7,10.7,0.0,10.866666666666672,11.4,0.8660254037844386,0.5000000000000001,1016.7,10.7,0.0,10.866666666666672,1017.6
771,771,2017-02-10,8.7,5.8,14.3,0.0,1017.2,0,2,41,1018.8,8.3,0.0,9.233333333333338,11.4,0.8660254037844386,0.5000000000000001,1018.8,8.3,0.0,9.233333333333338,1017.566666666667
772,772,2017-02-11,10.4,6.9,14.1,0.0,1015.9,0,2,42,1017.2,8.7,0.0,9.133333333333338,11.4,0.8660254037844386,0.5000000000000001,1017.2,8.7,0.0,9.133333333333338,1017.3000000000002
773,773,2017-02-12,13.5,12.6,14.9,0.0,1013.4,1,2,43,1015.9,10.4,0.0,10.866666666666672,11.1,0.8660254037844386,0.5000000000000001,1015.9,10.4,0.0,10.866666666666672,1015.5000000000001
774,774,2017-02-13,13.7,13.6,14.9,10.4,1013.3,0,2,44,1013.4,13.5,0.0,12.533333333333339,21.5,0.8660254037844386,0.5000000000000001,1013.4,13.5,0.0,12.533333333333339,1014.2000000000002
782,782,2017-02-21,11.3,7.3,17.4,0.0,1024.1,0,2,52,1025.8,11.6,0.0,11.666666666666671,0.0,0.8660254037844386,0.5000000000000001,1025.8,11.6,0.0,11.666666666666671,1025.1333333333334
783,783,2017-02-22,12.3,8.4,18.6,0.0,1021.7,1,2,53,1024.1,11.3,0.0,11.73333333333334,0.0,0.8660254037844386,0.5000000000000001,1024.1,11.3,0.0,11.73333333333334,1023.8666666666668
784,784,2017-02-23,12.9,9.6,18.5,1.5,1016.2,1,2,54,1021.7,12.3,0.0,12.166666666666671,1.5,0.8660254037844386,0.5000000000000001,1021.7,12.3,0.0,12.166666666666671,1020.6666666666669
785,785,2017-02-24,12.2,10.3,14.1,5.0,1013.7,0,2,55,1016.2,12.9,1.5,12.466666666666674,6.5,0.8660254037844386,0.5000000000000001,1016.2,12.9,1.5,12.466666666666674,1017.2000000000002
786,786,2017-02-25,10.4,6.5,14.5,0.0,1019.8,0,2,56,1013.7,12.2,5.0,11.833333333333337,6.5,0.8660254037844386,0.5000000000000001,1013.7,12.2,5.0,11.833333333333337,1016.566666666667
787,787,2017-02-26,10.4,5.8,15.2,0.0,1021.2,0,2,57,1019.8,10.4,0.0,11.000000000000005,6.5,0.8660254037844386,0.5000000000000001,1019.8,10.4,0.0,11.000000000000005,1018.2333333333336
788,788,2017-02-27,12.7,10.3,16.3,0.0,1014.4,0,2,58,1021.2,10.4,0.0,11.166666666666671,6.5,0.8660254037844386,0.5000000000000001,1021.2,10.4,0.0,11.166666666666671,1018.4666666666668
789,789,2017-02-28,14.3,10.9,18.7,0.0,1009.8,0,2,59,1014.4,12.7,0.0,12.466666666666674,6.5,0.8660254037844386,0.5000000000000001,1014.4,12.7,0.0,12.466666666666674,1015.1333333333336
790,790,2017-03-01,11.3,7.5,16.3,0.0,1018.6,0,3,60,1009.8,14.3,0.0,12.766666666666673,6.5,1.0,6.123233995736766e-17,1009.8,14.3,0.0,12.766666666666673,1014.2666666666668
791,791,2017-03-02,12.1,7.6,17.8,0.0,1019.3,1,3,61,1018.6,11.3,0.0,12.566666666666672,5.0,1.0,6.123233995736766e-17,1018.6,11.3,0.0,12.566666666666672,1015.9000000000001
792,792,2017-03-03,12.9,11.2,16.2,16.2,1010.9,0,3,62,1019.3,12.1,0.0,12.100000000000007,16.2,1.0,6.123233995736766e-17,1019.3,12.1,0.0,12.100000000000007,1016.2666666666669
807,807,2017-03-18,13.6,9.6,18.1,0.0,1020.6,0,3,77,1022.4,13.2,0.0,13.200000000000008,0.1,1.0,6.123233995736766e-17,1022.4,13.2,0.0,13.200000000000008,1022.4333333333334
808,808,2017-03-19,13.5,9.5,17.8,0.0,1017.8,0,3,78,1020.6,13.6,0.0,13.433333333333337,0.0,1.0,6.123233995736766e-17,1020.6,13.6,0.0,13.433333333333337,1020.2666666666668
809,809,2017-03-20,13.9,10.8,19.3,0.0,1014.8,0,3,79,1017.8,13.5,0.0,13.666666666666673,0.0,1.0,6.123233995736766e-17,1017.8,13.5,0.0,13.666666666666673,1017.7333333333332
810,810,2017-03-21,13.5,9.7,17.7,0.0,1014.4,0,3,80,1014.8,13.9,0.0,13.63333333333334,0.0,1.0,6.123233995736766e-17,1014.8,13.9,0.0,13.63333333333334,1015.6666666666666
811,811,2017-03-22,14.3,10.7,17.9,0.0,1012.4,0,3,81,1014.4,13.5,0.0,13.900000000000006,0.0,1.0,6.123233995736766e-17,1014.4,13.5,0.0,13.900000000000006,1013.8666666666667
812,812,2017-03-23,13.0,9.8,17.2,0.0,1009.8,1,3,82,1012.4,14.3,0.0,13.600000000000007,0.0,1.0,6.123233995736766e-17,1012.4,14.3,0.0,13.600000000000007,1012.1999999999999
813,813,2017-03-24,9.6,6.9,12.4,64.7,1013.7,0,3,83,1009.8,13.0,0.0,12.300000000000006,64.7,1.0,6.123233995736766e-17,1009.8,13.0,0.0,12.300000000000006,1011.9666666666666
814,814,2017-03-25,10.3,6.4,16.4,0.0,1014.6,0,3,84,1013.7,9.6,64.7,10.966666666666674,64.7,1.0,6.123233995736766e-17,1013.7,9.6,64.7,10.966666666666674,1012.6999999999999
815,815,2017-03-26,12.0,7.4,17.2,0.0,1019.0,1,3,85,1014.6,10.3,0.0,10.633333333333338,64.7,1.0,6.123233995736766e-17,1014.6,10.3,0.0,10.633333333333338,1015.7666666666668
816,816,2017-03-27,12.3,9.4,16.8,2.1,1020.6,0,3,86,1019.0,12.0,0.0,11.53333333333334,66.8,1.0,6.123233995736766e-17,1019.0,12.0,0.0,11.53333333333334,1018.0666666666666
817,817,2017-03-28,12.3,8.4,16.8,0.0,1025.9,0,3,87,1020.6,12.3,2.1,12.200000000000008,66.8,1.0,6.123233995736766e-17,1020.6,12.3,2.1,12.200000000000008,1021.8333333333334
818,818,2017-03-29,14.4,10.3,20.4,0.0,1026.4,0,3,88,1025.9,12.3,0.0,13.000000000000007,66.8,1.0,6.123233995736766e-17,1025.9,12.3,0.0,13.000000000000007,1024.3000000000002
819,819,2017-03-30,14.6,10.9,19.1,0.0,1025.6,1,3,89,1026.4,14.4,0.0,13.766666666666673,66.8,1.0,6.123233995736766e-17,1026.4,14.4,0.0,13.766666666666673,1025.9666666666665
820,820,2017-03-31,13.7,10.6,18.0,0.9,1021.6,1,3,90,1025.6,14.6,0.0,14.23333333333334,3.0,1.0,6.123233995736766e-17,1025.6,14.6,0.0,14.23333333333334,1024.5333333333335
821,821,2017-04-01,12.5,9.5,15.9,4.6,1016.3,1,4,91,1021.6,13.7,0.9,13.600000000000007,7.6,0.8660254037844387,-0.4999999999999998,1021.6,13.7,0.9,13.600000000000007,1021.1666666666666
822,822,2017-04-02,12.0,8.2,17.4,0.5,1017.4,0,4,92,1016.3,12.5,4.6,12.73333333333334,8.1,0.8660254037844387,-0.4999999999999998,1016.3,12.5,4.6,12.73333333333334,1018.4333333333334
823,823,2017-04-03,14.1,9.5,20.3,0.0,1021.2,0,4,93,1017.4,12.0,0.5,12.866666666666672,6.0,0.8660254037844387,-0.4999999999999998,1017.4,12.0,0.5,12.866666666666672,1018.3000000000001
824,824,2017-04-04,15.4,10.5,22.3,0.0,1021.2,1,4,94,1021.2,14.1,0.0,13.833333333333337,6.0,0.8660254037844387,-0.4999999999999998,1021.2,14.1,0.0,13.833333333333337,1019.9333333333334
825,825,2017-04-05,14.6,11.2,19.2,3.3,1019.9,0,4,95,1021.2,15.4,0.0,14.700000000000005,9.3,0.8660254037844387,-0.4999999999999998,1021.2,15.4,0.0,14.700000000000005,1020.7666666666668
826,826,2017-04-06,14.2,9.6,20.6,0.0,1018.5,0,4,96,1019.9,14.6,3.3,14.73333333333334,9.3,0.8660254037844387,-0.4999999999999998,1019.9,14.6,3.3,14.73333333333334,1019.8666666666667
827,827,2017-04-07,14.3,10.6,19.3,0.0,1020.6,0,4,97,1018.5,14.2,0.0,14.366666666666672,8.399999999999999,0.8660254037844387,-0.4999999999999998,1018.5,14.2,0.0,14.366666666666672,1019.6666666666666
828,828,2017-04-08,14.6,10.6,19.1,0.0,1021.7,0,4,98,1020.6,14.3,0.0,14.366666666666672,3.8,0.8660254037844387,-0.4999999999999998,1020.6,14.3,0.0,14.366666666666672,1020.2666666666668
829,829,2017-04-09,14.1,9.8,18.8,0.0,1024.5,0,4,99,1021.7,14.6,0.0,14.333333333333341,3.3,0.8660254037844387,-0.4999999999999998,1021.7,14.6,0.0,14.333333333333341,1022.2666666666668
830,830,2017-04-10,15.3,10.8,19.4,0.0,1023.9,0,4,100,1024.5,14.1,0.0,14.666666666666671,3.3,0.8660254037844387,-0.4999999999999998,1024.5,14.1,0.0,14.666666666666671,1023.3666666666667
831,831,2017-04-11,16.1,12.5,20.5,0.0,1020.9,0,4,101,1023.9,15.3,0.0,15.166666666666671,3.3,0.8660254037844387,-0.4999999999999998,1023.9,15.3,0.0,15.166666666666671,1023.0999999999999
832,832,2017-04-12,15.9,12.7,20.8,0.0,1020.6,0,4,102,1020.9,16.1,0.0,15.766666666666673,0.0,0.8660254037844387,-0.4999999999999998,1020.9,16.1,0.0,15.766666666666673,1021.8000000000001
833,833,2017-04-13,15.5,12.0,19.3,0.0,1017.0,0,4,103,1020.6,15.9,0.0,15.833333333333341,0.0,0.8660254037844387,-0.4999999999999998,1020.6,15.9,0.0,15.833333333333341,1019.5
841,841,2017-04-21,12.2,6.9,17.3,0.0,1028.7,0,4,111,1025.8,12.4,0.0,13.100000000000003,0.2,0.8660254037844387,-0.4999999999999998,1025.8,12.4,0.0,13.100000000000003,1025.1666666666667
842,842,2017-04-22,13.3,8.5,18.1,0.0,1025.3,0,4,112,1028.7,12.2,0.0,12.633333333333338,0.0,0.8660254037844387,-0.4999999999999998,1028.7,12.2,0.0,12.633333333333338,1026.6000000000001
843,843,2017-04-23,14.7,10.2,20.1,0.0,1019.0,0,4,113,1025.3,13.3,0.0,13.400000000000006,0.0,0.8660254037844387,-0.4999999999999998,1025.3,13.3,0.0,13.400000000000006,1024.3333333333333
844,844,2017-04-24,14.9,10.8,19.2,0.0,1017.1,1,4,114,1019.0,14.7,0.0,14.300000000000004,0.0,0.8660254037844387,-0.4999999999999998,1019.0,14.7,0.0,14.300000000000004,1020.4666666666667
845,845,2017-04-25,15.4,11.4,20.1,0.4,1011.3,1,4,115,1017.1,14.9,0.0,15.000000000000005,0.4,0.8660254037844387,-0.4999999999999998,1017.1,14.9,0.0,15.000000000000005,1015.8000000000001
846,846,2017-04-26,14.2,11.7,16.6,24.9,1008.4,1,4,116,1011.3,15.4,0.4,14.833333333333337,25.299999999999997,0.8660254037844387,-0.4999999999999998,1011.3,15.4,0.4,14.833333333333337,1012.2666666666668
847,847,2017-04-27,9.1,7.5,11.7,6.2,1014.3,0,4,117,1008.4,14.2,24.9,12.900000000000006,31.499999999999996,0.8660254037844387,-0.4999999999999998,1008.4,14.2,24.9,12.900000000000006,1011.3333333333334
848,848,2017-04-28,11.1,6.3,16.3,0.0,1017.6,0,4,118,1014.3,9.1,6.2,11.46666666666667,31.499999999999996,0.8660254037844387,-0.4999999999999998,1014.3,9.1,6.2,11.46666666666667,1013.4333333333333
856,856,2017-05-06,19.3,15.4,26.6,0.0,1013.0,0,5,126,1013.3,17.1,0.0,17.33333333333334,1.9000000000000001,0.49999999999999994,-0.8660254037844387,1013.3,17.1,0.0,17.33333333333334,1013.6333333333332
857,857,2017-05-07,16.7,13.4,20.4,0.0,1019.8,0,5,127,1013.0,19.3,0.0,17.700000000000003,0.1,0.49999999999999994,-0.8660254037844387,1013.0,19.3,0.0,17.700000000000003,1015.3666666666667
858,858,2017-05-08,16.8,13.6,20.4,0.0,1017.8,0,5,128,1019.8,16.7,0.0,17.600000000000005,0.1,0.49999999999999994,-0.8660254037844387,1019.8,16.7,0.0,17.600000000000005,1016.8666666666667
859,859,2017-05-09,16.4,12.9,19.7,0.0,1012.2,1,5,129,1017.8,16.8,0.0,16.633333333333336,0.1,0.49999999999999994,-0.8660254037844387,1017.8,16.8,0.0,16.633333333333336,1016.6
860,860,2017-05-10,17.7,15.6,21.2,0.1,1006.3,1,5,130,1012.2,16.4,0.0,16.96666666666667,0.1,0.49999999999999994,-0.8660254037844387,1012.2,16.4,0.0,16.96666666666667,1012.1
861,861,2017-05-11,18.3,15.2,22.2,12.0,1001.6,0,5,131,1006.3,17.7,0.1,17.466666666666672,12.1,0.49999999999999994,-0.8660254037844387,1006.3,17.7,0.1,17.466666666666672,1006.6999999999999
862,862,2017-05-12,19.6,14.8,25.3,0.0,1005.5,0,5,132,1001.6,18.3,12.0,18.53333333333334,12.1,0.49999999999999994,-0.8660254037844387,1001.6,18.3,12.0,18.53333333333334,1004.4666666666667
863,863,2017-05-13,20.1,15.4,26.0,0.0,1013.9,0,5,133,1005.5,19.6,0.0,19.33333333333334,12.1,0.49999999999999994,-0.8660254037844387,1005.5,19.6,0.0,19.33333333333334,1007.0
864,864,2017-05-14,19.7,16.8,23.3,0.0,1022.5,0,5,134,1013.9,20.1,0.0,19.800000000000008,12.1,0.49999999999999994,-0.8660254037844387,1013.9,20.1,0.0,19.800000000000008,1013.9666666666667
865,865,2017-05-15,20.1,16.4,24.9,0.0,1027.0,0,5,135,1022.5,19.7,0.0,19.96666666666667,12.1,0.49999999999999994,-0.8660254037844387,1022.5,19.7,0.0,19.96666666666667,1021.1333333333333
866,866,2017-05-16,20.8,17.8,25.8,0.0,1025.6,0,5,136,1027.0,20.1,0.0,20.200000000000006,12.1,0.49999999999999994,-0.8660254037844387,1027.0,20.1,0.0,20.200000000000006,1025.0333333333333
867,867,2017-05-17,20.7,17.1,25.9,0.0,1021.1,1,5,137,1025.6,20.8,0.0,20.533333333333335,12.0,0.49999999999999994,-0.8660254037844387,1025.6,20.8,0.0,20.533333333333335,1024.5666666666666
868,868,2017-05-18,18.9,14.8,23.3,0.4,1014.2,0,5,138,1021.1,20.7,0.0,20.133333333333336,0.4,0.49999999999999994,-0.8660254037844387,1021.1,20.7,0.0,20.133333333333336,1020.3000000000001
869,869,2017-05-19,16.8,12.3,21.1,0.0,1018.4,0,5,139,1014.2,18.9,0.4,18.800000000000004,0.4,0.49999999999999994,-0.8660254037844387,1014.2,18.9,0.4,18.800000000000004,1017.9
877,877,2017-05-27,21.1,19.3,24.3,0.0,1018.9,0,5,147,1015.8,20.1,0.0,21.133333333333336,0.0,0.49999999999999994,-0.8660254037844387,1015.8,20.1,0.0,21.133333333333336,1016.6666666666666
878,878,2017-05-28,20.9,17.5,25.1,0.0,1019.8,1,5,148,1018.9,21.1,0.0,20.700000000000006,0.0,0.49999999999999994,-0.8660254037844387,1018.9,21.1,0.0,20.700000000000006,1018.1666666666666
879,879,2017-05-29,21.6,17.2,26.3,1.9,1016.8,1,5,149,1019.8,20.9,0.0,21.200000000000006,1.9,0.49999999999999994,-0.8660254037844387,1019.8,20.9,0.0,21.200000000000006,1018.5
880,880,2017-05-30,20.8,16.9,24.2,1.0,1017.0,0,5,150,1016.8,21.6,1.9,21.100000000000005,2.9,0.49999999999999994,-0.8660254037844387,1016.8,21.6,1.9,21.100000000000005,1017.8666666666667
881,881,2017-05-31,21.1,17.0,25.5,0.0,1019.4,0,5,151,1017.0,20.8,1.0,21.16666666666667,2.9,0.49999999999999994,-0.8660254037844387,1017.0,20.8,1.0,21.16666666666667,1017.7333333333332
882,882,2017-06-01,21.4,18.1,25.2,0.0,1019.8,0,6,152,1019.4,21.1,0.0,21.100000000000005,2.9,1.2246467991473532e-16,-1.0,1019.4,21.1,0.0,21.100000000000005,1018.7333333333332
883,883,2017-06-02,21.6,18.6,25.4,0.0,1018.3,0,6,153,1019.8,21.4,0.0,21.36666666666667,2.9,1.2246467991473532e-16,-1.0,1019.8,21.4,0.0,21.36666666666667,1019.1666666666666
884,884,2017-06-03,23.3,21.6,28.9,0.0,1016.0,1,6,154,1018.3,21.6,0.0,22.100000000000005,2.9,1.2246467991473532e-16,-1.0,1018.3,21.6,0.0,22.100000000000005,1018.0333333333333
885,885,2017-06-04,21.1,19.3,25.8,8.9,1016.8,0,6,155,1016.0,23.3,0.0,22.000000000000004,11.8,1.2246467991473532e-16,-1.0,1016.0,23.3,0.0,22.000000000000004,1017.0333333333333
886,886,2017-06-05,19.7,17.4,24.2,0.0,1014.1,0,6,156,1016.8,21.1,8.9,21.36666666666667,9.9,1.2246467991473532e-16,-1.0,1016.8,21.1,8.9,21.36666666666667,1015.6333333333333
894,894,2017-06-13,25.4,21.4,29.7,0.0,1014.5,0,6,164,1017.0,24.6,0.0,24.566666666666666,0.6,1.2246467991473532e-16,-1.0,1017.0,24.6,0.0,24.566666666666666,1016.3000000000001
895,895,2017-06-14,25.6,21.7,30.8,0.0,1014.4,0,6,165,1014.5,25.4,0.0,25.200000000000003,0.3,1.2246467991473532e-16,-1.0,1014.5,25.4,0.0,25.200000000000003,1015.2999999999998
896,896,2017-06-15,25.9,22.3,30.8,0.0,1016.1,0,6,166,1014.4,25.6,0.0,25.633333333333336,0.0,1.2246467991473532e-16,-1.0,1014.4,25.6,0.0,25.633333333333336,1015.0
897,897,2017-06-16,27.5,23.7,31.8,0.0,1019.0,0,6,167,1016.1,25.9,0.0,26.33333333333334,0.0,1.2246467991473532e-16,-1.0,1016.1,25.9,0.0,26.33333333333334,1016.5
898,898,2017-06-17,26.2,24.4,29.6,0.0,1017.2,0,6,168,1019.0,27.5,0.0,26.533333333333335,0.0,1.2246467991473532e-16,-1.0,1019.0,27.5,0.0,26.533333333333335,1017.4333333333334
899,899,2017-06-18,25.8,22.4,29.8,0.0,1016.1,0,6,169,1017.2,26.2,0.0,26.500000000000004,0.0,1.2246467991473532e-16,-1.0,1017.2,26.2,0.0,26.500000000000004,1017.4333333333334
900,900,2017-06-19,25.3,22.0,28.7,0.0,1019.3,0,6,170,1016.1,25.8,0.0,25.76666666666667,0.0,1.2246467991473532e-16,-1.0,1016.1,25.8,0.0,25.76666666666667,1017.5333333333334
901,901,2017-06-20,26.1,22.8,29.8,0.0,1018.7,0,6,171,1019.3,25.3,0.0,25.733333333333338,0.0,1.2246467991473532e-16,-1.0,1019.3,25.3,0.0,25.733333333333338,1018.0333333333333
902,902,2017-06-21,26.1,23.5,30.3,0.0,1016.4,0,6,172,1018.7,26.1,0.0,25.83333333333334,0.0,1.2246467991473532e-16,-1.0,1018.7,26.1,0.0,25.83333333333334,1018.1333333333333
903,903,2017-06-22,26.1,21.4,29.5,0.0,1017.6,0,6,173,1016.4,26.1,0.0,26.1,0.0,1.2246467991473532e-16,-1.0,1016.4,26.1,0.0,26.1,1017.5666666666666
904,904,2017-06-23,25.9,22.7,29.7,0.0,1019.1,0,6,174,1017.6,26.1,0.0,26.033333333333335,0.0,1.2246467991473532e-16,-1.0,1017.6,26.1,0.0,26.033333333333335,1017.6999999999999
913,913,2017-07-02,22.1,18.1,26.5,0.0,1021.9,0,7,183,1019.2,21.1,0.0,21.96666666666667,2.6,-0.4999999999999997,-0.8660254037844388,1019.2,21.1,0.0,21.96666666666667,1018.0
914,914,2017-07-03,22.8,18.6,27.4,0.0,1022.0,0,7,184,1021.9,22.1,0.0,22.000000000000004,2.6,-0.4999999999999997,-0.8660254037844388,1021.9,22.1,0.0,22.000000000000004,1021.0333333333333
915,915,2017-07-04,23.6,19.8,27.5,0.0,1019.4,0,7,185,1022.0,22.8,0.0,22.83333333333334,2.6,-0.4999999999999997,-0.8660254037844388,1022.0,22.8,0.0,22.83333333333334,1021.1
916,916,2017-07-05,23.6,19.2,28.0,0.0,1017.7,0,7,186,1019.4,23.6,0.0,23.33333333333334,1.3,-0.4999999999999997,-0.8660254037844388,1019.4,23.6,0.0,23.33333333333334,1019.6999999999999
917,917,2017-07-06,25.1,21.7,29.7,0.0,1017.9,0,7,187,1017.7,23.6,0.0,24.100000000000005,0.0,-0.4999999999999997,-0.8660254037844388,1017.7,23.6,0.0,24.100000000000005,1018.3333333333334
918,918,2017-07-07,25.6,22.6,29.1,0.0,1018.1,0,7,188,1017.9,25.1,0.0,24.76666666666667,0.0,-0.4999999999999997,-0.8660254037844388,1017.9,25.1,0.0,24.76666666666667,1017.9
926,926,2017-07-15,26.4,24.3,30.4,0.0,1018.0,0,7,196,1017.8,26.1,0.0,26.3,0.0,-0.4999999999999997,-0.8660254037844388,1017.8,26.1,0.0,26.3,1018.0
927,927,2017-07-16,26.3,24.1,29.9,0.0,1019.6,0,7,197,1018.0,26.4,0.0,26.26666666666667,0.0,-0.4999999999999997,-0.8660254037844388,1018.0,26.4,0.0,26.26666666666667,1018.4666666666667
928,928,2017-07-17,26.3,23.7,29.5,0.0,1019.2,0,7,198,1019.6,26.3,0.0,26.333333333333332,0.0,-0.4999999999999997,-0.8660254037844388,1019.6,26.3,0.0,26.333333333333332,1018.9333333333334
929,929,2017-07-18,26.3,23.0,30.1,0.0,1017.0,0,7,199,1019.2,26.3,0.0,26.3,0.0,-0.4999999999999997,-0.8660254037844388,1019.2,26.3,0.0,26.3,1018.6
930,930,2017-07-19,26.3,23.3,30.1,0.0,1014.5,1,7,200,1017.0,26.3,0.0,26.3,0.0,-0.4999999999999997,-0.8660254037844388,1017.0,26.3,0.0,26.3,1016.9000000000001
931,931,2017-07-20,26.3,24.8,29.4,0.1,1012.4,0,7,201,1014.5,26.3,0.0,26.3,0.1,-0.4999999999999997,-0.8660254037844388,1014.5,26.3,0.0,26.3,1014.6333333333332
932,932,2017-07-21,25.5,23.1,30.1,0.0,1011.9,0,7,202,1012.4,26.3,0.1,26.033333333333335,0.1,-0.4999999999999997,-0.8660254037844388,1012.4,26.3,0.1,26.033333333333335,1012.9333333333333
933,933,2017-07-22,25.7,22.3,29.7,0.0,1014.1,1,7,203,1011.9,25.5,0.0,25.83333333333334,0.1,-0.4999999999999997,-0.8660254037844388,1011.9,25.5,0.0,25.83333333333334,1012.7999999999998
934,934,2017-07-23,25.1,19.9,28.7,2.8,1017.6,0,7,204,1014.1,25.7,0.0,25.433333333333337,2.9,-0.4999999999999997,-0.8660254037844388,1014.1,25.7,0.0,25.433333333333337,1014.5333333333333
935,935,2017-07-24,24.7,20.6,29.5,0.0,1015.2,0,7,205,1017.6,25.1,2.8,25.16666666666667,2.9,-0.4999999999999997,-0.8660254037844388,1017.6,25.1,2.8,25.16666666666667,1015.6333333333333
936,936,2017-07-25,24.6,22.0,28.0,0.0,1014.8,0,7,206,1015.2,24.7,0.0,24.8,2.9,-0.4999999999999997,-0.8660254037844388,1015.2,24.7,0.0,24.8,1015.8666666666667
937,937,2017-07-26,23.8,21.1,27.6,0.0,1014.1,0,7,207,1014.8,24.6,0.0,24.366666666666674,2.9,-0.4999999999999997,-0.8660254037844388,1014.8,24.6,0.0,24.366666666666674,1014.7000000000002
938,938,2017-07-27,25.0,20.6,29.5,0.0,1014.3,0,7,208,1014.1,23.8,0.0,24.46666666666667,2.8,-0.4999999999999997,-0.8660254037844388,1014.1,23.8,0.0,24.46666666666667,1014.4
939,939,2017-07-28,26.2,23.7,29.9,0.0,1016.0,0,7,209,1014.3,25.0,0.0,25.000000000000004,2.8,-0.4999999999999997,-0.8660254037844388,1014.3,25.0,0.0,25.000000000000004,1014.8000000000001
940,940,2017-07-29,25.8,22.4,29.6,0.0,1016.2,0,7,210,1016.0,26.2,0.0,25.66666666666667,2.8,-0.4999999999999997,-0.8660254037844388,1016.0,26.2,0.0,25.66666666666667,1015.5
941,941,2017-07-30,26.4,22.8,31.0,0.0,1013.4,0,7,211,1016.2,25.8,0.0,26.133333333333336,0.0,-0.4999999999999997,-0.8660254037844388,1016.2,25.8,0.0,26.133333333333336,1015.1999999999999
942,942,2017-07-31,26.6,25.1,29.7,0.0,1011.6,1,7,212,1013.4,26.4,0.0,26.26666666666667,0.0,-0.4999999999999997,-0.8660254037844388,1013.4,26.4,0.0,26.26666666666667,1013.7333333333332
943,943,2017-08-01,26.6,25.8,29.7,0.1,1013.1,0,8,213,1011.6,26.6,0.0,26.533333333333342,0.1,-0.8660254037844385,-0.5000000000000004,1011.6,26.6,0.0,26.533333333333342,1012.6999999999999
944,944,2017-08-02,27.9,24.4,32.3,0.0,1017.5,0,8,214,1013.1,26.6,0.1,27.033333333333335,0.1,-0.8660254037844385,-0.5000000000000004,1013.1,26.6,0.1,27.033333333333335,1014.0666666666666
945,945,2017-08-03,27.9,25.6,34.3,0.0,1015.6,0,8,215,1017.5,27.9,0.0,27.46666666666667,0.1,-0.8660254037844385,-0.5000000000000004,1017.5,27.9,0.0,27.46666666666667,1015.4
946,946,2017-08-04,28.4,24.9,33.0,0.0,1014.5,0,8,216,1015.6,27.9,0.0,28.066666666666666,0.1,-0.8660254037844385,-0.5000000000000004,1015.6,27.9,0.0,28.066666666666666,1015.8666666666668
947,947,2017-08-05,28.8,26.1,33.4,0.0,1014.9,0,8,217,1014.5,28.4,0.0,28.36666666666667,0.1,-0.8660254037844385,-0.5000000000000004,1014.5,28.4,0.0,28.36666666666667,1015.0
948,948,2017-08-06,27.2,25.0,31.3,0.0,1016.5,0,8,218,1014.9,28.8,0.0,28.133333333333336,0.1,-0.8660254037844385,-0.5000000000000004,1014.9,28.8,0.0,28.133333333333336,1015.3000000000001
949,949,2017-08-07,26.9,24.0,30.8,0.0,1015.2,1,8,219,1016.5,27.2,0.0,27.633333333333336,0.1,-0.8660254037844385,-0.5000000000000004,1016.5,27.2,0.0,27.633333333333336,1015.5333333333333
950,950,2017-08-08,26.4,22.0,30.2,1.2,1011.8,1,8,220,1015.2,26.9,0.0,26.833333333333332,1.2,-0.8660254037844385,-0.5000000000000004,1015.2,26.9,0.0,26.833333333333332,1014.5
951,951,2017-08-09,22.8,18.4,27.0,2.8,1016.6,0,8,221,1011.8,26.4,1.2,25.36666666666667,4.0,-0.8660254037844385,-0.5000000000000004,1011.8,26.4,1.2,25.36666666666667,1014.5333333333333
959,959,2017-08-17,26.1,23.1,30.2,0.0,1018.9,0,8,229,1019.0,25.6,0.0,25.433333333333337,0.6,-0.8660254037844385,-0.5000000000000004,1019.0,25.6,0.0,25.433333333333337,1018.9
960,960,2017-08-18,26.2,23.3,30.2,0.0,1016.5,0,8,230,1018.9,26.1,0.0,25.96666666666667,0.0,-0.8660254037844385,-0.5000000000000004,1018.9,26.1,0.0,25.96666666666667,1018.1333333333333
961,961,2017-08-19,25.8,24.9,28.8,0.0,1018.4,1,8,231,1016.5,26.2,0.0,26.033333333333335,0.0,-0.8660254037844385,-0.5000000000000004,1016.5,26.2,0.0,26.033333333333335,1017.9333333333334
962,962,2017-08-20,25.2,23.7,28.2,0.5,1020.5,0,8,232,1018.4,25.8,0.0,25.733333333333338,0.5,-0.8660254037844385,-0.5000000000000004,1018.4,25.8,0.0,25.733333333333338,1018.4666666666666
963,963,2017-08-21,25.3,22.1,29.8,0.0,1019.8,0,8,233,1020.5,25.2,0.5,25.433333333333337,0.5,-0.8660254037844385,-0.5000000000000004,1020.5,25.2,0.5,25.433333333333337,1019.5666666666666
964,964,2017-08-22,25.4,22.6,29.6,0.0,1017.5,0,8,234,1019.8,25.3,0.0,25.3,0.5,-0.8660254037844385,-0.5000000000000004,1019.8,25.3,0.0,25.3,1019.2666666666668
965,965,2017-08-23,25.3,21.8,29.7,0.0,1017.3,0,8,235,1017.5,25.4,0.0,25.333333333333332,0.5,-0.8660254037844385,-0.5000000000000004,1017.5,25.4,0.0,25.333333333333332,1018.1999999999999
966,966,2017-08-24,26.0,22.8,30.5,0.0,1017.2,0,8,236,1017.3,25.3,0.0,25.566666666666674,0.5,-0.8660254037844385,-0.5000000000000004,1017.3,25.3,0.0,25.566666666666674,1017.3333333333334
967,967,2017-08-25,25.5,21.5,30.3,0.0,1017.6,0,8,237,1017.2,26.0,0.0,25.600000000000005,0.5,-0.8660254037844385,-0.5000000000000004,1017.2,26.0,0.0,25.600000000000005,1017.3666666666667
968,968,2017-08-26,26.2,23.6,29.9,0.0,1016.8,0,8,238,1017.6,25.5,0.0,25.900000000000006,0.5,-0.8660254037844385,-0.5000000000000004,1017.6,25.5,0.0,25.900000000000006,1017.1999999999999
969,969,2017-08-27,26.1,24.0,29.3,0.0,1016.1,0,8,239,1016.8,26.2,0.0,25.933333333333337,0.0,-0.8660254037844385,-0.5000000000000004,1016.8,26.2,0.0,25.933333333333337,1016.8333333333334
970,970,2017-08-28,26.4,23.6,31.0,0.0,1014.9,0,8,240,1016.1,26.1,0.0,26.233333333333338,0.0,-0.8660254037844385,-0.5000000000000004,1016.1,26.1,0.0,26.233333333333338,1015.9333333333334
978,978,2017-09-05,24.2,20.3,28.5,0.0,1020.8,1,9,248,1016.0,23.6,1.0,23.433333333333337,15.3,-1.0,-1.8369701987210297e-16,1016.0,23.6,1.0,23.433333333333337,1017.5666666666666
979,979,2017-09-06,24.8,22.3,28.8,13.6,1020.7,0,9,249,1020.8,24.2,0.0,24.200000000000003,28.0,-1.0,-1.8369701987210297e-16,1020.8,24.2,0.0,24.200000000000003,1019.1666666666666
980,980,2017-09-07,22.4,19.5,26.0,0.0,1017.3,0,9,250,1020.7,24.8,13.6,23.8,16.6,-1.0,-1.8369701987210297e-16,1020.7,24.8,13.6,23.8,1019.6
981,981,2017-09-08,22.2,19.0,26.4,0.0,1014.2,1,9,251,1017.3,22.4,0.0,23.133333333333336,15.9,-1.0,-1.8369701987210297e-16,1017.3,22.4,0.0,23.133333333333336,1017.4
982,982,2017-09-09,20.9,16.9,27.0,3.1,1006.1,0,9,252,1014.2,22.2,0.0,21.833333333333332,19.0,-1.0,-1.8369701987210297e-16,1014.2,22.2,0.0,21.833333333333332,1012.5333333333333
983,983,2017-09-10,20.3,14.3,29.1,0.0,1007.4,1,9,253,1006.1,20.9,3.1,21.133333333333336,17.7,-1.0,-1.8369701987210297e-16,1006.1,20.9,3.1,21.133333333333336,1009.2333333333332
984,984,2017-09-11,22.4,18.0,26.8,11.7,1009.8,1,9,254,1007.4,20.3,0.0,21.200000000000003,28.4,-1.0,-1.8369701987210297e-16,1007.4,20.3,0.0,21.200000000000003,1007.7666666666668
985,985,2017-09-12,21.8,19.6,23.9,1.9,1015.5,0,9,255,1009.8,22.4,11.7,21.500000000000004,30.299999999999997,-1.0,-1.8369701987210297e-16,1009.8,22.4,11.7,21.500000000000004,1010.9
986,986,2017-09-13,22.7,18.4,27.3,0.0,1021.1,1,9,256,1015.5,21.8,1.9,22.3,16.699999999999996,-1.0,-1.8369701987210297e-16,1015.5,21.8,1.9,22.3,1015.4666666666667
987,987,2017-09-14,23.6,18.0,27.5,4.3,1016.7,1,9,257,1021.1,22.7,0.0,22.700000000000003,20.999999999999996,-1.0,-1.8369701987210297e-16,1021.1,22.7,0.0,22.700000000000003,1017.7666666666668
988,988,2017-09-15,15.4,13.1,18.1,4.4,1015.7,0,9,258,1016.7,23.6,4.3,20.566666666666674,25.4,-1.0,-1.8369701987210297e-16,1016.7,23.6,4.3,20.566666666666674,1017.8333333333334
989,989,2017-09-16,16.7,12.0,21.8,0.0,1014.0,1,9,259,1015.7,15.4,4.4,18.56666666666667,22.299999999999997,-1.0,-1.8369701987210297e-16,1015.7,15.4,4.4,18.56666666666667,1015.4666666666667
990,990,2017-09-17,18.2,12.1,23.7,0.6,1017.4,1,9,260,1014.0,16.7,0.0,16.76666666666667,22.9,-1.0,-1.8369701987210297e-16,1014.0,16.7,0.0,16.76666666666667,1015.6999999999999
991,991,2017-09-18,19.8,18.3,22.0,4.9,1017.0,0,9,261,1017.4,18.2,0.6,18.233333333333338,16.1,-1.0,-1.8369701987210297e-16,1017.4,18.2,0.6,18.233333333333338,1016.1333333333333
992,992,2017-09-19,19.7,16.2,23.5,0.0,1019.8,0,9,262,1017.0,19.8,4.9,19.233333333333334,14.2,-1.0,-1.8369701987210297e-16,1017.0,19.8,4.9,19.233333333333334,1018.0666666666666
993,993,2017-09-20,19.3,15.1,24.5,0.0,1020.2,0,9,263,1019.8,19.7,0.0,19.6,14.2,-1.0,-1.8369701987210297e-16,1019.8,19.7,0.0,19.6,1019.0
994,994,2017-09-21,20.7,16.5,26.2,0.0,1018.1,0,9,264,1020.2,19.3,0.0,19.900000000000002,9.9,-1.0,-1.8369701987210297e-16,1020.2,19.3,0.0,19.900000000000002,1019.3666666666667
995,995,2017-09-22,20.8,18.5,24.7,0.0,1020.3,0,9,265,1018.1,20.7,0.0,20.26666666666667,5.5,-1.0,-1.8369701987210297e-16,1018.1,20.7,0.0,20.26666666666667,1019.5333333333333
996,996,2017-09-23,20.8,17.2,25.4,0.0,1020.6,0,9,266,1020.3,20.8,0.0,20.76666666666667,5.5,-1.0,-1.8369701987210297e-16,1020.3,20.8,0.0,20.76666666666667,1019.6666666666666
997,997,2017-09-24,21.7,18.6,26.0,0.0,1019.5,1,9,267,1020.6,20.8,0.0,21.1,4.9,-1.0,-1.8369701987210297e-16,1020.6,20.8,0.0,21.1,1020.1333333333333
998,998,2017-09-25,21.5,18.1,26.0,1.8,1017.9,0,9,268,1019.5,21.7,0.0,21.333333333333332,1.8,-1.0,-1.8369701987210297e-16,1019.5,21.7,0.0,21.333333333333332,1019.3333333333334
999,999,2017-09-26,21.1,17.8,25.1,0.0,1020.2,0,9,269,1017.9,21.5,1.8,21.433333333333337,1.8,-1.0,-1.8369701987210297e-16,1017.9,21.5,1.8,21.433333333333337,1019.1999999999999
1000,1000,2017-09-27,20.9,17.1,25.2,0.0,1022.0,0,9,270,1020.2,21.1,0.0,21.166666666666668,1.8,-1.0,-1.8369701987210297e-16,1020.2,21.1,0.0,21.166666666666668,1020.0333333333333
1001,1001,2017-09-28,20.9,18.0,25.5,0.0,1024.3,0,9,271,1022.0,20.9,0.0,20.96666666666667,1.8,-1.0,-1.8369701987210297e-16,1022.0,20.9,0.0,20.96666666666667,1022.1666666666666
1002,1002,2017-09-29,20.6,17.6,25.1,0.0,1022.7,1,9,272,1024.3,20.9,0.0,20.8,1.8,-1.0,-1.8369701987210297e-16,1024.3,20.9,0.0,20.8,1023.0
1003,1003,2017-09-30,20.4,17.3,24.2,15.6,1019.8,1,9,273,1022.7,20.6,0.0,20.633333333333336,17.4,-1.0,-1.8369701987210297e-16,1022.7,20.6,0.0,20.633333333333336,1022.2666666666668
1004,1004,2017-10-01,19.7,18.4,21.6,0.7,1021.0,0,10,274,1019.8,20.4,15.6,20.233333333333334,18.1,-0.8660254037844386,0.5000000000000001,1019.8,20.4,15.6,20.233333333333334,1021.1666666666666
1012,1012,2017-10-09,19.7,15.2,24.5,0.0,1019.9,0,10,282,1020.0,18.8,0.0,19.433333333333334,0.0,-0.8660254037844386,0.5000000000000001,1020.0,18.8,0.0,19.433333333333334,1020.6333333333333
1013,1013,2017-10-10,20.3,17.0,25.1,0.0,1020.5,0,10,283,1019.9,19.7,0.0,19.600000000000005,0.0,-0.8660254037844386,0.5000000000000001,1019.9,19.7,0.0,19.600000000000005,1020.1333333333333
1014,1014,2017-10-11,20.7,17.4,25.1,0.0,1022.3,0,10,284,1020.5,20.3,0.0,20.233333333333338,0.0,-0.8660254037844386,0.5000000000000001,1020.5,20.3,0.0,20.233333333333338,1020.9
1015,1015,2017-10-12,20.9,17.9,25.5,0.0,1025.5,0,10,285,1022.3,20.7,0.0,20.633333333333336,0.0,-0.8660254037844386,0.5000000000000001,1022.3,20.7,0.0,20.633333333333336,1022.7666666666665
1016,1016,2017-10-13,20.8,18.2,25.3,0.0,1025.9,0,10,286,1025.5,20.9,0.0,20.8,0.0,-0.8660254037844386,0.5000000000000001,1025.5,20.9,0.0,20.8,1024.5666666666666
1017,1017,2017-10-14,20.8,18.5,24.9,0.0,1026.8,0,10,287,1025.9,20.8,0.0,20.833333333333336,0.0,-0.8660254037844386,0.5000000000000001,1025.9,20.8,0.0,20.833333333333336,1026.0666666666666
1018,1018,2017-10-15,20.5,17.2,25.0,0.0,1027.5,0,10,288,1026.8,20.8,0.0,20.700000000000003,0.0,-0.8660254037844386,0.5000000000000001,1026.8,20.8,0.0,20.700000000000003,1026.7333333333333
1019,1019,2017-10-16,20.4,17.7,25.1,0.0,1026.6,0,10,289,1027.5,20.5,0.0,20.56666666666667,0.0,-0.8660254037844386,0.5000000000000001,1027.5,20.5,0.0,20.56666666666667,1026.9666666666665
1020,1020,2017-10-17,19.7,16.3,24.8,0.0,1022.9,1,10,290,1026.6,20.4,0.0,20.200000000000003,0.0,-0.8660254037844386,0.5000000000000001,1026.6,20.4,0.0,20.200000000000003,1025.6666666666665
1021,1021,2017-10-18,19.3,16.1,24.3,37.5,1015.3,0,10,291,1022.9,19.7,0.0,19.8,37.5,-0.8660254037844386,0.5000000000000001,1022.9,19.7,0.0,19.8,1021.6
1029,1029,2017-10-26,18.3,14.8,23.5,0.0,1026.2,0,10,299,1024.2,18.0,0.0,17.833333333333332,0.9,-0.8660254037844386,0.5000000000000001,1024.2,18.0,0.0,17.833333333333332,1024.7
1030,1030,2017-10-27,19.1,15.5,24.8,0.0,1024.7,0,10,300,1026.2,18.3,0.0,18.46666666666667,0.1,-0.8660254037844386,0.5000000000000001,1026.2,18.3,0.0,18.46666666666667,1025.0333333333335
1031,1031,2017-10-28,18.0,15.0,23.2,0.0,1023.6,0,10,301,1024.7,19.1,0.0,18.46666666666667,0.0,-0.8660254037844386,0.5000000000000001,1024.7,19.1,0.0,18.46666666666667,1024.8333333333333
1032,1032,2017-10-29,17.3,13.2,24.4,0.0,1019.6,1,10,302,1023.6,18.0,0.0,18.133333333333336,0.0,-0.8660254037844386,0.5000000000000001,1023.6,18.0,0.0,18.133333333333336,1022.6333333333336
1033,1033,2017-10-30,16.2,12.4,21.3,4.4,1017.2,0,10,303,1019.6,17.3,0.0,17.16666666666667,4.4,-0.8660254037844386,0.5000000000000001,1019.6,17.3,0.0,17.16666666666667,1020.1333333333333
1034,1034,2017-10-31,15.4,12.8,19.6,0.0,1022.3,1,10,304,1017.2,16.2,4.4,16.300000000000004,4.4,-0.8660254037844386,0.5000000000000001,1017.2,16.2,4.4,16.300000000000004,1019.7000000000002
1035,1035,2017-11-01,15.1,10.9,20.9,0.4,1022.9,0,11,305,1022.3,15.4,0.0,15.566666666666668,4.800000000000001,-0.5000000000000004,0.8660254037844384,1022.3,15.4,0.0,15.566666666666668,1020.8000000000001
1036,1036,2017-11-02,17.7,15.0,22.6,0.0,1019.7,0,11,306,1022.9,15.1,0.4,16.066666666666666,4.800000000000001,-0.5000000000000004,0.8660254037844384,1022.9,15.1,0.4,16.066666666666666,1021.6333333333333
1037,1037,2017-11-03,17.3,14.2,22.2,0.0,1015.0,1,11,307,1019.7,17.7,0.0,16.700000000000003,4.800000000000001,-0.5000000000000004,0.8660254037844384,1019.7,17.7,0.0,16.700000000000003,1019.1999999999999
1038,1038,2017-11-04,17.5,15.6,23.2,4.9,1011.5,0,11,308,1015.0,17.3,0.0,17.500000000000004,9.700000000000001,-0.5000000000000004,0.8660254037844384,1015.0,17.3,0.0,17.500000000000004,1015.4
1039,1039,2017-11-05,16.4,12.2,21.2,0.0,1013.5,0,11,309,1011.5,17.5,4.9,17.06666666666667,9.700000000000001,-0.5000000000000004,0.8660254037844384,1011.5,17.5,4.9,17.06666666666667,1013.3333333333334
1040,1040,2017-11-06,13.1,8.8,18.2,0.0,1016.2,0,11,310,1013.5,16.4,0.0,15.66666666666667,5.300000000000001,-0.5000000000000004,0.8660254037844384,1013.5,16.4,0.0,15.66666666666667,1013.7333333333335
1041,1041,2017-11-07,10.4,6.2,17.2,0.0,1016.4,0,11,311,1016.2,13.1,0.0,13.300000000000002,5.300000000000001,-0.5000000000000004,0.8660254037844384,1016.2,13.1,0.0,13.300000000000002,1015.3666666666668
1042,1042,2017-11-08,10.0,6.0,15.5,0.0,1019.2,0,11,312,1016.4,10.4,0.0,11.16666666666667,4.9,-0.5000000000000004,0.8660254037844384,1016.4,10.4,0.0,11.16666666666667,1017.2666666666668
1043,1043,2017-11-09,10.3,6.5,17.0,0.0,1021.9,0,11,313,1019.2,10.0,0.0,10.233333333333336,4.9,-0.5000000000000004,0.8660254037844384,1019.2,10.0,0.0,10.233333333333336,1019.1666666666666
1044,1044,2017-11-10,10.7,6.1,17.2,0.0,1024.2,0,11,314,1021.9,10.3,0.0,10.333333333333336,4.9,-0.5000000000000004,0.8660254037844384,1021.9,10.3,0.0,10.333333333333336,1021.7666666666668
1045,1045,2017-11-11,11.9,8.8,17.2,0.0,1021.5,0,11,315,1024.2,10.7,0.0,10.966666666666669,0.0,-0.5000000000000004,0.8660254037844384,1024.2,10.7,0.0,10.966666666666669,1022.5333333333333
1046,1046,2017-11-12,14.1,10.7,20.2,0.0,1015.9,0,11,316,1021.5,11.9,0.0,12.233333333333334,0.0,-0.5000000000000004,0.8660254037844384,1021.5,11.9,0.0,12.233333333333334,1020.5333333333333
1047,1047,2017-11-13,13.7,9.4,18.0,0.0,1012.5,0,11,317,1015.9,14.1,0.0,13.233333333333334,0.0,-0.5000000000000004,0.8660254037844384,1015.9,14.1,0.0,13.233333333333334,1016.6333333333333
1048,1048,2017-11-14,10.4,6.7,17.4,0.0,1017.7,0,11,318,1012.5,13.7,0.0,12.733333333333336,0.0,-0.5000000000000004,0.8660254037844384,1012.5,13.7,0.0,12.733333333333336,1015.3666666666667
1049,1049,2017-11-15,9.3,4.7,17.2,0.0,1019.5,0,11,319,1017.7,10.4,0.0,11.133333333333335,0.0,-0.5000000000000004,0.8660254037844384,1017.7,10.4,0.0,11.133333333333335,1016.5666666666666
1050,1050,2017-11-16,10.2,5.3,17.8,0.0,1020.4,0,11,320,1019.5,9.3,0.0,9.966666666666669,0.0,-0.5000000000000004,0.8660254037844384,1019.5,9.3,0.0,9.966666666666669,1019.1999999999999
1051,1051,2017-11-17,11.5,6.1,19.2,0.0,1019.6,0,11,321,1020.4,10.2,0.0,10.333333333333336,0.0,-0.5000000000000004,0.8660254037844384,1020.4,10.2,0.0,10.333333333333336,1019.8333333333334
1052,1052,2017-11-18,11.9,7.5,20.2,0.0,1019.9,0,11,322,1019.6,11.5,0.0,11.200000000000003,0.0,-0.5000000000000004,0.8660254037844384,1019.6,11.5,0.0,11.200000000000003,1019.9666666666667
1053,1053,2017-11-19,11.3,7.2,18.3,0.0,1021.1,0,11,323,1019.9,11.9,0.0,11.56666666666667,0.0,-0.5000000000000004,0.8660254037844384,1019.9,11.9,0.0,11.56666666666667,1020.1999999999999
1054,1054,2017-11-20,11.3,6.6,19.2,0.0,1022.9,0,11,324,1021.1,11.3,0.0,11.500000000000005,0.0,-0.5000000000000004,0.8660254037844384,1021.1,11.3,0.0,11.500000000000005,1021.3000000000001
1055,1055,2017-11-21,12.1,7.6,19.9,0.0,1020.8,0,11,325,1022.9,11.3,0.0,11.56666666666667,0.0,-0.5000000000000004,0.8660254037844384,1022.9,11.3,0.0,11.56666666666667,1021.6
1056,1056,2017-11-22,12.1,7.3,19.2,0.0,1017.0,0,11,326,1020.8,12.1,0.0,11.833333333333336,0.0,-0.5000000000000004,0.8660254037844384,1020.8,12.1,0.0,11.833333333333336,1020.2333333333332
1057,1057,2017-11-23,13.2,9.6,19.4,0.0,1017.3,0,11,327,1017.0,12.1,0.0,12.466666666666669,0.0,-0.5000000000000004,0.8660254037844384,1017.0,12.1,0.0,12.466666666666669,1018.3666666666667
1058,1058,2017-11-24,14.4,10.0,21.0,0.0,1018.1,0,11,328,1017.3,13.2,0.0,13.233333333333334,0.0,-0.5000000000000004,0.8660254037844384,1017.3,13.2,0.0,13.233333333333334,1017.4666666666667
1059,1059,2017-11-25,13.7,9.8,17.6,0.0,1017.5,0,11,329,1018.1,14.4,0.0,13.766666666666667,0.0,-0.5000000000000004,0.8660254037844384,1018.1,14.4,0.0,13.766666666666667,1017.6333333333333
1060,1060,2017-11-26,10.1,7.1,15.8,0.0,1026.4,0,11,330,1017.5,13.7,0.0,12.733333333333334,0.0,-0.5000000000000004,0.8660254037844384,1017.5,13.7,0.0,12.733333333333334,1020.6666666666666
1061,1061,2017-11-27,8.7,4.9,14.5,0.0,1028.4,0,11,331,1026.4,10.1,0.0,10.833333333333336,0.0,-0.5000000000000004,0.8660254037844384,1026.4,10.1,0.0,10.833333333333336,1024.1000000000001
1062,1062,2017-11-28,9.1,5.1,16.6,0.0,1016.7,0,11,332,1028.4,8.7,0.0,9.300000000000002,0.0,-0.5000000000000004,0.8660254037844384,1028.4,8.7,0.0,9.300000000000002,1023.8333333333335
1063,1063,2017-11-29,8.4,4.4,14.3,0.0,1008.0,0,11,333,1016.7,9.1,0.0,8.733333333333336,0.0,-0.5000000000000004,0.8660254037844384,1016.7,9.1,0.0,8.733333333333336,1017.7000000000002
1064,1064,2017-11-30,7.5,3.6,14.6,0.0,1012.4,1,11,334,1008.0,8.4,0.0,8.333333333333336,0.0,-0.5000000000000004,0.8660254037844384,1008.0,8.4,0.0,8.333333333333336,1012.3666666666668
1065,1065,2017-12-01,6.2,2.7,8.6,0.3,1012.6,0,12,335,1012.4,7.5,0.0,7.36666666666667,0.3,-2.4492935982947064e-16,1.0,1012.4,7.5,0.0,7.36666666666667,1011.0
1066,1066,2017-12-02,6.3,1.9,11.6,0.0,1014.2,0,12,336,1012.6,6.2,0.3,6.666666666666669,0.3,-2.4492935982947064e-16,1.0,1012.6,6.2,0.3,6.666666666666669,1013.0666666666667
1067,1067,2017-12-03,7.1,3.2,13.5,0.0,1023.1,0,12,337,1014.2,6.3,0.0,6.533333333333336,0.3,-2.4492935982947064e-16,1.0,1014.2,6.3,0.0,6.533333333333336,1016.6333333333333
1068,1068,2017-12-04,6.9,1.9,15.1,0.0,1032.4,0,12,338,1023.1,7.1,0.0,6.766666666666669,0.3,-2.4492935982947064e-16,1.0,1023.1,7.1,0.0,6.766666666666669,1023.2333333333335
1069,1069,2017-12-05,6.9,2.7,14.0,0.0,1035.5,0,12,339,1032.4,6.9,0.0,6.966666666666669,0.3,-2.4492935982947064e-16,1.0,1032.4,6.9,0.0,6.966666666666669,1030.3333333333333
1070,1070,2017-12-06,7.2,2.5,15.1,0.0,1034.1,0,12,340,1035.5,6.9,0.0,7.000000000000003,0.3,-2.4492935982947064e-16,1.0,1035.5,6.9,0.0,7.000000000000003,1034.0
1071,1071,2017-12-07,8.7,4.2,15.3,0.0,1030.2,0,12,341,1034.1,7.2,0.0,7.600000000000001,0.3,-2.4492935982947064e-16,1.0,1034.1,7.2,0.0,7.600000000000001,1033.2666666666667
1072,1072,2017-12-08,8.1,5.6,12.1,0.0,1023.1,0,12,342,1030.2,8.7,0.0,8.000000000000002,0.0,-2.4492935982947064e-16,1.0,1030.2,8.7,0.0,8.000000000000002,1029.1333333333334
1073,1073,2017-12-09,7.7,5.1,13.0,0.0,1021.8,1,12,343,1023.1,8.1,0.0,8.16666666666667,0.0,-2.4492935982947064e-16,1.0,1023.1,8.1,0.0,8.16666666666667,1025.0333333333333
1074,1074,2017-12-10,12.9,8.4,18.2,0.7,1009.7,1,12,344,1021.8,7.7,0.0,9.566666666666668,0.7,-2.4492935982947064e-16,1.0,1021.8,7.7,0.0,9.566666666666668,1018.1999999999999
1075,1075,2017-12-11,13.8,8.0,17.0,1.1,993.6,0,12,345,1009.7,12.9,0.7,11.466666666666669,1.8,-2.4492935982947064e-16,1.0,1009.7,12.9,0.7,11.466666666666669,1008.3666666666668
1076,1076,2017-12-12,8.3,5.0,12.0,0.0,1012.8,0,12,346,993.6,13.8,1.1,11.66666666666667,1.8,-2.4492935982947064e-16,1.0,993.6,13.8,1.1,11.66666666666667,1005.3666666666667
1077,1077,2017-12-13,7.7,3.3,14.1,0.0,1022.6,0,12,347,1012.8,8.3,0.0,9.933333333333335,1.8,-2.4492935982947064e-16,1.0,1012.8,8.3,0.0,9.933333333333335,1009.6666666666666
1085,1085,2017-12-21,9.6,7.4,16.2,0.0,1035.3,0,12,355,1031.8,7.9,0.0,8.400000000000004,0.0,-2.4492935982947064e-16,1.0,1031.8,7.9,0.0,8.400000000000004,1032.3333333333333
1086,1086,2017-12-22,10.4,7.2,16.1,0.0,1032.2,0,12,356,1035.3,9.6,0.0,9.300000000000002,0.0,-2.4492935982947064e-16,1.0,1035.3,9.6,0.0,9.300000000000002,1033.1000000000001
1087,1087,2017-12-23,9.2,6.4,14.9,0.0,1034.0,0,12,357,1032.2,10.4,0.0,9.733333333333336,0.0,-2.4492935982947064e-16,1.0,1032.2,10.4,0.0,9.733333333333336,1033.8333333333333
1088,1088,2017-12-24,8.4,4.5,15.2,0.0,1031.7,0,12,358,1034.0,9.2,0.0,9.333333333333336,0.0,-2.4492935982947064e-16,1.0,1034.0,9.2,0.0,9.333333333333336,1032.6333333333332
1089,1089,2017-12-25,9.1,5.9,16.1,0.0,1025.2,1,12,359,1031.7,8.4,0.0,8.900000000000004,0.0,-2.4492935982947064e-16,1.0,1031.7,8.4,0.0,8.900000000000004,1030.3
1090,1090,2017-12-26,9.2,6.2,15.3,1.0,1015.6,0,12,360,1025.2,9.1,0.0,8.900000000000002,1.0,-2.4492935982947064e-16,1.0,1025.2,9.1,0.0,8.900000000000002,1024.1666666666667
1098,1098,2018-01-03,17.4,10.6,22.9,0.0,1022.1,0,1,3,1023.9,13.2,0.0,14.633333333333335,0.1,0.49999999999999994,0.8660254037844387,1023.9,13.2,0.0,14.633333333333335,1023.0
1099,1099,2018-01-04,19.1,14.3,23.5,0.0,1017.9,0,1,4,1022.1,17.4,0.0,16.566666666666666,0.1,0.49999999999999994,0.8660254037844387,1022.1,17.4,0.0,16.566666666666666,1021.2999999999998
1100,1100,2018-01-05,14.8,10.0,20.0,0.0,1010.1,1,1,5,1017.9,19.1,0.0,17.100000000000005,0.0,0.49999999999999994,0.8660254037844387,1017.9,19.1,0.0,17.100000000000005,1016.6999999999999
1101,1101,2018-01-06,11.8,7.5,16.0,0.1,1001.9,1,1,6,1010.1,14.8,0.0,15.23333333333334,0.1,0.49999999999999994,0.8660254037844387,1010.1,14.8,0.0,15.23333333333334,1009.9666666666667
1102,1102,2018-01-07,11.9,6.7,15.8,6.8,1002.9,0,1,7,1001.9,11.8,0.1,12.833333333333337,6.8999999999999995,0.49999999999999994,0.8660254037844387,1001.9,11.8,0.1,12.833333333333337,1004.9666666666667
1103,1103,2018-01-08,8.2,5.5,13.9,0.0,1010.0,0,1,8,1002.9,11.9,6.8,10.633333333333338,6.8999999999999995,0.49999999999999994,0.8660254037844387,1002.9,11.9,6.8,10.633333333333338,1004.9333333333334
1104,1104,2018-01-09,8.7,4.6,14.6,0.0,1016.3,0,1,9,1010.0,8.2,0.0,9.600000000000003,6.8999999999999995,0.49999999999999994,0.8660254037844387,1010.0,8.2,0.0,9.600000000000003,1009.7333333333332
1105,1105,2018-01-10,9.8,6.4,14.9,0.0,1015.3,0,1,10,1016.3,8.7,0.0,8.900000000000004,6.8999999999999995,0.49999999999999994,0.8660254037844387,1016.3,8.7,0.0,8.900000000000004,1013.8666666666667
1106,1106,2018-01-11,10.7,7.8,14.3,0.0,1015.0,0,1,11,1015.3,9.8,0.0,9.733333333333336,6.8999999999999995,0.49999999999999994,0.8660254037844387,1015.3,9.8,0.0,9.733333333333336,1015.5333333333333
1107,1107,2018-01-12,7.8,5.0,13.3,0.0,1021.7,1,1,12,1015.0,10.7,0.0,9.433333333333337,6.8999999999999995,0.49999999999999994,0.8660254037844387,1015.0,10.7,0.0,9.433333333333337,1017.3333333333334
1108,1108,2018-01-13,8.1,2.8,14.0,10.3,1020.2,0,1,13,1021.7,7.8,0.0,8.866666666666669,17.1,0.49999999999999994,0.8660254037844387,1021.7,7.8,0.0,8.866666666666669,1018.9666666666667
1109,1109,2018-01-14,9.0,6.5,12.2,0.0,1016.2,0,1,14,1020.2,8.1,10.3,8.300000000000004,10.3,0.49999999999999994,0.8660254037844387,1020.2,8.1,10.3,8.300000000000004,1019.3666666666667
1110,1110,2018-01-15,8.2,4.8,13.8,0.0,1023.2,0,1,15,1016.2,9.0,0.0,8.433333333333337,10.3,0.49999999999999994,0.8660254037844387,1016.2,9.0,0.0,8.433333333333337,1019.8666666666668
1111,1111,2018-01-16,12.6,8.0,18.7,0.0,1020.3,1,1,16,1023.2,8.2,0.0,9.933333333333337,10.3,0.49999999999999994,0.8660254037844387,1023.2,8.2,0.0,9.933333333333337,1019.9
1112,1112,2018-01-17,14.6,10.7,18.1,1.4,1019.1,0,1,17,1020.3,12.6,0.0,11.800000000000004,11.700000000000001,0.49999999999999994,0.8660254037844387,1020.3,12.6,0.0,11.800000000000004,1020.8666666666668
1113,1113,2018-01-18,10.1,6.4,15.1,0.0,1023.6,0,1,18,1019.1,14.6,1.4,12.433333333333337,11.700000000000003,0.49999999999999994,0.8660254037844387,1019.1,14.6,1.4,12.433333333333337,1021.0
1114,1114,2018-01-19,8.6,5.7,13.6,0.0,1019.1,0,1,19,1023.6,10.1,0.0,11.100000000000003,11.700000000000003,0.49999999999999994,0.8660254037844387,1023.6,10.1,0.0,11.100000000000003,1020.6
1115,1115,2018-01-20,11.2,5.9,16.6,0.0,1019.6,0,1,20,1019.1,8.6,0.0,9.96666666666667,1.4000000000000017,0.49999999999999994,0.8660254037844387,1019.1,8.6,0.0,9.96666666666667,1020.7666666666668
1116,1116,2018-01-21,17.4,15.0,23.8,0.0,1018.3,0,1,21,1019.6,11.2,0.0,12.400000000000004,1.4000000000000017,0.49999999999999994,0.8660254037844387,1019.6,11.2,0.0,12.400000000000004,1019.0
1117,1117,2018-01-22,15.4,11.4,21.5,0.0,1021.7,0,1,22,1018.3,17.4,0.0,14.666666666666671,1.4000000000000017,0.49999999999999994,0.8660254037844387,1018.3,17.4,0.0,14.666666666666671,1019.8666666666667
1118,1118,2018-01-23,12.3,9.4,18.2,0.0,1026.2,0,1,23,1021.7,15.4,0.0,15.033333333333337,1.4000000000000017,0.49999999999999994,0.8660254037844387,1021.7,15.4,0.0,15.033333333333337,1022.0666666666667
1119,1119,2018-01-24,11.2,7.4,16.9,0.0,1027.4,1,1,24,1026.2,12.3,0.0,12.96666666666667,0.0,0.49999999999999994,0.8660254037844387,1026.2,12.3,0.0,12.96666666666667,1025.1000000000001
1120,1120,2018-01-25,12.1,9.8,14.7,2.2,1020.5,1,1,25,1027.4,11.2,0.0,11.866666666666672,2.200000000000002,0.49999999999999994,0.8660254037844387,1027.4,11.2,0.0,11.866666666666672,1024.7
1121,1121,2018-01-26,9.0,6.8,13.9,33.6,1015.4,0,1,26,1020.5,12.1,2.2,10.766666666666671,35.800000000000004,0.49999999999999994,0.8660254037844387,1020.5,12.1,2.2,10.766666666666671,1021.1
1122,1122,2018-01-27,9.5,6.2,13.2,0.0,1026.5,0,1,27,1015.4,9.0,33.6,10.200000000000005,35.800000000000004,0.49999999999999994,0.8660254037844387,1015.4,9.0,33.6,10.200000000000005,1020.8000000000001
1123,1123,2018-01-28,11.4,8.2,15.7,0.0,1035.6,0,1,28,1026.5,9.5,0.0,9.96666666666667,35.800000000000004,0.49999999999999994,0.8660254037844387,1026.5,9.5,0.0,9.96666666666667,1025.8333333333333
1124,1124,2018-01-29,10.2,6.7,16.5,0.0,1034.6,0,1,29,1035.6,11.4,0.0,10.366666666666672,35.800000000000004,0.49999999999999994,0.8660254037844387,1035.6,11.4,0.0,10.366666666666672,1032.2333333333333
1125,1125,2018-01-30,9.8,6.1,15.2,0.0,1029.9,0,1,30,1034.6,10.2,0.0,10.46666666666667,35.800000000000004,0.49999999999999994,0.8660254037844387,1034.6,10.2,0.0,10.46666666666667,1033.3666666666666
1126,1126,2018-01-31,9.5,4.7,14.7,0.0,1023.9,1,1,31,1029.9,9.8,0.0,9.833333333333337,35.800000000000004,0.49999999999999994,0.8660254037844387,1029.9,9.8,0.0,9.833333333333337,1029.4666666666667
1127,1127,2018-02-01,8.2,5.8,11.5,3.7,1010.6,0,2,32,1023.9,9.5,0.0,9.166666666666671,37.300000000000004,0.8660254037844386,0.5000000000000001,1023.9,9.5,0.0,9.166666666666671,1021.4666666666667
1128,1128,2018-02-02,7.2,4.3,12.2,0.0,1006.9,0,2,33,1010.6,8.2,3.7,8.300000000000006,3.7,0.8660254037844386,0.5000000000000001,1010.6,8.2,3.7,8.300000000000006,1013.8000000000001
1129,1129,2018-02-03,7.9,3.6,12.9,0.0,1010.7,1,2,34,1006.9,7.2,0.0,7.766666666666672,3.7,0.8660254037844386,0.5000000000000001,1006.9,7.2,0.0,7.766666666666672,1009.4
1130,1130,2018-02-04,7.8,6.5,10.6,51.9,1011.2,1,2,35,1010.7,7.9,0.0,7.633333333333337,55.6,0.8660254037844386,0.5000000000000001,1010.7,7.9,0.0,7.633333333333337,1009.6
1131,1131,2018-02-05,8.7,6.4,10.4,27.2,1008.4,1,2,36,1011.2,7.8,51.9,8.133333333333338,82.8,0.8660254037844386,0.5000000000000001,1011.2,7.8,51.9,8.133333333333338,1010.1
1132,1132,2018-02-06,8.7,7.3,11.2,3.8,1007.3,0,2,37,1008.4,8.7,27.2,8.400000000000004,86.6,0.8660254037844386,0.5000000000000001,1008.4,8.7,27.2,8.400000000000004,1008.9666666666667
1133,1133,2018-02-07,6.6,3.6,11.7,0.0,1011.6,1,2,38,1007.3,8.7,3.8,8.000000000000005,86.6,0.8660254037844386,0.5000000000000001,1007.3,8.7,3.8,8.000000000000005,1009.0999999999999
1134,1134,2018-02-08,4.4,2.4,8.9,0.4,1018.0,0,2,39,1011.6,6.6,0.0,6.566666666666671,83.3,0.8660254037844386,0.5000000000000001,1011.6,6.6,0.0,6.566666666666671,1012.3000000000001
1135,1135,2018-02-09,5.0,0.6,10.3,0.0,1018.2,0,2,40,1018.0,4.4,0.4,5.333333333333338,83.3,0.8660254037844386,0.5000000000000001,1018.0,4.4,0.4,5.333333333333338,1015.9333333333334
1136,1136,2018-02-10,6.9,2.8,13.5,0.0,1016.9,1,2,41,1018.2,5.0,0.0,5.433333333333338,83.3,0.8660254037844386,0.5000000000000001,1018.2,5.0,0.0,5.433333333333338,1017.7000000000002
1137,1137,2018-02-11,8.4,2.4,14.8,1.4,1016.2,1,2,42,1016.9,6.9,0.0,6.766666666666672,32.8,0.8660254037844386,0.5000000000000001,1016.9,6.9,0.0,6.766666666666672,1017.1
1138,1138,2018-02-12,8.7,3.2,12.6,11.8,1016.6,0,2,43,1016.2,8.4,1.4,8.000000000000005,17.4,0.8660254037844386,0.5000000000000001,1016.2,8.4,1.4,8.000000000000005,1016.5666666666666
1139,1139,2018-02-13,5.6,1.5,11.8,0.0,1017.4,0,2,44,1016.6,8.7,11.8,7.566666666666673,13.6,0.8660254037844386,0.5000000000000001,1016.6,8.7,11.8,7.566666666666673,1016.7333333333332
1140,1140,2018-02-14,7.3,4.1,11.8,0.0,1017.1,0,2,45,1017.4,5.6,0.0,7.200000000000004,13.600000000000001,0.8660254037844386,0.5000000000000001,1017.4,5.6,0.0,7.200000000000004,1017.0333333333333
1141,1141,2018-02-15,10.8,6.7,17.0,0.0,1022.0,0,2,46,1017.1,7.3,0.0,7.900000000000005,13.200000000000001,0.8660254037844386,0.5000000000000001,1017.1,7.3,0.0,7.900000000000005,1018.8333333333334
1142,1142,2018-02-16,12.2,10.4,16.1,0.0,1023.1,1,2,47,1022.0,10.8,0.0,10.100000000000005,13.200000000000001,0.8660254037844386,0.5000000000000001,1022.0,10.8,0.0,10.100000000000005,1020.7333333333332
1143,1143,2018-02-17,11.8,8.6,15.7,0.3,1020.9,0,2,48,1023.1,12.2,0.0,11.600000000000003,13.500000000000002,0.8660254037844386,0.5000000000000001,1023.1,12.2,0.0,11.600000000000003,1022.0
1144,1144,2018-02-18,10.9,7.0,15.2,0.0,1021.2,0,2,49,1020.9,11.8,0.3,11.633333333333338,12.100000000000001,0.8660254037844386,0.5000000000000001,1020.9,11.8,0.3,11.633333333333338,1021.7333333333335
1145,1145,2018-02-19,10.0,6.7,13.5,0.0,1017.2,0,2,50,1021.2,10.9,0.0,10.900000000000006,0.3,0.8660254037844386,0.5000000000000001,1021.2,10.9,0.0,10.900000000000006,1019.7666666666668
1146,1146,2018-02-20,11.8,9.2,15.4,0.0,1011.3,1,2,51,1017.2,10.0,0.0,10.900000000000006,0.3,0.8660254037844386,0.5000000000000001,1017.2,10.0,0.0,10.900000000000006,1016.5666666666666
1147,1147,2018-02-21,9.8,5.6,14.7,0.1,1007.6,1,2,52,1011.3,11.8,0.0,10.533333333333339,0.4,0.8660254037844386,0.5000000000000001,1011.3,11.8,0.0,10.533333333333339,1012.0333333333334
1148,1148,2018-02-22,6.7,2.3,11.0,0.3,1006.8,0,2,53,1007.6,9.8,0.1,9.433333333333339,0.7,0.8660254037844386,0.5000000000000001,1007.6,9.8,0.1,9.433333333333339,1008.5666666666666
1149,1149,2018-02-23,7.1,4.7,11.0,0.0,1007.1,0,2,54,1006.8,6.7,0.3,7.866666666666671,0.7,0.8660254037844386,0.5000000000000001,1006.8,6.7,0.3,7.866666666666671,1007.1666666666666
1150,1150,2018-02-24,7.0,2.3,12.6,0.0,1008.4,0,2,55,1007.1,7.1,0.0,6.933333333333338,0.39999999999999997,0.8660254037844386,0.5000000000000001,1007.1,7.1,0.0,6.933333333333338,1007.4333333333334
1151,1151,2018-02-25,9.2,4.8,15.3,0.0,1009.2,1,2,56,1008.4,7.0,0.0,7.766666666666672,0.39999999999999997,0.8660254037844386,0.5000000000000001,1008.4,7.0,0.0,7.766666666666672,1008.2333333333332
1152,1152,2018-02-26,7.2,3.8,11.9,0.3,1008.7,1,2,57,1009.2,9.2,0.0,7.800000000000004,0.7,0.8660254037844386,0.5000000000000001,1009.2,9.2,0.0,7.800000000000004,1008.7666666666668
1153,1153,2018-02-27,3.0,1.7,5.1,3.7,1009.8,1,2,58,1008.7,7.2,0.3,6.466666666666671,4.4,0.8660254037844386,0.5000000000000001,1008.7,7.2,0.3,6.466666666666671,1009.2333333333332
1154,1154,2018-02-28,4.2,0.7,7.2,9.4,1003.9,1,2,59,1009.8,3.0,3.7,4.800000000000005,13.700000000000001,0.8660254037844386,0.5000000000000001,1009.8,3.0,3.7,4.800000000000005,1007.4666666666667
1155,1155,2018-03-01,10.5,6.8,15.3,1.1,993.4,1,3,60,1003.9,4.2,9.4,5.900000000000005,14.5,1.0,6.123233995736766e-17,1003.9,4.2,9.4,5.900000000000005,1002.3666666666667
1156,1156,2018-03-02,12.0,10.1,15.3,2.6,998.2,0,3,61,993.4,10.5,1.1,8.900000000000004,17.1,1.0,6.123233995736766e-17,993.4,10.5,1.1,8.900000000000004,998.5
1157,1157,2018-03-03,13.3,9.1,19.7,0.0,998.6,0,3,62,998.2,12.0,2.6,11.933333333333337,17.1,1.0,6.123233995736766e-17,998.2,12.0,2.6,11.933333333333337,996.7333333333332
1158,1158,2018-03-04,12.1,9.1,16.2,0.0,997.6,1,3,63,998.6,13.3,0.0,12.46666666666667,17.1,1.0,6.123233995736766e-17,998.6,13.3,0.0,12.46666666666667,998.1333333333333
1159,1159,2018-03-05,11.3,8.1,16.8,2.1,993.5,0,3,64,997.6,12.1,0.0,12.23333333333334,18.9,1.0,6.123233995736766e-17,997.6,12.1,0.0,12.23333333333334,996.5666666666666
1160,1160,2018-03-06,12.2,8.9,17.7,0.0,996.6,0,3,65,993.5,11.3,2.1,11.866666666666672,15.200000000000001,1.0,6.123233995736766e-17,993.5,11.3,2.1,11.866666666666672,995.9000000000001
1161,1161,2018-03-07,11.3,6.4,17.6,0.0,1006.2,1,3,66,996.6,12.2,0.0,11.600000000000003,5.800000000000001,1.0,6.123233995736766e-17,996.6,12.2,0.0,11.600000000000003,998.7666666666668
1162,1162,2018-03-08,10.6,7.2,15.4,0.1,1010.6,0,3,67,1006.2,11.3,0.0,11.366666666666672,4.800000000000001,1.0,6.123233995736766e-17,1006.2,11.3,0.0,11.366666666666672,1004.4666666666667
1163,1163,2018-03-09,11.6,7.4,16.0,0.0,1012.2,1,3,68,1010.6,10.6,0.1,11.166666666666671,2.2,1.0,6.123233995736766e-17,1010.6,10.6,0.1,11.166666666666671,1009.6666666666666
1164,1164,2018-03-10,14.3,11.4,18.2,0.8,1006.8,1,3,69,1012.2,11.6,0.0,12.166666666666671,3.0,1.0,6.123233995736766e-17,1012.2,11.6,0.0,12.166666666666671,1009.8666666666667
1165,1165,2018-03-11,13.8,10.8,17.9,0.2,1001.0,0,3,70,1006.8,14.3,0.8,13.23333333333334,3.2,1.0,6.123233995736766e-17,1006.8,14.3,0.8,13.23333333333334,1006.6666666666666
1166,1166,2018-03-12,15.0,11.0,20.5,0.0,1008.5,0,3,71,1001.0,13.8,0.2,14.366666666666672,1.1,1.0,6.123233995736766e-17,1001.0,13.8,0.2,14.366666666666672,1005.4333333333334
1167,1167,2018-03-13,11.5,8.3,16.6,0.0,1015.2,1,3,72,1008.5,15.0,0.0,13.433333333333339,1.1,1.0,6.123233995736766e-17,1008.5,15.0,0.0,13.433333333333339,1008.2333333333332
1168,1168,2018-03-14,11.7,7.7,15.9,0.1,1010.8,0,3,73,1015.2,11.5,0.0,12.733333333333336,1.2,1.0,6.123233995736766e-17,1015.2,11.5,0.0,12.733333333333336,1011.5
1176,1176,2018-03-22,9.8,3.6,17.5,0.0,1017.7,1,3,81,1017.3,9.1,0.0,8.86666666666667,31.7,1.0,6.123233995736766e-17,1017.3,9.1,0.0,8.86666666666667,1013.6666666666666
1177,1177,2018-03-23,11.1,6.6,17.1,3.3,1008.2,1,3,82,1017.7,9.8,0.0,10.000000000000005,35.0,1.0,6.123233995736766e-17,1017.7,9.8,0.0,10.000000000000005,1014.4000000000001
1178,1178,2018-03-24,8.5,7.1,10.0,28.5,996.6,0,3,83,1008.2,11.1,3.3,9.800000000000004,61.5,1.0,6.123233995736766e-17,1008.2,11.1,3.3,9.800000000000004,1007.5
1179,1179,2018-03-25,10.4,8.5,14.0,0.0,1007.0,0,3,84,996.6,8.5,28.5,10.000000000000005,61.5,1.0,6.123233995736766e-17,996.6,8.5,28.5,10.000000000000005,1003.9333333333334
1180,1180,2018-03-26,11.2,6.6,17.5,0.0,1015.4,0,3,85,1007.0,10.4,0.0,10.033333333333337,31.8,1.0,6.123233995736766e-17,1007.0,10.4,0.0,10.033333333333337,1006.3333333333334
1181,1181,2018-03-27,11.7,7.7,16.1,0.0,1020.1,0,3,86,1015.4,11.2,0.0,11.100000000000003,31.8,1.0,6.123233995736766e-17,1015.4,11.2,0.0,11.100000000000003,1014.1666666666666
1182,1182,2018-03-28,14.6,11.3,19.7,0.0,1015.1,0,3,87,1020.1,11.7,0.0,12.500000000000005,31.8,1.0,6.123233995736766e-17,1020.1,11.7,0.0,12.500000000000005,1016.8666666666667
1183,1183,2018-03-29,13.5,11.7,17.1,0.0,1009.7,0,3,88,1015.1,14.6,0.0,13.266666666666671,31.8,1.0,6.123233995736766e-17,1015.1,14.6,0.0,13.266666666666671,1014.9666666666667
1191,1191,2018-04-06,13.3,9.5,17.4,0.0,1016.3,1,4,96,1018.6,14.7,0.0,14.800000000000004,0.0,0.8660254037844387,-0.4999999999999998,1018.6,14.7,0.0,14.800000000000004,1015.0
1192,1192,2018-04-07,14.8,13.6,17.8,4.2,1010.5,1,4,97,1016.3,13.3,0.0,14.266666666666671,4.2,0.8660254037844387,-0.4999999999999998,1016.3,13.3,0.0,14.266666666666671,1015.1333333333333
1193,1193,2018-04-08,13.6,12.4,15.6,1.3,1004.6,0,4,98,1010.5,14.8,4.2,13.900000000000006,5.5,0.8660254037844387,-0.4999999999999998,1010.5,14.8,4.2,13.900000000000006,1010.4666666666667
1194,1194,2018-04-09,12.9,9.7,17.2,0.0,1007.1,1,4,99,1004.6,13.6,1.3,13.766666666666671,5.5,0.8660254037844387,-0.4999999999999998,1004.6,13.6,1.3,13.766666666666671,1007.4
1195,1195,2018-04-10,12.2,7.3,16.8,23.1,1004.5,1,4,100,1007.1,12.9,0.0,12.900000000000006,28.6,0.8660254037844387,-0.4999999999999998,1007.1,12.9,0.0,12.900000000000006,1005.4
1196,1196,2018-04-11,12.4,9.3,15.7,5.7,994.4,0,4,101,1004.5,12.2,23.1,12.500000000000005,34.300000000000004,0.8660254037844387,-0.4999999999999998,1004.5,12.2,23.1,12.500000000000005,1002.0
1197,1197,2018-04-12,12.1,8.1,16.8,0.0,1000.4,1,4,102,994.4,12.4,5.7,12.23333333333334,34.300000000000004,0.8660254037844387,-0.4999999999999998,994.4,12.4,5.7,12.23333333333334,999.7666666666668
1198,1198,2018-04-13,13.3,10.6,16.3,5.8,1008.3,1,4,103,1000.4,12.1,0.0,12.600000000000003,40.1,0.8660254037844387,-0.4999999999999998,1000.4,12.1,0.0,12.600000000000003,1001.0333333333333
1199,1199,2018-04-14,13.3,12.8,15.0,8.1,1015.7,0,4,104,1008.3,13.3,5.8,12.900000000000006,44.0,0.8660254037844387,-0.4999999999999998,1008.3,13.3,5.8,12.900000000000006,1008.1333333333332
1200,1200,2018-04-15,15.4,13.0,19.2,0.0,1013.6,1,4,105,1015.7,13.3,8.1,14.000000000000005,42.7,0.8660254037844387,-0.4999999999999998,1015.7,13.3,8.1,14.000000000000005,1012.5333333333333
1201,1201,2018-04-16,14.5,11.4,17.1,0.6,1014.4,0,4,106,1013.6,15.4,0.0,14.400000000000006,43.300000000000004,0.8660254037844387,-0.4999999999999998,1013.6,15.4,0.0,14.400000000000006,1014.5666666666666
1202,1202,2018-04-17,16.2,11.0,22.6,0.0,1022.0,0,4,107,1014.4,14.5,0.6,15.366666666666669,20.2,0.8660254037844387,-0.4999999999999998,1014.4,14.5,0.6,15.366666666666669,1016.6666666666666
1203,1203,2018-04-18,18.1,14.0,23.5,0.0,1025.3,0,4,108,1022.0,16.2,0.0,16.26666666666667,14.5,0.8660254037844387,-0.4999999999999998,1022.0,16.2,0.0,16.26666666666667,1020.5666666666666
1204,1204,2018-04-19,17.3,13.8,22.1,0.0,1025.2,0,4,109,1025.3,18.1,0.0,17.200000000000006,14.5,0.8660254037844387,-0.4999999999999998,1025.3,18.1,0.0,17.200000000000006,1024.1666666666667
1205,1205,2018-04-20,16.4,12.7,21.0,0.0,1023.4,0,4,110,1025.2,17.3,0.0,17.26666666666667,8.7,0.8660254037844387,-0.4999999999999998,1025.2,17.3,0.0,17.26666666666667,1024.6333333333334
1206,1206,2018-04-21,17.1,13.1,23.0,0.0,1020.6,0,4,111,1023.4,16.4,0.0,16.933333333333337,0.6,0.8660254037844387,-0.4999999999999998,1023.4,16.4,0.0,16.933333333333337,1023.0666666666667
1207,1207,2018-04-22,17.3,14.4,22.5,0.0,1018.4,0,4,112,1020.6,17.1,0.0,16.933333333333337,0.6,0.8660254037844387,-0.4999999999999998,1020.6,17.1,0.0,16.933333333333337,1020.8000000000001
1208,1208,2018-04-23,18.0,14.7,23.4,0.0,1019.3,0,4,113,1018.4,17.3,0.0,17.46666666666667,0.0,0.8660254037844387,-0.4999999999999998,1018.4,17.3,0.0,17.46666666666667,1019.4333333333333
1209,1209,2018-04-24,18.8,15.2,24.8,0.0,1019.1,0,4,114,1019.3,18.0,0.0,18.03333333333334,0.0,0.8660254037844387,-0.4999999999999998,1019.3,18.0,0.0,18.03333333333334,1018.9333333333334
1210,1210,2018-04-25,19.1,15.5,25.5,0.0,1017.7,0,4,115,1019.1,18.8,0.0,18.633333333333336,0.0,0.8660254037844387,-0.4999999999999998,1019.1,18.8,0.0,18.633333333333336,1018.6999999999999
1211,1211,2018-04-26,17.8,15.4,21.4,0.0,1016.6,0,4,116,1017.7,19.1,0.0,18.566666666666674,0.0,0.8660254037844387,-0.4999999999999998,1017.7,19.1,0.0,18.566666666666674,1017.8000000000001
1212,1212,2018-04-27,17.7,14.7,22.6,0.0,1012.8,1,4,117,1016.6,17.8,0.0,18.200000000000006,0.0,0.8660254037844387,-0.4999999999999998,1016.6,17.8,0.0,18.200000000000006,1015.6999999999999
1213,1213,2018-04-28,17.8,15.8,21.1,0.4,1011.4,1,4,118,1012.8,17.7,0.0,17.76666666666667,0.4,0.8660254037844387,-0.4999999999999998,1012.8,17.7,0.0,17.76666666666667,1013.6
1214,1214,2018-04-29,16.3,12.8,20.1,0.2,1006.9,1,4,119,1011.4,17.8,0.4,17.26666666666667,0.6000000000000001,0.8660254037844387,-0.4999999999999998,1011.4,17.8,0.4,17.26666666666667,1010.3666666666667
1215,1215,2018-04-30,14.5,10.0,19.4,25.8,1012.5,1,4,120,1006.9,16.3,0.2,16.200000000000003,26.400000000000002,0.8660254037844387,-0.4999999999999998,1006.9,16.3,0.2,16.200000000000003,1010.2666666666665
1216,1216,2018-05-01,11.8,9.3,16.8,7.2,1013.8,0,5,121,1012.5,14.5,25.8,14.200000000000003,33.6,0.49999999999999994,-0.8660254037844387,1012.5,14.5,25.8,14.200000000000003,1011.0666666666666
1217,1217,2018-05-02,13.3,7.2,19.1,0.0,1011.6,1,5,122,1013.8,11.8,7.2,13.200000000000003,33.6,0.49999999999999994,-0.8660254037844387,1013.8,11.8,7.2,13.200000000000003,1012.6333333333332
1218,1218,2018-05-03,16.1,11.6,23.6,1.5,1009.3,1,5,123,1011.6,13.3,0.0,13.73333333333334,35.1,0.49999999999999994,-0.8660254037844387,1011.6,13.3,0.0,13.73333333333334,1011.5666666666666
1219,1219,2018-05-04,15.2,13.1,17.6,0.1,1011.6,1,5,124,1009.3,16.1,1.5,14.866666666666669,35.2,0.49999999999999994,-0.8660254037844387,1009.3,16.1,1.5,14.866666666666669,1010.8333333333334
1220,1220,2018-05-05,16.4,14.7,21.3,1.4,1015.3,1,5,125,1011.6,15.2,0.1,15.900000000000004,36.2,0.49999999999999994,-0.8660254037844387,1011.6,15.2,0.1,15.900000000000004,1012.0666666666666
1221,1221,2018-05-06,16.6,14.8,22.5,2.6,1017.2,0,5,126,1015.3,16.4,1.4,16.06666666666667,38.6,0.49999999999999994,-0.8660254037844387,1015.3,16.4,1.4,16.06666666666667,1014.6999999999999
1222,1222,2018-05-07,17.1,15.7,22.8,0.0,1015.3,1,5,127,1017.2,16.6,2.6,16.700000000000006,12.8,0.49999999999999994,-0.8660254037844387,1017.2,16.6,2.6,16.700000000000006,1015.9333333333334
1223,1223,2018-05-08,16.9,15.3,22.0,0.5,1011.6,0,5,128,1015.3,17.1,0.0,16.86666666666667,6.1,0.49999999999999994,-0.8660254037844387,1015.3,17.1,0.0,16.86666666666667,1014.6999999999999
1231,1231,2018-05-16,17.2,13.5,22.2,0.0,1016.6,0,5,136,1016.3,15.7,0.0,15.733333333333336,6.0,0.49999999999999994,-0.8660254037844387,1016.3,15.7,0.0,15.733333333333336,1016.3333333333334
1232,1232,2018-05-17,18.6,15.4,23.5,0.0,1016.3,0,5,137,1016.6,17.2,0.0,17.166666666666668,6.0,0.49999999999999994,-0.8660254037844387,1016.6,17.2,0.0,17.166666666666668,1016.4
1233,1233,2018-05-18,18.8,16.6,21.8,0.0,1017.0,0,5,138,1016.3,18.6,0.0,18.200000000000003,6.0,0.49999999999999994,-0.8660254037844387,1016.3,18.6,0.0,18.200000000000003,1016.6333333333332
1234,1234,2018-05-19,19.2,15.0,24.1,0.0,1016.5,0,5,139,1017.0,18.8,0.0,18.86666666666667,0.0,0.49999999999999994,-0.8660254037844387,1017.0,18.8,0.0,18.86666666666667,1016.6
1235,1235,2018-05-20,19.3,16.6,24.3,0.0,1014.8,0,5,140,1016.5,19.2,0.0,19.100000000000005,0.0,0.49999999999999994,-0.8660254037844387,1016.5,19.2,0.0,19.100000000000005,1016.1
1236,1236,2018-05-21,18.2,15.6,21.8,0.0,1012.5,0,5,141,1014.8,19.3,0.0,18.900000000000002,0.0,0.49999999999999994,-0.8660254037844387,1014.8,19.3,0.0,18.900000000000002,1014.6
1237,1237,2018-05-22,19.1,16.7,22.6,0.0,1013.8,0,5,142,1012.5,18.2,0.0,18.86666666666667,0.0,0.49999999999999994,-0.8660254037844387,1012.5,18.2,0.0,18.86666666666667,1013.6999999999999
1238,1238,2018-05-23,18.9,15.9,23.0,0.0,1017.5,0,5,143,1013.8,19.1,0.0,18.733333333333338,0.0,0.49999999999999994,-0.8660254037844387,1013.8,19.1,0.0,18.733333333333338,1014.6
1246,1246,2018-05-31,20.0,16.2,23.8,0.0,1016.7,0,5,151,1013.2,20.2,0.0,20.3,1.8,0.49999999999999994,-0.8660254037844387,1013.2,20.2,0.0,20.3,1014.9333333333334
1247,1247,2018-06-01,20.7,18.3,24.4,0.0,1019.4,0,6,152,1016.7,20.0,0.0,20.3,0.9,1.2246467991473532e-16,-1.0,1016.7,20.0,0.0,20.3,1016.4333333333334
1248,1248,2018-06-02,20.4,18.3,24.1,0.0,1018.1,1,6,153,1019.4,20.7,0.0,20.36666666666667,0.9,1.2246467991473532e-16,-1.0,1019.4,20.7,0.0,20.36666666666667,1018.0666666666667
1249,1249,2018-06-03,18.7,16.6,21.1,33.9,1014.8,0,6,154,1018.1,20.4,0.0,19.933333333333337,34.8,1.2246467991473532e-16,-1.0,1018.1,20.4,0.0,19.933333333333337,1017.4333333333333
1250,1250,2018-06-04,19.2,15.3,23.0,0.0,1012.3,1,6,155,1014.8,18.7,33.9,19.433333333333334,34.8,1.2246467991473532e-16,-1.0,1014.8,18.7,33.9,19.433333333333334,1015.0666666666666
1251,1251,2018-06-05,20.5,17.6,23.9,0.1,1010.5,0,6,156,1012.3,19.2,0.0,19.46666666666667,34.0,1.2246467991473532e-16,-1.0,1012.3,19.2,0.0,19.46666666666667,1012.5333333333333
1264,1264,2018-06-18,22.3,19.0,26.3,0.0,1020.3,0,6,169,1018.8,22.2,0.0,22.066666666666674,0.4,1.2246467991473532e-16,-1.0,1018.8,22.2,0.0,22.066666666666674,1018.3333333333334
1265,1265,2018-06-19,22.8,19.4,27.6,0.0,1020.6,0,6,170,1020.3,22.3,0.0,22.433333333333337,0.4,1.2246467991473532e-16,-1.0,1020.3,22.3,0.0,22.433333333333337,1019.9
1266,1266,2018-06-20,23.8,20.8,28.1,0.0,1019.2,0,6,171,1020.6,22.8,0.0,22.96666666666667,0.4,1.2246467991473532e-16,-1.0,1020.6,22.8,0.0,22.96666666666667,1020.0333333333334
1267,1267,2018-06-21,24.1,20.7,28.6,0.0,1017.6,0,6,172,1019.2,23.8,0.0,23.566666666666674,0.4,1.2246467991473532e-16,-1.0,1019.2,23.8,0.0,23.566666666666674,1019.1333333333333
1268,1268,2018-06-22,25.2,23.2,28.7,0.0,1016.7,0,6,173,1017.6,24.1,0.0,24.36666666666667,0.0,1.2246467991473532e-16,-1.0,1017.6,24.1,0.0,24.36666666666667,1017.8333333333334
1269,1269,2018-06-23,23.5,21.7,25.7,0.0,1018.5,0,6,174,1016.7,25.2,0.0,24.26666666666667,0.0,1.2246467991473532e-16,-1.0,1016.7,25.2,0.0,24.26666666666667,1017.6
1270,1270,2018-06-24,23.3,21.1,27.1,0.0,1017.4,0,6,175,1018.5,23.5,0.0,24.0,0.0,1.2246467991473532e-16,-1.0,1018.5,23.5,0.0,24.0,1017.5333333333334
1271,1271,2018-06-25,23.7,22.0,27.2,0.0,1016.7,0,6,176,1017.4,23.3,0.0,23.500000000000004,0.0,1.2246467991473532e-16,-1.0,1017.4,23.3,0.0,23.500000000000004,1017.5333333333333
1272,1272,2018-06-26,24.3,22.2,27.3,0.0,1017.8,0,6,177,1016.7,23.7,0.0,23.76666666666667,0.0,1.2246467991473532e-16,-1.0,1016.7,23.7,0.0,23.76666666666667,1017.2999999999998
1273,1273,2018-06-27,24.6,21.3,28.7,0.0,1016.0,1,6,178,1017.8,24.3,0.0,24.200000000000006,0.0,1.2246467991473532e-16,-1.0,1017.8,24.3,0.0,24.200000000000006,1016.8333333333334
1274,1274,2018-06-28,24.3,21.8,28.6,0.2,1012.1,0,6,179,1016.0,24.6,0.0,24.400000000000006,0.2,1.2246467991473532e-16,-1.0,1016.0,24.6,0.0,24.400000000000006,1015.3000000000001
1275,1275,2018-06-29,23.8,21.0,27.5,0.0,1011.5,0,6,180,1012.1,24.3,0.2,24.233333333333338,0.2,1.2246467991473532e-16,-1.0,1012.1,24.3,0.2,24.233333333333338,1013.1999999999999
1276,1276,2018-06-30,24.4,20.9,28.1,0.0,1010.8,0,6,181,1011.5,23.8,0.0,24.166666666666668,0.2,1.2246467991473532e-16,-1.0,1011.5,23.8,0.0,24.166666666666668,1011.4666666666667
1277,1277,2018-07-01,24.2,20.2,28.0,0.0,1010.0,0,7,182,1010.8,24.4,0.0,24.133333333333336,0.2,-0.4999999999999997,-0.8660254037844388,1010.8,24.4,0.0,24.133333333333336,1010.7666666666668
1278,1278,2018-07-02,24.8,22.2,28.2,0.0,1012.0,0,7,183,1010.0,24.2,0.0,24.46666666666667,0.2,-0.4999999999999997,-0.8660254037844388,1010.0,24.2,0.0,24.46666666666667,1010.9333333333334
1279,1279,2018-07-03,25.6,23.1,29.9,0.0,1015.3,0,7,184,1012.0,24.8,0.0,24.86666666666667,0.2,-0.4999999999999997,-0.8660254037844388,1012.0,24.8,0.0,24.86666666666667,1012.4333333333333
1280,1280,2018-07-04,24.8,20.9,28.8,0.0,1014.9,0,7,185,1015.3,25.6,0.0,25.066666666666674,0.2,-0.4999999999999997,-0.8660254037844388,1015.3,25.6,0.0,25.066666666666674,1014.0666666666666
1281,1281,2018-07-05,25.3,23.9,28.7,0.0,1016.5,0,7,186,1014.9,24.8,0.0,25.233333333333338,0.0,-0.4999999999999997,-0.8660254037844388,1014.9,24.8,0.0,25.233333333333338,1015.5666666666666
1282,1282,2018-07-06,25.4,23.2,28.5,0.0,1019.9,0,7,187,1016.5,25.3,0.0,25.166666666666668,0.0,-0.4999999999999997,-0.8660254037844388,1016.5,25.3,0.0,25.166666666666668,1017.1
1283,1283,2018-07-07,25.4,23.0,28.8,0.0,1019.3,0,7,188,1019.9,25.4,0.0,25.36666666666667,0.0,-0.4999999999999997,-0.8660254037844388,1019.9,25.4,0.0,25.36666666666667,1018.5666666666666
1284,1284,2018-07-08,26.2,22.2,31.0,0.0,1018.3,0,7,189,1019.3,25.4,0.0,25.66666666666667,0.0,-0.4999999999999997,-0.8660254037844388,1019.3,25.4,0.0,25.66666666666667,1019.1666666666666
1292,1292,2018-07-16,25.6,23.4,30.4,13.8,1012.1,0,7,197,1014.4,25.9,2.1,25.8,16.0,-0.4999999999999997,-0.8660254037844388,1014.4,25.9,2.1,25.8,1014.1666666666666
1293,1293,2018-07-17,25.9,22.8,29.7,0.0,1017.1,0,7,198,1012.1,25.6,13.8,25.8,16.0,-0.4999999999999997,-0.8660254037844388,1012.1,25.6,13.8,25.8,1014.5333333333333
1294,1294,2018-07-18,25.3,21.9,29.9,0.0,1015.7,0,7,199,1017.1,25.9,0.0,25.600000000000005,15.9,-0.4999999999999997,-0.8660254037844388,1017.1,25.9,0.0,25.600000000000005,1014.9666666666667
1295,1295,2018-07-19,25.6,22.3,29.4,0.0,1015.0,0,7,200,1015.7,25.3,0.0,25.600000000000005,15.9,-0.4999999999999997,-0.8660254037844388,1015.7,25.3,0.0,25.600000000000005,1015.9333333333334
1296,1296,2018-07-20,25.7,21.7,30.3,0.0,1013.2,1,7,201,1015.0,25.6,0.0,25.533333333333335,15.9,-0.4999999999999997,-0.8660254037844388,1015.0,25.6,0.0,25.533333333333335,1014.6333333333333
1297,1297,2018-07-21,25.6,23.9,29.4,0.4,1013.4,1,7,202,1013.2,25.7,0.0,25.63333333333334,16.3,-0.4999999999999997,-0.8660254037844388,1013.2,25.7,0.0,25.63333333333334,1013.8666666666667
1298,1298,2018-07-22,23.9,21.4,27.2,1.1,1015.1,0,7,203,1013.4,25.6,0.4,25.066666666666666,15.299999999999999,-0.4999999999999997,-0.8660254037844388,1013.4,25.6,0.4,25.066666666666666,1013.9
1299,1299,2018-07-23,24.3,20.1,29.0,0.0,1015.9,0,7,204,1015.1,23.9,1.1,24.600000000000005,1.4999999999999982,-0.4999999999999997,-0.8660254037844388,1015.1,23.9,1.1,24.600000000000005,1014.8000000000001
1300,1300,2018-07-24,25.9,23.3,29.6,0.0,1014.0,0,7,205,1015.9,24.3,0.0,24.700000000000003,1.4999999999999982,-0.4999999999999997,-0.8660254037844388,1015.9,24.3,0.0,24.700000000000003,1015.0
1301,1301,2018-07-25,26.1,21.7,31.3,0.0,1014.5,0,7,206,1014.0,25.9,0.0,25.433333333333337,1.4999999999999982,-0.4999999999999997,-0.8660254037844388,1014.0,25.9,0.0,25.433333333333337,1014.8000000000001
1302,1302,2018-07-26,26.3,23.1,31.1,0.0,1012.8,0,7,207,1014.5,26.1,0.0,26.100000000000005,1.4999999999999982,-0.4999999999999997,-0.8660254037844388,1014.5,26.1,0.0,26.100000000000005,1013.7666666666668
1303,1303,2018-07-27,26.1,22.8,30.0,0.0,1012.3,0,7,208,1012.8,26.3,0.0,26.16666666666667,1.4999999999999982,-0.4999999999999997,-0.8660254037844388,1012.8,26.3,0.0,26.16666666666667,1013.1999999999999
1304,1304,2018-07-28,26.2,23.5,30.0,0.0,1012.4,0,7,209,1012.3,26.1,0.0,26.200000000000006,1.0999999999999983,-0.4999999999999997,-0.8660254037844388,1012.3,26.1,0.0,26.200000000000006,1012.5
1305,1305,2018-07-29,26.4,23.9,30.1,0.0,1013.7,0,7,210,1012.4,26.2,0.0,26.233333333333338,0.0,-0.4999999999999997,-0.8660254037844388,1012.4,26.2,0.0,26.233333333333338,1012.8000000000001
1306,1306,2018-07-30,27.0,24.6,31.0,0.0,1014.9,0,7,211,1013.7,26.4,0.0,26.533333333333335,0.0,-0.4999999999999997,-0.8660254037844388,1013.7,26.4,0.0,26.533333333333335,1013.6666666666666
1307,1307,2018-07-31,27.1,23.7,31.7,0.0,1015.3,0,7,212,1014.9,27.0,0.0,26.833333333333332,0.0,-0.4999999999999997,-0.8660254037844388,1014.9,27.0,0.0,26.833333333333332,1014.6333333333332
1308,1308,2018-08-01,28.3,24.1,33.9,0.0,1016.4,0,8,213,1015.3,27.1,0.0,27.466666666666672,0.0,-0.8660254037844385,-0.5000000000000004,1015.3,27.1,0.0,27.466666666666672,1015.5333333333333
1309,1309,2018-08-02,29.1,25.9,33.7,0.0,1017.0,0,8,214,1016.4,28.3,0.0,28.16666666666667,0.0,-0.8660254037844385,-0.5000000000000004,1016.4,28.3,0.0,28.16666666666667,1016.2333333333332
1310,1310,2018-08-03,29.9,26.7,35.1,0.0,1016.3,0,8,215,1017.0,29.1,0.0,29.100000000000005,0.0,-0.8660254037844385,-0.5000000000000004,1017.0,29.1,0.0,29.100000000000005,1016.5666666666666
1311,1311,2018-08-04,30.3,27.2,37.0,0.0,1015.7,0,8,216,1016.3,29.9,0.0,29.76666666666667,0.0,-0.8660254037844385,-0.5000000000000004,1016.3,29.9,0.0,29.76666666666667,1016.3333333333334
1312,1312,2018-08-05,30.2,27.3,36.6,0.0,1015.2,0,8,217,1015.7,30.3,0.0,30.133333333333336,0.0,-0.8660254037844385,-0.5000000000000004,1015.7,30.3,0.0,30.133333333333336,1015.7333333333332
1313,1313,2018-08-06,28.6,25.9,32.4,0.0,1014.9,1,8,218,1015.2,30.2,0.0,29.700000000000003,0.0,-0.8660254037844385,-0.5000000000000004,1015.2,30.2,0.0,29.700000000000003,1015.2666666666668
1314,1314,2018-08-07,28.4,26.1,32.2,0.1,1013.2,0,8,219,1014.9,28.6,0.0,29.066666666666674,0.09999999999999823,-0.8660254037844385,-0.5000000000000004,1014.9,28.6,0.0,29.066666666666674,1014.4333333333334
1322,1322,2018-08-15,25.7,23.5,29.5,0.0,1017.8,0,8,227,1016.2,25.1,0.0,25.66666666666667,4.599999999999999,-0.8660254037844385,-0.5000000000000004,1016.2,25.1,0.0,25.66666666666667,1015.7333333333332
1323,1323,2018-08-16,26.1,23.7,30.0,0.0,1015.6,1,8,228,1017.8,25.7,0.0,25.633333333333336,2.5999999999999983,-0.8660254037844385,-0.5000000000000004,1017.8,25.7,0.0,25.633333333333336,1016.5333333333334
1324,1324,2018-08-17,23.7,20.8,29.8,2.7,1016.5,0,8,229,1015.6,26.1,0.0,25.16666666666667,5.299999999999999,-0.8660254037844385,-0.5000000000000004,1015.6,26.1,0.0,25.16666666666667,1016.6333333333332
1325,1325,2018-08-18,23.1,19.1,28.7,0.0,1019.0,0,8,230,1016.5,23.7,2.7,24.3,5.299999999999999,-0.8660254037844385,-0.5000000000000004,1016.5,23.7,2.7,24.3,1017.0333333333334
1326,1326,2018-08-19,25.6,21.5,31.0,0.0,1019.4,0,8,231,1019.0,23.1,0.0,24.133333333333336,4.499999999999998,-0.8660254037844385,-0.5000000000000004,1019.0,23.1,0.0,24.133333333333336,1018.3000000000001
1327,1327,2018-08-20,26.4,22.4,31.5,0.0,1017.5,0,8,232,1019.4,25.6,0.0,25.033333333333335,2.6999999999999984,-0.8660254037844385,-0.5000000000000004,1019.4,25.6,0.0,25.033333333333335,1018.6333333333333
1328,1328,2018-08-21,26.7,23.4,32.1,0.0,1016.3,0,8,233,1017.5,26.4,0.0,26.233333333333338,2.6999999999999984,-0.8660254037844385,-0.5000000000000004,1017.5,26.4,0.0,26.233333333333338,1017.7333333333332
1329,1329,2018-08-22,26.3,23.0,32.5,0.0,1016.0,0,8,234,1016.3,26.7,0.0,26.46666666666667,2.6999999999999984,-0.8660254037844385,-0.5000000000000004,1016.3,26.7,0.0,26.46666666666667,1016.5999999999999
1330,1330,2018-08-23,26.2,22.9,30.5,0.0,1015.7,0,8,235,1016.0,26.3,0.0,26.400000000000006,2.6999999999999984,-0.8660254037844385,-0.5000000000000004,1016.0,26.3,0.0,26.400000000000006,1016.0
1331,1331,2018-08-24,25.5,22.4,30.8,0.0,1015.2,0,8,236,1015.7,26.2,0.0,26.000000000000004,0.0,-0.8660254037844385,-0.5000000000000004,1015.7,26.2,0.0,26.000000000000004,1015.6333333333333
1332,1332,2018-08-25,23.9,22.5,26.9,0.0,1014.9,0,8,237,1015.2,25.5,0.0,25.200000000000003,0.0,-0.8660254037844385,-0.5000000000000004,1015.2,25.5,0.0,25.200000000000003,1015.2666666666668
1333,1333,2018-08-26,23.8,20.8,27.2,0.0,1015.7,0,8,238,1014.9,23.9,0.0,24.400000000000006,0.0,-0.8660254037844385,-0.5000000000000004,1014.9,23.9,0.0,24.400000000000006,1015.2666666666668
1334,1334,2018-08-27,25.1,22.5,29.0,0.0,1016.2,0,8,239,1015.7,23.8,0.0,24.26666666666667,0.0,-0.8660254037844385,-0.5000000000000004,1015.7,23.8,0.0,24.26666666666667,1015.6
1335,1335,2018-08-28,25.6,22.6,29.8,0.0,1016.7,1,8,240,1016.2,25.1,0.0,24.83333333333334,0.0,-0.8660254037844385,-0.5000000000000004,1016.2,25.1,0.0,24.83333333333334,1016.2000000000002
1336,1336,2018-08-29,26.1,23.2,30.0,1.6,1016.6,1,8,241,1016.7,25.6,0.0,25.600000000000005,1.5999999999999983,-0.8660254037844385,-0.5000000000000004,1016.7,25.6,0.0,25.600000000000005,1016.5
1337,1337,2018-08-30,25.6,22.8,29.7,74.0,1018.7,1,8,242,1016.6,26.1,1.6,25.76666666666667,75.6,-0.8660254037844385,-0.5000000000000004,1016.6,26.1,1.6,25.76666666666667,1017.3333333333334
1338,1338,2018-08-31,23.7,21.3,26.1,0.4,1018.7,1,8,243,1018.7,25.6,74.0,25.13333333333334,76.0,-0.8660254037844385,-0.5000000000000004,1018.7,25.6,74.0,25.13333333333334,1018.0
1339,1339,2018-09-01,24.2,22.4,26.2,1.0,1018.9,0,9,244,1018.7,23.7,0.4,24.5,77.0,-1.0,-1.8369701987210297e-16,1018.7,23.7,0.4,24.5,1018.7666666666668
1340,1340,2018-09-02,24.8,22.5,28.0,0.0,1016.8,1,9,245,1018.9,24.2,1.0,24.233333333333338,77.0,-1.0,-1.8369701987210297e-16,1018.9,24.2,1.0,24.233333333333338,1018.1333333333332
1341,1341,2018-09-03,25.3,23.3,28.8,1.5,1013.9,0,9,246,1016.8,24.8,0.0,24.76666666666667,78.5,-1.0,-1.8369701987210297e-16,1016.8,24.8,0.0,24.76666666666667,1016.5333333333333
1342,1342,2018-09-04,24.8,23.1,28.2,0.0,1013.0,1,9,247,1013.9,25.3,1.5,24.96666666666667,78.5,-1.0,-1.8369701987210297e-16,1013.9,25.3,1.5,24.96666666666667,1014.5666666666666
1343,1343,2018-09-05,24.1,21.2,27.7,15.7,1014.0,1,9,248,1013.0,24.8,0.0,24.733333333333338,92.6,-1.0,-1.8369701987210297e-16,1013.0,24.8,0.0,24.733333333333338,1013.6333333333333
1344,1344,2018-09-06,22.7,19.3,27.3,3.0,1013.3,1,9,249,1014.0,24.1,15.7,23.866666666666674,21.6,-1.0,-1.8369701987210297e-16,1014.0,24.1,15.7,23.866666666666674,1013.4333333333333
1345,1345,2018-09-07,22.8,19.2,27.3,0.2,1016.0,0,9,250,1013.3,22.7,3.0,23.200000000000003,21.400000000000002,-1.0,-1.8369701987210297e-16,1013.3,22.7,3.0,23.200000000000003,1014.4333333333333
1346,1346,2018-09-08,23.7,21.0,28.1,0.0,1018.6,0,9,251,1016.0,22.8,0.2,23.066666666666674,20.400000000000002,-1.0,-1.8369701987210297e-16,1016.0,22.8,0.2,23.066666666666674,1015.9666666666666
1347,1347,2018-09-09,24.3,21.6,28.3,0.0,1019.6,1,9,252,1018.6,23.7,0.0,23.600000000000005,20.400000000000002,-1.0,-1.8369701987210297e-16,1018.6,23.7,0.0,23.600000000000005,1018.0666666666667
1348,1348,2018-09-10,23.0,21.4,25.8,0.1,1022.1,0,9,253,1019.6,24.3,0.0,23.66666666666667,19.0,-1.0,-1.8369701987210297e-16,1019.6,24.3,0.0,23.66666666666667,1020.1
1349,1349,2018-09-11,24.0,20.3,28.9,0.0,1023.6,1,9,254,1022.1,23.0,0.1,23.76666666666667,19.0,-1.0,-1.8369701987210297e-16,1022.1,23.0,0.1,23.76666666666667,1021.7666666666668
1350,1350,2018-09-12,23.7,20.9,28.1,1.8,1021.4,0,9,255,1023.6,24.0,0.0,23.566666666666674,5.1,-1.0,-1.8369701987210297e-16,1023.6,24.0,0.0,23.566666666666674,1022.3666666666668
1351,1351,2018-09-13,23.4,19.8,28.0,0.0,1018.3,0,9,256,1021.4,23.7,1.8,23.700000000000003,2.1,-1.0,-1.8369701987210297e-16,1021.4,23.7,1.8,23.700000000000003,1021.1
1352,1352,2018-09-14,24.1,21.3,28.4,0.0,1018.3,1,9,257,1018.3,23.4,0.0,23.733333333333338,1.9000000000000001,-1.0,-1.8369701987210297e-16,1018.3,23.4,0.0,23.733333333333338,1019.3333333333334
1353,1353,2018-09-15,23.6,21.8,27.2,0.9,1020.7,1,9,258,1018.3,24.1,0.0,23.700000000000003,2.8000000000000003,-1.0,-1.8369701987210297e-16,1018.3,24.1,0.0,23.700000000000003,1019.1
1354,1354,2018-09-16,23.8,21.2,27.9,0.3,1020.6,1,9,259,1020.7,23.6,0.9,23.83333333333334,3.1,-1.0,-1.8369701987210297e-16,1020.7,23.6,0.9,23.83333333333334,1019.8666666666667
1355,1355,2018-09-17,23.3,20.9,27.6,4.1,1019.3,1,9,260,1020.6,23.8,0.3,23.566666666666674,7.1,-1.0,-1.8369701987210297e-16,1020.6,23.8,0.3,23.566666666666674,1020.1999999999999
1356,1356,2018-09-18,22.8,20.3,26.1,1.3,1017.3,0,9,261,1019.3,23.3,4.1,23.300000000000008,8.4,-1.0,-1.8369701987210297e-16,1019.3,23.3,4.1,23.300000000000008,1019.0666666666666
1357,1357,2018-09-19,23.1,20.3,27.2,0.0,1020.0,0,9,262,1017.3,22.8,1.3,23.066666666666674,6.6,-1.0,-1.8369701987210297e-16,1017.3,22.8,1.3,23.066666666666674,1018.8666666666667
1358,1358,2018-09-20,24.4,21.0,29.7,0.0,1019.0,0,9,263,1020.0,23.1,0.0,23.433333333333337,6.6,-1.0,-1.8369701987210297e-16,1020.0,23.1,0.0,23.433333333333337,1018.7666666666665
1359,1359,2018-09-21,24.3,21.0,29.1,0.0,1017.2,0,9,264,1019.0,24.4,0.0,23.933333333333337,6.6,-1.0,-1.8369701987210297e-16,1019.0,24.4,0.0,23.933333333333337,1018.7333333333335
1360,1360,2018-09-22,24.8,22.2,28.8,0.0,1021.2,0,9,265,1017.2,24.3,0.0,24.500000000000004,5.699999999999999,-1.0,-1.8369701987210297e-16,1017.2,24.3,0.0,24.500000000000004,1019.1333333333333
1361,1361,2018-09-23,24.4,21.8,28.8,0.0,1021.2,1,9,266,1021.2,24.8,0.0,24.500000000000004,5.3999999999999995,-1.0,-1.8369701987210297e-16,1021.2,24.8,0.0,24.500000000000004,1019.8666666666668
1362,1362,2018-09-24,23.5,21.9,26.3,1.2,1020.9,0,9,267,1021.2,24.4,0.0,24.233333333333338,2.5,-1.0,-1.8369701987210297e-16,1021.2,24.4,0.0,24.233333333333338,1021.1
1363,1363,2018-09-25,21.9,18.3,26.0,0.0,1025.1,0,9,268,1020.9,23.5,1.2,23.26666666666667,1.2,-1.0,-1.8369701987210297e-16,1020.9,23.5,1.2,23.26666666666667,1022.4
1364,1364,2018-09-26,22.2,18.0,25.2,0.0,1030.2,0,9,269,1025.1,21.9,0.0,22.533333333333335,1.2,-1.0,-1.8369701987210297e-16,1025.1,21.9,0.0,22.533333333333335,1025.3999999999999
1365,1365,2018-09-27,19.6,15.8,24.2,0.0,1028.8,0,9,270,1030.2,22.2,0.0,21.233333333333338,1.2,-1.0,-1.8369701987210297e-16,1030.2,22.2,0.0,21.233333333333338,1028.0333333333335
1366,1366,2018-09-28,21.5,16.1,27.0,0.0,1019.8,0,9,271,1028.8,19.6,0.0,21.100000000000005,1.2,-1.0,-1.8369701987210297e-16,1028.8,19.6,0.0,21.100000000000005,1026.2666666666667
1367,1367,2018-09-29,22.2,18.6,27.5,0.0,1016.2,0,9,272,1019.8,21.5,0.0,21.100000000000005,1.2,-1.0,-1.8369701987210297e-16,1019.8,21.5,0.0,21.100000000000005,1021.6
1368,1368,2018-09-30,22.2,18.9,26.8,0.0,1017.0,0,9,273,1016.2,22.2,0.0,21.96666666666667,1.2,-1.0,-1.8369701987210297e-16,1016.2,22.2,0.0,21.96666666666667,1017.6666666666666
1369,1369,2018-10-01,20.8,18.2,25.2,0.0,1016.7,0,10,274,1017.0,22.2,0.0,21.733333333333338,0.0,-0.8660254037844386,0.5000000000000001,1017.0,22.2,0.0,21.733333333333338,1016.6333333333333
1370,1370,2018-10-02,19.2,14.8,24.4,0.0,1019.5,0,10,275,1016.7,20.8,0.0,20.733333333333338,0.0,-0.8660254037844386,0.5000000000000001,1016.7,20.8,0.0,20.733333333333338,1017.7333333333332
1371,1371,2018-10-03,19.8,15.7,26.0,0.0,1021.2,0,10,276,1019.5,19.2,0.0,19.933333333333337,0.0,-0.8660254037844386,0.5000000000000001,1019.5,19.2,0.0,19.933333333333337,1019.1333333333333
1372,1372,2018-10-04,20.2,15.8,25.5,0.0,1020.8,0,10,277,1021.2,19.8,0.0,19.733333333333338,0.0,-0.8660254037844386,0.5000000000000001,1021.2,19.8,0.0,19.733333333333338,1020.5
1373,1373,2018-10-05,20.4,16.0,25.1,0.0,1018.9,1,10,278,1020.8,20.2,0.0,20.133333333333336,0.0,-0.8660254037844386,0.5000000000000001,1020.8,20.2,0.0,20.133333333333336,1020.3000000000001
1374,1374,2018-10-06,20.9,17.2,25.7,0.3,1015.6,1,10,279,1018.9,20.4,0.0,20.500000000000004,0.3,-0.8660254037844386,0.5000000000000001,1018.9,20.4,0.0,20.500000000000004,1018.4333333333334
1375,1375,2018-10-07,18.9,15.4,23.5,6.9,1014.3,1,10,280,1015.6,20.9,0.3,20.06666666666667,7.2,-0.8660254037844386,0.5000000000000001,1015.6,20.9,0.3,20.06666666666667,1016.2666666666668
1376,1376,2018-10-08,16.8,15.0,21.8,5.1,1016.8,1,10,281,1014.3,18.9,6.9,18.86666666666667,12.3,-0.8660254037844386,0.5000000000000001,1014.3,18.9,6.9,18.86666666666667,1015.5666666666666
1377,1377,2018-10-09,18.4,15.4,22.1,4.2,1014.6,0,10,282,1016.8,16.8,5.1,18.033333333333335,16.5,-0.8660254037844386,0.5000000000000001,1016.8,16.8,5.1,18.033333333333335,1015.2333333333332
1385,1385,2018-10-17,18.8,16.1,22.9,0.0,1015.4,1,10,290,1014.7,18.3,0.0,18.900000000000006,19.4,-0.8660254037844386,0.5000000000000001,1014.7,18.3,0.0,18.900000000000006,1012.0333333333333
1386,1386,2018-10-18,19.2,16.6,22.8,10.1,1011.6,1,10,291,1015.4,18.8,0.0,18.76666666666667,29.5,-0.8660254037844386,0.5000000000000001,1015.4,18.8,0.0,18.76666666666667,1013.9
1387,1387,2018-10-19,20.7,18.0,24.3,23.8,1014.6,0,10,292,1011.6,19.2,10.1,19.566666666666674,53.3,-0.8660254037844386,0.5000000000000001,1011.6,19.2,10.1,19.566666666666674,1013.8666666666668
1388,1388,2018-10-20,19.4,17.2,23.8,0.0,1021.2,0,10,293,1014.6,20.7,23.8,19.76666666666667,52.099999999999994,-0.8660254037844386,0.5000000000000001,1014.6,20.7,23.8,19.76666666666667,1015.8000000000001
1389,1389,2018-10-21,18.7,16.3,23.6,0.0,1021.0,0,10,294,1021.2,19.4,0.0,19.6,33.9,-0.8660254037844386,0.5000000000000001,1021.2,19.4,0.0,19.6,1018.9333333333334
1390,1390,2018-10-22,18.7,15.6,23.2,0.0,1020.6,0,10,295,1021.0,18.7,0.0,18.933333333333337,33.9,-0.8660254037844386,0.5000000000000001,1021.0,18.7,0.0,18.933333333333337,1020.9333333333334
1391,1391,2018-10-23,16.8,14.0,22.7,0.0,1025.0,0,10,296,1020.6,18.7,0.0,18.06666666666667,33.9,-0.8660254037844386,0.5000000000000001,1020.6,18.7,0.0,18.06666666666667,1022.2000000000002
1392,1392,2018-10-24,18.3,14.4,25.0,0.0,1020.5,0,10,297,1025.0,16.8,0.0,17.933333333333337,33.9,-0.8660254037844386,0.5000000000000001,1025.0,16.8,0.0,17.933333333333337,1022.0333333333334
1393,1393,2018-10-25,17.4,14.6,23.3,0.0,1017.2,1,10,298,1020.5,18.3,0.0,17.500000000000004,23.799999999999997,-0.8660254037844386,0.5000000000000001,1020.5,18.3,0.0,17.500000000000004,1020.9000000000001
1394,1394,2018-10-26,17.0,12.9,23.2,0.5,1013.1,1,10,299,1017.2,17.4,0.0,17.566666666666674,0.5,-0.8660254037844386,0.5000000000000001,1017.2,17.4,0.0,17.566666666666674,1016.9333333333334
1395,1395,2018-10-27,14.5,10.5,17.9,21.4,1004.5,1,10,300,1013.1,17.0,0.5,16.3,21.9,-0.8660254037844386,0.5000000000000001,1013.1,17.0,0.5,16.3,1011.6
1396,1396,2018-10-28,9.9,9.0,13.1,4.0,999.5,0,10,301,1004.5,14.5,21.4,13.800000000000004,25.9,-0.8660254037844386,0.5000000000000001,1004.5,14.5,21.4,13.800000000000004,1005.7000000000002
1397,1397,2018-10-29,9.9,7.4,15.4,0.0,994.8,1,10,302,999.5,9.9,4.0,11.433333333333337,25.9,-0.8660254037844386,0.5000000000000001,999.5,9.9,4.0,11.433333333333337,999.6
1398,1398,2018-10-30,11.0,5.4,17.6,24.1,1005.7,1,10,303,994.8,9.9,0.0,10.266666666666671,50.0,-0.8660254037844386,0.5000000000000001,994.8,9.9,0.0,10.266666666666671,1000.0000000000001
1399,1399,2018-10-31,13.9,10.8,17.8,20.5,1005.7,0,10,304,1005.7,11.0,24.1,11.600000000000003,70.5,-0.8660254037844386,0.5000000000000001,1005.7,11.0,24.1,11.600000000000003,1002.0666666666667
1400,1400,2018-11-01,12.4,9.3,17.9,0.0,1013.1,0,11,305,1005.7,13.9,20.5,12.433333333333337,70.5,-0.5000000000000004,0.8660254037844384,1005.7,13.9,20.5,12.433333333333337,1008.1666666666666
1401,1401,2018-11-02,12.9,9.8,19.8,0.0,1018.7,0,11,306,1013.1,12.4,0.0,13.06666666666667,70.0,-0.5000000000000004,0.8660254037844384,1013.1,12.4,0.0,13.06666666666667,1012.5000000000001
1402,1402,2018-11-03,12.8,9.0,19.0,0.0,1019.8,0,11,307,1018.7,12.9,0.0,12.700000000000005,48.6,-0.5000000000000004,0.8660254037844384,1018.7,12.9,0.0,12.700000000000005,1017.2000000000002
1403,1403,2018-11-04,14.7,10.6,21.4,0.0,1012.0,1,11,308,1019.8,12.8,0.0,13.46666666666667,44.6,-0.5000000000000004,0.8660254037844384,1019.8,12.8,0.0,13.46666666666667,1016.8333333333334
1404,1404,2018-11-05,15.4,12.1,19.9,2.1,1005.9,0,11,309,1012.0,14.7,0.0,14.300000000000004,46.7,-0.5000000000000004,0.8660254037844384,1012.0,14.7,0.0,14.300000000000004,1012.5666666666667
1405,1405,2018-11-06,13.3,10.6,17.1,0.0,1009.7,0,11,310,1005.9,15.4,2.1,14.466666666666669,22.6,-0.5000000000000004,0.8660254037844384,1005.9,15.4,2.1,14.466666666666669,1009.2000000000002
1406,1406,2018-11-07,13.9,9.5,19.6,0.0,1013.9,1,11,311,1009.7,13.3,0.0,14.200000000000005,2.1,-0.5000000000000004,0.8660254037844384,1009.7,13.3,0.0,14.200000000000005,1009.8333333333334
1407,1407,2018-11-08,13.8,11.2,18.1,18.9,1018.6,1,11,312,1013.9,13.9,0.0,13.666666666666671,21.0,-0.5000000000000004,0.8660254037844384,1013.9,13.9,0.0,13.666666666666671,1014.0666666666667
1408,1408,2018-11-09,14.1,10.9,16.9,0.5,1012.8,0,11,313,1018.6,13.8,18.9,13.933333333333337,21.5,-0.5000000000000004,0.8660254037844384,1018.6,13.8,18.9,13.933333333333337,1015.1
1409,1409,2018-11-10,13.9,9.7,19.2,0.0,1013.2,0,11,314,1012.8,14.1,0.5,13.933333333333337,21.5,-0.5000000000000004,0.8660254037844384,1012.8,14.1,0.5,13.933333333333337,1014.8666666666668
1410,1410,2018-11-11,16.1,12.5,21.7,0.0,1014.6,0,11,315,1013.2,13.9,0.0,14.700000000000003,21.5,-0.5000000000000004,0.8660254037844384,1013.2,13.9,0.0,14.700000000000003,1013.5333333333334
1411,1411,2018-11-12,16.7,13.6,20.3,0.0,1018.5,0,11,316,1014.6,16.1,0.0,15.56666666666667,19.4,-0.5000000000000004,0.8660254037844384,1014.6,16.1,0.0,15.56666666666667,1015.4333333333334
1412,1412,2018-11-13,17.5,14.8,21.4,0.0,1024.1,1,11,317,1018.5,16.7,0.0,16.76666666666667,19.4,-0.5000000000000004,0.8660254037844384,1018.5,16.7,0.0,16.76666666666667,1019.0666666666667
1413,1413,2018-11-14,17.2,15.1,19.8,0.2,1024.3,1,11,318,1024.1,17.5,0.0,17.133333333333336,19.599999999999998,-0.5000000000000004,0.8660254037844384,1024.1,17.5,0.0,17.133333333333336,1022.3000000000001
1414,1414,2018-11-15,16.4,14.3,20.2,60.4,1020.6,0,11,319,1024.3,17.2,0.2,17.033333333333335,61.099999999999994,-0.5000000000000004,0.8660254037844384,1024.3,17.2,0.2,17.033333333333335,1023.0
1415,1415,2018-11-16,15.3,13.2,17.6,0.0,1021.1,0,11,320,1020.6,16.4,60.4,16.3,60.6,-0.5000000000000004,0.8660254037844384,1020.6,16.4,60.4,16.3,1022.0
1416,1416,2018-11-17,14.9,12.9,17.0,0.0,1017.5,1,11,321,1021.1,15.3,0.0,15.533333333333337,60.6,-0.5000000000000004,0.8660254037844384,1021.1,15.3,0.0,15.533333333333337,1019.7333333333335
1417,1417,2018-11-18,13.2,12.3,15.3,12.3,1012.1,0,11,322,1017.5,14.9,0.0,14.46666666666667,72.9,-0.5000000000000004,0.8660254037844384,1017.5,14.9,0.0,14.46666666666667,1016.9000000000001
1418,1418,2018-11-19,13.4,10.8,16.2,0.0,1003.2,1,11,323,1012.1,13.2,12.3,13.833333333333337,72.9,-0.5000000000000004,0.8660254037844384,1012.1,13.2,12.3,13.833333333333337,1010.9333333333334
1419,1419,2018-11-20,12.2,10.0,16.4,4.9,1001.2,0,11,324,1003.2,13.4,0.0,12.933333333333337,77.8,-0.5000000000000004,0.8660254037844384,1003.2,13.4,0.0,12.933333333333337,1005.5000000000001
1420,1420,2018-11-21,12.3,9.2,18.3,0.0,1010.0,0,11,325,1001.2,12.2,4.9,12.633333333333335,77.6,-0.5000000000000004,0.8660254037844384,1001.2,12.2,4.9,12.633333333333335,1004.8000000000002
1428,1428,2018-11-29,10.4,7.0,16.5,0.0,1020.3,0,11,333,1021.7,10.8,0.0,10.666666666666671,5.5,-0.5000000000000004,0.8660254037844384,1021.7,10.8,0.0,10.666666666666671,1020.0
1429,1429,2018-11-30,11.6,9.4,15.8,0.0,1016.4,0,11,334,1020.3,10.4,0.0,10.933333333333337,2.5,-0.5000000000000004,0.8660254037844384,1020.3,10.4,0.0,10.933333333333337,1019.4666666666667
1430,1430,2018-12-01,10.3,7.6,15.0,0.0,1020.7,0,12,335,1016.4,11.6,0.0,10.766666666666671,2.5,-2.4492935982947064e-16,1.0,1016.4,11.6,0.0,10.766666666666671,1019.1333333333333
1431,1431,2018-12-02,12.1,8.2,17.8,0.0,1020.4,0,12,336,1020.7,10.3,0.0,11.333333333333337,2.5,-2.4492935982947064e-16,1.0,1020.7,10.3,0.0,11.333333333333337,1019.1666666666666
1432,1432,2018-12-03,12.8,9.8,17.4,0.0,1019.9,0,12,337,1020.4,12.1,0.0,11.733333333333336,0.0,-2.4492935982947064e-16,1.0,1020.4,12.1,0.0,11.733333333333336,1020.3333333333334
1433,1433,2018-12-04,13.4,10.8,20.2,0.0,1022.9,0,12,338,1019.9,12.8,0.0,12.766666666666671,0.0,-2.4492935982947064e-16,1.0,1019.9,12.8,0.0,12.766666666666671,1021.0666666666667
1434,1434,2018-12-05,12.7,9.3,18.0,0.0,1023.8,0,12,339,1022.9,13.4,0.0,12.966666666666669,0.0,-2.4492935982947064e-16,1.0,1022.9,13.4,0.0,12.966666666666669,1022.2000000000002
1435,1435,2018-12-06,12.1,9.7,17.6,0.0,1025.6,0,12,340,1023.8,12.7,0.0,12.733333333333336,0.0,-2.4492935982947064e-16,1.0,1023.8,12.7,0.0,12.733333333333336,1024.1000000000001
1436,1436,2018-12-07,10.1,8.1,14.1,0.0,1024.7,0,12,341,1025.6,12.1,0.0,11.633333333333335,0.0,-2.4492935982947064e-16,1.0,1025.6,12.1,0.0,11.633333333333335,1024.7
1437,1437,2018-12-08,10.9,8.2,15.3,0.0,1025.8,0,12,342,1024.7,10.1,0.0,11.033333333333337,0.0,-2.4492935982947064e-16,1.0,1024.7,10.1,0.0,11.033333333333337,1025.3666666666668
1438,1438,2018-12-09,11.7,7.5,17.1,0.0,1024.3,0,12,343,1025.8,10.9,0.0,10.900000000000004,0.0,-2.4492935982947064e-16,1.0,1025.8,10.9,0.0,10.900000000000004,1024.9333333333334
1439,1439,2018-12-10,11.0,8.1,15.3,0.0,1027.9,0,12,344,1024.3,11.7,0.0,11.200000000000003,0.0,-2.4492935982947064e-16,1.0,1024.3,11.7,0.0,11.200000000000003,1026.0000000000002
1440,1440,2018-12-11,9.1,5.3,15.5,0.0,1022.6,0,12,345,1027.9,11.0,0.0,10.600000000000003,0.0,-2.4492935982947064e-16,1.0,1027.9,11.0,0.0,10.600000000000003,1024.9333333333334
1441,1441,2018-12-12,10.3,7.4,16.7,0.0,1018.7,1,12,346,1022.6,9.1,0.0,10.133333333333336,0.0,-2.4492935982947064e-16,1.0,1022.6,9.1,0.0,10.133333333333336,1023.0666666666667
1442,1442,2018-12-13,10.3,9.7,11.7,4.3,1007.8,0,12,347,1018.7,10.3,0.0,9.900000000000004,4.3,-2.4492935982947064e-16,1.0,1018.7,10.3,0.0,9.900000000000004,1016.3666666666668
1443,1443,2018-12-14,10.7,8.3,15.5,0.0,1013.8,0,12,348,1007.8,10.3,4.3,10.433333333333337,4.3,-2.4492935982947064e-16,1.0,1007.8,10.3,4.3,10.433333333333337,1013.4333333333334
1444,1444,2018-12-15,10.3,7.1,14.9,0.0,1020.9,0,12,349,1013.8,10.7,0.0,10.433333333333337,4.3,-2.4492935982947064e-16,1.0,1013.8,10.7,0.0,10.433333333333337,1014.1666666666666
1445,1445,2018-12-16,12.6,10.5,15.2,0.0,1016.9,0,12,350,1020.9,10.3,0.0,11.200000000000003,4.3,-2.4492935982947064e-16,1.0,1020.9,10.3,0.0,11.200000000000003,1017.2000000000002
1446,1446,2018-12-17,10.9,7.9,15.2,0.0,1025.4,0,12,351,1016.9,12.6,0.0,11.266666666666671,4.3,-2.4492935982947064e-16,1.0,1016.9,12.6,0.0,11.266666666666671,1021.0666666666667
1447,1447,2018-12-18,9.7,5.0,15.3,0.0,1024.8,0,12,352,1025.4,10.9,0.0,11.06666666666667,4.3,-2.4492935982947064e-16,1.0,1025.4,10.9,0.0,11.06666666666667,1022.3666666666668
1448,1448,2018-12-19,12.1,8.6,18.3,0.0,1019.2,0,12,353,1024.8,9.7,0.0,10.900000000000004,4.3,-2.4492935982947064e-16,1.0,1024.8,9.7,0.0,10.900000000000004,1023.1333333333336
1449,1449,2018-12-20,10.0,7.0,16.3,0.0,1024.8,0,12,354,1019.2,12.1,0.0,10.600000000000003,0.0,-2.4492935982947064e-16,1.0,1019.2,12.1,0.0,10.600000000000003,1022.9333333333334
1450,1450,2018-12-21,10.6,5.6,16.8,0.0,1029.1,0,12,355,1024.8,10.0,0.0,10.900000000000004,0.0,-2.4492935982947064e-16,1.0,1024.8,10.0,0.0,10.900000000000004,1024.3666666666668
1451,1451,2018-12-22,12.3,9.1,20.3,0.0,1028.9,0,12,356,1029.1,10.6,0.0,10.966666666666669,0.0,-2.4492935982947064e-16,1.0,1029.1,10.6,0.0,10.966666666666669,1027.6000000000001
1452,1452,2018-12-23,12.1,8.8,17.6,0.0,1029.0,0,12,357,1028.9,12.3,0.0,11.66666666666667,0.0,-2.4492935982947064e-16,1.0,1028.9,12.3,0.0,11.66666666666667,1029.0
1453,1453,2018-12-24,12.3,9.8,18.4,0.0,1026.6,0,12,358,1029.0,12.1,0.0,12.233333333333336,0.0,-2.4492935982947064e-16,1.0,1029.0,12.1,0.0,12.233333333333336,1028.1666666666667
1454,1454,2018-12-25,10.6,7.6,15.6,0.0,1029.3,0,12,359,1026.6,12.3,0.0,11.666666666666671,0.0,-2.4492935982947064e-16,1.0,1026.6,12.3,0.0,11.666666666666671,1028.3
1455,1455,2018-12-26,10.3,8.0,16.1,0.0,1029.8,0,12,360,1029.3,10.6,0.0,11.06666666666667,0.0,-2.4492935982947064e-16,1.0,1029.3,10.6,0.0,11.06666666666667,1028.5666666666666
1456,1456,2018-12-27,10.3,7.6,15.6,0.0,1027.5,0,12,361,1029.8,10.3,0.0,10.400000000000004,0.0,-2.4492935982947064e-16,1.0,1029.8,10.3,0.0,10.400000000000004,1028.8666666666668
1457,1457,2018-12-28,8.3,5.6,15.3,0.0,1028.0,0,12,362,1027.5,10.3,0.0,9.633333333333338,0.0,-2.4492935982947064e-16,1.0,1027.5,10.3,0.0,9.633333333333338,1028.4333333333334
1458,1458,2018-12-29,7.7,5.5,12.9,0.0,1029.3,0,12,363,1028.0,8.3,0.0,8.766666666666671,0.0,-2.4492935982947064e-16,1.0,1028.0,8.3,0.0,8.766666666666671,1028.2666666666667
1459,1459,2018-12-30,7.9,3.9,15.0,0.0,1028.8,0,12,364,1029.3,7.7,0.0,7.966666666666671,0.0,-2.4492935982947064e-16,1.0,1029.3,7.7,0.0,7.966666666666671,1028.7
1460,1460,2018-12-31,9.6,5.7,16.6,0.0,1028.7,0,12,365,1028.8,7.9,0.0,8.400000000000004,0.0,-2.4492935982947064e-16,1.0,1028.8,7.9,0.0,8.400000000000004,1028.9333333333334
1461,1461,2019-01-01,9.8,5.3,17.3,0.0,1029.1,0,1,1,1028.7,9.6,0.0,9.100000000000003,0.0,0.49999999999999994,0.8660254037844387,1028.7,9.6,0.0,9.100000000000003,1028.8666666666666
1462,1462,2019-01-02,7.9,5.0,13.0,0.0,1026.2,0,1,2,1029.1,9.8,0.0,9.100000000000003,0.0,0.49999999999999994,0.8660254037844387,1029.1,9.8,0.0,9.100000000000003,1028.0
1463,1463,2019-01-03,6.7,3.2,14.2,0.0,1028.9,0,1,3,1026.2,7.9,0.0,8.133333333333338,0.0,0.49999999999999994,0.8660254037844387,1026.2,7.9,0.0,8.133333333333338,1028.0666666666668
1464,1464,2019-01-04,6.2,2.2,12.9,0.0,1030.6,0,1,4,1028.9,6.7,0.0,6.933333333333337,0.0,0.49999999999999994,0.8660254037844387,1028.9,6.7,0.0,6.933333333333337,1028.5666666666666
1465,1465,2019-01-05,7.5,3.5,13.4,0.0,1029.0,0,1,5,1030.6,6.2,0.0,6.800000000000004,0.0,0.49999999999999994,0.8660254037844387,1030.6,6.2,0.0,6.800000000000004,1029.5
1466,1466,2019-01-06,10.3,6.6,16.8,0.0,1025.7,0,1,6,1029.0,7.5,0.0,8.000000000000005,0.0,0.49999999999999994,0.8660254037844387,1029.0,7.5,0.0,8.000000000000005,1028.4333333333334
1467,1467,2019-01-07,8.6,5.6,15.7,0.0,1028.3,0,1,7,1025.7,10.3,0.0,8.800000000000002,0.0,0.49999999999999994,0.8660254037844387,1025.7,10.3,0.0,8.800000000000002,1027.6666666666667
1468,1468,2019-01-08,6.8,3.3,13.3,0.0,1026.5,0,1,8,1028.3,8.6,0.0,8.566666666666672,0.0,0.49999999999999994,0.8660254037844387,1028.3,8.6,0.0,8.566666666666672,1026.8333333333333
1469,1469,2019-01-09,9.3,6.1,14.9,0.0,1016.2,0,1,9,1026.5,6.8,0.0,8.233333333333336,0.0,0.49999999999999994,0.8660254037844387,1026.5,6.8,0.0,8.233333333333336,1023.6666666666669
1470,1470,2019-01-10,7.1,3.0,12.8,0.0,1017.4,0,1,10,1016.2,9.3,0.0,7.733333333333337,0.0,0.49999999999999994,0.8660254037844387,1016.2,9.3,0.0,7.733333333333337,1020.0333333333334
1471,1471,2019-01-11,4.8,1.3,11.1,0.0,1023.6,0,1,11,1017.4,7.1,0.0,7.066666666666671,0.0,0.49999999999999994,0.8660254037844387,1017.4,7.1,0.0,7.066666666666671,1019.0666666666667
1472,1472,2019-01-12,6.2,2.3,13.7,0.0,1026.7,0,1,12,1023.6,4.8,0.0,6.033333333333338,0.0,0.49999999999999994,0.8660254037844387,1023.6,4.8,0.0,6.033333333333338,1022.5666666666667
1473,1473,2019-01-13,8.2,3.3,16.0,0.0,1023.1,0,1,13,1026.7,6.2,0.0,6.400000000000003,0.0,0.49999999999999994,0.8660254037844387,1026.7,6.2,0.0,6.400000000000003,1024.4666666666667
1474,1474,2019-01-14,11.2,7.5,16.6,0.0,1018.2,0,1,14,1023.1,8.2,0.0,8.533333333333337,0.0,0.49999999999999994,0.8660254037844387,1023.1,8.2,0.0,8.533333333333337,1022.6666666666669
1475,1475,2019-01-15,8.8,5.3,14.9,0.0,1021.2,0,1,15,1018.2,11.2,0.0,9.400000000000004,0.0,0.49999999999999994,0.8660254037844387,1018.2,11.2,0.0,9.400000000000004,1020.8333333333335
1476,1476,2019-01-16,9.3,5.8,14.8,0.0,1018.4,1,1,16,1021.2,8.8,0.0,9.766666666666671,0.0,0.49999999999999994,0.8660254037844387,1021.2,8.8,0.0,9.766666666666671,1019.2666666666668
1477,1477,2019-01-17,9.9,7.8,15.8,12.0,1016.6,0,1,17,1018.4,9.3,0.0,9.333333333333337,12.0,0.49999999999999994,0.8660254037844387,1018.4,9.3,0.0,9.333333333333337,1018.7333333333335
1478,1478,2019-01-18,7.3,5.6,10.3,0.0,1017.7,1,1,18,1016.6,9.9,12.0,8.833333333333337,12.0,0.49999999999999994,0.8660254037844387,1016.6,9.9,12.0,8.833333333333337,1017.5666666666667
1479,1479,2019-01-19,6.9,3.2,13.3,7.1,1014.7,1,1,19,1017.7,7.3,0.0,8.033333333333337,19.1,0.49999999999999994,0.8660254037844387,1017.7,7.3,0.0,8.033333333333337,1016.3333333333335
1480,1480,2019-01-20,7.7,5.3,10.4,13.2,1010.6,0,1,20,1014.7,6.9,7.1,7.300000000000004,32.3,0.49999999999999994,0.8660254037844387,1014.7,6.9,7.1,7.300000000000004,1014.3333333333335
1481,1481,2019-01-21,6.9,3.8,13.4,0.0,1016.3,0,1,21,1010.6,7.7,13.2,7.166666666666671,32.3,0.49999999999999994,0.8660254037844387,1010.6,7.7,13.2,7.166666666666671,1013.8666666666668
1482,1482,2019-01-22,5.9,1.6,10.7,0.0,1012.2,0,1,22,1016.3,6.9,0.0,6.833333333333338,32.3,0.49999999999999994,0.8660254037844387,1016.3,6.9,0.0,6.833333333333338,1013.0333333333334
1490,1490,2019-01-30,9.7,6.4,14.7,0.0,1006.6,1,1,30,1009.5,7.9,0.0,9.166666666666671,0.0,0.49999999999999994,0.8660254037844387,1009.5,7.9,0.0,9.166666666666671,1008.0666666666667
1491,1491,2019-01-31,11.2,7.2,15.6,0.3,999.2,1,1,31,1006.6,9.7,0.0,9.600000000000005,0.3,0.49999999999999994,0.8660254037844387,1006.6,9.7,0.0,9.600000000000005,1005.1
1492,1492,2019-02-01,13.0,9.0,15.8,0.1,991.1,0,2,32,999.2,11.2,0.3,11.300000000000004,0.4,0.8660254037844386,0.5000000000000001,999.2,11.2,0.3,11.300000000000004,998.9666666666668
1493,1493,2019-02-02,9.6,7.6,13.5,0.0,997.3,0,2,33,991.1,13.0,0.1,11.266666666666671,0.4,0.8660254037844386,0.5000000000000001,991.1,13.0,0.1,11.266666666666671,995.8666666666668
1494,1494,2019-02-03,8.7,5.0,14.6,0.0,1014.2,0,2,34,997.3,9.6,0.0,10.433333333333337,0.4,0.8660254037844386,0.5000000000000001,997.3,9.6,0.0,10.433333333333337,1000.8666666666668
1495,1495,2019-02-04,7.4,3.2,13.6,0.0,1025.2,0,2,35,1014.2,8.7,0.0,8.566666666666672,0.4,0.8660254037844386,0.5000000000000001,1014.2,8.7,0.0,8.566666666666672,1012.2333333333335
1496,1496,2019-02-05,9.8,6.5,15.0,0.0,1026.0,0,2,36,1025.2,7.4,0.0,8.633333333333338,0.4,0.8660254037844386,0.5000000000000001,1025.2,7.4,0.0,8.633333333333338,1021.8000000000001
1497,1497,2019-02-06,10.4,7.0,15.7,0.0,1024.3,0,2,37,1026.0,9.8,0.0,9.200000000000005,0.4,0.8660254037844386,0.5000000000000001,1026.0,9.8,0.0,9.200000000000005,1025.1666666666667
1506,1506,2019-02-15,8.2,2.9,13.9,0.0,1031.0,0,2,46,1034.5,8.3,0.0,8.433333333333337,0.0,0.8660254037844386,0.5000000000000001,1034.5,8.3,0.0,8.433333333333337,1032.7333333333333
1507,1507,2019-02-16,8.7,3.6,16.6,0.0,1029.9,0,2,47,1031.0,8.2,0.0,8.400000000000006,0.0,0.8660254037844386,0.5000000000000001,1031.0,8.2,0.0,8.400000000000006,1031.8000000000002
1508,1508,2019-02-17,8.4,3.8,15.3,0.0,1027.2,0,2,48,1029.9,8.7,0.0,8.433333333333337,0.0,0.8660254037844386,0.5000000000000001,1029.9,8.7,0.0,8.433333333333337,1029.3666666666668
1509,1509,2019-02-18,10.2,5.7,16.3,0.0,1023.4,0,2,49,1027.2,8.4,0.0,9.100000000000005,0.0,0.8660254037844386,0.5000000000000001,1027.2,8.4,0.0,9.100000000000005,1026.8333333333335
1510,1510,2019-02-19,10.8,7.8,15.3,0.0,1022.6,0,2,50,1023.4,10.2,0.0,9.800000000000006,0.0,0.8660254037844386,0.5000000000000001,1023.4,10.2,0.0,9.800000000000006,1024.4
1511,1511,2019-02-20,11.4,7.5,16.9,0.0,1025.3,0,2,51,1022.6,10.8,0.0,10.800000000000004,0.0,0.8660254037844386,0.5000000000000001,1022.6,10.8,0.0,10.800000000000004,1023.7666666666668
1512,1512,2019-02-21,9.4,5.0,14.8,0.0,1029.5,0,2,52,1025.3,11.4,0.0,10.533333333333339,0.0,0.8660254037844386,0.5000000000000001,1025.3,11.4,0.0,10.533333333333339,1025.8
1513,1513,2019-02-22,12.3,7.1,19.0,0.0,1028.4,0,2,53,1029.5,9.4,0.0,11.033333333333339,0.0,0.8660254037844386,0.5000000000000001,1029.5,9.4,0.0,11.033333333333339,1027.7333333333333
1514,1514,2019-02-23,12.9,8.8,19.3,0.0,1027.2,0,2,54,1028.4,12.3,0.0,11.533333333333339,0.0,0.8660254037844386,0.5000000000000001,1028.4,12.3,0.0,11.533333333333339,1028.3666666666666
1515,1515,2019-02-24,11.0,7.2,15.8,0.0,1032.7,0,2,55,1027.2,12.9,0.0,12.066666666666672,0.0,0.8660254037844386,0.5000000000000001,1027.2,12.9,0.0,12.066666666666672,1029.4333333333334
1516,1516,2019-02-25,10.3,6.5,15.8,0.0,1032.8,0,2,56,1032.7,11.0,0.0,11.400000000000006,0.0,0.8660254037844386,0.5000000000000001,1032.7,11.0,0.0,11.400000000000006,1030.8999999999999
1517,1517,2019-02-26,11.9,7.9,19.3,0.0,1030.1,0,2,57,1032.8,10.3,0.0,11.066666666666672,0.0,0.8660254037844386,0.5000000000000001,1032.8,10.3,0.0,11.066666666666672,1031.8666666666666
1518,1518,2019-02-27,11.6,7.9,17.2,0.0,1025.9,0,2,58,1030.1,11.9,0.0,11.266666666666673,0.0,0.8660254037844386,0.5000000000000001,1030.1,11.9,0.0,11.266666666666673,1029.6
1519,1519,2019-02-28,12.6,8.8,19.1,0.0,1025.3,0,2,59,1025.9,11.6,0.0,12.033333333333337,0.0,0.8660254037844386,0.5000000000000001,1025.9,11.6,0.0,12.033333333333337,1027.1000000000001
1520,1520,2019-03-01,11.8,8.4,17.2,0.0,1023.2,0,3,60,1025.3,12.6,0.0,12.000000000000005,0.0,1.0,6.123233995736766e-17,1025.3,12.6,0.0,12.000000000000005,1024.8
1521,1521,2019-03-02,12.5,10.0,17.3,0.0,1022.6,0,3,61,1023.2,11.8,0.0,12.300000000000004,0.0,1.0,6.123233995736766e-17,1023.2,11.8,0.0,12.300000000000004,1023.6999999999999
1522,1522,2019-03-03,12.7,8.3,18.2,0.0,1021.1,0,3,62,1022.6,12.5,0.0,12.333333333333337,0.0,1.0,6.123233995736766e-17,1022.6,12.5,0.0,12.333333333333337,1022.3000000000001
1523,1523,2019-03-04,15.8,10.9,22.4,0.0,1015.4,0,3,63,1021.1,12.7,0.0,13.666666666666671,0.0,1.0,6.123233995736766e-17,1021.1,12.7,0.0,13.666666666666671,1019.6999999999999
1524,1524,2019-03-05,12.9,10.0,17.1,0.0,1018.1,1,3,64,1015.4,15.8,0.0,13.800000000000004,0.0,1.0,6.123233995736766e-17,1015.4,15.8,0.0,13.800000000000004,1018.2000000000002
1525,1525,2019-03-06,12.7,10.0,15.7,0.2,1010.6,0,3,65,1018.1,12.9,0.0,13.800000000000004,0.2,1.0,6.123233995736766e-17,1018.1,12.9,0.0,13.800000000000004,1014.6999999999999
1526,1526,2019-03-07,13.9,10.7,19.8,0.0,1012.8,0,3,66,1010.6,12.7,0.2,13.166666666666671,0.2,1.0,6.123233995736766e-17,1010.6,12.7,0.2,13.166666666666671,1013.8333333333334
1527,1527,2019-03-08,11.9,6.8,18.8,0.0,1021.1,0,3,67,1012.8,13.9,0.0,12.833333333333337,0.2,1.0,6.123233995736766e-17,1012.8,13.9,0.0,12.833333333333337,1014.8333333333334
1528,1528,2019-03-09,12.2,7.0,18.0,0.0,1029.1,0,3,68,1021.1,11.9,0.0,12.666666666666671,0.2,1.0,6.123233995736766e-17,1021.1,11.9,0.0,12.666666666666671,1021.0
1529,1529,2019-03-10,13.6,9.9,18.3,0.0,1027.1,0,3,69,1029.1,12.2,0.0,12.566666666666672,0.2,1.0,6.123233995736766e-17,1029.1,12.2,0.0,12.566666666666672,1025.7666666666667
1530,1530,2019-03-11,13.4,11.6,17.0,0.0,1028.3,0,3,70,1027.1,13.6,0.0,13.066666666666672,0.2,1.0,6.123233995736766e-17,1027.1,13.6,0.0,13.066666666666672,1028.1666666666667
1531,1531,2019-03-12,13.3,10.7,16.9,0.0,1026.5,0,3,71,1028.3,13.4,0.0,13.433333333333337,0.2,1.0,6.123233995736766e-17,1028.3,13.4,0.0,13.433333333333337,1027.3
1532,1532,2019-03-13,11.7,9.9,14.1,0.0,1021.6,0,3,72,1026.5,13.3,0.0,12.800000000000004,0.0,1.0,6.123233995736766e-17,1026.5,13.3,0.0,12.800000000000004,1025.4666666666667
1533,1533,2019-03-14,11.9,7.2,18.5,0.0,1025.0,0,3,73,1021.6,11.7,0.0,12.300000000000006,0.0,1.0,6.123233995736766e-17,1021.6,11.7,0.0,12.300000000000006,1024.3666666666668
1534,1534,2019-03-15,13.6,10.4,19.4,0.0,1023.9,0,3,74,1025.0,11.9,0.0,12.400000000000004,0.0,1.0,6.123233995736766e-17,1025.0,11.9,0.0,12.400000000000004,1023.5
1535,1535,2019-03-16,12.9,9.1,17.4,0.0,1021.4,0,3,75,1023.9,13.6,0.0,12.800000000000006,0.0,1.0,6.123233995736766e-17,1023.9,13.6,0.0,12.800000000000006,1023.4333333333334
1536,1536,2019-03-17,12.7,9.4,16.8,0.0,1015.3,0,3,76,1021.4,12.9,0.0,13.066666666666672,0.0,1.0,6.123233995736766e-17,1021.4,12.9,0.0,13.066666666666672,1020.2000000000002
1537,1537,2019-03-18,11.4,8.4,15.7,0.0,1021.8,0,3,77,1015.3,12.7,0.0,12.333333333333337,0.0,1.0,6.123233995736766e-17,1015.3,12.7,0.0,12.333333333333337,1019.5
1538,1538,2019-03-19,11.9,9.7,15.5,0.0,1023.4,0,3,78,1021.8,11.4,0.0,12.000000000000005,0.0,1.0,6.123233995736766e-17,1021.8,11.4,0.0,12.000000000000005,1020.1666666666666
1539,1539,2019-03-20,11.4,7.5,16.1,0.0,1027.8,0,3,79,1023.4,11.9,0.0,11.566666666666672,0.0,1.0,6.123233995736766e-17,1023.4,11.9,0.0,11.566666666666672,1024.3333333333333
1540,1540,2019-03-21,11.2,6.4,16.9,0.0,1028.1,0,3,80,1027.8,11.4,0.0,11.500000000000005,0.0,1.0,6.123233995736766e-17,1027.8,11.4,0.0,11.500000000000005,1026.4333333333334
1541,1541,2019-03-22,13.2,8.3,20.3,0.0,1027.4,0,3,81,1028.1,11.2,0.0,11.933333333333337,0.0,1.0,6.123233995736766e-17,1028.1,11.2,0.0,11.933333333333337,1027.7666666666667
1542,1542,2019-03-23,14.4,8.9,21.4,0.0,1025.6,0,3,82,1027.4,13.2,0.0,12.933333333333337,0.0,1.0,6.123233995736766e-17,1027.4,13.2,0.0,12.933333333333337,1027.0333333333335
1543,1543,2019-03-24,15.6,10.9,21.7,0.0,1023.0,0,3,83,1025.6,14.4,0.0,14.400000000000004,0.0,1.0,6.123233995736766e-17,1025.6,14.4,0.0,14.400000000000004,1025.3333333333333
1544,1544,2019-03-25,15.1,10.7,21.8,0.0,1019.1,0,3,84,1023.0,15.6,0.0,15.033333333333339,0.0,1.0,6.123233995736766e-17,1023.0,15.6,0.0,15.033333333333339,1022.5666666666667
1545,1545,2019-03-26,13.7,10.0,20.9,0.0,1020.8,0,3,85,1019.1,15.1,0.0,14.800000000000004,0.0,1.0,6.123233995736766e-17,1019.1,15.1,0.0,14.800000000000004,1020.9666666666667
1546,1546,2019-03-27,11.3,6.0,17.3,0.0,1024.9,0,3,86,1020.8,13.7,0.0,13.366666666666669,0.0,1.0,6.123233995736766e-17,1020.8,13.7,0.0,13.366666666666669,1021.6
1547,1547,2019-03-28,11.9,7.2,17.5,0.0,1027.8,0,3,87,1024.9,11.3,0.0,12.300000000000004,0.0,1.0,6.123233995736766e-17,1024.9,11.3,0.0,12.300000000000004,1024.5
1548,1548,2019-03-29,12.2,7.9,16.8,0.0,1027.8,0,3,88,1027.8,11.9,0.0,11.800000000000004,0.0,1.0,6.123233995736766e-17,1027.8,11.9,0.0,11.800000000000004,1026.8333333333333
1549,1549,2019-03-30,11.8,6.7,16.6,0.0,1024.0,0,3,89,1027.8,12.2,0.0,11.96666666666667,0.0,1.0,6.123233995736766e-17,1027.8,12.2,0.0,11.96666666666667,1026.5333333333333
1550,1550,2019-03-31,13.0,10.2,16.7,0.0,1017.8,0,3,90,1024.0,11.8,0.0,12.333333333333337,0.0,1.0,6.123233995736766e-17,1024.0,11.8,0.0,12.333333333333337,1023.2000000000002
1551,1551,2019-04-01,13.8,10.8,18.1,0.0,1015.4,0,4,91,1017.8,13.0,0.0,12.866666666666672,0.0,0.8660254037844387,-0.4999999999999998,1017.8,13.0,0.0,12.866666666666672,1019.0666666666666
1552,1552,2019-04-02,13.9,10.9,17.9,0.0,1014.2,1,4,92,1015.4,13.8,0.0,13.566666666666672,0.0,0.8660254037844387,-0.4999999999999998,1015.4,13.8,0.0,13.566666666666672,1015.8000000000001
1553,1553,2019-04-03,13.8,10.4,17.4,3.4,1006.5,0,4,93,1014.2,13.9,0.0,13.833333333333337,3.4,0.8660254037844387,-0.4999999999999998,1014.2,13.9,0.0,13.833333333333337,1012.0333333333333
1554,1554,2019-04-04,10.8,6.0,16.0,0.0,1003.2,1,4,94,1006.5,13.8,3.4,12.833333333333337,3.4,0.8660254037844387,-0.4999999999999998,1006.5,13.8,3.4,12.833333333333337,1007.9666666666667
1555,1555,2019-04-05,11.7,6.6,17.4,2.2,1002.1,1,4,95,1003.2,10.8,0.0,12.100000000000003,5.6,0.8660254037844387,-0.4999999999999998,1003.2,10.8,0.0,12.100000000000003,1003.9333333333334
1556,1556,2019-04-06,12.7,8.5,18.7,0.7,1000.9,1,4,96,1002.1,11.7,2.2,11.73333333333334,6.3,0.8660254037844387,-0.4999999999999998,1002.1,11.7,2.2,11.73333333333334,1002.0666666666667
1557,1557,2019-04-07,11.6,8.4,18.0,1.4,1006.9,1,4,97,1000.9,12.7,0.7,12.000000000000005,7.7,0.8660254037844387,-0.4999999999999998,1000.9,12.7,0.7,12.000000000000005,1003.2999999999998
1558,1558,2019-04-08,12.7,7.6,17.9,1.8,1011.5,1,4,98,1006.9,11.6,1.4,12.333333333333337,9.5,0.8660254037844387,-0.4999999999999998,1006.9,11.6,1.4,12.333333333333337,1006.4333333333334
1559,1559,2019-04-09,12.6,8.5,16.7,10.5,1009.9,1,4,99,1011.5,12.7,1.8,12.300000000000004,20.0,0.8660254037844387,-0.4999999999999998,1011.5,12.7,1.8,12.300000000000004,1009.4333333333333
1560,1560,2019-04-10,12.6,9.2,18.8,1.1,1009.8,0,4,100,1009.9,12.6,10.5,12.633333333333338,17.700000000000003,0.8660254037844387,-0.4999999999999998,1009.9,12.6,10.5,12.633333333333338,1010.4
1561,1561,2019-04-11,14.4,10.1,19.8,0.0,1012.6,0,4,101,1009.8,12.6,1.1,13.200000000000005,17.700000000000003,0.8660254037844387,-0.4999999999999998,1009.8,12.6,1.1,13.200000000000005,1010.7666666666668
1562,1562,2019-04-12,14.6,12.0,18.5,0.0,1014.9,0,4,102,1012.6,14.4,0.0,13.866666666666672,15.5,0.8660254037844387,-0.4999999999999998,1012.6,14.4,0.0,13.866666666666672,1012.4333333333333
1563,1563,2019-04-13,14.1,10.0,19.5,0.0,1016.8,0,4,103,1014.9,14.6,0.0,14.366666666666669,14.799999999999999,0.8660254037844387,-0.4999999999999998,1014.9,14.6,0.0,14.366666666666669,1014.7666666666668
1564,1564,2019-04-14,12.9,9.2,17.3,0.0,1015.3,0,4,104,1016.8,14.1,0.0,13.866666666666672,13.4,0.8660254037844387,-0.4999999999999998,1016.8,14.1,0.0,13.866666666666672,1015.6666666666666
1565,1565,2019-04-15,13.7,11.4,16.3,0.0,1017.9,0,4,105,1015.3,12.9,0.0,13.56666666666667,11.6,0.8660254037844387,-0.4999999999999998,1015.3,12.9,0.0,13.56666666666667,1016.6666666666666
1566,1566,2019-04-16,13.9,11.2,18.4,0.0,1019.5,0,4,106,1017.9,13.7,0.0,13.500000000000005,1.1,0.8660254037844387,-0.4999999999999998,1017.9,13.7,0.0,13.500000000000005,1017.5666666666666
1567,1567,2019-04-17,14.1,11.1,18.0,0.0,1019.6,0,4,107,1019.5,13.9,0.0,13.900000000000006,0.0,0.8660254037844387,-0.4999999999999998,1019.5,13.9,0.0,13.900000000000006,1019.0
1568,1568,2019-04-18,15.6,14.3,18.5,0.0,1017.8,0,4,108,1019.6,14.1,0.0,14.533333333333337,0.0,0.8660254037844387,-0.4999999999999998,1019.6,14.1,0.0,14.533333333333337,1018.9666666666667
1569,1569,2019-04-19,17.1,15.9,20.6,0.0,1020.7,1,4,109,1017.8,15.6,0.0,15.600000000000003,0.0,0.8660254037844387,-0.4999999999999998,1017.8,15.6,0.0,15.600000000000003,1019.3666666666667
1570,1570,2019-04-20,16.8,13.5,18.9,0.1,1020.3,1,4,110,1020.7,17.1,0.0,16.500000000000004,0.1,0.8660254037844387,-0.4999999999999998,1020.7,17.1,0.0,16.500000000000004,1019.6
1571,1571,2019-04-21,16.6,13.2,19.9,0.2,1012.2,1,4,111,1020.3,16.8,0.1,16.83333333333334,0.30000000000000004,0.8660254037844387,-0.4999999999999998,1020.3,16.8,0.1,16.83333333333334,1017.7333333333332
1572,1572,2019-04-22,16.6,14.3,18.3,2.1,1001.3,1,4,112,1012.2,16.6,0.2,16.666666666666675,2.4000000000000004,0.8660254037844387,-0.4999999999999998,1012.2,16.6,0.2,16.666666666666675,1011.2666666666668
1573,1573,2019-04-23,15.4,14.3,18.9,0.1,998.4,0,4,113,1001.3,16.6,2.1,16.200000000000006,2.5,0.8660254037844387,-0.4999999999999998,1001.3,16.6,2.1,16.200000000000006,1003.9666666666666
1574,1574,2019-04-24,15.4,13.0,18.1,0.0,1006.9,1,4,114,998.4,15.4,0.1,15.800000000000006,2.5,0.8660254037844387,-0.4999999999999998,998.4,15.4,0.1,15.800000000000006,1002.1999999999999
1575,1575,2019-04-25,15.7,13.1,18.1,0.4,1011.2,0,4,115,1006.9,15.4,0.0,15.500000000000005,2.9,0.8660254037844387,-0.4999999999999998,1006.9,15.4,0.0,15.500000000000005,1005.5
1576,1576,2019-04-26,16.7,12.4,24.5,0.0,1019.0,0,4,116,1011.2,15.7,0.4,15.933333333333337,2.9,0.8660254037844387,-0.4999999999999998,1011.2,15.7,0.4,15.933333333333337,1012.3666666666667
1577,1577,2019-04-27,14.7,10.3,19.5,0.0,1024.8,0,4,117,1019.0,16.7,0.0,15.700000000000003,2.8,0.8660254037844387,-0.4999999999999998,1019.0,16.7,0.0,15.700000000000003,1018.3333333333334
1578,1578,2019-04-28,13.9,10.9,17.0,0.0,1023.3,1,4,118,1024.8,14.7,0.0,15.100000000000003,2.6,0.8660254037844387,-0.4999999999999998,1024.8,14.7,0.0,15.100000000000003,1022.3666666666668
1579,1579,2019-04-29,15.4,14.3,18.5,0.3,1020.0,0,4,119,1023.3,13.9,0.0,14.666666666666671,0.8,0.8660254037844387,-0.4999999999999998,1023.3,13.9,0.0,14.666666666666671,1022.7000000000002
1580,1580,2019-04-30,16.1,14.9,19.1,0.0,1017.6,0,4,120,1020.0,15.4,0.3,15.13333333333334,0.7,0.8660254037844387,-0.4999999999999998,1020.0,15.4,0.3,15.13333333333334,1020.3000000000001
1581,1581,2019-05-01,15.7,12.4,19.8,0.0,1015.7,1,5,121,1017.6,16.1,0.0,15.73333333333334,0.7,0.49999999999999994,-0.8660254037844387,1017.6,16.1,0.0,15.73333333333334,1017.7666666666668
1582,1582,2019-05-02,15.4,12.2,19.4,0.2,1015.8,1,5,122,1015.7,15.7,0.0,15.73333333333334,0.5,0.49999999999999994,-0.8660254037844387,1015.7,15.7,0.0,15.73333333333334,1016.3666666666667
1583,1583,2019-05-03,13.2,11.1,16.0,29.0,1013.0,0,5,123,1015.8,15.4,0.2,14.766666666666671,29.5,0.49999999999999994,-0.8660254037844387,1015.8,15.4,0.2,14.766666666666671,1014.8333333333334
1584,1584,2019-05-04,14.1,9.2,20.3,0.0,1010.9,0,5,124,1013.0,13.2,29.0,14.23333333333334,29.5,0.49999999999999994,-0.8660254037844387,1013.0,13.2,29.0,14.23333333333334,1013.2333333333332
1585,1585,2019-05-05,15.9,11.4,23.3,0.0,1013.2,0,5,125,1010.9,14.1,0.0,14.400000000000006,29.5,0.49999999999999994,-0.8660254037844387,1010.9,14.1,0.0,14.400000000000006,1012.3666666666668
1586,1586,2019-05-06,14.3,10.7,18.0,0.0,1018.7,0,5,126,1013.2,15.9,0.0,14.766666666666671,29.2,0.49999999999999994,-0.8660254037844387,1013.2,15.9,0.0,14.766666666666671,1014.2666666666668
1587,1587,2019-05-07,14.5,11.6,17.9,0.0,1018.1,1,5,127,1018.7,14.3,0.0,14.900000000000006,29.2,0.49999999999999994,-0.8660254037844387,1018.7,14.3,0.0,14.900000000000006,1016.6666666666666
1588,1588,2019-05-08,16.9,15.8,20.1,0.3,1009.6,0,5,128,1018.1,14.5,0.0,15.23333333333334,29.5,0.49999999999999994,-0.8660254037844387,1018.1,14.5,0.0,15.23333333333334,1015.4666666666667
1589,1589,2019-05-09,16.7,13.5,20.9,0.0,1011.2,1,5,129,1009.6,16.9,0.3,16.033333333333335,29.3,0.49999999999999994,-0.8660254037844387,1009.6,16.9,0.3,16.033333333333335,1012.9666666666667
1590,1590,2019-05-10,17.4,14.4,20.9,0.2,1012.7,0,5,130,1011.2,16.7,0.0,17.000000000000004,0.5,0.49999999999999994,-0.8660254037844387,1011.2,16.7,0.0,17.000000000000004,1011.1666666666666
1591,1591,2019-05-11,17.3,15.0,21.3,0.0,1018.6,0,5,131,1012.7,17.4,0.2,17.133333333333336,0.5,0.49999999999999994,-0.8660254037844387,1012.7,17.4,0.2,17.133333333333336,1014.1666666666666
1592,1592,2019-05-12,16.1,12.8,21.7,0.0,1022.5,0,5,132,1018.6,17.3,0.0,16.93333333333334,0.5,0.49999999999999994,-0.8660254037844387,1018.6,17.3,0.0,16.93333333333334,1017.9333333333334
1593,1593,2019-05-13,15.9,12.0,20.1,0.0,1020.7,0,5,133,1022.5,16.1,0.0,16.43333333333334,0.5,0.49999999999999994,-0.8660254037844387,1022.5,16.1,0.0,16.43333333333334,1020.6
1594,1594,2019-05-14,15.9,11.8,20.0,0.0,1018.5,0,5,134,1020.7,15.9,0.0,15.966666666666674,0.5,0.49999999999999994,-0.8660254037844387,1020.7,15.9,0.0,15.966666666666674,1020.5666666666667
1595,1595,2019-05-15,15.5,12.8,19.4,0.0,1014.1,1,5,135,1018.5,15.9,0.0,15.766666666666671,0.2,0.49999999999999994,-0.8660254037844387,1018.5,15.9,0.0,15.766666666666671,1017.7666666666668
1596,1596,2019-05-16,15.3,10.9,19.3,1.2,1012.2,1,5,136,1014.1,15.5,0.0,15.566666666666672,1.4,0.49999999999999994,-0.8660254037844387,1014.1,15.5,0.0,15.566666666666672,1014.9333333333334
1597,1597,2019-05-17,15.2,12.2,17.9,36.7,1004.6,0,5,137,1012.2,15.3,1.2,15.333333333333337,37.900000000000006,0.49999999999999994,-0.8660254037844387,1012.2,15.3,1.2,15.333333333333337,1010.3000000000001
1612,1612,2019-06-01,19.7,16.7,23.9,0.0,1021.6,0,6,152,1024.2,19.2,0.0,18.733333333333338,1.0,1.2246467991473532e-16,-1.0,1024.2,19.2,0.0,18.733333333333338,1023.4666666666667
1613,1613,2019-06-02,19.7,16.8,24.0,0.0,1019.4,0,6,153,1021.6,19.7,0.0,19.53333333333334,1.0,1.2246467991473532e-16,-1.0,1021.6,19.7,0.0,19.53333333333334,1021.7333333333332
1614,1614,2019-06-03,20.0,16.6,24.3,0.0,1017.7,0,6,154,1019.4,19.7,0.0,19.800000000000004,0.0,1.2246467991473532e-16,-1.0,1019.4,19.7,0.0,19.800000000000004,1019.5666666666666
1615,1615,2019-06-04,20.0,16.4,23.9,0.0,1013.0,0,6,155,1017.7,20.0,0.0,19.900000000000006,0.0,1.2246467991473532e-16,-1.0,1017.7,20.0,0.0,19.900000000000006,1016.7000000000002
1616,1616,2019-06-05,20.4,16.5,26.6,0.0,1007.9,0,6,156,1013.0,20.0,0.0,20.133333333333336,0.0,1.2246467991473532e-16,-1.0,1013.0,20.0,0.0,20.133333333333336,1012.8666666666667
1617,1617,2019-06-06,18.8,17.0,21.8,0.0,1014.5,0,6,157,1007.9,20.4,0.0,19.733333333333338,0.0,1.2246467991473532e-16,-1.0,1007.9,20.4,0.0,19.733333333333338,1011.8000000000001
1618,1618,2019-06-07,20.6,17.7,24.5,0.0,1013.4,0,6,158,1014.5,18.8,0.0,19.933333333333337,0.0,1.2246467991473532e-16,-1.0,1014.5,18.8,0.0,19.933333333333337,1011.9333333333334
1619,1619,2019-06-08,19.8,15.6,23.2,0.0,1022.2,0,6,159,1013.4,20.6,0.0,19.733333333333338,0.0,1.2246467991473532e-16,-1.0,1013.4,20.6,0.0,19.733333333333338,1016.6999999999999
1620,1620,2019-06-09,20.6,19.2,27.5,0.0,1015.5,1,6,160,1022.2,19.8,0.0,20.33333333333334,0.0,1.2246467991473532e-16,-1.0,1022.2,19.8,0.0,20.33333333333334,1017.0333333333333
1621,1621,2019-06-10,21.3,17.1,26.8,6.7,1012.3,1,6,161,1015.5,20.6,0.0,20.566666666666674,6.7,1.2246467991473532e-16,-1.0,1015.5,20.6,0.0,20.566666666666674,1016.6666666666666
1622,1622,2019-06-11,15.4,13.0,20.1,30.7,1012.7,0,6,162,1012.3,21.3,6.7,19.100000000000005,37.4,1.2246467991473532e-16,-1.0,1012.3,21.3,6.7,19.100000000000005,1013.5
1623,1623,2019-06-12,15.9,11.4,20.3,0.0,1015.3,0,6,163,1012.7,15.4,30.7,17.53333333333334,37.4,1.2246467991473532e-16,-1.0,1012.7,15.4,30.7,17.53333333333334,1013.4333333333334
1624,1624,2019-06-13,17.8,13.0,21.5,0.0,1014.6,0,6,164,1015.3,15.9,0.0,16.36666666666667,37.4,1.2246467991473532e-16,-1.0,1015.3,15.9,0.0,16.36666666666667,1014.1999999999999
1625,1625,2019-06-14,20.8,18.0,25.7,0.0,1010.1,0,6,165,1014.6,17.8,0.0,18.16666666666667,37.4,1.2246467991473532e-16,-1.0,1014.6,17.8,0.0,18.16666666666667,1013.3333333333334
1626,1626,2019-06-15,19.8,16.9,23.6,0.0,1016.2,0,6,166,1010.1,20.8,0.0,19.466666666666672,37.4,1.2246467991473532e-16,-1.0,1010.1,20.8,0.0,19.466666666666672,1013.6333333333333
1627,1627,2019-06-16,19.9,16.1,24.4,0.0,1019.6,0,6,167,1016.2,19.8,0.0,20.16666666666667,37.4,1.2246467991473532e-16,-1.0,1016.2,19.8,0.0,20.16666666666667,1015.3000000000001
1628,1628,2019-06-17,20.4,16.3,25.2,0.0,1016.7,0,6,168,1019.6,19.9,0.0,20.03333333333334,30.7,1.2246467991473532e-16,-1.0,1019.6,19.9,0.0,20.03333333333334,1017.5
1629,1629,2019-06-18,21.1,17.2,25.4,0.0,1015.3,0,6,169,1016.7,20.4,0.0,20.466666666666672,0.0,1.2246467991473532e-16,-1.0,1016.7,20.4,0.0,20.466666666666672,1017.1999999999999
1630,1630,2019-06-19,20.8,17.6,25.1,0.0,1013.3,0,6,170,1015.3,21.1,0.0,20.76666666666667,0.0,1.2246467991473532e-16,-1.0,1015.3,21.1,0.0,20.76666666666667,1015.1
1631,1631,2019-06-20,21.4,19.8,25.0,0.0,1013.7,0,6,171,1013.3,20.8,0.0,21.100000000000005,0.0,1.2246467991473532e-16,-1.0,1013.3,20.8,0.0,21.100000000000005,1014.0999999999999
1632,1632,2019-06-21,21.9,20.0,26.7,0.0,1014.7,0,6,172,1013.7,21.4,0.0,21.36666666666667,0.0,1.2246467991473532e-16,-1.0,1013.7,21.4,0.0,21.36666666666667,1013.9000000000001
1633,1633,2019-06-22,22.4,19.2,26.6,0.0,1015.8,0,6,173,1014.7,21.9,0.0,21.900000000000006,0.0,1.2246467991473532e-16,-1.0,1014.7,21.9,0.0,21.900000000000006,1014.7333333333332
1634,1634,2019-06-23,22.6,20.1,26.5,0.0,1014.9,0,6,174,1015.8,22.4,0.0,22.3,0.0,1.2246467991473532e-16,-1.0,1015.8,22.4,0.0,22.3,1015.1333333333333
1635,1635,2019-06-24,23.3,20.5,28.5,0.0,1015.6,0,6,175,1014.9,22.6,0.0,22.76666666666667,0.0,1.2246467991473532e-16,-1.0,1014.9,22.6,0.0,22.76666666666667,1015.4333333333333
1636,1636,2019-06-25,24.4,22.7,28.1,0.0,1017.2,0,6,176,1015.6,23.3,0.0,23.433333333333337,0.0,1.2246467991473532e-16,-1.0,1015.6,23.3,0.0,23.433333333333337,1015.9000000000001
1637,1637,2019-06-26,26.8,24.2,31.4,0.0,1019.8,0,6,177,1017.2,24.4,0.0,24.83333333333334,0.0,1.2246467991473532e-16,-1.0,1017.2,24.4,0.0,24.83333333333334,1017.5333333333333
1638,1638,2019-06-27,26.1,21.8,32.3,0.0,1019.9,0,6,178,1019.8,26.8,0.0,25.76666666666667,0.0,1.2246467991473532e-16,-1.0,1019.8,26.8,0.0,25.76666666666667,1018.9666666666667
1639,1639,2019-06-28,27.2,21.9,32.0,0.0,1015.6,0,6,179,1019.9,26.1,0.0,26.700000000000006,0.0,1.2246467991473532e-16,-1.0,1019.9,26.1,0.0,26.700000000000006,1018.4333333333333
1640,1640,2019-06-29,27.7,24.2,35.0,0.0,1014.3,0,6,180,1015.6,27.2,0.0,27.000000000000004,0.0,1.2246467991473532e-16,-1.0,1015.6,27.2,0.0,27.000000000000004,1016.6
1641,1641,2019-06-30,24.6,21.9,28.6,0.0,1017.2,0,6,181,1014.3,27.7,0.0,26.500000000000004,0.0,1.2246467991473532e-16,-1.0,1014.3,27.7,0.0,26.500000000000004,1015.6999999999999
1642,1642,2019-07-01,24.9,22.6,28.2,0.0,1017.2,0,7,182,1017.2,24.6,0.0,25.733333333333338,0.0,-0.4999999999999997,-0.8660254037844388,1017.2,24.6,0.0,25.733333333333338,1016.2333333333335
1643,1643,2019-07-02,25.5,22.7,28.9,0.0,1016.0,0,7,183,1017.2,24.9,0.0,25.000000000000004,0.0,-0.4999999999999997,-0.8660254037844388,1017.2,24.9,0.0,25.000000000000004,1016.8000000000001
1644,1644,2019-07-03,25.9,22.2,30.6,0.0,1014.7,0,7,184,1016.0,25.5,0.0,25.433333333333337,0.0,-0.4999999999999997,-0.8660254037844388,1016.0,25.5,0.0,25.433333333333337,1015.9666666666667
1645,1645,2019-07-04,26.2,23.5,30.3,0.0,1016.1,0,7,185,1014.7,25.9,0.0,25.86666666666667,0.0,-0.4999999999999997,-0.8660254037844388,1014.7,25.9,0.0,25.86666666666667,1015.6
1646,1646,2019-07-05,26.1,23.0,30.7,0.0,1016.1,1,7,186,1016.1,26.2,0.0,26.066666666666674,0.0,-0.4999999999999997,-0.8660254037844388,1016.1,26.2,0.0,26.066666666666674,1015.6333333333333
1647,1647,2019-07-06,26.1,23.8,29.9,0.5,1012.9,1,7,187,1016.1,26.1,0.0,26.13333333333334,0.5,-0.4999999999999997,-0.8660254037844388,1016.1,26.1,0.0,26.13333333333334,1015.0333333333334
1648,1648,2019-07-07,26.7,24.8,30.6,2.3,1012.1,1,7,188,1012.9,26.1,0.5,26.300000000000008,2.8,-0.4999999999999997,-0.8660254037844388,1012.9,26.1,0.5,26.300000000000008,1013.6999999999999
1649,1649,2019-07-08,25.9,23.0,29.9,4.2,1012.7,0,7,189,1012.1,26.7,2.3,26.233333333333338,7.0,-0.4999999999999997,-0.8660254037844388,1012.1,26.7,2.3,26.233333333333338,1012.5666666666667
1650,1650,2019-07-09,25.4,22.7,30.7,0.0,1011.1,0,7,190,1012.7,25.9,4.2,26.000000000000004,7.0,-0.4999999999999997,-0.8660254037844388,1012.7,25.9,4.2,26.000000000000004,1011.9666666666667
1658,1658,2019-07-17,24.6,21.3,29.3,0.5,1014.4,0,7,198,1015.6,25.2,0.0,25.100000000000005,0.6,-0.4999999999999997,-0.8660254037844388,1015.6,25.2,0.0,25.100000000000005,1013.6999999999999
1659,1659,2019-07-18,24.9,21.0,30.3,0.0,1014.5,0,7,199,1014.4,24.6,0.5,24.900000000000006,0.6,-0.4999999999999997,-0.8660254037844388,1014.4,24.6,0.5,24.900000000000006,1014.8333333333334
1660,1660,2019-07-19,25.6,22.6,29.4,0.0,1016.3,0,7,200,1014.5,24.9,0.0,25.033333333333342,0.6,-0.4999999999999997,-0.8660254037844388,1014.5,24.9,0.0,25.033333333333342,1015.0666666666666
1661,1661,2019-07-20,25.9,22.7,30.3,0.0,1016.3,0,7,201,1016.3,25.6,0.0,25.46666666666667,0.6,-0.4999999999999997,-0.8660254037844388,1016.3,25.6,0.0,25.46666666666667,1015.6999999999999
1662,1662,2019-07-21,26.1,23.6,30.5,0.0,1020.3,0,7,202,1016.3,25.9,0.0,25.866666666666674,0.5,-0.4999999999999997,-0.8660254037844388,1016.3,25.9,0.0,25.866666666666674,1017.6333333333332
1663,1663,2019-07-22,26.5,22.9,31.1,0.0,1021.1,0,7,203,1020.3,26.1,0.0,26.16666666666667,0.5,-0.4999999999999997,-0.8660254037844388,1020.3,26.1,0.0,26.16666666666667,1019.2333333333332
1664,1664,2019-07-23,27.1,23.3,31.4,0.0,1017.7,0,7,204,1021.1,26.5,0.0,26.566666666666674,0.5,-0.4999999999999997,-0.8660254037844388,1021.1,26.5,0.0,26.566666666666674,1019.6999999999999
1665,1665,2019-07-24,26.7,23.2,30.8,0.0,1016.2,0,7,205,1017.7,27.1,0.0,26.76666666666667,0.0,-0.4999999999999997,-0.8660254037844388,1017.7,27.1,0.0,26.76666666666667,1018.3333333333334
1666,1666,2019-07-25,26.5,23.5,30.5,0.0,1014.6,1,7,206,1016.2,26.7,0.0,26.76666666666667,0.0,-0.4999999999999997,-0.8660254037844388,1016.2,26.7,0.0,26.76666666666667,1016.1666666666666
1667,1667,2019-07-26,27.2,23.5,31.8,1.2,1011.0,1,7,207,1014.6,26.5,0.0,26.8,1.2,-0.4999999999999997,-0.8660254037844388,1014.6,26.5,0.0,26.8,1013.9333333333334
1668,1668,2019-07-27,24.6,19.8,28.0,44.3,1005.5,0,7,208,1011.0,27.2,1.2,26.100000000000005,45.5,-0.4999999999999997,-0.8660254037844388,1011.0,27.2,1.2,26.100000000000005,1010.3666666666667
1669,1669,2019-07-28,24.0,19.7,28.4,0.0,1008.4,0,7,209,1005.5,24.6,44.3,25.26666666666667,45.5,-0.4999999999999997,-0.8660254037844388,1005.5,24.6,44.3,25.26666666666667,1008.3000000000001
1670,1670,2019-07-29,24.8,20.4,29.4,0.0,1010.6,0,7,210,1008.4,24.0,0.0,24.466666666666672,45.5,-0.4999999999999997,-0.8660254037844388,1008.4,24.0,0.0,24.466666666666672,1008.1666666666666
1671,1671,2019-07-30,26.0,24.3,29.9,0.0,1014.2,0,7,211,1010.6,24.8,0.0,24.933333333333337,45.5,-0.4999999999999997,-0.8660254037844388,1010.6,24.8,0.0,24.933333333333337,1011.0666666666667
1672,1672,2019-07-31,25.0,23.4,27.3,0.0,1017.3,0,7,212,1014.2,26.0,0.0,25.26666666666667,45.5,-0.4999999999999997,-0.8660254037844388,1014.2,26.0,0.0,25.26666666666667,1014.0333333333333
1673,1673,2019-08-01,25.6,21.9,30.8,0.0,1014.0,0,8,213,1017.3,25.0,0.0,25.533333333333342,45.5,-0.8660254037844385,-0.5000000000000004,1017.3,25.0,0.0,25.533333333333342,1015.1666666666666
1674,1674,2019-08-02,25.9,22.4,31.0,0.0,1014.4,0,8,214,1014.0,25.6,0.0,25.500000000000004,44.3,-0.8660254037844385,-0.5000000000000004,1014.0,25.6,0.0,25.500000000000004,1015.2333333333332
1675,1675,2019-08-03,25.9,22.9,30.3,0.0,1014.7,0,8,215,1014.4,25.9,0.0,25.800000000000008,0.0,-0.8660254037844385,-0.5000000000000004,1014.4,25.9,0.0,25.800000000000008,1014.3666666666668
1676,1676,2019-08-04,26.0,22.9,29.8,0.0,1014.3,0,8,216,1014.7,25.9,0.0,25.933333333333337,0.0,-0.8660254037844385,-0.5000000000000004,1014.7,25.9,0.0,25.933333333333337,1014.4666666666667
1677,1677,2019-08-05,26.9,22.9,31.9,0.0,1014.4,0,8,217,1014.3,26.0,0.0,26.26666666666667,0.0,-0.8660254037844385,-0.5000000000000004,1014.3,26.0,0.0,26.26666666666667,1014.4666666666667
1678,1678,2019-08-06,26.6,23.9,30.6,0.0,1012.2,0,8,218,1014.4,26.9,0.0,26.500000000000004,0.0,-0.8660254037844385,-0.5000000000000004,1014.4,26.9,0.0,26.500000000000004,1013.6333333333333
1679,1679,2019-08-07,26.6,26.0,29.4,0.0,1010.9,0,8,219,1012.2,26.6,0.0,26.700000000000003,0.0,-0.8660254037844385,-0.5000000000000004,1012.2,26.6,0.0,26.700000000000003,1012.5
1680,1680,2019-08-08,27.3,25.4,31.0,0.0,1011.8,0,8,220,1010.9,26.6,0.0,26.833333333333343,0.0,-0.8660254037844385,-0.5000000000000004,1010.9,26.6,0.0,26.833333333333343,1011.6333333333332
1681,1681,2019-08-09,27.3,24.3,31.3,0.0,1011.7,0,8,221,1011.8,27.3,0.0,27.066666666666674,0.0,-0.8660254037844385,-0.5000000000000004,1011.8,27.3,0.0,27.066666666666674,1011.4666666666667
1682,1682,2019-08-10,27.2,26.0,30.9,0.0,1015.4,1,8,222,1011.7,27.3,0.0,27.26666666666667,0.0,-0.8660254037844385,-0.5000000000000004,1011.7,27.3,0.0,27.26666666666667,1012.9666666666667
1683,1683,2019-08-11,26.6,24.1,30.1,52.5,1013.9,0,8,223,1015.4,27.2,0.0,27.033333333333342,52.5,-0.8660254037844385,-0.5000000000000004,1015.4,27.2,0.0,27.033333333333342,1013.6666666666666
1684,1684,2019-08-12,24.8,19.6,28.8,0.0,1015.2,0,8,224,1013.9,26.6,52.5,26.200000000000006,52.5,-0.8660254037844385,-0.5000000000000004,1013.9,26.6,52.5,26.200000000000006,1014.8333333333334
1685,1685,2019-08-13,23.6,20.8,27.8,0.0,1018.2,0,8,225,1015.2,24.8,0.0,25.000000000000004,52.5,-0.8660254037844385,-0.5000000000000004,1015.2,24.8,0.0,25.000000000000004,1015.7666666666668
1693,1693,2019-08-21,24.2,20.3,28.5,0.0,1019.8,0,8,233,1018.5,25.6,0.0,25.233333333333338,27.599999999999998,-0.8660254037844385,-0.5000000000000004,1018.5,25.6,0.0,25.233333333333338,1018.0
1694,1694,2019-08-22,25.6,23.2,29.2,0.0,1019.6,0,8,234,1019.8,24.2,0.0,25.13333333333334,1.9,-0.8660254037844385,-0.5000000000000004,1019.8,24.2,0.0,25.13333333333334,1019.2999999999998
1695,1695,2019-08-23,24.7,21.4,29.1,0.0,1019.8,0,8,235,1019.6,25.6,0.0,24.83333333333334,0.0,-0.8660254037844385,-0.5000000000000004,1019.6,25.6,0.0,24.83333333333334,1019.7333333333332
1696,1696,2019-08-24,25.1,21.7,29.3,0.0,1018.7,0,8,236,1019.8,24.7,0.0,25.133333333333336,0.0,-0.8660254037844385,-0.5000000000000004,1019.8,24.7,0.0,25.133333333333336,1019.3666666666668
1697,1697,2019-08-25,25.4,22.6,29.3,0.0,1017.5,0,8,237,1018.7,25.1,0.0,25.066666666666674,0.0,-0.8660254037844385,-0.5000000000000004,1018.7,25.1,0.0,25.066666666666674,1018.6666666666666
1698,1698,2019-08-26,24.9,21.4,29.9,0.0,1016.7,1,8,238,1017.5,25.4,0.0,25.133333333333336,0.0,-0.8660254037844385,-0.5000000000000004,1017.5,25.4,0.0,25.133333333333336,1017.6333333333333
1699,1699,2019-08-27,24.5,23.2,27.5,0.6,1016.1,0,8,239,1016.7,24.9,0.0,24.933333333333337,0.6,-0.8660254037844385,-0.5000000000000004,1016.7,24.9,0.0,24.933333333333337,1016.7666666666668
1700,1700,2019-08-28,25.1,21.9,29.3,0.0,1016.6,0,8,240,1016.1,24.5,0.6,24.83333333333334,0.6,-0.8660254037844385,-0.5000000000000004,1016.1,24.5,0.6,24.83333333333334,1016.4666666666667
1701,1701,2019-08-29,25.9,22.3,31.0,0.0,1018.7,0,8,241,1016.6,25.1,0.0,25.16666666666667,0.6,-0.8660254037844385,-0.5000000000000004,1016.6,25.1,0.0,25.16666666666667,1017.1333333333333
1702,1702,2019-08-30,26.4,23.0,31.6,0.0,1019.1,0,8,242,1018.7,25.9,0.0,25.8,0.6,-0.8660254037844385,-0.5000000000000004,1018.7,25.9,0.0,25.8,1018.1333333333333
1703,1703,2019-08-31,26.4,23.6,31.0,0.0,1015.5,0,8,243,1019.1,26.4,0.0,26.233333333333338,0.6,-0.8660254037844385,-0.5000000000000004,1019.1,26.4,0.0,26.233333333333338,1017.7666666666668
1704,1704,2019-09-01,25.3,21.6,30.6,0.0,1014.6,1,9,244,1015.5,26.4,0.0,26.033333333333335,0.6,-1.0,-1.8369701987210297e-16,1015.5,26.4,0.0,26.033333333333335,1016.4
1705,1705,2019-09-02,25.2,20.6,29.1,72.9,1017.5,0,9,245,1014.6,25.3,0.0,25.633333333333336,73.5,-1.0,-1.8369701987210297e-16,1014.6,25.3,0.0,25.633333333333336,1015.8666666666668
1706,1706,2019-09-03,23.8,20.2,28.0,0.0,1020.4,0,9,246,1017.5,25.2,72.9,24.76666666666667,72.9,-1.0,-1.8369701987210297e-16,1017.5,25.2,72.9,24.76666666666667,1017.5
1707,1707,2019-09-04,23.7,19.8,28.3,0.0,1018.5,0,9,247,1020.4,23.8,0.0,24.233333333333338,72.9,-1.0,-1.8369701987210297e-16,1020.4,23.8,0.0,24.233333333333338,1018.8000000000001
1708,1708,2019-09-05,23.2,21.4,27.4,0.0,1017.3,1,9,248,1018.5,23.7,0.0,23.566666666666674,72.9,-1.0,-1.8369701987210297e-16,1018.5,23.7,0.0,23.566666666666674,1018.7333333333332
1709,1709,2019-09-06,22.5,19.5,26.6,11.3,1019.0,0,9,249,1017.3,23.2,0.0,23.13333333333334,84.2,-1.0,-1.8369701987210297e-16,1017.3,23.2,0.0,23.13333333333334,1018.2666666666665
1710,1710,2019-09-07,21.4,17.9,26.1,0.0,1019.6,1,9,250,1019.0,22.5,11.3,22.36666666666667,84.2,-1.0,-1.8369701987210297e-16,1019.0,22.5,11.3,22.36666666666667,1018.6333333333332
1711,1711,2019-09-08,21.8,17.8,26.6,2.4,1017.6,1,9,251,1019.6,21.4,0.0,21.900000000000006,86.60000000000001,-1.0,-1.8369701987210297e-16,1019.6,21.4,0.0,21.900000000000006,1018.7333333333335
1712,1712,2019-09-09,22.3,19.7,25.5,16.5,1015.6,1,9,252,1017.6,21.8,2.4,21.83333333333334,30.2,-1.0,-1.8369701987210297e-16,1017.6,21.8,2.4,21.83333333333334,1017.6
1713,1713,2019-09-10,17.8,15.2,25.0,41.2,1010.0,1,9,253,1015.6,22.3,16.5,20.63333333333334,71.4,-1.0,-1.8369701987210297e-16,1015.6,22.3,16.5,20.63333333333334,1014.4
1714,1714,2019-09-11,20.9,15.2,26.3,1.7,1017.8,0,9,254,1010.0,17.8,41.2,20.33333333333334,73.10000000000001,-1.0,-1.8369701987210297e-16,1010.0,17.8,41.2,20.33333333333334,1014.4666666666667
1715,1715,2019-09-12,22.4,18.5,28.1,0.0,1026.0,1,9,255,1017.8,20.9,1.7,20.36666666666667,73.10000000000001,-1.0,-1.8369701987210297e-16,1017.8,20.9,1.7,20.36666666666667,1017.9333333333334
1716,1716,2019-09-13,22.1,17.9,27.5,0.8,1026.9,0,9,256,1026.0,22.4,0.0,21.8,62.60000000000001,-1.0,-1.8369701987210297e-16,1026.0,22.4,0.0,21.8,1023.5666666666666
1717,1717,2019-09-14,23.6,20.2,28.1,0.0,1024.6,0,9,257,1026.9,22.1,0.8,22.700000000000006,62.60000000000001,-1.0,-1.8369701987210297e-16,1026.9,22.1,0.8,22.700000000000006,1025.8333333333333
1718,1718,2019-09-15,23.9,20.3,27.9,0.0,1022.2,0,9,258,1024.6,23.6,0.0,23.200000000000006,60.2,-1.0,-1.8369701987210297e-16,1024.6,23.6,0.0,23.200000000000006,1024.5666666666666
1719,1719,2019-09-16,23.1,20.3,27.4,0.0,1019.1,0,9,259,1022.2,23.9,0.0,23.533333333333342,43.7,-1.0,-1.8369701987210297e-16,1022.2,23.9,0.0,23.533333333333342,1021.9666666666667
1720,1720,2019-09-17,22.6,19.0,28.6,0.0,1016.3,0,9,260,1019.1,23.1,0.0,23.200000000000006,2.5,-1.0,-1.8369701987210297e-16,1019.1,23.1,0.0,23.200000000000006,1019.1999999999999
1733,1733,2019-09-30,22.4,19.9,26.4,0.0,1016.7,0,9,273,1016.6,22.5,0.0,22.533333333333335,0.0,-1.0,-1.8369701987210297e-16,1016.6,22.5,0.0,22.533333333333335,1017.8333333333334
1734,1734,2019-10-01,22.3,19.2,26.8,0.0,1011.2,0,10,274,1016.7,22.4,0.0,22.400000000000006,0.0,-0.8660254037844386,0.5000000000000001,1016.7,22.4,0.0,22.400000000000006,1014.8333333333334
1735,1735,2019-10-02,22.2,19.1,26.4,0.0,1012.2,0,10,275,1011.2,22.3,0.0,22.3,0.0,-0.8660254037844386,0.5000000000000001,1011.2,22.3,0.0,22.3,1013.3666666666668
1736,1736,2019-10-03,20.1,16.7,25.1,0.0,1015.8,0,10,276,1012.2,22.2,0.0,21.533333333333342,0.0,-0.8660254037844386,0.5000000000000001,1012.2,22.2,0.0,21.533333333333342,1013.0666666666666
1737,1737,2019-10-04,20.3,16.4,25.6,0.0,1015.9,0,10,277,1015.8,20.1,0.0,20.86666666666667,0.0,-0.8660254037844386,0.5000000000000001,1015.8,20.1,0.0,20.86666666666667,1014.6333333333333
1738,1738,2019-10-05,20.2,17.3,24.1,0.0,1015.9,0,10,278,1015.9,20.3,0.0,20.200000000000006,0.0,-0.8660254037844386,0.5000000000000001,1015.9,20.3,0.0,20.200000000000006,1015.8666666666667
1739,1739,2019-10-06,20.8,18.6,24.1,0.0,1017.0,0,10,279,1015.9,20.2,0.0,20.433333333333337,0.0,-0.8660254037844386,0.5000000000000001,1015.9,20.2,0.0,20.433333333333337,1016.2666666666668
1740,1740,2019-10-07,20.3,17.5,24.7,0.0,1015.8,0,10,280,1017.0,20.8,0.0,20.433333333333337,0.0,-0.8660254037844386,0.5000000000000001,1017.0,20.8,0.0,20.433333333333337,1016.2333333333332
1741,1741,2019-10-08,20.7,17.1,25.5,0.0,1018.6,1,10,281,1015.8,20.3,0.0,20.600000000000005,0.0,-0.8660254037844386,0.5000000000000001,1015.8,20.3,0.0,20.600000000000005,1017.1333333333332
1742,1742,2019-10-09,20.8,19.1,25.6,0.6,1017.8,0,10,282,1018.6,20.7,0.0,20.600000000000005,0.6,-0.8660254037844386,0.5000000000000001,1018.6,20.7,0.0,20.600000000000005,1017.4
1743,1743,2019-10-10,19.6,18.7,21.6,0.0,1021.9,0,10,283,1017.8,20.8,0.6,20.366666666666674,0.6,-0.8660254037844386,0.5000000000000001,1017.8,20.8,0.6,20.366666666666674,1019.4333333333334
1744,1744,2019-10-11,20.7,18.7,23.9,0.0,1021.3,0,10,284,1021.9,19.6,0.0,20.36666666666667,0.6,-0.8660254037844386,0.5000000000000001,1021.9,19.6,0.0,20.36666666666667,1020.3333333333334
1745,1745,2019-10-12,21.3,19.2,25.4,0.0,1019.8,0,10,285,1021.3,20.7,0.0,20.533333333333335,0.6,-0.8660254037844386,0.5000000000000001,1021.3,20.7,0.0,20.533333333333335,1021.0
1746,1746,2019-10-13,22.5,21.0,25.4,0.0,1018.0,1,10,286,1019.8,21.3,0.0,21.500000000000004,0.6,-0.8660254037844386,0.5000000000000001,1019.8,21.3,0.0,21.500000000000004,1019.6999999999999
1747,1747,2019-10-14,21.9,18.8,25.4,25.5,1014.3,0,10,287,1018.0,22.5,0.0,21.900000000000006,26.1,-0.8660254037844386,0.5000000000000001,1018.0,22.5,0.0,21.900000000000006,1017.3666666666667
1748,1748,2019-10-15,18.1,14.4,22.6,0.0,1014.5,0,10,288,1014.3,21.9,25.5,20.83333333333334,26.1,-0.8660254037844386,0.5000000000000001,1014.3,21.9,25.5,20.83333333333334,1015.5999999999999
1749,1749,2019-10-16,17.5,11.8,23.3,0.0,1018.0,0,10,289,1014.5,18.1,0.0,19.16666666666667,25.5,-0.8660254037844386,0.5000000000000001,1014.5,18.1,0.0,19.16666666666667,1015.5999999999999
1750,1750,2019-10-17,18.6,13.1,24.4,0.0,1016.1,0,10,290,1018.0,17.5,0.0,18.066666666666674,25.5,-0.8660254037844386,0.5000000000000001,1018.0,17.5,0.0,18.066666666666674,1016.2000000000002
1751,1751,2019-10-18,19.1,14.9,24.0,0.0,1014.8,1,10,291,1016.1,18.6,0.0,18.400000000000006,25.5,-0.8660254037844386,0.5000000000000001,1016.1,18.6,0.0,18.400000000000006,1016.3000000000001
1752,1752,2019-10-19,20.2,16.4,24.9,1.2,1009.5,0,10,292,1014.8,19.1,0.0,19.300000000000008,26.7,-0.8660254037844386,0.5000000000000001,1014.8,19.1,0.0,19.300000000000008,1013.4666666666667
1753,1753,2019-10-20,21.4,16.7,24.9,0.0,1007.8,1,10,293,1009.5,20.2,1.2,20.233333333333338,26.7,-0.8660254037844386,0.5000000000000001,1009.5,20.2,1.2,20.233333333333338,1010.6999999999999
1754,1754,2019-10-21,16.4,14.9,18.8,9.2,1016.7,1,10,294,1007.8,21.4,0.0,19.333333333333336,10.399999999999999,-0.8660254037844386,0.5000000000000001,1007.8,21.4,0.0,19.333333333333336,1011.3333333333334
1755,1755,2019-10-22,18.1,14.7,21.4,43.6,1011.9,1,10,295,1016.7,16.4,9.2,18.633333333333336,54.0,-0.8660254037844386,0.5000000000000001,1016.7,16.4,9.2,18.633333333333336,1012.1333333333333
1756,1756,2019-10-23,17.5,13.8,20.3,0.5,1006.7,0,10,296,1011.9,18.1,43.6,17.33333333333334,54.5,-0.8660254037844386,0.5000000000000001,1011.9,18.1,43.6,17.33333333333334,1011.7666666666668
1757,1757,2019-10-24,15.9,12.2,21.1,0.0,1014.0,0,10,297,1006.7,17.5,0.5,17.16666666666667,54.5,-0.8660254037844386,0.5000000000000001,1006.7,17.5,0.5,17.16666666666667,1010.8666666666667
1758,1758,2019-10-25,16.1,12.6,21.9,0.0,1021.1,0,10,298,1014.0,15.9,0.0,16.500000000000004,54.5,-0.8660254037844386,0.5000000000000001,1014.0,15.9,0.0,16.500000000000004,1013.9333333333334
1759,1759,2019-10-26,16.4,12.0,23.3,0.0,1021.8,0,10,299,1021.1,16.1,0.0,16.133333333333336,53.3,-0.8660254037844386,0.5000000000000001,1021.1,16.1,0.0,16.133333333333336,1018.9666666666667
1760,1760,2019-10-27,16.8,12.8,21.7,0.0,1021.4,0,10,300,1021.8,16.4,0.0,16.433333333333337,53.3,-0.8660254037844386,0.5000000000000001,1021.8,16.4,0.0,16.433333333333337,1021.4333333333334
1761,1761,2019-10-28,17.1,13.9,21.3,0.0,1017.7,0,10,301,1021.4,16.8,0.0,16.76666666666667,44.1,-0.8660254037844386,0.5000000000000001,1021.4,16.8,0.0,16.76666666666667,1020.3000000000001
1772,1772,2019-11-08,11.7,9.2,16.2,0.0,1007.8,1,11,312,1007.6,13.1,0.0,13.133333333333338,1.1999999999999997,-0.5000000000000004,0.8660254037844384,1007.6,13.1,0.0,13.133333333333338,1008.2666666666668
1773,1773,2019-11-09,12.1,7.4,17.5,5.6,1013.0,1,11,313,1007.8,11.7,0.0,12.300000000000004,6.199999999999999,-0.5000000000000004,0.8660254037844384,1007.8,11.7,0.0,12.300000000000004,1009.4666666666666
1774,1774,2019-11-10,11.6,7.9,16.4,0.2,1009.3,1,11,314,1013.0,12.1,5.6,11.800000000000004,5.8,-0.5000000000000004,0.8660254037844384,1013.0,12.1,5.6,11.800000000000004,1010.0333333333333
1775,1775,2019-11-11,10.3,6.6,16.6,0.2,1010.8,0,11,315,1009.3,11.6,0.2,11.333333333333337,6.0,-0.5000000000000004,0.8660254037844384,1009.3,11.6,0.2,11.333333333333337,1011.0333333333333
1776,1776,2019-11-12,12.7,8.6,18.9,0.0,1008.5,1,11,316,1010.8,10.3,0.2,11.533333333333337,6.0,-0.5000000000000004,0.8660254037844384,1010.8,10.3,0.2,11.533333333333337,1009.5333333333333
1777,1777,2019-11-13,10.6,8.4,15.1,4.7,1006.8,1,11,317,1008.5,12.7,0.0,11.200000000000005,10.7,-0.5000000000000004,0.8660254037844384,1008.5,12.7,0.0,11.200000000000005,1008.6999999999999
1778,1778,2019-11-14,9.8,5.1,16.2,5.0,1000.2,0,11,318,1006.8,10.6,4.7,11.033333333333339,15.7,-0.5000000000000004,0.8660254037844384,1006.8,10.6,4.7,11.033333333333339,1005.1666666666666
1779,1779,2019-11-15,8.3,5.1,14.1,0.0,1001.1,0,11,319,1000.2,9.8,5.0,9.566666666666672,15.7,-0.5000000000000004,0.8660254037844384,1000.2,9.8,5.0,9.566666666666672,1002.6999999999999
1780,1780,2019-11-16,8.5,5.3,14.7,0.0,1009.8,0,11,320,1001.1,8.3,0.0,8.866666666666672,10.100000000000001,-0.5000000000000004,0.8660254037844384,1001.1,8.3,0.0,8.866666666666672,1003.6999999999999
1781,1781,2019-11-17,9.2,4.4,15.4,0.0,1009.1,0,11,321,1009.8,8.5,0.0,8.666666666666671,9.900000000000002,-0.5000000000000004,0.8660254037844384,1009.8,8.5,0.0,8.666666666666671,1006.6666666666666
1782,1782,2019-11-18,10.3,7.4,15.9,0.0,1010.1,0,11,322,1009.1,9.2,0.0,9.333333333333337,9.7,-0.5000000000000004,0.8660254037844384,1009.1,9.2,0.0,9.333333333333337,1009.6666666666666
1783,1783,2019-11-19,8.2,5.0,14.2,0.0,1015.4,0,11,323,1010.1,10.3,0.0,9.233333333333336,9.7,-0.5000000000000004,0.8660254037844384,1010.1,10.3,0.0,9.233333333333336,1011.5333333333333
1784,1784,2019-11-20,7.8,3.2,14.1,0.0,1012.4,1,11,324,1015.4,8.2,0.0,8.766666666666671,5.0,-0.5000000000000004,0.8660254037844384,1015.4,8.2,0.0,8.766666666666671,1012.6333333333333
1785,1785,2019-11-21,10.3,6.8,17.0,0.3,1007.9,1,11,325,1012.4,7.8,0.0,8.766666666666671,0.3,-0.5000000000000004,0.8660254037844384,1012.4,7.8,0.0,8.766666666666671,1011.9
1786,1786,2019-11-22,12.3,7.8,17.2,8.3,1002.6,0,11,326,1007.9,10.3,0.3,10.133333333333338,8.600000000000001,-0.5000000000000004,0.8660254037844384,1007.9,10.3,0.3,10.133333333333338,1007.6333333333333
1787,1787,2019-11-23,13.9,11.6,17.0,0.0,993.1,0,11,327,1002.6,12.3,8.3,12.166666666666671,8.600000000000001,-0.5000000000000004,0.8660254037844384,1002.6,12.3,8.3,12.166666666666671,1001.1999999999999
1788,1788,2019-11-24,12.3,9.3,17.7,0.0,1006.8,0,11,328,993.1,13.9,0.0,12.833333333333337,8.600000000000001,-0.5000000000000004,0.8660254037844384,993.1,13.9,0.0,12.833333333333337,1000.8333333333334
1789,1789,2019-11-25,11.7,8.7,17.6,0.0,1011.3,0,11,329,1006.8,12.3,0.0,12.633333333333338,8.600000000000001,-0.5000000000000004,0.8660254037844384,1006.8,12.3,0.0,12.633333333333338,1003.7333333333332
1804,1804,2019-12-10,9.8,5.9,14.7,0.0,1023.3,1,12,344,1020.3,12.3,0.0,10.566666666666672,76.30000000000001,-2.4492935982947064e-16,1.0,1020.3,12.3,0.0,10.566666666666672,1021.8666666666667
1805,1805,2019-12-11,9.3,6.1,15.3,0.2,1018.1,0,12,345,1023.3,9.8,0.0,10.46666666666667,7.6000000000000005,-2.4492935982947064e-16,1.0,1023.3,9.8,0.0,10.46666666666667,1020.5666666666666
1806,1806,2019-12-12,11.5,9.1,14.5,0.0,1012.1,0,12,346,1018.1,9.3,0.2,10.200000000000005,0.2,-2.4492935982947064e-16,1.0,1018.1,9.3,0.2,10.200000000000005,1017.8333333333334
1807,1807,2019-12-13,16.8,12.2,21.0,0.0,1001.8,0,12,347,1012.1,11.5,0.0,12.533333333333339,0.2,-2.4492935982947064e-16,1.0,1012.1,11.5,0.0,12.533333333333339,1010.6666666666666
1808,1808,2019-12-14,16.2,10.8,20.6,0.0,1011.5,0,12,348,1001.8,16.8,0.0,14.833333333333337,0.2,-2.4492935982947064e-16,1.0,1001.8,16.8,0.0,14.833333333333337,1008.4666666666667
1809,1809,2019-12-15,12.1,7.7,17.4,0.0,1013.2,0,12,349,1011.5,16.2,0.0,15.033333333333339,0.2,-2.4492935982947064e-16,1.0,1011.5,16.2,0.0,15.033333333333339,1008.8333333333334
1810,1810,2019-12-16,11.1,8.2,15.1,0.0,1010.3,0,12,350,1013.2,12.1,0.0,13.133333333333338,0.2,-2.4492935982947064e-16,1.0,1013.2,12.1,0.0,13.133333333333338,1011.6666666666666
1811,1811,2019-12-17,13.9,11.8,17.0,0.0,1007.5,0,12,351,1010.3,11.1,0.0,12.366666666666672,0.2,-2.4492935982947064e-16,1.0,1010.3,11.1,0.0,12.366666666666672,1010.3333333333334
1812,1812,2019-12-18,13.6,11.4,18.0,0.0,1015.8,1,12,352,1007.5,13.9,0.0,12.866666666666669,0.0,-2.4492935982947064e-16,1.0,1007.5,13.9,0.0,12.866666666666669,1011.1999999999999
1813,1813,2019-12-19,12.0,8.9,16.2,7.4,1015.1,1,12,353,1015.8,13.6,0.0,13.166666666666671,7.4,-2.4492935982947064e-16,1.0,1015.8,13.6,0.0,13.166666666666671,1012.8000000000001
1814,1814,2019-12-20,14.9,12.9,17.0,6.2,1001.3,1,12,354,1015.1,12.0,7.4,13.500000000000005,13.600000000000001,-2.4492935982947064e-16,1.0,1015.1,12.0,7.4,13.500000000000005,1010.7333333333332
1815,1815,2019-12-21,15.7,13.2,19.1,0.3,999.1,0,12,355,1001.3,14.9,6.2,14.200000000000005,13.9,-2.4492935982947064e-16,1.0,1001.3,14.9,6.2,14.200000000000005,1005.1666666666666
1816,1816,2019-12-22,16.7,13.4,19.2,0.0,1006.2,0,12,356,999.1,15.7,0.3,15.766666666666671,13.9,-2.4492935982947064e-16,1.0,999.1,15.7,0.3,15.766666666666671,1002.2000000000002
1817,1817,2019-12-23,13.3,8.5,17.6,0.0,1021.4,0,12,357,1006.2,16.7,0.0,15.23333333333334,13.9,-2.4492935982947064e-16,1.0,1006.2,16.7,0.0,15.23333333333334,1008.9
1818,1818,2019-12-24,11.7,7.4,18.2,0.0,1025.4,0,12,358,1021.4,13.3,0.0,13.900000000000004,13.9,-2.4492935982947064e-16,1.0,1021.4,13.3,0.0,13.900000000000004,1017.6666666666666
1819,1819,2019-12-25,12.2,8.8,18.0,0.0,1023.8,0,12,359,1025.4,11.7,0.0,12.400000000000006,13.9,-2.4492935982947064e-16,1.0,1025.4,11.7,0.0,12.400000000000006,1023.5333333333333
1820,1820,2019-12-26,11.9,9.4,17.1,0.0,1024.3,0,12,360,1023.8,12.2,0.0,11.933333333333337,6.5,-2.4492935982947064e-16,1.0,1023.8,12.2,0.0,11.933333333333337,1024.5
1821,1821,2019-12-27,10.1,6.9,15.3,0.0,1028.7,0,12,361,1024.3,11.9,0.0,11.400000000000006,0.3,-2.4492935982947064e-16,1.0,1024.3,11.9,0.0,11.400000000000006,1025.6
1822,1822,2019-12-28,9.1,4.8,15.7,0.0,1030.4,0,12,362,1028.7,10.1,0.0,10.366666666666672,0.0,-2.4492935982947064e-16,1.0,1028.7,10.1,0.0,10.366666666666672,1027.8
1823,1823,2019-12-29,10.4,8.2,14.6,0.0,1032.3,0,12,363,1030.4,9.1,0.0,9.866666666666672,0.0,-2.4492935982947064e-16,1.0,1030.4,9.1,0.0,9.866666666666672,1030.4666666666665
1824,1824,2019-12-30,10.5,7.0,14.9,0.0,1032.8,0,12,364,1032.3,10.4,0.0,10.000000000000005,0.0,-2.4492935982947064e-16,1.0,1032.3,10.4,0.0,10.000000000000005,1031.8333333333333
1825,1825,2019-12-31,8.8,6.3,14.8,0.0,1032.7,0,12,365,1032.8,10.5,0.0,9.900000000000004,0.0,-2.4492935982947064e-16,1.0,1032.8,10.5,0.0,9.900000000000004,1032.5999999999997
1826,1826,2020-01-01,7.9,4.9,13.4,0.0,1032.1,0,1,1,1032.7,8.8,0.0,9.066666666666672,0.0,0.49999999999999994,0.8660254037844387,1032.7,8.8,0.0,9.066666666666672,1032.533333333333
1827,1827,2020-01-02,7.8,4.1,14.7,0.0,1031.8,0,1,2,1032.1,7.9,0.0,8.166666666666671,0.0,0.49999999999999994,0.8660254037844387,1032.1,7.9,0.0,8.166666666666671,1032.1999999999998
1828,1828,2020-01-03,7.1,4.5,11.0,0.0,1030.9,0,1,3,1031.8,7.8,0.0,7.600000000000005,0.0,0.49999999999999994,0.8660254037844387,1031.8,7.8,0.0,7.600000000000005,1031.6
1829,1829,2020-01-04,7.9,3.9,14.8,0.0,1031.4,0,1,4,1030.9,7.1,0.0,7.600000000000005,0.0,0.49999999999999994,0.8660254037844387,1030.9,7.1,0.0,7.600000000000005,1031.3666666666666
1830,1830,2020-01-05,8.5,4.9,15.1,0.0,1028.6,0,1,5,1031.4,7.9,0.0,7.833333333333338,0.0,0.49999999999999994,0.8660254037844387,1031.4,7.9,0.0,7.833333333333338,1030.3
1831,1831,2020-01-06,8.3,4.1,16.0,0.0,1029.4,0,1,6,1028.6,8.5,0.0,8.23333333333334,0.0,0.49999999999999994,0.8660254037844387,1028.6,8.5,0.0,8.23333333333334,1029.8
1832,1832,2020-01-07,8.2,4.6,15.3,0.0,1029.8,0,1,7,1029.4,8.3,0.0,8.333333333333337,0.0,0.49999999999999994,0.8660254037844387,1029.4,8.3,0.0,8.333333333333337,1029.2666666666667
1833,1833,2020-01-08,9.1,4.7,16.7,0.0,1030.2,1,1,8,1029.8,8.2,0.0,8.533333333333339,0.0,0.49999999999999994,0.8660254037844387,1029.8,8.2,0.0,8.533333333333339,1029.8
1834,1834,2020-01-09,9.5,5.7,14.7,4.9,1027.5,1,1,9,1030.2,9.1,0.0,8.933333333333337,4.9,0.49999999999999994,0.8660254037844387,1030.2,9.1,0.0,8.933333333333337,1029.1666666666667
1835,1835,2020-01-10,9.3,6.8,12.5,16.2,1025.7,0,1,10,1027.5,9.5,4.9,9.300000000000004,21.1,0.49999999999999994,0.8660254037844387,1027.5,9.5,4.9,9.300000000000004,1027.8
1836,1836,2020-01-11,7.2,4.2,12.3,0.0,1030.1,0,1,11,1025.7,9.3,16.2,8.666666666666671,21.099999999999998,0.49999999999999994,0.8660254037844387,1025.7,9.3,16.2,8.666666666666671,1027.7666666666667
1837,1837,2020-01-12,6.4,2.4,14.7,0.0,1029.9,0,1,12,1030.1,7.2,0.0,7.633333333333337,21.099999999999998,0.49999999999999994,0.8660254037844387,1030.1,7.2,0.0,7.633333333333337,1028.5666666666666
1838,1838,2020-01-13,7.2,2.9,12.9,0.0,1025.0,0,1,13,1029.9,6.4,0.0,6.933333333333338,21.099999999999998,0.49999999999999994,0.8660254037844387,1029.9,6.4,0.0,6.933333333333338,1028.3333333333333
1839,1839,2020-01-14,7.8,2.7,14.4,0.0,1022.0,0,1,14,1025.0,7.2,0.0,7.133333333333339,21.099999999999998,0.49999999999999994,0.8660254037844387,1025.0,7.2,0.0,7.133333333333339,1025.6333333333332
1840,1840,2020-01-15,7.8,3.2,14.3,0.0,1024.4,0,1,15,1022.0,7.8,0.0,7.600000000000004,21.099999999999998,0.49999999999999994,0.8660254037844387,1022.0,7.8,0.0,7.600000000000004,1023.7999999999998
1841,1841,2020-01-16,9.0,4.8,14.8,0.0,1027.7,0,1,16,1024.4,7.8,0.0,8.200000000000005,16.199999999999996,0.49999999999999994,0.8660254037844387,1024.4,7.8,0.0,8.200000000000005,1024.7
1842,1842,2020-01-17,12.3,6.9,19.0,0.0,1026.2,1,1,17,1027.7,9.0,0.0,9.700000000000005,0.0,0.49999999999999994,0.8660254037844387,1027.7,9.0,0.0,9.700000000000005,1026.1000000000001
1843,1843,2020-01-18,9.9,7.2,14.7,0.2,1027.1,0,1,18,1026.2,12.3,0.0,10.400000000000006,0.2,0.49999999999999994,0.8660254037844387,1026.2,12.3,0.0,10.400000000000006,1027.0
1844,1844,2020-01-19,10.7,9.3,12.5,0.0,1020.5,1,1,19,1027.1,9.9,0.2,10.966666666666674,0.2,0.49999999999999994,0.8660254037844387,1027.1,9.9,0.2,10.966666666666674,1024.6000000000001
1845,1845,2020-01-20,9.7,7.3,11.4,54.1,1024.9,1,1,20,1020.5,10.7,0.0,10.100000000000003,54.300000000000004,0.49999999999999994,0.8660254037844387,1020.5,10.7,0.0,10.100000000000003,1024.1666666666667
1846,1846,2020-01-21,10.4,7.6,12.8,87.9,1023.4,1,1,21,1024.9,9.7,54.1,10.266666666666671,142.20000000000002,0.49999999999999994,0.8660254037844387,1024.9,9.7,54.1,10.266666666666671,1022.9333333333333
1847,1847,2020-01-22,12.6,10.0,14.9,10.4,1020.8,1,1,22,1023.4,10.4,87.9,10.900000000000006,152.60000000000002,0.49999999999999994,0.8660254037844387,1023.4,10.4,87.9,10.900000000000006,1023.0333333333333
1848,1848,2020-01-23,12.2,8.5,14.7,0.1,1020.9,0,1,23,1020.8,12.6,10.4,11.73333333333334,152.70000000000002,0.49999999999999994,0.8660254037844387,1020.8,12.6,10.4,11.73333333333334,1021.6999999999998
1849,1849,2020-01-24,9.7,6.2,15.4,0.0,1022.1,0,1,24,1020.9,12.2,0.1,11.500000000000005,152.70000000000002,0.49999999999999994,0.8660254037844387,1020.9,12.2,0.1,11.500000000000005,1021.2666666666665
1850,1850,2020-01-25,10.7,7.8,14.3,0.0,1020.5,0,1,25,1022.1,9.7,0.0,10.866666666666669,152.50000000000003,0.49999999999999994,0.8660254037844387,1022.1,9.7,0.0,10.866666666666669,1021.1666666666666
1851,1851,2020-01-26,11.4,8.2,17.4,0.0,1019.9,0,1,26,1020.5,10.7,0.0,10.600000000000003,152.50000000000003,0.49999999999999994,0.8660254037844387,1020.5,10.7,0.0,10.600000000000003,1020.8333333333334
1852,1852,2020-01-27,10.4,6.1,15.4,0.0,1020.7,0,1,27,1019.9,11.4,0.0,10.833333333333337,98.4,0.49999999999999994,0.8660254037844387,1019.9,11.4,0.0,10.833333333333337,1020.3666666666667
1853,1853,2020-01-28,13.6,10.1,17.7,0.0,1017.7,0,1,28,1020.7,10.4,0.0,11.800000000000004,10.5,0.49999999999999994,0.8660254037844387,1020.7,10.4,0.0,11.800000000000004,1019.4333333333334
1854,1854,2020-01-29,11.2,8.2,16.4,0.0,1021.0,0,1,29,1017.7,13.6,0.0,11.73333333333334,0.1,0.49999999999999994,0.8660254037844387,1017.7,13.6,0.0,11.73333333333334,1019.7999999999998
1855,1855,2020-01-30,12.3,8.7,18.8,0.0,1020.4,0,1,30,1021.0,11.2,0.0,12.366666666666672,0.0,0.49999999999999994,0.8660254037844387,1021.0,11.2,0.0,12.366666666666672,1019.6999999999999
1856,1856,2020-01-31,13.1,10.5,19.2,0.0,1020.9,0,1,31,1020.4,12.3,0.0,12.200000000000003,0.0,0.49999999999999994,0.8660254037844387,1020.4,12.3,0.0,12.200000000000003,1020.7666666666665
1857,1857,2020-02-01,13.4,8.9,21.4,0.0,1021.2,0,2,32,1020.9,13.1,0.0,12.933333333333339,0.0,0.8660254037844386,0.5000000000000001,1020.9,13.1,0.0,12.933333333333339,1020.8333333333334
1858,1858,2020-02-02,14.6,10.0,20.7,0.0,1025.9,0,2,33,1021.2,13.4,0.0,13.700000000000003,0.0,0.8660254037844386,0.5000000000000001,1021.2,13.4,0.0,13.700000000000003,1022.6666666666666
1859,1859,2020-02-03,15.4,11.7,21.5,0.0,1026.4,0,2,34,1025.9,14.6,0.0,14.46666666666667,0.0,0.8660254037844386,0.5000000000000001,1025.9,14.6,0.0,14.46666666666667,1024.5
1860,1860,2020-02-04,14.7,10.3,21.3,0.0,1022.5,0,2,35,1026.4,15.4,0.0,14.900000000000006,0.0,0.8660254037844386,0.5000000000000001,1026.4,15.4,0.0,14.900000000000006,1024.9333333333334
1861,1861,2020-02-05,10.4,7.0,14.8,0.0,1028.6,0,2,36,1022.5,14.7,0.0,13.500000000000005,0.0,0.8660254037844386,0.5000000000000001,1022.5,14.7,0.0,13.500000000000005,1025.8333333333333
1862,1862,2020-02-06,9.5,4.8,14.8,0.0,1027.6,0,2,37,1028.6,10.4,0.0,11.533333333333339,0.0,0.8660254037844386,0.5000000000000001,1028.6,10.4,0.0,11.533333333333339,1026.2333333333331
1863,1863,2020-02-07,9.9,6.5,14.7,0.0,1025.4,0,2,38,1027.6,9.5,0.0,9.933333333333337,0.0,0.8660254037844386,0.5000000000000001,1027.6,9.5,0.0,9.933333333333337,1027.2
1864,1864,2020-02-08,10.3,6.7,14.1,0.0,1025.2,0,2,39,1025.4,9.9,0.0,9.900000000000006,0.0,0.8660254037844386,0.5000000000000001,1025.4,9.9,0.0,9.900000000000006,1026.0666666666666
1865,1865,2020-02-09,11.1,7.2,15.1,0.0,1028.6,0,2,40,1025.2,10.3,0.0,10.433333333333339,0.0,0.8660254037844386,0.5000000000000001,1025.2,10.3,0.0,10.433333333333339,1026.3999999999999
1866,1866,2020-02-10,14.6,11.2,21.6,0.0,1026.4,0,2,41,1028.6,11.1,0.0,12.000000000000005,0.0,0.8660254037844386,0.5000000000000001,1028.6,11.1,0.0,12.000000000000005,1026.7333333333333
1867,1867,2020-02-11,13.7,10.7,17.3,0.0,1023.9,0,2,42,1026.4,14.6,0.0,13.133333333333338,0.0,0.8660254037844386,0.5000000000000001,1026.4,14.6,0.0,13.133333333333338,1026.3
1868,1868,2020-02-12,12.3,11.4,13.5,0.0,1025.1,0,2,43,1023.9,13.7,0.0,13.533333333333339,0.0,0.8660254037844386,0.5000000000000001,1023.9,13.7,0.0,13.533333333333339,1025.1333333333332
1869,1869,2020-02-13,12.8,9.5,16.3,0.0,1021.4,0,2,44,1025.1,12.3,0.0,12.933333333333337,0.0,0.8660254037844386,0.5000000000000001,1025.1,12.3,0.0,12.933333333333337,1023.4666666666666
1870,1870,2020-02-14,12.1,9.2,16.2,0.0,1024.7,0,2,45,1021.4,12.8,0.0,12.400000000000006,0.0,0.8660254037844386,0.5000000000000001,1021.4,12.8,0.0,12.400000000000006,1023.7333333333331
1871,1871,2020-02-15,12.3,9.9,15.6,0.0,1026.2,0,2,46,1024.7,12.1,0.0,12.400000000000006,0.0,0.8660254037844386,0.5000000000000001,1024.7,12.1,0.0,12.400000000000006,1024.0999999999997
1872,1872,2020-02-16,13.8,13.2,15.8,0.0,1026.3,1,2,47,1026.2,12.3,0.0,12.73333333333334,0.0,0.8660254037844386,0.5000000000000001,1026.2,12.3,0.0,12.73333333333334,1025.7333333333331
1873,1873,2020-02-17,13.9,13.3,15.9,1.1,1025.2,0,2,48,1026.3,13.8,0.0,13.333333333333337,1.1,0.8660254037844386,0.5000000000000001,1026.3,13.8,0.0,13.333333333333337,1025.8999999999999
1874,1874,2020-02-18,11.7,7.9,15.1,0.0,1031.1,0,2,49,1025.2,13.9,1.1,13.133333333333338,1.1,0.8660254037844386,0.5000000000000001,1025.2,13.9,1.1,13.133333333333338,1027.533333333333
1875,1875,2020-02-19,9.9,6.8,16.7,0.0,1030.7,0,2,50,1031.1,11.7,0.0,11.833333333333337,1.1,0.8660254037844386,0.5000000000000001,1031.1,11.7,0.0,11.833333333333337,1028.9999999999998
1876,1876,2020-02-20,10.2,5.2,15.6,0.0,1026.1,0,2,51,1030.7,9.9,0.0,10.600000000000005,1.1,0.8660254037844386,0.5000000000000001,1030.7,9.9,0.0,10.600000000000005,1029.2999999999997
1877,1877,2020-02-21,11.3,6.8,17.0,0.0,1029.1,0,2,52,1026.1,10.2,0.0,10.466666666666672,1.1,0.8660254037844386,0.5000000000000001,1026.1,10.2,0.0,10.466666666666672,1028.633333333333
1878,1878,2020-02-22,11.5,7.5,16.4,0.0,1031.9,0,2,53,1029.1,11.3,0.0,11.000000000000005,1.1,0.8660254037844386,0.5000000000000001,1029.1,11.3,0.0,11.000000000000005,1029.033333333333
1879,1879,2020-02-23,12.3,8.2,17.6,0.0,1031.9,0,2,54,1031.9,11.5,0.0,11.700000000000005,1.1,0.8660254037844386,0.5000000000000001,1031.9,11.5,0.0,11.700000000000005,1030.9666666666665
1880,1880,2020-02-24,12.9,8.8,18.4,0.0,1025.1,0,2,55,1031.9,12.3,0.0,12.23333333333334,0.0,0.8660254037844386,0.5000000000000001,1031.9,12.3,0.0,12.23333333333334,1029.6333333333332
1881,1881,2020-02-25,11.8,8.2,16.1,0.0,1016.2,0,2,56,1025.1,12.9,0.0,12.333333333333337,0.0,0.8660254037844386,0.5000000000000001,1025.1,12.9,0.0,12.333333333333337,1024.3999999999999
1882,1882,2020-02-26,13.5,9.1,19.8,0.0,1014.8,0,2,57,1016.2,11.8,0.0,12.73333333333334,0.0,0.8660254037844386,0.5000000000000001,1016.2,11.8,0.0,12.73333333333334,1018.6999999999998
1883,1883,2020-02-27,14.4,9.1,19.7,0.0,1016.5,0,2,58,1014.8,13.5,0.0,13.23333333333334,0.0,0.8660254037844386,0.5000000000000001,1014.8,13.5,0.0,13.23333333333334,1015.8333333333331
1884,1884,2020-02-28,13.4,10.5,16.4,0.0,1020.4,0,2,59,1016.5,14.4,0.0,13.766666666666671,0.0,0.8660254037844386,0.5000000000000001,1016.5,14.4,0.0,13.766666666666671,1017.2333333333331
1885,1885,2020-02-29,13.8,11.2,17.0,0.0,1011.8,1,2,60,1020.4,13.4,0.0,13.866666666666672,0.0,0.8660254037844386,0.5000000000000001,1020.4,13.4,0.0,13.866666666666672,1016.2333333333331
1886,1886,2020-03-01,15.6,13.0,20.9,0.9,1009.3,1,3,61,1011.8,13.8,0.0,14.266666666666671,0.9,1.0,6.123233995736766e-17,1011.8,13.8,0.0,14.266666666666671,1013.8333333333331
1887,1887,2020-03-02,14.9,9.7,19.1,1.4,1000.1,0,3,62,1009.3,15.6,0.9,14.766666666666673,2.3,1.0,6.123233995736766e-17,1009.3,15.6,0.9,14.766666666666673,1007.0666666666665
1888,1888,2020-03-03,12.4,8.2,18.0,0.0,1009.6,0,3,63,1000.1,14.9,1.4,14.300000000000004,2.3,1.0,6.123233995736766e-17,1000.1,14.9,1.4,14.300000000000004,1006.3333333333331
1889,1889,2020-03-04,12.7,9.8,18.0,0.0,1015.4,0,3,64,1009.6,12.4,0.0,13.333333333333337,2.3,1.0,6.123233995736766e-17,1009.6,12.4,0.0,13.333333333333337,1008.3666666666664
1890,1890,2020-03-05,14.7,9.8,20.0,0.0,1007.6,0,3,65,1015.4,12.7,0.0,13.266666666666671,2.3,1.0,6.123233995736766e-17,1015.4,12.7,0.0,13.266666666666671,1010.8666666666664
1891,1891,2020-03-06,12.3,8.3,17.9,0.0,1008.9,0,3,66,1007.6,14.7,0.0,13.23333333333334,2.3,1.0,6.123233995736766e-17,1007.6,14.7,0.0,13.23333333333334,1010.6333333333332
1892,1892,2020-03-07,11.9,6.3,18.8,0.0,1018.8,0,3,67,1008.9,12.3,0.0,12.96666666666667,2.3,1.0,6.123233995736766e-17,1008.9,12.3,0.0,12.96666666666667,1011.7666666666664
1893,1893,2020-03-08,12.6,8.2,17.0,0.0,1022.4,0,3,68,1018.8,11.9,0.0,12.266666666666671,1.4,1.0,6.123233995736766e-17,1018.8,11.9,0.0,12.266666666666671,1016.6999999999998
1894,1894,2020-03-09,13.0,9.1,21.1,0.0,1019.5,0,3,69,1022.4,12.6,0.0,12.500000000000005,0.0,1.0,6.123233995736766e-17,1022.4,12.6,0.0,12.500000000000005,1020.2333333333331
1895,1895,2020-03-10,12.5,9.3,15.9,0.0,1023.8,0,3,70,1019.5,13.0,0.0,12.700000000000005,0.0,1.0,6.123233995736766e-17,1019.5,13.0,0.0,12.700000000000005,1021.8999999999997
1896,1896,2020-03-11,12.6,8.7,16.8,0.0,1023.1,0,3,71,1023.8,12.5,0.0,12.700000000000005,0.0,1.0,6.123233995736766e-17,1023.8,12.5,0.0,12.700000000000005,1022.1333333333332
1897,1897,2020-03-12,12.7,10.4,17.0,0.0,1020.6,0,3,72,1023.1,12.6,0.0,12.600000000000003,0.0,1.0,6.123233995736766e-17,1023.1,12.6,0.0,12.600000000000003,1022.4999999999999
1898,1898,2020-03-13,13.7,10.2,17.5,0.0,1019.5,0,3,73,1020.6,12.7,0.0,13.000000000000005,0.0,1.0,6.123233995736766e-17,1020.6,12.7,0.0,13.000000000000005,1021.0666666666666
1899,1899,2020-03-14,14.2,10.2,18.4,0.0,1019.9,0,3,74,1019.5,13.7,0.0,13.533333333333337,0.0,1.0,6.123233995736766e-17,1019.5,13.7,0.0,13.533333333333337,1019.9999999999999
1900,1900,2020-03-15,12.7,8.9,17.3,0.0,1018.9,1,3,75,1019.9,14.2,0.0,13.533333333333339,0.0,1.0,6.123233995736766e-17,1019.9,14.2,0.0,13.533333333333339,1019.4333333333333
1901,1901,2020-03-16,13.7,13.4,15.2,18.3,1017.3,0,3,76,1018.9,12.7,0.0,13.533333333333337,18.3,1.0,6.123233995736766e-17,1018.9,12.7,0.0,13.533333333333337,1018.6999999999998
1902,1902,2020-03-17,14.8,12.9,17.4,0.0,1027.0,0,3,77,1017.3,13.7,18.3,13.73333333333334,18.3,1.0,6.123233995736766e-17,1017.3,13.7,18.3,13.73333333333334,1021.0666666666665
1903,1903,2020-03-18,12.8,9.4,17.5,0.0,1027.6,0,3,78,1027.0,14.8,0.0,13.766666666666671,18.3,1.0,6.123233995736766e-17,1027.0,14.8,0.0,13.766666666666671,1023.9666666666664
1904,1904,2020-03-19,11.6,8.2,15.8,0.0,1024.0,0,3,79,1027.6,12.8,0.0,13.066666666666672,18.3,1.0,6.123233995736766e-17,1027.6,12.8,0.0,13.066666666666672,1026.1999999999998
1905,1905,2020-03-20,12.0,8.5,16.5,0.0,1020.3,0,3,80,1024.0,11.6,0.0,12.133333333333338,18.3,1.0,6.123233995736766e-17,1024.0,11.6,0.0,12.133333333333338,1023.9666666666666
1906,1906,2020-03-21,12.0,7.2,17.1,0.0,1014.9,1,3,81,1020.3,12.0,0.0,11.866666666666672,18.3,1.0,6.123233995736766e-17,1020.3,12.0,0.0,11.866666666666672,1019.7333333333331
1907,1907,2020-03-22,13.1,9.8,16.9,4.2,1013.9,1,3,82,1014.9,12.0,0.0,12.366666666666672,22.5,1.0,6.123233995736766e-17,1014.9,12.0,0.0,12.366666666666672,1016.3666666666664
1908,1908,2020-03-23,13.5,11.6,16.4,20.4,1018.8,0,3,83,1013.9,13.1,4.2,12.866666666666672,24.599999999999998,1.0,6.123233995736766e-17,1013.9,13.1,4.2,12.866666666666672,1015.8666666666664
1909,1909,2020-03-24,12.5,10.8,15.1,0.0,1020.3,0,3,84,1018.8,13.5,20.4,13.033333333333339,24.599999999999998,1.0,6.123233995736766e-17,1018.8,13.5,20.4,13.033333333333339,1017.6666666666664
1910,1910,2020-03-25,10.1,5.9,13.6,0.0,1017.3,0,3,85,1020.3,12.5,0.0,12.033333333333337,24.599999999999998,1.0,6.123233995736766e-17,1020.3,12.5,0.0,12.033333333333337,1018.7999999999998
1911,1911,2020-03-26,8.4,5.0,13.0,0.0,1010.5,1,3,86,1017.3,10.1,0.0,10.333333333333337,24.599999999999998,1.0,6.123233995736766e-17,1017.3,10.1,0.0,10.333333333333337,1016.0333333333332
1912,1912,2020-03-27,9.5,3.7,16.2,0.1,1014.3,0,3,87,1010.5,8.4,0.0,9.333333333333337,24.7,1.0,6.123233995736766e-17,1010.5,8.4,0.0,9.333333333333337,1014.0333333333332
1913,1913,2020-03-28,13.0,10.0,17.4,0.0,1017.1,0,3,88,1014.3,9.5,0.1,10.300000000000004,24.7,1.0,6.123233995736766e-17,1014.3,9.5,0.1,10.300000000000004,1013.9666666666666
1921,1921,2020-04-05,12.2,7.6,17.4,0.0,1021.3,0,4,96,1020.0,12.2,0.0,12.233333333333336,25.599999999999998,0.8660254037844387,-0.4999999999999998,1020.0,12.2,0.0,12.233333333333336,1018.9999999999999
1922,1922,2020-04-06,12.9,8.8,17.5,0.0,1023.9,0,4,97,1021.3,12.2,0.0,12.433333333333337,19.6,0.8660254037844387,-0.4999999999999998,1021.3,12.2,0.0,12.433333333333337,1021.7333333333331
1923,1923,2020-04-07,14.1,11.3,18.3,0.0,1026.8,0,4,98,1023.9,12.9,0.0,13.06666666666667,16.4,0.8660254037844387,-0.4999999999999998,1023.9,12.9,0.0,13.06666666666667,1023.9999999999999
1924,1924,2020-04-08,15.0,11.2,19.2,0.0,1025.6,0,4,99,1026.8,14.1,0.0,14.000000000000005,0.0,0.8660254037844387,-0.4999999999999998,1026.8,14.1,0.0,14.000000000000005,1025.4333333333332
1925,1925,2020-04-09,14.4,11.0,18.2,0.0,1023.0,0,4,100,1025.6,15.0,0.0,14.500000000000005,0.0,0.8660254037844387,-0.4999999999999998,1025.6,15.0,0.0,14.500000000000005,1025.1333333333332
1926,1926,2020-04-10,14.5,10.1,20.4,0.0,1022.7,0,4,101,1023.0,14.4,0.0,14.633333333333338,0.0,0.8660254037844387,-0.4999999999999998,1023.0,14.4,0.0,14.633333333333338,1023.7666666666664
1927,1927,2020-04-11,14.6,10.4,19.4,0.0,1022.9,1,4,102,1022.7,14.5,0.0,14.500000000000005,0.0,0.8660254037844387,-0.4999999999999998,1022.7,14.5,0.0,14.500000000000005,1022.8666666666664
1928,1928,2020-04-12,15.4,11.2,19.9,14.1,1019.8,1,4,103,1022.9,14.6,0.0,14.833333333333337,14.1,0.8660254037844387,-0.4999999999999998,1022.9,14.6,0.0,14.833333333333337,1021.7999999999998
1929,1929,2020-04-13,13.5,12.0,15.6,18.0,1010.5,0,4,104,1019.8,15.4,14.1,14.500000000000005,32.1,0.8660254037844387,-0.4999999999999998,1019.8,15.4,14.1,14.500000000000005,1017.7333333333331
1930,1930,2020-04-14,14.9,12.3,18.5,0.0,1013.5,0,4,105,1010.5,13.5,18.0,14.600000000000003,32.1,0.8660254037844387,-0.4999999999999998,1010.5,13.5,18.0,14.600000000000003,1014.5999999999998
1931,1931,2020-04-15,14.9,11.1,18.6,0.0,1017.9,0,4,106,1013.5,14.9,0.0,14.433333333333337,32.1,0.8660254037844387,-0.4999999999999998,1013.5,14.9,0.0,14.433333333333337,1013.9666666666666
1932,1932,2020-04-16,16.3,15.3,19.4,0.0,1019.3,0,4,107,1017.9,14.9,0.0,15.366666666666672,32.1,0.8660254037844387,-0.4999999999999998,1017.9,14.9,0.0,15.366666666666672,1016.9
1933,1933,2020-04-17,15.9,14.1,18.5,0.0,1017.7,1,4,108,1019.3,16.3,0.0,15.700000000000005,32.1,0.8660254037844387,-0.4999999999999998,1019.3,16.3,0.0,15.700000000000005,1018.2999999999998
1934,1934,2020-04-18,16.6,14.7,19.6,12.1,1016.3,1,4,109,1017.7,15.9,0.0,16.266666666666673,44.2,0.8660254037844387,-0.4999999999999998,1017.7,15.9,0.0,16.266666666666673,1017.7666666666664
1935,1935,2020-04-19,15.9,15.4,16.4,78.5,1010.5,1,4,110,1016.3,16.6,12.1,16.133333333333336,108.6,0.8660254037844387,-0.4999999999999998,1016.3,16.6,12.1,16.133333333333336,1014.8333333333331
1936,1936,2020-04-20,15.6,15.4,18.1,47.7,1005.7,1,4,111,1010.5,15.9,78.5,16.03333333333334,138.3,0.8660254037844387,-0.4999999999999998,1010.5,15.9,78.5,16.03333333333334,1010.8333333333331
1937,1937,2020-04-21,14.9,13.8,15.6,73.3,1004.4,0,4,112,1005.7,15.6,47.7,15.46666666666667,211.6,0.8660254037844387,-0.4999999999999998,1005.7,15.6,47.7,15.46666666666667,1006.8666666666664
1938,1938,2020-04-22,15.2,14.0,18.4,0.0,1012.6,0,4,113,1004.4,14.9,73.3,15.23333333333334,211.6,0.8660254037844387,-0.4999999999999998,1004.4,14.9,73.3,15.23333333333334,1007.5666666666666
1939,1939,2020-04-23,16.4,13.4,20.8,0.0,1019.1,0,4,114,1012.6,15.2,0.0,15.500000000000005,211.6,0.8660254037844387,-0.4999999999999998,1012.6,15.2,0.0,15.500000000000005,1012.0333333333332
1940,1940,2020-04-24,16.2,13.5,19.8,0.0,1016.1,0,4,115,1019.1,16.4,0.0,15.933333333333337,211.6,0.8660254037844387,-0.4999999999999998,1019.1,16.4,0.0,15.933333333333337,1015.933333333333
1941,1941,2020-04-25,15.8,11.6,20.5,0.0,1011.1,0,4,116,1016.1,16.2,0.0,16.133333333333336,199.5,0.8660254037844387,-0.4999999999999998,1016.1,16.2,0.0,16.133333333333336,1015.4333333333333
1942,1942,2020-04-26,16.2,12.7,20.1,0.0,1010.8,1,4,117,1011.1,15.8,0.0,16.066666666666674,121.0,0.8660254037844387,-0.4999999999999998,1011.1,15.8,0.0,16.066666666666674,1012.6666666666665
1943,1943,2020-04-27,16.4,12.9,20.5,3.4,1011.0,0,4,118,1010.8,16.2,0.0,16.133333333333336,76.7,0.8660254037844387,-0.4999999999999998,1010.8,16.2,0.0,16.133333333333336,1010.9666666666666
1944,1944,2020-04-28,16.9,12.9,21.6,0.0,1011.6,0,4,119,1011.0,16.4,3.4,16.500000000000004,3.4,0.8660254037844387,-0.4999999999999998,1011.0,16.4,3.4,16.500000000000004,1011.1333333333332
1952,1952,2020-05-06,20.3,16.4,25.0,0.0,1016.3,0,5,127,1014.4,19.4,0.0,19.66666666666667,0.0,0.49999999999999994,-0.8660254037844387,1014.4,19.4,0.0,19.66666666666667,1015.6999999999998
1953,1953,2020-05-07,19.8,16.6,23.6,0.0,1019.4,0,5,128,1016.3,20.3,0.0,19.83333333333334,0.0,0.49999999999999994,-0.8660254037844387,1016.3,20.3,0.0,19.83333333333334,1016.6999999999998
1954,1954,2020-05-08,19.8,15.9,24.2,0.0,1017.9,1,5,129,1019.4,19.8,0.0,19.966666666666672,0.0,0.49999999999999994,-0.8660254037844387,1019.4,19.8,0.0,19.966666666666672,1017.8666666666664
1955,1955,2020-05-09,18.7,16.7,20.5,6.3,1012.9,1,5,130,1017.9,19.8,0.0,19.433333333333337,6.3,0.49999999999999994,-0.8660254037844387,1017.9,19.8,0.0,19.433333333333337,1016.7333333333332
1956,1956,2020-05-10,17.8,15.0,20.5,4.0,1004.8,0,5,131,1012.9,18.7,6.3,18.766666666666673,10.3,0.49999999999999994,-0.8660254037844387,1012.9,18.7,6.3,18.766666666666673,1011.8666666666664
1957,1957,2020-05-11,18.7,14.7,22.5,0.0,1004.0,1,5,132,1004.8,17.8,4.0,18.400000000000006,10.3,0.49999999999999994,-0.8660254037844387,1004.8,17.8,4.0,18.400000000000006,1007.2333333333331
1958,1958,2020-05-12,17.4,16.0,20.2,0.9,1009.5,0,5,133,1004.0,18.7,0.0,17.96666666666667,11.2,0.49999999999999994,-0.8660254037844387,1004.0,18.7,0.0,17.96666666666667,1006.0999999999998
1959,1959,2020-05-13,18.6,15.5,22.2,0.0,1004.5,1,5,134,1009.5,17.4,0.9,18.233333333333338,11.2,0.49999999999999994,-0.8660254037844387,1009.5,17.4,0.9,18.233333333333338,1005.9999999999999
1960,1960,2020-05-14,16.5,13.7,18.5,4.5,1005.3,0,5,135,1004.5,18.6,0.0,17.500000000000004,15.7,0.49999999999999994,-0.8660254037844387,1004.5,18.6,0.0,17.500000000000004,1006.433333333333
1961,1961,2020-05-15,17.3,13.7,21.5,0.0,1012.3,1,5,136,1005.3,16.5,4.5,17.466666666666672,15.7,0.49999999999999994,-0.8660254037844387,1005.3,16.5,4.5,17.466666666666672,1007.3666666666664
1962,1962,2020-05-16,17.7,15.8,22.6,1.4,1016.2,0,5,137,1012.3,17.3,0.0,17.16666666666667,10.799999999999999,0.49999999999999994,-0.8660254037844387,1012.3,17.3,0.0,17.16666666666667,1011.2666666666664
1963,1963,2020-05-17,18.2,14.4,23.0,0.0,1019.1,0,5,138,1016.2,17.7,1.4,17.733333333333338,6.800000000000001,0.49999999999999994,-0.8660254037844387,1016.2,17.7,1.4,17.733333333333338,1015.8666666666664
1964,1964,2020-05-18,18.8,15.0,22.9,0.0,1020.0,0,5,139,1019.1,18.2,0.0,18.233333333333338,6.800000000000001,0.49999999999999994,-0.8660254037844387,1019.1,18.2,0.0,18.233333333333338,1018.4333333333333
1965,1965,2020-05-19,20.6,16.3,27.5,0.0,1016.5,0,5,140,1020.0,18.8,0.0,19.200000000000003,5.9,0.49999999999999994,-0.8660254037844387,1020.0,18.8,0.0,19.200000000000003,1018.5333333333332
1966,1966,2020-05-20,20.5,17.2,26.1,0.0,1015.6,0,5,141,1016.5,20.6,0.0,19.966666666666672,5.9,0.49999999999999994,-0.8660254037844387,1016.5,20.6,0.0,19.966666666666672,1017.3666666666664
1967,1967,2020-05-21,22.2,17.5,26.4,0.0,1018.4,0,5,142,1015.6,20.5,0.0,21.100000000000005,1.4,0.49999999999999994,-0.8660254037844387,1015.6,20.5,0.0,21.100000000000005,1016.8333333333331
1968,1968,2020-05-22,21.4,17.4,26.4,0.0,1022.8,0,5,143,1018.4,22.2,0.0,21.366666666666674,1.4,0.49999999999999994,-0.8660254037844387,1018.4,22.2,0.0,21.366666666666674,1018.9333333333333
1969,1969,2020-05-23,21.3,17.5,26.3,0.0,1025.2,0,5,144,1022.8,21.4,0.0,21.63333333333334,0.0,0.49999999999999994,-0.8660254037844387,1022.8,21.4,0.0,21.63333333333334,1022.1333333333332
1970,1970,2020-05-24,20.3,18.6,23.1,0.0,1027.6,0,5,145,1025.2,21.3,0.0,21.000000000000004,0.0,0.49999999999999994,-0.8660254037844387,1025.2,21.3,0.0,21.000000000000004,1025.1999999999998
1971,1971,2020-05-25,20.8,18.5,24.0,0.0,1026.2,0,5,146,1027.6,20.3,0.0,20.800000000000008,0.0,0.49999999999999994,-0.8660254037844387,1027.6,20.3,0.0,20.800000000000008,1026.3333333333333
1972,1972,2020-05-26,21.7,17.7,26.4,0.0,1025.5,0,5,147,1026.2,20.8,0.0,20.93333333333334,0.0,0.49999999999999994,-0.8660254037844387,1026.2,20.8,0.0,20.93333333333334,1026.4333333333332
1973,1973,2020-05-27,21.4,18.7,24.6,0.0,1026.2,0,5,148,1025.5,21.7,0.0,21.300000000000004,0.0,0.49999999999999994,-0.8660254037844387,1025.5,21.7,0.0,21.300000000000004,1025.9666666666665
1974,1974,2020-05-28,20.6,18.3,23.1,0.0,1024.8,1,5,149,1026.2,21.4,0.0,21.233333333333338,0.0,0.49999999999999994,-0.8660254037844387,1026.2,21.4,0.0,21.233333333333338,1025.4999999999998
1975,1975,2020-05-29,20.3,16.8,25.0,4.5,1017.3,0,5,150,1024.8,20.6,0.0,20.76666666666667,4.5,0.49999999999999994,-0.8660254037844387,1024.8,20.6,0.0,20.76666666666667,1022.7666666666664
1976,1976,2020-05-30,20.3,17.2,23.5,0.0,1016.4,0,5,151,1017.3,20.3,4.5,20.400000000000006,4.5,0.49999999999999994,-0.8660254037844387,1017.3,20.3,4.5,20.400000000000006,1019.4999999999997
1984,1984,2020-06-07,19.8,16.8,22.6,18.2,1008.0,1,6,159,1009.6,20.6,0.2,20.000000000000004,26.2,1.2246467991473532e-16,-1.0,1009.6,20.6,0.2,20.000000000000004,1008.6333333333331
1985,1985,2020-06-08,17.7,14.8,21.4,1.3,1013.1,1,6,160,1008.0,19.8,18.2,19.36666666666667,27.2,1.2246467991473532e-16,-1.0,1008.0,19.8,18.2,19.36666666666667,1010.2333333333331
1986,1986,2020-06-09,17.3,14.4,22.4,17.4,1015.7,1,6,161,1013.1,17.7,1.3,18.26666666666667,44.599999999999994,1.2246467991473532e-16,-1.0,1013.1,17.7,1.3,18.26666666666667,1012.2666666666664
1987,1987,2020-06-10,18.2,14.4,22.2,0.2,1015.5,0,6,162,1015.7,17.3,17.4,17.733333333333338,37.5,1.2246467991473532e-16,-1.0,1015.7,17.3,17.4,17.733333333333338,1014.7666666666664
1988,1988,2020-06-11,20.1,17.4,23.6,0.0,1008.6,0,6,163,1015.5,18.2,0.2,18.53333333333334,37.3,1.2246467991473532e-16,-1.0,1015.5,18.2,0.2,18.53333333333334,1013.2666666666664
1989,1989,2020-06-12,21.9,19.0,25.1,0.0,1004.0,0,6,164,1008.6,20.1,0.0,20.06666666666667,37.3,1.2246467991473532e-16,-1.0,1008.6,20.1,0.0,20.06666666666667,1009.3666666666664
1990,1990,2020-06-13,21.2,16.8,26.6,0.0,1011.0,0,6,165,1004.0,21.9,0.0,21.066666666666674,37.1,1.2246467991473532e-16,-1.0,1004.0,21.9,0.0,21.066666666666674,1007.8666666666664
1991,1991,2020-06-14,20.8,16.6,24.5,0.0,1017.9,0,6,166,1011.0,21.2,0.0,21.300000000000004,18.9,1.2246467991473532e-16,-1.0,1011.0,21.2,0.0,21.300000000000004,1010.9666666666666
1992,1992,2020-06-15,21.3,18.1,24.3,0.0,1019.3,1,6,167,1017.9,20.8,0.0,21.100000000000005,17.599999999999998,1.2246467991473532e-16,-1.0,1017.9,20.8,0.0,21.100000000000005,1016.0666666666665
1993,1993,2020-06-16,20.4,18.3,23.3,0.3,1017.5,1,6,168,1019.3,21.3,0.0,20.83333333333334,0.5,1.2246467991473532e-16,-1.0,1019.3,21.3,0.0,20.83333333333334,1018.2333333333331
1994,1994,2020-06-17,20.0,16.8,23.8,5.4,1015.7,1,6,169,1017.5,20.4,0.3,20.566666666666674,5.7,1.2246467991473532e-16,-1.0,1017.5,20.4,0.3,20.566666666666674,1017.4999999999997
1995,1995,2020-06-18,19.3,15.9,21.6,2.9,1016.0,0,6,170,1015.7,20.0,5.4,19.900000000000006,8.6,1.2246467991473532e-16,-1.0,1015.7,20.0,5.4,19.900000000000006,1016.3999999999997
1996,1996,2020-06-19,20.2,17.2,23.6,0.0,1019.0,0,6,171,1016.0,19.3,2.9,19.83333333333334,8.6,1.2246467991473532e-16,-1.0,1016.0,19.3,2.9,19.83333333333334,1016.8999999999997
1997,1997,2020-06-20,21.6,18.4,25.3,0.0,1021.0,0,6,172,1019.0,20.2,0.0,20.36666666666667,8.6,1.2246467991473532e-16,-1.0,1019.0,20.2,0.0,20.36666666666667,1018.6666666666664
1998,1998,2020-06-21,22.6,19.7,26.0,0.0,1020.9,0,6,173,1021.0,21.6,0.0,21.466666666666672,8.6,1.2246467991473532e-16,-1.0,1021.0,21.6,0.0,21.466666666666672,1020.2999999999997
1999,1999,2020-06-22,23.1,20.1,27.5,0.0,1021.1,0,6,174,1020.9,22.6,0.0,22.433333333333337,8.6,1.2246467991473532e-16,-1.0,1020.9,22.6,0.0,22.433333333333337,1020.9999999999997
2000,2000,2020-06-23,23.2,20.5,26.3,0.0,1018.8,0,6,175,1021.1,23.1,0.0,22.966666666666672,8.299999999999999,1.2246467991473532e-16,-1.0,1021.1,23.1,0.0,22.966666666666672,1020.2666666666664
2001,2001,2020-06-24,23.4,19.7,27.4,0.0,1017.7,0,6,176,1018.8,23.2,0.0,23.233333333333338,2.9,1.2246467991473532e-16,-1.0,1018.8,23.2,0.0,23.233333333333338,1019.1999999999998
2002,2002,2020-06-25,24.7,21.1,28.5,0.0,1016.5,0,6,177,1017.7,23.4,0.0,23.76666666666667,0.0,1.2246467991473532e-16,-1.0,1017.7,23.4,0.0,23.76666666666667,1017.6666666666664
2003,2003,2020-06-26,25.2,21.1,28.9,0.0,1015.2,0,6,178,1016.5,24.7,0.0,24.433333333333337,0.0,1.2246467991473532e-16,-1.0,1016.5,24.7,0.0,24.433333333333337,1016.4666666666666
2004,2004,2020-06-27,24.5,21.8,27.4,0.0,1015.2,0,6,179,1015.2,25.2,0.0,24.8,0.0,1.2246467991473532e-16,-1.0,1015.2,25.2,0.0,24.8,1015.6333333333332
2005,2005,2020-06-28,24.9,21.9,28.9,0.0,1017.2,0,6,180,1015.2,24.5,0.0,24.86666666666667,0.0,1.2246467991473532e-16,-1.0,1015.2,24.5,0.0,24.86666666666667,1015.8666666666664
2006,2006,2020-06-29,25.0,22.1,28.5,0.0,1016.8,0,6,181,1017.2,24.9,0.0,24.8,0.0,1.2246467991473532e-16,-1.0,1017.2,24.9,0.0,24.8,1016.3999999999997
2007,2007,2020-06-30,25.2,23.3,28.1,0.0,1015.0,0,6,182,1016.8,25.0,0.0,25.033333333333335,0.0,1.2246467991473532e-16,-1.0,1016.8,25.0,0.0,25.033333333333335,1016.333333333333
2008,2008,2020-07-01,25.9,21.9,30.4,0.0,1011.7,1,7,183,1015.0,25.2,0.0,25.36666666666667,0.0,-0.4999999999999997,-0.8660254037844388,1015.0,25.2,0.0,25.36666666666667,1014.4999999999997
2009,2009,2020-07-02,25.7,23.5,28.8,51.7,1013.9,1,7,184,1011.7,25.9,0.0,25.600000000000005,51.7,-0.4999999999999997,-0.8660254037844388,1011.7,25.9,0.0,25.600000000000005,1013.5333333333332
2010,2010,2020-07-03,23.3,19.3,25.8,6.8,1017.9,0,7,185,1013.9,25.7,51.7,24.96666666666667,58.5,-0.4999999999999997,-0.8660254037844388,1013.9,25.7,51.7,24.96666666666667,1014.4999999999997
2011,2011,2020-07-04,23.3,20.0,26.3,0.0,1020.8,0,7,186,1017.9,23.3,6.8,24.100000000000005,58.5,-0.4999999999999997,-0.8660254037844388,1017.9,23.3,6.8,24.100000000000005,1017.5333333333332
2012,2012,2020-07-05,24.0,20.0,28.5,0.0,1019.5,0,7,187,1020.8,23.3,0.0,23.533333333333342,58.5,-0.4999999999999997,-0.8660254037844388,1020.8,23.3,0.0,23.533333333333342,1019.3999999999996
2013,2013,2020-07-06,25.5,21.9,29.9,0.0,1016.0,0,7,188,1019.5,24.0,0.0,24.26666666666667,58.5,-0.4999999999999997,-0.8660254037844388,1019.5,24.0,0.0,24.26666666666667,1018.7666666666664
2014,2014,2020-07-07,24.7,22.6,27.2,0.0,1016.0,0,7,189,1016.0,25.5,0.0,24.733333333333338,58.5,-0.4999999999999997,-0.8660254037844388,1016.0,25.5,0.0,24.733333333333338,1017.1666666666664
2015,2015,2020-07-08,24.8,21.6,28.8,0.0,1017.3,0,7,190,1016.0,24.7,0.0,25.000000000000004,58.5,-0.4999999999999997,-0.8660254037844388,1016.0,24.7,0.0,25.000000000000004,1016.433333333333
2016,2016,2020-07-09,25.4,21.6,29.1,0.0,1016.5,0,7,191,1017.3,24.8,0.0,24.96666666666667,6.8,-0.4999999999999997,-0.8660254037844388,1017.3,24.8,0.0,24.96666666666667,1016.5999999999998
2017,2017,2020-07-10,25.8,22.7,30.0,0.0,1015.5,0,7,192,1016.5,25.4,0.0,25.33333333333334,0.0,-0.4999999999999997,-0.8660254037844388,1016.5,25.4,0.0,25.33333333333334,1016.433333333333
2025,2025,2020-07-18,24.7,22.3,28.2,0.0,1015.8,0,7,200,1016.5,24.2,0.7,24.100000000000005,52.699999999999996,-0.4999999999999997,-0.8660254037844388,1016.5,24.2,0.7,24.100000000000005,1016.9666666666664
2033,2033,2020-07-26,26.1,23.0,29.0,0.0,1015.6,0,7,208,1015.0,26.6,0.0,26.400000000000006,0.0,-0.4999999999999997,-0.8660254037844388,1015.0,26.6,0.0,26.400000000000006,1014.8666666666664
2034,2034,2020-07-27,26.4,22.9,30.0,0.0,1016.4,0,7,209,1015.6,26.1,0.0,26.366666666666674,0.0,-0.4999999999999997,-0.8660254037844388,1015.6,26.1,0.0,26.366666666666674,1015.6666666666664
2035,2035,2020-07-28,26.6,23.8,30.0,0.0,1015.8,0,7,210,1016.4,26.4,0.0,26.36666666666667,0.0,-0.4999999999999997,-0.8660254037844388,1016.4,26.4,0.0,26.36666666666667,1015.933333333333
2036,2036,2020-07-29,26.7,22.8,30.5,0.0,1016.2,0,7,211,1015.8,26.6,0.0,26.566666666666674,0.0,-0.4999999999999997,-0.8660254037844388,1015.8,26.6,0.0,26.566666666666674,1016.1333333333332
2037,2037,2020-07-30,27.4,23.1,31.6,0.0,1016.0,0,7,212,1016.2,26.7,0.0,26.900000000000006,0.0,-0.4999999999999997,-0.8660254037844388,1016.2,26.7,0.0,26.900000000000006,1015.9999999999997
2038,2038,2020-07-31,27.2,23.6,31.1,0.0,1015.2,0,7,213,1016.0,27.4,0.0,27.100000000000005,0.0,-0.4999999999999997,-0.8660254037844388,1016.0,27.4,0.0,27.100000000000005,1015.7999999999998
2039,2039,2020-08-01,27.6,23.9,32.1,0.0,1014.4,1,8,214,1015.2,27.2,0.0,27.400000000000006,0.0,-0.8660254037844385,-0.5000000000000004,1015.2,27.2,0.0,27.400000000000006,1015.1999999999998
2040,2040,2020-08-02,27.8,25.2,31.5,3.1,1013.8,1,8,215,1014.4,27.6,0.0,27.533333333333342,3.1,-0.8660254037844385,-0.5000000000000004,1014.4,27.6,0.0,27.533333333333342,1014.4666666666664
2041,2041,2020-08-03,24.9,18.9,27.5,0.1,1013.0,0,8,216,1013.8,27.8,3.1,26.76666666666667,3.2,-0.8660254037844385,-0.5000000000000004,1013.8,27.8,3.1,26.76666666666667,1013.7333333333331
2042,2042,2020-08-04,24.8,22.3,27.7,0.0,1014.0,0,8,217,1013.0,24.9,0.1,25.83333333333334,3.2,-0.8660254037844385,-0.5000000000000004,1013.0,24.9,0.1,25.83333333333334,1013.5999999999998
2043,2043,2020-08-05,25.1,21.0,29.0,0.0,1013.9,0,8,218,1014.0,24.8,0.0,24.933333333333337,3.2,-0.8660254037844385,-0.5000000000000004,1014.0,24.8,0.0,24.933333333333337,1013.6333333333332
2044,2044,2020-08-06,26.0,22.0,30.4,0.0,1016.0,0,8,219,1013.9,25.1,0.0,25.300000000000008,3.2,-0.8660254037844385,-0.5000000000000004,1013.9,25.1,0.0,25.300000000000008,1014.6333333333332
2045,2045,2020-08-07,25.8,21.9,29.9,0.0,1017.6,0,8,220,1016.0,26.0,0.0,25.63333333333334,3.2,-0.8660254037844385,-0.5000000000000004,1016.0,26.0,0.0,25.63333333333334,1015.8333333333331
2046,2046,2020-08-08,26.3,22.8,30.6,0.0,1018.3,0,8,221,1017.6,25.8,0.0,26.033333333333335,3.2,-0.8660254037844385,-0.5000000000000004,1017.6,25.8,0.0,26.033333333333335,1017.2999999999997
2047,2047,2020-08-09,27.4,23.9,31.9,0.0,1015.7,0,8,222,1018.3,26.3,0.0,26.500000000000004,0.1,-0.8660254037844385,-0.5000000000000004,1018.3,26.3,0.0,26.500000000000004,1017.1999999999998
2048,2048,2020-08-10,26.7,23.3,31.0,0.0,1013.5,0,8,223,1015.7,27.4,0.0,26.8,0.0,-0.8660254037844385,-0.5000000000000004,1015.7,27.4,0.0,26.8,1015.8333333333331
2049,2049,2020-08-11,26.8,23.5,31.5,0.0,1014.5,0,8,224,1013.5,26.7,0.0,26.966666666666672,0.0,-0.8660254037844385,-0.5000000000000004,1013.5,26.7,0.0,26.966666666666672,1014.5666666666665
2050,2050,2020-08-12,27.7,25.2,31.3,0.0,1013.2,0,8,225,1014.5,26.8,0.0,27.066666666666674,0.0,-0.8660254037844385,-0.5000000000000004,1014.5,26.8,0.0,27.066666666666674,1013.7333333333331
2051,2051,2020-08-13,27.1,24.1,30.5,0.0,1013.7,0,8,226,1013.2,27.7,0.0,27.200000000000006,0.0,-0.8660254037844385,-0.5000000000000004,1013.2,27.7,0.0,27.200000000000006,1013.7999999999998
2052,2052,2020-08-14,26.6,25.0,29.7,0.0,1015.2,0,8,227,1013.7,27.1,0.0,27.13333333333334,0.0,-0.8660254037844385,-0.5000000000000004,1013.7,27.1,0.0,27.13333333333334,1014.0333333333332
2053,2053,2020-08-15,26.2,22.8,30.0,0.0,1012.7,0,8,228,1015.2,26.6,0.0,26.63333333333334,0.0,-0.8660254037844385,-0.5000000000000004,1015.2,26.6,0.0,26.63333333333334,1013.8666666666664
2054,2054,2020-08-16,26.3,23.8,30.2,0.0,1011.0,0,8,229,1012.7,26.2,0.0,26.366666666666674,0.0,-0.8660254037844385,-0.5000000000000004,1012.7,26.2,0.0,26.366666666666674,1012.9666666666666
2055,2055,2020-08-17,25.9,22.6,29.3,0.0,1013.2,0,8,230,1011.0,26.3,0.0,26.133333333333336,0.0,-0.8660254037844385,-0.5000000000000004,1011.0,26.3,0.0,26.133333333333336,1012.2999999999997
2056,2056,2020-08-18,26.3,24.9,29.3,0.0,1013.2,0,8,231,1013.2,25.9,0.0,26.16666666666667,0.0,-0.8660254037844385,-0.5000000000000004,1013.2,25.9,0.0,26.16666666666667,1012.4666666666666
2057,2057,2020-08-19,26.3,22.1,30.4,0.0,1011.0,0,8,232,1013.2,26.3,0.0,26.16666666666667,0.0,-0.8660254037844385,-0.5000000000000004,1013.2,26.3,0.0,26.16666666666667,1012.4666666666666
2058,2058,2020-08-20,26.9,23.1,30.8,0.0,1010.5,0,8,233,1011.0,26.3,0.0,26.500000000000004,0.0,-0.8660254037844385,-0.5000000000000004,1011.0,26.3,0.0,26.500000000000004,1011.5666666666665
2059,2059,2020-08-21,27.4,23.8,31.3,0.0,1013.1,0,8,234,1010.5,26.9,0.0,26.866666666666674,0.0,-0.8660254037844385,-0.5000000000000004,1010.5,26.9,0.0,26.866666666666674,1011.5333333333332
2067,2067,2020-08-29,20.0,17.8,24.4,1.8,1005.1,1,8,242,1008.3,26.4,13.5,24.33333333333334,16.5,-0.8660254037844385,-0.5000000000000004,1008.3,26.4,13.5,24.33333333333334,1009.9666666666664
2068,2068,2020-08-30,20.4,16.1,25.4,2.8,1011.5,0,8,243,1005.1,20.0,1.8,22.26666666666667,18.1,-0.8660254037844385,-0.5000000000000004,1005.1,20.0,1.8,22.26666666666667,1008.2999999999997
2069,2069,2020-08-31,20.8,15.7,26.0,0.0,1017.2,1,8,244,1011.5,20.4,2.8,20.400000000000006,18.1,-0.8660254037844385,-0.5000000000000004,1011.5,20.4,2.8,20.400000000000006,1011.2666666666664
2070,2070,2020-09-01,22.1,17.3,26.9,1.3,1014.4,0,9,245,1017.2,20.8,0.0,21.100000000000005,19.4,-1.0,-1.8369701987210297e-16,1017.2,20.8,0.0,21.100000000000005,1014.3666666666664
2071,2071,2020-09-02,23.0,19.2,26.6,0.0,1016.0,0,9,246,1014.4,22.1,1.3,21.966666666666672,19.4,-1.0,-1.8369701987210297e-16,1014.4,22.1,1.3,21.966666666666672,1015.8666666666664
2072,2072,2020-09-03,23.5,19.3,27.7,0.0,1021.4,0,9,247,1016.0,23.0,0.0,22.866666666666674,19.4,-1.0,-1.8369701987210297e-16,1016.0,23.0,0.0,22.866666666666674,1017.2666666666664
2073,2073,2020-09-04,24.0,20.3,28.4,0.0,1023.6,0,9,248,1021.4,23.5,0.0,23.500000000000004,5.8999999999999995,-1.0,-1.8369701987210297e-16,1021.4,23.5,0.0,23.500000000000004,1020.333333333333
2074,2074,2020-09-05,23.9,20.5,28.0,0.0,1020.1,1,9,249,1023.6,24.0,0.0,23.8,4.1,-1.0,-1.8369701987210297e-16,1023.6,24.0,0.0,23.8,1021.6999999999998
2075,2075,2020-09-06,24.5,18.9,30.0,62.7,1016.2,1,9,250,1020.1,23.9,0.0,24.133333333333336,64.0,-1.0,-1.8369701987210297e-16,1020.1,23.9,0.0,24.133333333333336,1019.9666666666664
2076,2076,2020-09-07,20.0,16.7,24.4,9.7,1018.3,1,9,251,1016.2,24.5,62.7,22.8,73.7,-1.0,-1.8369701987210297e-16,1016.2,24.5,62.7,22.8,1018.1999999999998
2077,2077,2020-09-08,20.5,15.8,26.8,34.9,1022.0,1,9,252,1018.3,20.0,9.7,21.66666666666667,107.3,-1.0,-1.8369701987210297e-16,1018.3,20.0,9.7,21.66666666666667,1018.8333333333331
2078,2078,2020-09-09,20.2,17.3,23.8,25.1,1020.9,1,9,253,1022.0,20.5,34.9,20.233333333333338,132.4,-1.0,-1.8369701987210297e-16,1022.0,20.5,34.9,20.233333333333338,1020.3999999999996
2079,2079,2020-09-10,20.9,17.3,26.6,2.0,1017.8,0,9,254,1020.9,20.2,25.1,20.533333333333335,134.4,-1.0,-1.8369701987210297e-16,1020.9,20.2,25.1,20.533333333333335,1020.2333333333331
2080,2080,2020-09-11,23.5,19.2,28.8,0.0,1014.4,0,9,255,1017.8,20.9,2.0,21.533333333333335,134.4,-1.0,-1.8369701987210297e-16,1017.8,20.9,2.0,21.533333333333335,1017.6999999999998
2081,2081,2020-09-12,24.1,20.0,29.7,0.0,1017.7,0,9,256,1014.4,23.5,0.0,22.83333333333334,134.4,-1.0,-1.8369701987210297e-16,1014.4,23.5,0.0,22.83333333333334,1016.6333333333331
2082,2082,2020-09-13,24.5,20.5,30.4,0.0,1022.2,0,9,257,1017.7,24.1,0.0,24.033333333333342,71.69999999999999,-1.0,-1.8369701987210297e-16,1017.7,24.1,0.0,24.033333333333342,1018.0999999999998
2083,2083,2020-09-14,23.4,19.4,29.6,0.0,1023.0,0,9,258,1022.2,24.5,0.0,24.000000000000004,61.99999999999999,-1.0,-1.8369701987210297e-16,1022.2,24.5,0.0,24.000000000000004,1020.9666666666664
2084,2084,2020-09-15,23.6,19.8,27.7,0.0,1020.9,0,9,259,1023.0,23.4,0.0,23.83333333333334,27.1,-1.0,-1.8369701987210297e-16,1023.0,23.4,0.0,23.83333333333334,1022.0333333333332
2085,2085,2020-09-16,23.9,20.7,27.8,0.0,1018.6,0,9,260,1020.9,23.6,0.0,23.633333333333336,2.0,-1.0,-1.8369701987210297e-16,1020.9,23.6,0.0,23.633333333333336,1020.833333333333
2086,2086,2020-09-17,23.9,21.0,28.8,0.0,1016.2,1,9,261,1018.6,23.9,0.0,23.800000000000008,0.0,-1.0,-1.8369701987210297e-16,1018.6,23.9,0.0,23.800000000000008,1018.5666666666665
2087,2087,2020-09-18,22.8,20.1,26.9,11.3,1016.3,0,9,262,1016.2,23.9,0.0,23.533333333333335,11.3,-1.0,-1.8369701987210297e-16,1016.2,23.9,0.0,23.533333333333335,1017.0333333333332
2088,2088,2020-09-19,23.2,20.3,27.7,0.0,1014.0,0,9,263,1016.3,22.8,11.3,23.300000000000008,11.3,-1.0,-1.8369701987210297e-16,1016.3,22.8,11.3,23.300000000000008,1015.4999999999999
2096,2096,2020-09-27,17.3,12.8,22.2,0.0,1009.0,0,9,271,1012.4,17.6,0.0,18.233333333333338,6.0,-1.0,-1.8369701987210297e-16,1012.4,17.6,0.0,18.233333333333338,1010.8666666666664
2097,2097,2020-09-28,17.8,13.6,23.0,0.0,1014.8,0,9,272,1009.0,17.3,0.0,17.566666666666674,0.0,-1.0,-1.8369701987210297e-16,1009.0,17.3,0.0,17.566666666666674,1012.0666666666665
2098,2098,2020-09-29,18.8,14.2,23.9,0.0,1018.5,0,9,273,1014.8,17.8,0.0,17.966666666666672,0.0,-1.0,-1.8369701987210297e-16,1014.8,17.8,0.0,17.966666666666672,1014.0999999999998
2099,2099,2020-09-30,18.8,14.2,23.7,0.0,1015.6,0,9,274,1018.5,18.8,0.0,18.466666666666672,0.0,-1.0,-1.8369701987210297e-16,1018.5,18.8,0.0,18.466666666666672,1016.2999999999997
2100,2100,2020-10-01,20.6,16.6,25.9,0.0,1008.6,1,10,275,1015.6,18.8,0.0,19.400000000000006,0.0,-0.8660254037844386,0.5000000000000001,1015.6,18.8,0.0,19.400000000000006,1014.2333333333331
2101,2101,2020-10-02,17.4,12.1,21.7,0.3,994.6,0,10,276,1008.6,20.6,0.0,18.93333333333334,0.3,-0.8660254037844386,0.5000000000000001,1008.6,20.6,0.0,18.93333333333334,1006.2666666666664
2102,2102,2020-10-03,16.0,12.1,20.5,0.0,1001.7,0,10,277,994.6,17.4,0.3,18.000000000000004,0.3,-0.8660254037844386,0.5000000000000001,994.6,17.4,0.3,18.000000000000004,1001.6333333333332
2103,2103,2020-10-04,16.7,11.2,22.9,0.0,1006.2,0,10,278,1001.7,16.0,0.0,16.700000000000003,0.3,-0.8660254037844386,0.5000000000000001,1001.7,16.0,0.0,16.700000000000003,1000.8333333333331
2104,2104,2020-10-05,16.4,10.9,23.5,0.0,1013.8,0,10,279,1006.2,16.7,0.0,16.36666666666667,0.3,-0.8660254037844386,0.5000000000000001,1006.2,16.7,0.0,16.36666666666667,1007.2333333333331
2105,2105,2020-10-06,17.9,12.2,24.4,0.0,1018.7,0,10,280,1013.8,16.4,0.0,17.000000000000004,0.3,-0.8660254037844386,0.5000000000000001,1013.8,16.4,0.0,17.000000000000004,1012.8999999999997
2106,2106,2020-10-07,20.6,18.0,24.3,0.0,1019.7,1,10,281,1018.7,17.9,0.0,18.3,0.3,-0.8660254037844386,0.5000000000000001,1018.7,17.9,0.0,18.3,1017.3999999999997
2107,2107,2020-10-08,20.2,18.4,23.5,1.6,1023.8,0,10,282,1019.7,20.6,0.0,19.566666666666674,1.9000000000000001,-0.8660254037844386,0.5000000000000001,1019.7,20.6,0.0,19.566666666666674,1020.7333333333331
2108,2108,2020-10-09,20.1,17.2,24.3,0.0,1022.0,1,10,283,1023.8,20.2,1.6,20.300000000000004,1.6,-0.8660254037844386,0.5000000000000001,1023.8,20.2,1.6,20.300000000000004,1021.833333333333
2109,2109,2020-10-10,18.3,14.0,23.8,74.5,1021.8,1,10,284,1022.0,20.1,0.0,19.533333333333335,76.1,-0.8660254037844386,0.5000000000000001,1022.0,20.1,0.0,19.533333333333335,1022.5333333333332
2110,2110,2020-10-11,16.2,12.6,21.4,0.4,1020.0,0,10,285,1021.8,18.3,74.5,18.200000000000006,76.5,-0.8660254037844386,0.5000000000000001,1021.8,18.3,74.5,18.200000000000006,1021.2666666666664
2111,2111,2020-10-12,16.6,11.4,23.6,0.0,1018.1,1,10,286,1020.0,16.2,0.4,17.03333333333334,76.5,-0.8660254037844386,0.5000000000000001,1020.0,16.2,0.4,17.03333333333334,1019.9666666666664
2112,2112,2020-10-13,16.4,12.3,21.1,3.1,1013.3,0,10,287,1018.1,16.6,0.0,16.400000000000002,79.6,-0.8660254037844386,0.5000000000000001,1018.1,16.6,0.0,16.400000000000002,1017.1333333333331
2120,2120,2020-10-21,20.9,17.3,24.2,0.0,1012.2,1,10,295,1017.9,18.7,0.0,18.433333333333337,0.0,-0.8660254037844386,0.5000000000000001,1017.9,18.7,0.0,18.433333333333337,1017.2333333333331
2121,2121,2020-10-22,19.4,17.2,22.9,1.2,1015.1,0,10,296,1012.2,20.9,0.0,19.66666666666667,1.2,-0.8660254037844386,0.5000000000000001,1012.2,20.9,0.0,19.66666666666667,1015.0666666666665
2122,2122,2020-10-23,19.1,14.7,25.0,0.0,1017.4,0,10,297,1015.1,19.4,1.2,19.800000000000004,1.2,-0.8660254037844386,0.5000000000000001,1015.1,19.4,1.2,19.800000000000004,1014.8999999999997
2123,2123,2020-10-24,16.3,11.7,21.2,0.0,1021.4,1,10,298,1017.4,19.1,0.0,18.26666666666667,1.2,-0.8660254037844386,0.5000000000000001,1017.4,19.1,0.0,18.26666666666667,1017.9666666666666
2124,2124,2020-10-25,17.0,13.4,22.5,0.1,1013.6,0,10,299,1021.4,16.3,0.0,17.466666666666672,1.3,-0.8660254037844386,0.5000000000000001,1021.4,16.3,0.0,17.466666666666672,1017.4666666666664
2125,2125,2020-10-26,16.3,12.8,20.4,0.0,1010.4,0,10,300,1013.6,17.0,0.1,16.53333333333334,1.3,-0.8660254037844386,0.5000000000000001,1013.6,17.0,0.1,16.53333333333334,1015.1333333333331
2126,2126,2020-10-27,14.4,11.6,19.8,0.0,1016.3,0,10,301,1010.4,16.3,0.0,15.900000000000004,1.3,-0.8660254037844386,0.5000000000000001,1010.4,16.3,0.0,15.900000000000004,1013.433333333333
2127,2127,2020-10-28,15.2,11.4,20.5,0.0,1019.7,0,10,302,1016.3,14.4,0.0,15.300000000000004,1.3,-0.8660254037844386,0.5000000000000001,1016.3,14.4,0.0,15.300000000000004,1015.4666666666666
2128,2128,2020-10-29,16.0,11.8,21.2,0.0,1025.4,0,10,303,1019.7,15.2,0.0,15.200000000000003,0.1,-0.8660254037844386,0.5000000000000001,1019.7,15.2,0.0,15.200000000000003,1020.4666666666666
2129,2129,2020-10-30,15.7,11.7,20.9,0.0,1025.2,0,10,304,1025.4,16.0,0.0,15.633333333333338,0.1,-0.8660254037844386,0.5000000000000001,1025.4,16.0,0.0,15.633333333333338,1023.433333333333
2130,2130,2020-10-31,15.8,11.0,20.8,0.0,1023.7,0,10,305,1025.2,15.7,0.0,15.833333333333337,0.1,-0.8660254037844386,0.5000000000000001,1025.2,15.7,0.0,15.833333333333337,1024.7666666666667
2131,2131,2020-11-01,16.1,11.5,21.0,0.0,1023.0,0,11,306,1023.7,15.8,0.0,15.866666666666669,0.0,-0.5000000000000004,0.8660254037844384,1023.7,15.8,0.0,15.866666666666669,1023.9666666666666
2132,2132,2020-11-02,16.7,12.5,20.6,0.0,1022.1,1,11,307,1023.0,16.1,0.0,16.200000000000006,0.0,-0.5000000000000004,0.8660254037844384,1023.0,16.1,0.0,16.200000000000006,1022.933333333333
2133,2133,2020-11-03,17.8,13.9,20.8,6.9,1024.6,0,11,308,1022.1,16.7,0.0,16.86666666666667,6.9,-0.5000000000000004,0.8660254037844384,1022.1,16.7,0.0,16.86666666666667,1023.233333333333
2134,2134,2020-11-04,13.3,11.3,14.6,0.0,1023.6,1,11,309,1024.6,17.8,6.9,15.933333333333337,6.9,-0.5000000000000004,0.8660254037844384,1024.6,17.8,6.9,15.933333333333337,1023.433333333333
2135,2135,2020-11-05,15.3,10.7,18.9,1.4,1026.3,0,11,310,1023.6,13.3,0.0,15.46666666666667,8.3,-0.5000000000000004,0.8660254037844384,1023.6,13.3,0.0,15.46666666666667,1024.833333333333
2136,2136,2020-11-06,18.2,16.9,19.0,0.0,1025.1,1,11,311,1026.3,15.3,1.4,15.600000000000003,8.3,-0.5000000000000004,0.8660254037844384,1026.3,15.3,1.4,15.600000000000003,1024.9999999999998
2137,2137,2020-11-07,17.6,13.2,20.1,3.3,1021.4,0,11,312,1025.1,18.2,0.0,17.03333333333334,11.6,-0.5000000000000004,0.8660254037844384,1025.1,18.2,0.0,17.03333333333334,1024.2666666666664
2145,2145,2020-11-15,16.6,12.7,20.7,0.0,1018.3,1,11,320,1021.0,15.1,0.0,15.433333333333337,0.0,-0.5000000000000004,0.8660254037844384,1021.0,15.1,0.0,15.433333333333337,1020.433333333333
2146,2146,2020-11-16,17.1,14.9,18.9,1.8,1021.4,0,11,321,1018.3,16.6,0.0,16.26666666666667,1.8,-0.5000000000000004,0.8660254037844384,1018.3,16.6,0.0,16.26666666666667,1020.233333333333
2147,2147,2020-11-17,14.4,11.2,19.4,0.0,1026.5,0,11,322,1021.4,17.1,1.8,16.03333333333334,1.8,-0.5000000000000004,0.8660254037844384,1021.4,17.1,1.8,16.03333333333334,1022.0666666666663
2148,2148,2020-11-18,13.8,9.8,19.1,0.0,1027.8,0,11,323,1026.5,14.4,0.0,15.100000000000003,1.8,-0.5000000000000004,0.8660254037844384,1026.5,14.4,0.0,15.100000000000003,1025.233333333333
2149,2149,2020-11-19,14.8,10.4,20.9,0.0,1028.5,0,11,324,1027.8,13.8,0.0,14.333333333333337,1.8,-0.5000000000000004,0.8660254037844384,1027.8,13.8,0.0,14.333333333333337,1027.5999999999997
2150,2150,2020-11-20,12.4,8.3,17.3,0.0,1027.6,0,11,325,1028.5,14.8,0.0,13.666666666666671,1.8,-0.5000000000000004,0.8660254037844384,1028.5,14.8,0.0,13.666666666666671,1027.9666666666665
2151,2151,2020-11-21,9.9,5.7,15.6,0.0,1029.1,0,11,326,1027.6,12.4,0.0,12.366666666666669,1.8,-0.5000000000000004,0.8660254037844384,1027.6,12.4,0.0,12.366666666666669,1028.3999999999996
2152,2152,2020-11-22,9.5,4.6,15.8,0.0,1028.8,0,11,327,1029.1,9.9,0.0,10.600000000000003,1.8,-0.5000000000000004,0.8660254037844384,1029.1,9.9,0.0,10.600000000000003,1028.4999999999998
2153,2153,2020-11-23,10.7,5.9,17.3,0.0,1028.0,0,11,328,1028.8,9.5,0.0,10.033333333333337,0.0,-0.5000000000000004,0.8660254037844384,1028.8,9.5,0.0,10.033333333333337,1028.633333333333
2154,2154,2020-11-24,11.3,6.4,17.6,0.0,1023.6,0,11,329,1028.0,10.7,0.0,10.500000000000005,0.0,-0.5000000000000004,0.8660254037844384,1028.0,10.7,0.0,10.500000000000005,1026.7999999999997
2155,2155,2020-11-25,13.0,10.1,19.1,0.0,1018.4,1,11,330,1023.6,11.3,0.0,11.666666666666671,0.0,-0.5000000000000004,0.8660254037844384,1023.6,11.3,0.0,11.666666666666671,1023.333333333333
2156,2156,2020-11-26,14.9,11.6,19.2,0.4,1017.2,1,11,331,1018.4,13.0,0.0,13.06666666666667,0.4,-0.5000000000000004,0.8660254037844384,1018.4,13.0,0.0,13.06666666666667,1019.733333333333
2157,2157,2020-11-27,16.1,13.2,17.9,32.5,1012.8,1,11,332,1017.2,14.9,0.4,14.666666666666671,32.9,-0.5000000000000004,0.8660254037844384,1017.2,14.9,0.4,14.666666666666671,1016.1333333333331
2158,2158,2020-11-28,13.7,11.5,15.5,4.7,1006.7,0,11,333,1012.8,16.1,32.5,14.900000000000006,37.6,-0.5000000000000004,0.8660254037844384,1012.8,16.1,32.5,14.900000000000006,1012.233333333333
2159,2159,2020-11-29,14.1,11.3,19.8,0.0,1015.1,0,11,334,1006.7,13.7,4.7,14.633333333333338,37.6,-0.5000000000000004,0.8660254037844384,1006.7,13.7,4.7,14.633333333333338,1011.533333333333
2160,2160,2020-11-30,12.3,9.2,17.4,0.0,1022.0,1,11,335,1015.1,14.1,0.0,13.366666666666669,37.6,-0.5000000000000004,0.8660254037844384,1015.1,14.1,0.0,13.366666666666669,1014.5999999999998
2161,2161,2020-12-01,10.6,7.8,14.9,1.6,1019.2,0,12,336,1022.0,12.3,0.0,12.333333333333337,39.199999999999996,-2.4492935982947064e-16,1.0,1022.0,12.3,0.0,12.333333333333337,1018.7666666666664
2162,2162,2020-12-02,10.7,6.4,14.5,0.0,1012.3,0,12,337,1019.2,10.6,1.6,11.200000000000003,39.199999999999996,-2.4492935982947064e-16,1.0,1019.2,10.6,1.6,11.200000000000003,1017.833333333333
2163,2163,2020-12-03,8.5,4.6,13.0,0.0,1009.5,0,12,338,1012.3,10.7,0.0,9.933333333333337,38.8,-2.4492935982947064e-16,1.0,1012.3,10.7,0.0,9.933333333333337,1013.6666666666664
2164,2164,2020-12-04,9.4,4.8,14.1,0.0,994.0,0,12,339,1009.5,8.5,0.0,9.533333333333337,6.300000000000001,-2.4492935982947064e-16,1.0,1009.5,8.5,0.0,9.533333333333337,1005.2666666666663
2165,2165,2020-12-05,6.9,2.5,12.2,0.0,998.5,0,12,340,994.0,9.4,0.0,8.266666666666671,1.6,-2.4492935982947064e-16,1.0,994.0,9.4,0.0,8.266666666666671,1000.6666666666664
2166,2166,2020-12-06,8.8,5.5,13.7,0.0,1003.1,1,12,341,998.5,6.9,0.0,8.36666666666667,1.6,-2.4492935982947064e-16,1.0,998.5,6.9,0.0,8.36666666666667,998.5333333333332
2167,2167,2020-12-07,10.3,8.1,13.3,1.6,1003.2,0,12,342,1003.1,8.8,0.0,8.666666666666671,3.2,-2.4492935982947064e-16,1.0,1003.1,8.8,0.0,8.666666666666671,1001.5999999999998
2168,2168,2020-12-08,8.8,5.4,11.3,0.0,1002.4,0,12,343,1003.2,10.3,1.6,9.300000000000004,1.6,-2.4492935982947064e-16,1.0,1003.2,10.3,1.6,9.300000000000004,1002.8999999999997
2169,2169,2020-12-09,9.4,5.5,14.4,0.0,1010.4,1,12,344,1002.4,8.8,0.0,9.500000000000004,1.6,-2.4492935982947064e-16,1.0,1002.4,8.8,0.0,9.500000000000004,1005.333333333333
2170,2170,2020-12-10,10.7,6.2,15.8,0.7,1007.2,1,12,345,1010.4,9.4,0.0,9.633333333333336,2.3,-2.4492935982947064e-16,1.0,1010.4,9.4,0.0,9.633333333333336,1006.6666666666664
2171,2171,2020-12-11,9.8,7.3,15.0,0.3,1004.5,0,12,346,1007.2,10.7,0.7,9.96666666666667,2.6,-2.4492935982947064e-16,1.0,1007.2,10.7,0.7,9.96666666666667,1007.3666666666663
2172,2172,2020-12-12,12.7,8.1,17.8,0.0,1005.7,0,12,347,1004.5,9.8,0.3,11.06666666666667,2.6,-2.4492935982947064e-16,1.0,1004.5,9.8,0.3,11.06666666666667,1005.7999999999997
2173,2173,2020-12-13,10.1,6.4,15.8,0.0,1014.3,0,12,348,1005.7,12.7,0.0,10.866666666666669,2.6,-2.4492935982947064e-16,1.0,1005.7,12.7,0.0,10.866666666666669,1008.1666666666664
2174,2174,2020-12-14,10.6,7.1,14.7,0.0,1013.5,0,12,349,1014.3,10.1,0.0,11.133333333333335,1.0,-2.4492935982947064e-16,1.0,1014.3,10.1,0.0,11.133333333333335,1011.1666666666664
2175,2175,2020-12-15,13.3,9.7,17.8,0.0,1014.2,0,12,350,1013.5,10.6,0.0,11.333333333333337,1.0,-2.4492935982947064e-16,1.0,1013.5,10.6,0.0,11.333333333333337,1013.9999999999997
2176,2176,2020-12-16,10.8,6.8,16.6,0.0,1017.7,1,12,351,1014.2,13.3,0.0,11.56666666666667,1.0,-2.4492935982947064e-16,1.0,1014.2,13.3,0.0,11.56666666666667,1015.1333333333331
2177,2177,2020-12-17,12.4,8.5,16.2,21.0,1021.8,1,12,352,1017.7,10.8,0.0,12.166666666666671,21.3,-2.4492935982947064e-16,1.0,1017.7,10.8,0.0,12.166666666666671,1017.8999999999996
2178,2178,2020-12-18,13.8,11.5,16.6,0.2,1022.9,0,12,353,1021.8,12.4,21.0,12.333333333333337,21.2,-2.4492935982947064e-16,1.0,1021.8,12.4,21.0,12.333333333333337,1020.7999999999997
2179,2179,2020-12-19,12.3,10.2,16.2,0.0,1020.2,0,12,354,1022.9,13.8,0.2,12.833333333333337,21.2,-2.4492935982947064e-16,1.0,1022.9,13.8,0.2,12.833333333333337,1021.6333333333331
2180,2180,2020-12-20,12.3,9.7,16.7,0.0,1022.2,0,12,355,1020.2,12.3,0.0,12.800000000000004,21.2,-2.4492935982947064e-16,1.0,1020.2,12.3,0.0,12.800000000000004,1021.7666666666664
2181,2181,2020-12-21,10.8,7.4,15.6,0.0,1027.0,0,12,356,1022.2,12.3,0.0,11.800000000000004,21.2,-2.4492935982947064e-16,1.0,1022.2,12.3,0.0,11.800000000000004,1023.1333333333331
2182,2182,2020-12-22,11.5,7.5,16.1,0.0,1026.8,0,12,357,1027.0,10.8,0.0,11.533333333333339,21.2,-2.4492935982947064e-16,1.0,1027.0,10.8,0.0,11.533333333333339,1025.333333333333
2183,2183,2020-12-23,12.8,9.1,16.1,0.0,1023.0,0,12,358,1026.8,11.5,0.0,11.700000000000003,21.2,-2.4492935982947064e-16,1.0,1026.8,11.5,0.0,11.700000000000003,1025.5999999999997
2184,2184,2020-12-24,11.7,7.8,14.7,0.0,1021.3,0,12,359,1023.0,12.8,0.0,12.000000000000005,0.2,-2.4492935982947064e-16,1.0,1023.0,12.8,0.0,12.000000000000005,1023.6999999999997
2185,2185,2020-12-25,8.9,6.0,13.0,0.0,1020.2,0,12,360,1021.3,11.7,0.0,11.133333333333338,0.0,-2.4492935982947064e-16,1.0,1021.3,11.7,0.0,11.133333333333338,1021.4999999999997
2186,2186,2020-12-26,7.8,3.6,14.2,0.0,1021.9,0,12,361,1020.2,8.9,0.0,9.46666666666667,0.0,-2.4492935982947064e-16,1.0,1020.2,8.9,0.0,9.46666666666667,1021.1333333333331
2187,2187,2020-12-27,6.2,2.3,11.1,0.0,1010.8,0,12,362,1021.9,7.8,0.0,7.633333333333336,0.0,-2.4492935982947064e-16,1.0,1021.9,7.8,0.0,7.633333333333336,1017.6333333333331
2188,2188,2020-12-28,10.7,7.5,14.1,0.0,994.5,0,12,363,1010.8,6.2,0.0,8.233333333333336,0.0,-2.4492935982947064e-16,1.0,1010.8,6.2,0.0,8.233333333333336,1009.0666666666663
2189,2189,2020-12-29,10.3,6.3,14.4,0.0,1000.7,0,12,364,994.5,10.7,0.0,9.06666666666667,0.0,-2.4492935982947064e-16,1.0,994.5,10.7,0.0,9.06666666666667,1001.9999999999997
2190,2190,2020-12-30,9.0,5.1,13.3,0.0,1009.6,0,12,365,1000.7,10.3,0.0,10.000000000000004,0.0,-2.4492935982947064e-16,1.0,1000.7,10.3,0.0,10.000000000000004,1001.5999999999998
2191,2191,2020-12-31,8.6,3.6,13.8,0.0,1011.9,1,12,366,1009.6,9.0,0.0,9.300000000000004,0.0,-2.4492935982947064e-16,1.0,1009.6,9.0,0.0,9.300000000000004,1007.3999999999997
2192,2192,2021-01-01,7.2,5.3,8.5,10.1,1005.3,0,1,1,1011.9,8.6,0.0,8.266666666666671,10.1,0.49999999999999994,0.8660254037844387,1011.9,8.6,0.0,8.266666666666671,1008.9333333333329
2193,2193,2021-01-02,5.7,2.7,9.7,0.0,1006.2,0,1,2,1005.3,7.2,10.1,7.1666666666666705,10.1,0.49999999999999994,0.8660254037844387,1005.3,7.2,10.1,7.1666666666666705,1007.7999999999997
2194,2194,2021-01-03,5.4,1.4,9.7,0.0,1010.0,0,1,3,1006.2,5.7,0.0,6.100000000000004,10.1,0.49999999999999994,0.8660254037844387,1006.2,5.7,0.0,6.100000000000004,1007.1666666666664
2195,2195,2021-01-04,4.9,0.5,11.3,0.0,1009.6,0,1,4,1010.0,5.4,0.0,5.333333333333338,10.1,0.49999999999999994,0.8660254037844387,1010.0,5.4,0.0,5.333333333333338,1008.5999999999998
2196,2196,2021-01-05,3.8,0.6,10.1,0.0,1010.6,1,1,5,1009.6,4.9,0.0,4.700000000000004,10.1,0.49999999999999994,0.8660254037844387,1009.6,4.9,0.0,4.700000000000004,1010.0666666666663
2197,2197,2021-01-06,3.6,-0.5,10.6,0.7,1014.3,0,1,6,1010.6,3.8,0.0,4.100000000000004,10.799999999999999,0.49999999999999994,0.8660254037844387,1010.6,3.8,0.0,4.100000000000004,1011.4999999999997
2198,2198,2021-01-07,4.7,2.7,7.6,0.0,1014.3,1,1,7,1014.3,3.6,0.7,4.033333333333337,10.799999999999999,0.49999999999999994,0.8660254037844387,1014.3,3.6,0.7,4.033333333333337,1013.0666666666663
2199,2199,2021-01-08,4.2,1.2,7.4,5.7,1013.3,1,1,8,1014.3,4.7,0.0,4.1666666666666705,6.4,0.49999999999999994,0.8660254037844387,1014.3,4.7,0.0,4.1666666666666705,1013.9666666666664
2200,2200,2021-01-09,6.3,2.5,8.2,14.4,1007.1,1,1,9,1013.3,4.2,5.7,5.06666666666667,20.8,0.49999999999999994,0.8660254037844387,1013.3,4.2,5.7,5.06666666666667,1011.5666666666663
2201,2201,2021-01-10,6.7,4.9,8.1,7.4,1010.8,0,1,10,1007.1,6.3,14.4,5.733333333333337,28.200000000000003,0.49999999999999994,0.8660254037844387,1007.1,6.3,14.4,5.733333333333337,1010.3999999999996
2202,2202,2021-01-11,4.9,2.3,8.6,0.0,1019.7,0,1,11,1010.8,6.7,7.4,5.966666666666671,28.200000000000003,0.49999999999999994,0.8660254037844387,1010.8,6.7,7.4,5.966666666666671,1012.533333333333
2203,2203,2021-01-12,4.2,1.8,9.1,0.0,1024.8,0,1,12,1019.7,4.9,0.0,5.26666666666667,28.200000000000003,0.49999999999999994,0.8660254037844387,1019.7,4.9,0.0,5.26666666666667,1018.433333333333
2204,2204,2021-01-13,6.6,3.3,11.3,0.0,1026.0,0,1,13,1024.8,4.2,0.0,5.233333333333337,27.5,0.49999999999999994,0.8660254037844387,1024.8,4.2,0.0,5.233333333333337,1023.4999999999997
2205,2205,2021-01-14,6.7,4.6,10.5,0.0,1023.4,0,1,14,1026.0,6.6,0.0,5.833333333333337,27.5,0.49999999999999994,0.8660254037844387,1026.0,6.6,0.0,5.833333333333337,1024.7333333333331
2206,2206,2021-01-15,6.8,4.1,12.9,0.0,1021.0,0,1,15,1023.4,6.7,0.0,6.700000000000003,21.799999999999997,0.49999999999999994,0.8660254037844387,1023.4,6.7,0.0,6.700000000000003,1023.4666666666664
2207,2207,2021-01-16,6.8,2.9,13.5,0.0,1024.5,0,1,16,1021.0,6.8,0.0,6.76666666666667,7.4,0.49999999999999994,0.8660254037844387,1021.0,6.8,0.0,6.76666666666667,1022.9666666666664
2208,2208,2021-01-17,8.7,4.7,15.4,0.0,1023.0,1,1,17,1024.5,6.8,0.0,7.433333333333337,0.0,0.49999999999999994,0.8660254037844387,1024.5,6.8,0.0,7.433333333333337,1022.833333333333
2209,2209,2021-01-18,9.2,6.3,12.8,0.4,1026.9,0,1,18,1023.0,8.7,0.0,8.233333333333336,0.4,0.49999999999999994,0.8660254037844387,1023.0,8.7,0.0,8.233333333333336,1024.7999999999997
2210,2210,2021-01-19,8.6,3.7,14.5,0.0,1024.5,0,1,19,1026.9,9.2,0.4,8.833333333333336,0.4,0.49999999999999994,0.8660254037844387,1026.9,9.2,0.4,8.833333333333336,1024.7999999999997
2211,2211,2021-01-20,10.1,7.8,14.0,0.0,1014.6,1,1,20,1024.5,8.6,0.0,9.300000000000002,0.4,0.49999999999999994,0.8660254037844387,1024.5,8.6,0.0,9.300000000000002,1021.9999999999997
2212,2212,2021-01-21,11.3,6.4,15.3,0.5,1010.3,1,1,21,1014.6,10.1,0.0,10.000000000000004,0.9,0.49999999999999994,0.8660254037844387,1014.6,10.1,0.0,10.000000000000004,1016.4666666666664
2213,2213,2021-01-22,12.8,8.9,16.7,4.5,1003.4,0,1,22,1010.3,11.3,0.5,11.400000000000006,5.4,0.49999999999999994,0.8660254037844387,1010.3,11.3,0.5,11.400000000000006,1009.433333333333
2214,2214,2021-01-23,11.8,7.1,16.3,0.0,1008.0,0,1,23,1003.4,12.8,4.5,11.96666666666667,5.4,0.49999999999999994,0.8660254037844387,1003.4,12.8,4.5,11.96666666666667,1007.233333333333
2215,2215,2021-01-24,13.1,9.3,17.2,0.0,1005.3,0,1,24,1008.0,11.8,0.0,12.56666666666667,5.4,0.49999999999999994,0.8660254037844387,1008.0,11.8,0.0,12.56666666666667,1005.5666666666663
2216,2216,2021-01-25,11.9,9.5,14.9,0.0,1009.5,0,1,25,1005.3,13.1,0.0,12.266666666666671,5.0,0.49999999999999994,0.8660254037844387,1005.3,13.1,0.0,12.266666666666671,1007.5999999999998
2217,2217,2021-01-26,10.4,8.0,13.3,0.0,1021.3,0,1,26,1009.5,11.9,0.0,11.800000000000004,5.0,0.49999999999999994,0.8660254037844387,1009.5,11.9,0.0,11.800000000000004,1012.033333333333
2218,2218,2021-01-27,10.1,5.8,16.9,0.0,1020.5,0,1,27,1021.3,10.4,0.0,10.800000000000002,5.0,0.49999999999999994,0.8660254037844387,1021.3,10.4,0.0,10.800000000000002,1017.0999999999998
2219,2219,2021-01-28,11.9,7.5,18.5,0.0,1019.6,0,1,28,1020.5,10.1,0.0,10.800000000000004,4.5,0.49999999999999994,0.8660254037844387,1020.5,10.1,0.0,10.800000000000004,1020.4666666666664
2220,2220,2021-01-29,14.7,9.2,21.3,0.0,1015.4,1,1,29,1019.6,11.9,0.0,12.233333333333336,0.0,0.49999999999999994,0.8660254037844387,1019.6,11.9,0.0,12.233333333333336,1018.4999999999997
2221,2221,2021-01-30,13.9,9.2,20.0,0.6,1006.7,1,1,30,1015.4,14.7,0.0,13.500000000000005,0.6,0.49999999999999994,0.8660254037844387,1015.4,14.7,0.0,13.500000000000005,1013.8999999999996
2222,2222,2021-01-31,14.3,11.1,18.7,0.3,1003.4,0,1,31,1006.7,13.9,0.6,14.300000000000004,0.8999999999999999,0.49999999999999994,0.8660254037844387,1006.7,13.9,0.6,14.300000000000004,1008.4999999999997
2223,2223,2021-02-01,16.4,12.3,20.9,0.0,1004.4,0,2,32,1003.4,14.3,0.3,14.866666666666669,0.8999999999999999,0.8660254037844386,0.5000000000000001,1003.4,14.3,0.3,14.866666666666669,1004.833333333333
2224,2224,2021-02-02,14.7,11.2,18.5,0.0,1013.3,0,2,33,1004.4,16.4,0.0,15.133333333333335,0.8999999999999999,0.8660254037844386,0.5000000000000001,1004.4,16.4,0.0,15.133333333333335,1007.033333333333
2225,2225,2021-02-03,13.4,9.7,18.2,0.0,1012.4,0,2,34,1013.3,14.7,0.0,14.833333333333336,0.8999999999999999,0.8660254037844386,0.5000000000000001,1013.3,14.7,0.0,14.833333333333336,1010.033333333333
2226,2226,2021-02-04,11.8,9.9,14.5,0.0,1013.4,0,2,35,1012.4,13.4,0.0,13.300000000000004,0.8999999999999999,0.8660254037844386,0.5000000000000001,1012.4,13.4,0.0,13.300000000000004,1013.033333333333
2227,2227,2021-02-05,13.0,11.5,15.7,0.0,1010.7,1,2,36,1013.4,11.8,0.0,12.733333333333336,0.8999999999999999,0.8660254037844386,0.5000000000000001,1013.4,11.8,0.0,12.733333333333336,1012.1666666666664
2228,2228,2021-02-06,13.9,11.7,16.2,0.4,1002.0,0,2,37,1010.7,13.0,0.0,12.900000000000006,0.7,0.8660254037844386,0.5000000000000001,1010.7,13.0,0.0,12.900000000000006,1008.6999999999997
2229,2229,2021-02-07,11.1,7.9,14.1,0.0,1002.9,1,2,38,1002.0,13.9,0.4,12.66666666666667,0.4,0.8660254037844386,0.5000000000000001,1002.0,13.9,0.4,12.66666666666667,1005.1999999999997
2230,2230,2021-02-08,11.5,9.2,15.1,1.0,1000.3,1,2,39,1002.9,11.1,0.0,12.16666666666667,1.4,0.8660254037844386,0.5000000000000001,1002.9,11.1,0.0,12.16666666666667,1001.733333333333
2231,2231,2021-02-09,12.0,8.0,15.5,0.1,1003.4,1,2,40,1000.3,11.5,1.0,11.533333333333337,1.5,0.8660254037844386,0.5000000000000001,1000.3,11.5,1.0,11.533333333333337,1002.1999999999997
2232,2232,2021-02-10,11.2,10.3,16.1,0.1,1005.5,0,2,41,1003.4,12.0,0.1,11.56666666666667,1.6,0.8660254037844386,0.5000000000000001,1003.4,12.0,0.1,11.56666666666667,1003.0666666666663
2233,2233,2021-02-11,11.3,6.9,15.6,0.0,1016.7,1,2,42,1005.5,11.2,0.1,11.500000000000002,1.6,0.8660254037844386,0.5000000000000001,1005.5,11.2,0.1,11.500000000000002,1008.5333333333332
2234,2234,2021-02-12,11.8,9.0,17.0,4.1,1015.1,0,2,43,1016.7,11.3,0.0,11.433333333333337,5.699999999999999,0.8660254037844386,0.5000000000000001,1016.7,11.3,0.0,11.433333333333337,1012.433333333333
2235,2235,2021-02-13,13.5,7.5,15.7,0.0,1022.3,1,2,44,1015.1,11.8,4.1,12.200000000000005,5.299999999999999,0.8660254037844386,0.5000000000000001,1015.1,11.8,4.1,12.200000000000005,1018.033333333333
2236,2236,2021-02-14,9.8,8.2,13.0,0.4,1033.4,1,2,45,1022.3,13.5,0.0,11.700000000000003,5.699999999999999,0.8660254037844386,0.5000000000000001,1022.3,13.5,0.0,11.700000000000003,1023.5999999999998
2237,2237,2021-02-15,9.5,8.1,12.1,1.1,1035.8,0,2,46,1033.4,9.8,0.4,10.933333333333337,5.799999999999999,0.8660254037844386,0.5000000000000001,1033.4,9.8,0.4,10.933333333333337,1030.4999999999998
2238,2238,2021-02-16,12.2,9.0,15.1,0.0,1027.8,0,2,47,1035.8,9.5,1.1,10.500000000000005,5.699999999999999,0.8660254037844386,0.5000000000000001,1035.8,9.5,1.1,10.500000000000005,1032.333333333333
2239,2239,2021-02-17,11.1,8.5,16.5,0.0,1023.8,0,2,48,1027.8,12.2,0.0,10.933333333333337,5.6,0.8660254037844386,0.5000000000000001,1027.8,12.2,0.0,10.933333333333337,1029.133333333333
2240,2240,2021-02-18,11.0,8.4,14.6,0.0,1019.9,0,2,49,1023.8,11.1,0.0,11.433333333333337,5.6,0.8660254037844386,0.5000000000000001,1023.8,11.1,0.0,11.433333333333337,1023.8333333333329
2241,2241,2021-02-19,9.5,8.1,13.3,0.0,1020.6,0,2,50,1019.9,11.0,0.0,10.533333333333337,1.5,0.8660254037844386,0.5000000000000001,1019.9,11.0,0.0,10.533333333333337,1021.4333333333329
2242,2242,2021-02-20,12.1,8.4,14.9,0.0,1020.3,0,2,51,1020.6,9.5,0.0,10.866666666666669,1.5,0.8660254037844386,0.5000000000000001,1020.6,9.5,0.0,10.866666666666669,1020.2666666666663
2243,2243,2021-02-21,13.3,10.0,14.8,0.0,1014.9,1,2,52,1020.3,12.1,0.0,11.633333333333338,1.1,0.8660254037844386,0.5000000000000001,1020.3,12.1,0.0,11.633333333333338,1018.5999999999996
2244,2244,2021-02-22,13.2,11.7,14.9,9.1,1017.7,0,2,53,1014.9,13.3,0.0,12.866666666666669,9.1,0.8660254037844386,0.5000000000000001,1014.9,13.3,0.0,12.866666666666669,1017.6333333333329
2245,2245,2021-02-23,14.2,12.9,18.5,0.0,1032.9,0,2,54,1017.7,13.2,9.1,13.56666666666667,9.1,0.8660254037844386,0.5000000000000001,1017.7,13.2,9.1,13.56666666666667,1021.833333333333
2246,2246,2021-02-24,13.7,10.5,17.0,0.0,1034.9,0,2,55,1032.9,14.2,0.0,13.700000000000003,9.1,0.8660254037844386,0.5000000000000001,1032.9,14.2,0.0,13.700000000000003,1028.4999999999998
2247,2247,2021-02-25,12.4,10.1,16.5,0.0,1031.5,0,2,56,1034.9,13.7,0.0,13.433333333333337,9.1,0.8660254037844386,0.5000000000000001,1034.9,13.7,0.0,13.433333333333337,1033.0999999999997
2248,2248,2021-02-26,12.3,8.8,15.7,0.0,1030.4,0,2,57,1031.5,12.4,0.0,12.800000000000004,9.1,0.8660254037844386,0.5000000000000001,1031.5,12.4,0.0,12.800000000000004,1032.2666666666664
2249,2249,2021-02-27,11.7,8.1,15.7,0.0,1025.9,0,2,58,1030.4,12.3,0.0,12.133333333333335,9.1,0.8660254037844386,0.5000000000000001,1030.4,12.3,0.0,12.133333333333335,1029.2666666666664
2250,2250,2021-02-28,12.3,9.6,15.9,0.0,1025.4,0,2,59,1025.9,11.7,0.0,12.100000000000003,9.1,0.8660254037844386,0.5000000000000001,1025.9,11.7,0.0,12.100000000000003,1027.233333333333
2251,2251,2021-03-01,13.4,12.5,15.6,0.0,1026.2,0,3,60,1025.4,12.3,0.0,12.46666666666667,0.0,1.0,6.123233995736766e-17,1025.4,12.3,0.0,12.46666666666667,1025.833333333333
2252,2252,2021-03-02,13.4,12.5,15.3,0.0,1028.9,0,3,61,1026.2,13.4,0.0,13.033333333333337,0.0,1.0,6.123233995736766e-17,1026.2,13.4,0.0,13.033333333333337,1026.833333333333
2253,2253,2021-03-03,12.7,10.9,15.4,0.0,1030.3,0,3,62,1028.9,13.4,0.0,13.166666666666671,0.0,1.0,6.123233995736766e-17,1028.9,13.4,0.0,13.166666666666671,1028.4666666666662
2254,2254,2021-03-04,12.3,10.0,16.0,0.0,1023.8,0,3,63,1030.3,12.7,0.0,12.800000000000004,0.0,1.0,6.123233995736766e-17,1030.3,12.7,0.0,12.800000000000004,1027.6666666666663
2255,2255,2021-03-05,11.4,9.1,14.6,0.0,1018.8,0,3,64,1023.8,12.3,0.0,12.133333333333338,0.0,1.0,6.123233995736766e-17,1023.8,12.3,0.0,12.133333333333338,1024.2999999999995
2256,2256,2021-03-06,12.3,10.0,14.4,0.0,1022.6,1,3,65,1018.8,11.4,0.0,12.000000000000005,0.0,1.0,6.123233995736766e-17,1018.8,11.4,0.0,12.000000000000005,1021.733333333333
2257,2257,2021-03-07,12.2,10.5,14.2,0.7,1020.2,0,3,66,1022.6,12.3,0.0,11.96666666666667,0.7,1.0,6.123233995736766e-17,1022.6,12.3,0.0,11.96666666666667,1020.533333333333
2258,2258,2021-03-08,11.8,9.4,13.5,0.0,1015.1,0,3,67,1020.2,12.2,0.7,12.100000000000003,0.7,1.0,6.123233995736766e-17,1020.2,12.2,0.7,12.100000000000003,1019.2999999999996
2259,2259,2021-03-09,10.9,8.0,15.0,0.0,1016.8,0,3,68,1015.1,11.8,0.0,11.633333333333335,0.7,1.0,6.123233995736766e-17,1015.1,11.8,0.0,11.633333333333335,1017.3666666666663
2260,2260,2021-03-10,10.8,6.5,15.3,0.0,1021.4,0,3,69,1016.8,10.9,0.0,11.166666666666671,0.7,1.0,6.123233995736766e-17,1016.8,10.9,0.0,11.166666666666671,1017.7666666666663
2261,2261,2021-03-11,11.6,6.8,16.2,0.0,1021.7,0,3,70,1021.4,10.8,0.0,11.100000000000003,0.7,1.0,6.123233995736766e-17,1021.4,10.8,0.0,11.100000000000003,1019.9666666666662
2262,2262,2021-03-12,12.2,9.4,15.7,0.0,1020.5,0,3,71,1021.7,11.6,0.0,11.533333333333337,0.7,1.0,6.123233995736766e-17,1021.7,11.6,0.0,11.533333333333337,1021.1999999999997
2263,2263,2021-03-13,12.3,8.4,16.5,0.0,1021.2,0,3,72,1020.5,12.2,0.0,12.033333333333337,0.7,1.0,6.123233995736766e-17,1020.5,12.2,0.0,12.033333333333337,1021.1333333333329
2264,2264,2021-03-14,12.0,7.9,16.1,0.0,1020.9,0,3,73,1021.2,12.3,0.0,12.16666666666667,0.0,1.0,6.123233995736766e-17,1021.2,12.3,0.0,12.16666666666667,1020.8666666666663
2265,2265,2021-03-15,12.4,7.9,16.8,0.0,1023.1,0,3,74,1020.9,12.0,0.0,12.23333333333334,0.0,1.0,6.123233995736766e-17,1020.9,12.0,0.0,12.23333333333334,1021.733333333333
2266,2266,2021-03-16,11.6,7.6,16.1,0.0,1024.2,0,3,75,1023.1,12.4,0.0,12.000000000000002,0.0,1.0,6.123233995736766e-17,1023.1,12.4,0.0,12.000000000000002,1022.733333333333
2267,2267,2021-03-17,12.3,8.0,17.1,0.0,1021.3,1,3,76,1024.2,11.6,0.0,12.100000000000003,0.0,1.0,6.123233995736766e-17,1024.2,11.6,0.0,12.100000000000003,1022.8666666666663
2268,2268,2021-03-18,11.4,7.4,15.3,8.3,1018.3,1,3,77,1021.3,12.3,0.0,11.766666666666671,8.3,1.0,6.123233995736766e-17,1021.3,12.3,0.0,11.766666666666671,1021.2666666666664
2269,2269,2021-03-19,7.8,6.1,11.6,1.3,1013.7,0,3,78,1018.3,11.4,8.3,10.500000000000004,9.600000000000001,1.0,6.123233995736766e-17,1018.3,11.4,8.3,10.500000000000004,1017.7666666666663
2270,2270,2021-03-20,9.2,4.4,14.1,0.0,1016.2,0,3,79,1013.7,7.8,1.3,9.46666666666667,9.600000000000001,1.0,6.123233995736766e-17,1013.7,7.8,1.3,9.46666666666667,1016.0666666666663
2271,2271,2021-03-21,9.7,4.1,14.7,0.0,1017.1,0,3,80,1016.2,9.2,0.0,8.900000000000004,9.600000000000001,1.0,6.123233995736766e-17,1016.2,9.2,0.0,8.900000000000004,1015.6666666666664
2272,2272,2021-03-22,11.5,6.7,17.3,0.0,1016.3,0,3,81,1017.1,9.7,0.0,10.133333333333336,9.600000000000001,1.0,6.123233995736766e-17,1017.1,9.7,0.0,10.133333333333336,1016.533333333333
2273,2273,2021-03-23,11.7,7.7,16.1,0.0,1021.9,0,3,82,1016.3,11.5,0.0,10.966666666666669,9.600000000000001,1.0,6.123233995736766e-17,1016.3,11.5,0.0,10.966666666666669,1018.4333333333329
2274,2274,2021-03-24,12.0,7.6,16.0,0.0,1024.3,0,3,83,1021.9,11.7,0.0,11.733333333333336,9.600000000000001,1.0,6.123233995736766e-17,1021.9,11.7,0.0,11.733333333333336,1020.833333333333
2275,2275,2021-03-25,12.5,8.0,15.6,0.0,1023.8,0,3,84,1024.3,12.0,0.0,12.06666666666667,1.3,1.0,6.123233995736766e-17,1024.3,12.0,0.0,12.06666666666667,1023.3333333333329
2276,2276,2021-03-26,13.6,11.6,16.9,0.0,1022.0,0,3,85,1023.8,12.5,0.0,12.700000000000003,0.0,1.0,6.123233995736766e-17,1023.8,12.5,0.0,12.700000000000003,1023.3666666666662
2277,2277,2021-03-27,13.7,10.9,16.9,0.0,1026.8,0,3,86,1022.0,13.6,0.0,13.266666666666671,0.0,1.0,6.123233995736766e-17,1022.0,13.6,0.0,13.266666666666671,1024.1999999999996
2278,2278,2021-03-28,12.9,9.4,17.5,0.0,1030.5,0,3,87,1026.8,13.7,0.0,13.400000000000004,0.0,1.0,6.123233995736766e-17,1026.8,13.7,0.0,13.400000000000004,1026.4333333333327
2279,2279,2021-03-29,13.4,8.5,18.8,0.0,1032.0,0,3,88,1030.5,12.9,0.0,13.333333333333336,0.0,1.0,6.123233995736766e-17,1030.5,12.9,0.0,13.333333333333336,1029.7666666666662
2280,2280,2021-03-30,13.1,9.4,17.1,0.0,1030.1,0,3,89,1032.0,13.4,0.0,13.133333333333338,0.0,1.0,6.123233995736766e-17,1032.0,13.4,0.0,13.133333333333338,1030.866666666666
2281,2281,2021-03-31,12.7,8.8,17.8,0.0,1025.7,0,3,90,1030.1,13.1,0.0,13.06666666666667,0.0,1.0,6.123233995736766e-17,1030.1,13.1,0.0,13.06666666666667,1029.2666666666662
2282,2282,2021-04-01,13.6,7.9,19.6,0.0,1020.1,0,4,91,1025.7,12.7,0.0,13.133333333333338,0.0,0.8660254037844387,-0.4999999999999998,1025.7,12.7,0.0,13.133333333333338,1025.2999999999995
2283,2283,2021-04-02,15.4,10.8,20.1,0.0,1014.6,0,4,92,1020.1,13.6,0.0,13.900000000000004,0.0,0.8660254037844387,-0.4999999999999998,1020.1,13.6,0.0,13.900000000000004,1020.1333333333329
2284,2284,2021-04-03,16.0,12.2,21.8,0.0,1011.5,0,4,93,1014.6,15.4,0.0,15.000000000000005,0.0,0.8660254037844387,-0.4999999999999998,1014.6,15.4,0.0,15.000000000000005,1015.3999999999996
2285,2285,2021-04-04,14.4,11.3,18.4,0.0,1016.1,0,4,94,1011.5,16.0,0.0,15.266666666666671,0.0,0.8660254037844387,-0.4999999999999998,1011.5,16.0,0.0,15.266666666666671,1014.0666666666663
2286,2286,2021-04-05,14.1,10.8,18.3,0.0,1016.6,0,4,95,1016.1,14.4,0.0,14.833333333333337,0.0,0.8660254037844387,-0.4999999999999998,1016.1,14.4,0.0,14.833333333333337,1014.733333333333
2287,2287,2021-04-06,13.6,10.6,16.6,0.0,1011.9,0,4,96,1016.6,14.1,0.0,14.033333333333337,0.0,0.8660254037844387,-0.4999999999999998,1016.6,14.1,0.0,14.033333333333337,1014.8666666666663
2288,2288,2021-04-07,11.1,8.3,13.9,0.0,1020.3,0,4,97,1011.9,13.6,0.0,12.933333333333337,0.0,0.8660254037844387,-0.4999999999999998,1011.9,13.6,0.0,12.933333333333337,1016.2666666666663
2289,2289,2021-04-08,11.6,8.4,15.6,0.0,1025.5,0,4,98,1020.3,11.1,0.0,12.100000000000003,0.0,0.8660254037844387,-0.4999999999999998,1020.3,11.1,0.0,12.100000000000003,1019.233333333333
2290,2290,2021-04-09,11.8,8.0,15.6,0.0,1022.3,0,4,99,1025.5,11.6,0.0,11.500000000000002,0.0,0.8660254037844387,-0.4999999999999998,1025.5,11.6,0.0,11.500000000000002,1022.6999999999995
2291,2291,2021-04-10,12.6,10.6,14.8,0.0,1016.1,1,4,100,1022.3,11.8,0.0,12.000000000000005,0.0,0.8660254037844387,-0.4999999999999998,1022.3,11.8,0.0,12.000000000000005,1021.2999999999996
2292,2292,2021-04-11,13.0,10.0,16.1,5.6,1014.2,1,4,101,1016.1,12.6,0.0,12.466666666666669,5.6,0.8660254037844387,-0.4999999999999998,1016.1,12.6,0.0,12.466666666666669,1017.533333333333
2293,2293,2021-04-12,12.0,9.4,15.6,1.5,1022.8,0,4,102,1014.2,13.0,5.6,12.533333333333337,7.1,0.8660254037844387,-0.4999999999999998,1014.2,13.0,5.6,12.533333333333337,1017.6999999999997
2294,2294,2021-04-13,12.2,8.7,15.7,0.0,1024.5,0,4,103,1022.8,12.0,1.5,12.400000000000004,7.1,0.8660254037844387,-0.4999999999999998,1022.8,12.0,1.5,12.400000000000004,1020.4999999999997
2295,2295,2021-04-14,12.7,9.5,15.1,0.0,1021.2,0,4,104,1024.5,12.2,0.0,12.300000000000002,7.1,0.8660254037844387,-0.4999999999999998,1024.5,12.2,0.0,12.300000000000002,1022.833333333333
2296,2296,2021-04-15,12.3,9.3,15.9,0.0,1019.2,1,4,105,1021.2,12.7,0.0,12.400000000000004,7.1,0.8660254037844387,-0.4999999999999998,1021.2,12.7,0.0,12.400000000000004,1021.6333333333331
2297,2297,2021-04-16,12.2,8.4,15.9,0.7,1017.6,0,4,106,1019.2,12.3,0.0,12.400000000000004,7.8,0.8660254037844387,-0.4999999999999998,1019.2,12.3,0.0,12.400000000000004,1019.333333333333
2298,2298,2021-04-17,11.0,7.4,16.2,0.0,1017.6,0,4,107,1017.6,12.2,0.7,11.833333333333337,7.8,0.8660254037844387,-0.4999999999999998,1017.6,12.2,0.7,11.833333333333337,1018.1333333333331
2299,2299,2021-04-18,11.7,6.9,16.8,0.0,1019.2,0,4,108,1017.6,11.0,0.0,11.633333333333335,2.2,0.8660254037844387,-0.4999999999999998,1017.6,11.0,0.0,11.633333333333335,1018.1333333333331
2300,2300,2021-04-19,12.9,8.6,17.1,0.0,1018.1,1,4,109,1019.2,11.7,0.0,11.866666666666669,0.7,0.8660254037844387,-0.4999999999999998,1019.2,11.7,0.0,11.866666666666669,1018.2999999999997
2301,2301,2021-04-20,14.2,11.7,18.3,1.3,1015.4,0,4,110,1018.1,12.9,0.0,12.933333333333337,2.0,0.8660254037844387,-0.4999999999999998,1018.1,12.9,0.0,12.933333333333337,1017.5666666666663
2302,2302,2021-04-21,13.5,11.7,15.5,0.0,1014.4,0,4,111,1015.4,14.2,1.3,13.533333333333337,2.0,0.8660254037844387,-0.4999999999999998,1015.4,14.2,1.3,13.533333333333337,1015.9666666666664
2303,2303,2021-04-22,13.2,10.3,17.2,0.0,1017.4,0,4,112,1014.4,13.5,0.0,13.633333333333338,2.0,0.8660254037844387,-0.4999999999999998,1014.4,13.5,0.0,13.633333333333338,1015.733333333333
2304,2304,2021-04-23,13.9,8.9,18.5,0.0,1020.9,0,4,113,1017.4,13.2,0.0,13.533333333333337,1.3,0.8660254037844387,-0.4999999999999998,1017.4,13.2,0.0,13.533333333333337,1017.5666666666663
2305,2305,2021-04-24,14.1,9.4,18.2,0.0,1020.8,0,4,114,1020.9,13.9,0.0,13.733333333333336,1.3,0.8660254037844387,-0.4999999999999998,1020.9,13.9,0.0,13.733333333333336,1019.6999999999997
2306,2306,2021-04-25,15.9,12.3,20.5,0.0,1015.6,1,4,115,1020.8,14.1,0.0,14.633333333333338,1.3,0.8660254037844387,-0.4999999999999998,1020.8,14.1,0.0,14.633333333333338,1019.0999999999998
2307,2307,2021-04-26,15.6,12.8,19.1,2.0,1007.8,0,4,116,1015.6,15.9,0.0,15.200000000000003,3.3,0.8660254037844387,-0.4999999999999998,1015.6,15.9,0.0,15.200000000000003,1014.733333333333
2308,2308,2021-04-27,14.7,12.0,18.4,0.0,1006.4,0,4,117,1007.8,15.6,2.0,15.400000000000004,2.0,0.8660254037844387,-0.4999999999999998,1007.8,15.6,2.0,15.400000000000004,1009.933333333333
2309,2309,2021-04-28,15.6,14.3,18.9,0.0,1007.0,0,4,118,1006.4,14.7,0.0,15.300000000000002,2.0,0.8660254037844387,-0.4999999999999998,1006.4,14.7,0.0,15.300000000000002,1007.0666666666663
2310,2310,2021-04-29,16.1,15.1,19.3,0.0,1008.0,1,4,119,1007.0,15.6,0.0,15.466666666666669,2.0,0.8660254037844387,-0.4999999999999998,1007.0,15.6,0.0,15.466666666666669,1007.1333333333331
2311,2311,2021-04-30,16.0,15.0,20.4,22.2,1009.1,1,4,120,1008.0,16.1,0.0,15.900000000000006,24.2,0.8660254037844387,-0.4999999999999998,1008.0,16.1,0.0,15.900000000000006,1008.033333333333
2312,2312,2021-05-01,14.8,12.8,18.7,4.1,1009.9,1,5,121,1009.1,16.0,22.2,15.633333333333338,28.299999999999997,0.49999999999999994,-0.8660254037844387,1009.1,16.0,22.2,15.633333333333338,1008.9999999999997
2313,2313,2021-05-02,13.3,10.6,16.2,1.1,1018.9,0,5,122,1009.9,14.8,4.1,14.700000000000003,29.4,0.49999999999999994,-0.8660254037844387,1009.9,14.8,4.1,14.700000000000003,1012.6333333333329
2314,2314,2021-05-03,13.6,9.7,17.9,0.0,1022.0,0,5,123,1018.9,13.3,1.1,13.900000000000004,27.4,0.49999999999999994,-0.8660254037844387,1018.9,13.3,1.1,13.900000000000004,1016.933333333333
2315,2315,2021-05-04,14.4,10.0,18.7,0.0,1018.0,0,5,124,1022.0,13.6,0.0,13.766666666666671,27.4,0.49999999999999994,-0.8660254037844387,1022.0,13.6,0.0,13.766666666666671,1019.6333333333329
2316,2316,2021-05-05,16.0,12.8,20.4,0.0,1015.5,0,5,125,1018.0,14.4,0.0,14.666666666666671,27.4,0.49999999999999994,-0.8660254037844387,1018.0,14.4,0.0,14.666666666666671,1018.4999999999997
2317,2317,2021-05-06,17.0,14.7,20.5,0.0,1015.9,0,5,126,1015.5,16.0,0.0,15.800000000000002,27.4,0.49999999999999994,-0.8660254037844387,1015.5,16.0,0.0,15.800000000000002,1016.4666666666664
2318,2318,2021-05-07,17.1,14.3,20.8,0.0,1017.0,0,5,127,1015.9,17.0,0.0,16.700000000000003,5.199999999999999,0.49999999999999994,-0.8660254037844387,1015.9,17.0,0.0,16.700000000000003,1016.1333333333331
2319,2319,2021-05-08,17.9,14.8,22.3,0.0,1017.8,0,5,128,1017.0,17.1,0.0,17.33333333333334,1.1,0.49999999999999994,-0.8660254037844387,1017.0,17.1,0.0,17.33333333333334,1016.8999999999996
2320,2320,2021-05-09,17.7,14.1,21.6,0.0,1010.1,1,5,129,1017.8,17.9,0.0,17.56666666666667,0.0,0.49999999999999994,-0.8660254037844387,1017.8,17.9,0.0,17.56666666666667,1014.9666666666662
2321,2321,2021-05-10,17.3,15.5,20.5,5.1,1008.4,0,5,130,1010.1,17.7,0.0,17.633333333333336,5.1,0.49999999999999994,-0.8660254037844387,1010.1,17.7,0.0,17.633333333333336,1012.0999999999996
2322,2322,2021-05-11,16.8,12.2,24.0,0.0,1012.7,0,5,131,1008.4,17.3,5.1,17.26666666666667,5.1,0.49999999999999994,-0.8660254037844387,1008.4,17.3,5.1,17.26666666666667,1010.3999999999997
2323,2323,2021-05-12,15.9,11.3,21.8,0.0,1014.7,1,5,132,1012.7,16.8,0.0,16.666666666666668,5.1,0.49999999999999994,-0.8660254037844387,1012.7,16.8,0.0,16.666666666666668,1011.933333333333
2324,2324,2021-05-13,16.8,14.3,21.3,1.7,1012.8,0,5,133,1014.7,15.9,0.0,16.500000000000004,6.8,0.49999999999999994,-0.8660254037844387,1014.7,15.9,0.0,16.500000000000004,1013.3999999999996
2325,2325,2021-05-14,16.8,14.6,22.0,0.0,1012.6,0,5,134,1012.8,16.8,1.7,16.500000000000004,6.8,0.49999999999999994,-0.8660254037844387,1012.8,16.8,1.7,16.500000000000004,1013.3666666666664
2326,2326,2021-05-15,17.2,13.7,21.8,0.0,1013.1,0,5,135,1012.6,16.8,0.0,16.933333333333337,6.8,0.49999999999999994,-0.8660254037844387,1012.6,16.8,0.0,16.933333333333337,1012.833333333333
2327,2327,2021-05-16,19.3,15.7,26.2,0.0,1010.2,0,5,136,1013.1,17.2,0.0,17.76666666666667,6.8,0.49999999999999994,-0.8660254037844387,1013.1,17.2,0.0,17.76666666666667,1011.9666666666664
2328,2328,2021-05-17,16.7,14.8,19.9,0.0,1017.2,1,5,137,1010.2,19.3,0.0,17.733333333333338,1.7,0.49999999999999994,-0.8660254037844387,1010.2,19.3,0.0,17.733333333333338,1013.4999999999997
2329,2329,2021-05-18,17.8,16.3,21.2,0.6,1018.5,1,5,138,1017.2,16.7,0.0,17.933333333333337,2.3,0.49999999999999994,-0.8660254037844387,1017.2,16.7,0.0,17.933333333333337,1015.2999999999997
2330,2330,2021-05-19,16.6,15.3,19.7,0.6,1021.3,0,5,139,1018.5,17.8,0.6,17.033333333333342,2.9,0.49999999999999994,-0.8660254037844387,1018.5,17.8,0.6,17.033333333333342,1018.9999999999997
2331,2331,2021-05-20,17.4,15.8,20.7,0.0,1023.2,0,5,140,1021.3,16.6,0.6,17.26666666666667,1.2,0.49999999999999994,-0.8660254037844387,1021.3,16.6,0.6,17.26666666666667,1020.9999999999997
2332,2332,2021-05-21,17.9,15.6,21.3,0.0,1016.8,0,5,141,1023.2,17.4,0.0,17.300000000000008,1.2,0.49999999999999994,-0.8660254037844387,1023.2,17.4,0.0,17.300000000000008,1020.433333333333
2333,2333,2021-05-22,16.7,14.8,19.2,0.0,1014.4,1,5,142,1016.8,17.9,0.0,17.333333333333336,1.2,0.49999999999999994,-0.8660254037844387,1016.8,17.9,0.0,17.333333333333336,1018.1333333333329
2334,2334,2021-05-23,15.6,14.5,18.0,1.0,1018.4,0,5,143,1014.4,16.7,0.0,16.733333333333338,2.2,0.49999999999999994,-0.8660254037844387,1014.4,16.7,0.0,16.733333333333338,1016.533333333333
2335,2335,2021-05-24,17.7,15.2,21.9,0.0,1017.3,0,5,144,1018.4,15.6,1.0,16.666666666666668,2.2,0.49999999999999994,-0.8660254037844387,1018.4,15.6,1.0,16.666666666666668,1016.6999999999997
2336,2336,2021-05-25,16.8,16.3,19.3,0.0,1024.9,0,5,145,1017.3,17.7,0.0,16.700000000000003,1.5999999999999999,0.49999999999999994,-0.8660254037844387,1017.3,17.7,0.0,16.700000000000003,1020.1999999999998
2337,2337,2021-05-26,16.9,13.5,20.5,0.0,1021.1,0,5,146,1024.9,16.8,0.0,17.133333333333336,1.0,0.49999999999999994,-0.8660254037844387,1024.9,16.8,0.0,17.133333333333336,1021.0999999999998
2338,2338,2021-05-27,18.1,15.5,22.5,0.0,1017.8,0,5,147,1021.1,16.9,0.0,17.26666666666667,1.0,0.49999999999999994,-0.8660254037844387,1021.1,16.9,0.0,17.26666666666667,1021.2666666666664
2339,2339,2021-05-28,19.1,16.0,24.1,0.0,1017.2,0,5,148,1017.8,18.1,0.0,18.033333333333342,1.0,0.49999999999999994,-0.8660254037844387,1017.8,18.1,0.0,18.033333333333342,1018.6999999999998
2340,2340,2021-05-29,20.6,15.4,24.8,0.0,1018.3,0,5,149,1017.2,19.1,0.0,19.26666666666667,1.0,0.49999999999999994,-0.8660254037844387,1017.2,19.1,0.0,19.26666666666667,1017.7666666666664
2341,2341,2021-05-30,21.2,19.5,24.9,0.0,1017.9,0,5,150,1018.3,20.6,0.0,20.300000000000008,0.0,0.49999999999999994,-0.8660254037844387,1018.3,20.6,0.0,20.300000000000008,1017.7999999999997
2342,2342,2021-05-31,20.7,19.3,24.5,0.0,1016.5,1,5,151,1017.9,21.2,0.0,20.83333333333334,0.0,0.49999999999999994,-0.8660254037844387,1017.9,21.2,0.0,20.83333333333334,1017.5666666666665
2343,2343,2021-06-01,20.0,17.6,23.9,0.2,1013.3,0,6,152,1016.5,20.7,0.0,20.63333333333334,0.2,1.2246467991473532e-16,-1.0,1016.5,20.7,0.0,20.63333333333334,1015.8999999999996
2344,2344,2021-06-02,20.4,18.2,23.9,0.0,1015.3,0,6,153,1013.3,20.0,0.2,20.36666666666667,0.2,1.2246467991473532e-16,-1.0,1013.3,20.0,0.2,20.36666666666667,1015.0333333333332
2345,2345,2021-06-03,21.0,19.5,24.0,0.0,1020.1,0,6,154,1015.3,20.4,0.0,20.46666666666667,0.2,1.2246467991473532e-16,-1.0,1015.3,20.4,0.0,20.46666666666667,1016.2333333333331
2346,2346,2021-06-04,21.2,20.4,24.1,0.0,1021.2,0,6,155,1020.1,21.0,0.0,20.86666666666667,0.2,1.2246467991473532e-16,-1.0,1020.1,21.0,0.0,20.86666666666667,1018.8666666666664
2347,2347,2021-06-05,20.4,19.1,24.7,0.0,1022.3,0,6,156,1021.2,21.2,0.0,20.86666666666667,0.2,1.2246467991473532e-16,-1.0,1021.2,21.2,0.0,20.86666666666667,1021.1999999999998
2348,2348,2021-06-06,21.6,19.3,25.7,0.0,1020.0,0,6,157,1022.3,20.4,0.0,21.06666666666667,0.2,1.2246467991473532e-16,-1.0,1022.3,20.4,0.0,21.06666666666667,1021.1666666666665
2349,2349,2021-06-07,20.5,17.4,24.3,0.0,1020.3,0,6,158,1020.0,21.6,0.0,20.83333333333334,0.2,1.2246467991473532e-16,-1.0,1020.0,21.6,0.0,20.83333333333334,1020.8666666666663
2350,2350,2021-06-08,20.9,17.9,25.4,0.0,1020.3,0,6,159,1020.3,20.5,0.0,21.000000000000004,0.0,1.2246467991473532e-16,-1.0,1020.3,20.5,0.0,21.000000000000004,1020.1999999999998
2351,2351,2021-06-09,22.4,18.1,27.4,0.0,1020.0,0,6,160,1020.3,20.9,0.0,21.26666666666667,0.0,1.2246467991473532e-16,-1.0,1020.3,20.9,0.0,21.26666666666667,1020.1999999999998
2352,2352,2021-06-10,23.8,19.4,29.4,0.0,1018.9,0,6,161,1020.0,22.4,0.0,22.36666666666667,0.0,1.2246467991473532e-16,-1.0,1020.0,22.4,0.0,22.36666666666667,1019.733333333333
2353,2353,2021-06-11,24.7,20.9,29.8,0.0,1017.4,0,6,162,1018.9,23.8,0.0,23.633333333333336,0.0,1.2246467991473532e-16,-1.0,1018.9,23.8,0.0,23.633333333333336,1018.7666666666664
2354,2354,2021-06-12,25.1,20.6,32.2,0.0,1019.5,0,6,163,1017.4,24.7,0.0,24.533333333333342,0.0,1.2246467991473532e-16,-1.0,1017.4,24.7,0.0,24.533333333333342,1018.5999999999998
2355,2355,2021-06-13,25.8,23.1,31.0,0.0,1020.0,0,6,164,1019.5,25.1,0.0,25.200000000000006,0.0,1.2246467991473532e-16,-1.0,1019.5,25.1,0.0,25.200000000000006,1018.9666666666664
2356,2356,2021-06-14,25.7,23.1,30.4,0.0,1017.4,0,6,165,1020.0,25.8,0.0,25.533333333333342,0.0,1.2246467991473532e-16,-1.0,1020.0,25.8,0.0,25.533333333333342,1018.9666666666664
2357,2357,2021-06-15,26.2,21.8,32.5,0.0,1016.7,0,6,166,1017.4,25.7,0.0,25.900000000000006,0.0,1.2246467991473532e-16,-1.0,1017.4,25.7,0.0,25.900000000000006,1018.0333333333332
2358,2358,2021-06-16,25.7,24.2,30.2,0.0,1013.3,1,6,167,1016.7,26.2,0.0,25.866666666666674,0.0,1.2246467991473532e-16,-1.0,1016.7,26.2,0.0,25.866666666666674,1015.7999999999997
2359,2359,2021-06-17,24.4,21.9,27.4,0.3,1010.7,0,6,168,1013.3,25.7,0.0,25.433333333333337,0.3,1.2246467991473532e-16,-1.0,1013.3,25.7,0.0,25.433333333333337,1013.5666666666665
2360,2360,2021-06-18,23.4,20.0,29.3,0.0,1013.6,1,6,169,1010.7,24.4,0.3,24.5,0.3,1.2246467991473532e-16,-1.0,1010.7,24.4,0.3,24.5,1012.5333333333332
2361,2361,2021-06-19,24.0,22.6,27.1,0.1,1014.4,0,6,170,1013.6,23.4,0.0,23.933333333333337,0.4,1.2246467991473532e-16,-1.0,1013.6,23.4,0.0,23.933333333333337,1012.8999999999997
2362,2362,2021-06-20,23.8,22.0,28.1,0.0,1009.4,0,6,171,1014.4,24.0,0.1,23.733333333333338,0.4,1.2246467991473532e-16,-1.0,1014.4,24.0,0.1,23.733333333333338,1012.4666666666664
2363,2363,2021-06-21,24.3,21.4,28.2,0.0,1008.6,1,6,172,1009.4,23.8,0.0,24.033333333333342,0.4,1.2246467991473532e-16,-1.0,1009.4,23.8,0.0,24.033333333333342,1010.7999999999998
2364,2364,2021-06-22,22.9,21.9,26.0,0.3,1012.6,1,6,173,1008.6,24.3,0.0,23.66666666666667,0.7,1.2246467991473532e-16,-1.0,1008.6,24.3,0.0,23.66666666666667,1010.1999999999998
2365,2365,2021-06-23,20.9,17.6,26.3,2.4,1016.6,0,6,174,1012.6,22.9,0.3,22.700000000000006,3.0999999999999996,1.2246467991473532e-16,-1.0,1012.6,22.9,0.3,22.700000000000006,1012.5999999999998
2366,2366,2021-06-24,21.3,18.0,25.9,0.0,1020.2,0,6,175,1016.6,20.9,2.4,21.700000000000003,2.8000000000000003,1.2246467991473532e-16,-1.0,1016.6,20.9,2.4,21.700000000000003,1016.4666666666666
2367,2367,2021-06-25,22.1,18.8,26.3,0.0,1019.9,0,6,176,1020.2,21.3,0.0,21.433333333333337,2.8000000000000003,1.2246467991473532e-16,-1.0,1020.2,21.3,0.0,21.433333333333337,1018.8999999999997
2368,2368,2021-06-26,22.6,19.7,26.7,0.0,1016.7,0,6,177,1019.9,22.1,0.0,22.000000000000004,2.7,1.2246467991473532e-16,-1.0,1019.9,22.1,0.0,22.000000000000004,1018.933333333333
2369,2369,2021-06-27,23.4,21.0,27.0,0.0,1013.7,0,6,178,1016.7,22.6,0.0,22.700000000000006,2.7,1.2246467991473532e-16,-1.0,1016.7,22.6,0.0,22.700000000000006,1016.7666666666664
2370,2370,2021-06-28,23.3,20.1,27.2,0.0,1013.3,0,6,179,1013.7,23.4,0.0,23.100000000000005,2.7,1.2246467991473532e-16,-1.0,1013.7,23.4,0.0,23.100000000000005,1014.5666666666665
2371,2371,2021-06-29,23.4,21.8,26.3,0.0,1016.4,0,6,180,1013.3,23.3,0.0,23.366666666666674,2.4000000000000004,1.2246467991473532e-16,-1.0,1013.3,23.3,0.0,23.366666666666674,1014.4666666666666
2372,2372,2021-06-30,23.6,23.0,26.5,0.0,1017.7,0,6,181,1016.4,23.4,0.0,23.433333333333337,0.0,1.2246467991473532e-16,-1.0,1016.4,23.4,0.0,23.433333333333337,1015.7999999999997
2373,2373,2021-07-01,24.1,21.9,27.4,0.0,1017.3,0,7,182,1017.7,23.6,0.0,23.700000000000006,0.0,-0.4999999999999997,-0.8660254037844388,1017.7,23.6,0.0,23.700000000000006,1017.1333333333332
2374,2374,2021-07-02,23.7,20.1,28.5,0.0,1016.4,0,7,183,1017.3,24.1,0.0,23.800000000000008,0.0,-0.4999999999999997,-0.8660254037844388,1017.3,24.1,0.0,23.800000000000008,1017.1333333333331
2375,2375,2021-07-03,24.3,21.7,28.6,0.0,1014.3,0,7,184,1016.4,23.7,0.0,24.033333333333342,0.0,-0.4999999999999997,-0.8660254037844388,1016.4,23.7,0.0,24.033333333333342,1015.9999999999997
2376,2376,2021-07-04,23.9,21.8,28.6,0.0,1013.4,0,7,185,1014.3,24.3,0.0,23.96666666666667,0.0,-0.4999999999999997,-0.8660254037844388,1014.3,24.3,0.0,23.96666666666667,1014.6999999999998
2377,2377,2021-07-05,24.1,20.8,28.2,0.0,1014.1,0,7,186,1013.4,23.9,0.0,24.100000000000005,0.0,-0.4999999999999997,-0.8660254037844388,1013.4,23.9,0.0,24.100000000000005,1013.933333333333
2378,2378,2021-07-06,26.5,24.7,28.6,0.0,1010.4,0,7,187,1014.1,24.1,0.0,24.83333333333334,0.0,-0.4999999999999997,-0.8660254037844388,1014.1,24.1,0.0,24.83333333333334,1012.6333333333332
2379,2379,2021-07-07,24.4,22.8,27.3,0.0,1014.5,0,7,188,1010.4,26.5,0.0,25.000000000000004,0.0,-0.4999999999999997,-0.8660254037844388,1010.4,26.5,0.0,25.000000000000004,1012.9999999999997
2380,2380,2021-07-08,23.8,22.0,27.6,0.0,1020.2,0,7,189,1014.5,24.4,0.0,24.900000000000006,0.0,-0.4999999999999997,-0.8660254037844388,1014.5,24.4,0.0,24.900000000000006,1015.0333333333332
2381,2381,2021-07-09,24.2,20.9,27.9,0.0,1021.6,0,7,190,1020.2,23.8,0.0,24.133333333333336,0.0,-0.4999999999999997,-0.8660254037844388,1020.2,23.8,0.0,24.133333333333336,1018.7666666666664
2382,2382,2021-07-10,24.1,20.9,28.5,0.0,1017.4,0,7,191,1021.6,24.2,0.0,24.033333333333342,0.0,-0.4999999999999997,-0.8660254037844388,1021.6,24.2,0.0,24.033333333333342,1019.7333333333331
2383,2383,2021-07-11,24.6,21.4,28.5,0.0,1015.8,0,7,192,1017.4,24.1,0.0,24.300000000000008,0.0,-0.4999999999999997,-0.8660254037844388,1017.4,24.1,0.0,24.300000000000008,1018.2666666666664
2384,2384,2021-07-12,24.7,22.4,29.1,0.0,1010.3,0,7,193,1015.8,24.6,0.0,24.466666666666672,0.0,-0.4999999999999997,-0.8660254037844388,1015.8,24.6,0.0,24.466666666666672,1014.4999999999997
2385,2385,2021-07-13,22.6,18.3,27.5,0.0,1014.2,1,7,194,1010.3,24.7,0.0,23.966666666666672,0.0,-0.4999999999999997,-0.8660254037844388,1010.3,24.7,0.0,23.966666666666672,1013.433333333333
2386,2386,2021-07-14,22.3,18.9,26.4,2.1,1018.0,0,7,195,1014.2,22.6,0.0,23.200000000000006,2.1,-0.4999999999999997,-0.8660254037844388,1014.2,22.6,0.0,23.200000000000006,1014.1666666666664
2387,2387,2021-07-15,23.3,20.8,27.1,0.0,1018.9,0,7,196,1018.0,22.3,2.1,22.733333333333338,2.1,-0.4999999999999997,-0.8660254037844388,1018.0,22.3,2.1,22.733333333333338,1017.0333333333332
2388,2388,2021-07-16,23.7,21.5,27.5,0.0,1018.2,0,7,197,1018.9,23.3,0.0,23.100000000000005,2.1,-0.4999999999999997,-0.8660254037844388,1018.9,23.3,0.0,23.100000000000005,1018.3666666666664
2389,2389,2021-07-17,23.8,21.3,28.0,0.0,1017.3,0,7,198,1018.2,23.7,0.0,23.600000000000005,2.1,-0.4999999999999997,-0.8660254037844388,1018.2,23.7,0.0,23.600000000000005,1018.1333333333331
2390,2390,2021-07-18,24.3,21.2,28.9,0.0,1013.9,0,7,199,1017.3,23.8,0.0,23.933333333333337,2.1,-0.4999999999999997,-0.8660254037844388,1017.3,23.8,0.0,23.933333333333337,1016.4666666666664
2391,2391,2021-07-19,26.1,22.4,30.4,0.0,1012.6,0,7,200,1013.9,24.3,0.0,24.733333333333338,2.1,-0.4999999999999997,-0.8660254037844388,1013.9,24.3,0.0,24.733333333333338,1014.5999999999998
2392,2392,2021-07-20,25.3,22.8,29.7,0.0,1014.4,0,7,201,1012.6,26.1,0.0,25.233333333333338,2.1,-0.4999999999999997,-0.8660254037844388,1012.6,26.1,0.0,25.233333333333338,1013.6333333333331
2393,2393,2021-07-21,25.7,23.9,29.2,0.0,1017.3,0,7,202,1014.4,25.3,0.0,25.700000000000006,0.0,-0.4999999999999997,-0.8660254037844388,1014.4,25.3,0.0,25.700000000000006,1014.7666666666664
2394,2394,2021-07-22,25.8,22.3,30.5,0.0,1017.0,0,7,203,1017.3,25.7,0.0,25.600000000000005,0.0,-0.4999999999999997,-0.8660254037844388,1017.3,25.7,0.0,25.600000000000005,1016.2333333333331
2395,2395,2021-07-23,26.1,22.5,30.5,0.0,1013.2,0,7,204,1017.0,25.8,0.0,25.866666666666674,0.0,-0.4999999999999997,-0.8660254037844388,1017.0,25.8,0.0,25.866666666666674,1015.833333333333
2396,2396,2021-07-24,25.8,23.8,28.9,0.0,1009.1,0,7,205,1013.2,26.1,0.0,25.900000000000006,0.0,-0.4999999999999997,-0.8660254037844388,1013.2,26.1,0.0,25.900000000000006,1013.0999999999998
2397,2397,2021-07-25,25.3,23.3,30.2,0.0,1010.1,0,7,206,1009.1,25.8,0.0,25.733333333333338,0.0,-0.4999999999999997,-0.8660254037844388,1009.1,25.8,0.0,25.733333333333338,1010.7999999999998
2398,2398,2021-07-26,25.1,23.0,30.1,0.0,1013.0,0,7,207,1010.1,25.3,0.0,25.400000000000006,0.0,-0.4999999999999997,-0.8660254037844388,1010.1,25.3,0.0,25.400000000000006,1010.7333333333331
2399,2399,2021-07-27,25.0,22.0,29.2,0.0,1014.7,0,7,208,1013.0,25.1,0.0,25.13333333333334,0.0,-0.4999999999999997,-0.8660254037844388,1013.0,25.1,0.0,25.13333333333334,1012.5999999999998
2400,2400,2021-07-28,24.5,23.0,28.2,0.0,1015.0,0,7,209,1014.7,25.0,0.0,24.866666666666674,0.0,-0.4999999999999997,-0.8660254037844388,1014.7,25.0,0.0,24.866666666666674,1014.2333333333331
2401,2401,2021-07-29,24.6,21.9,28.5,0.0,1015.0,0,7,210,1015.0,24.5,0.0,24.700000000000003,0.0,-0.4999999999999997,-0.8660254037844388,1015.0,24.5,0.0,24.700000000000003,1014.8999999999997
2402,2402,2021-07-30,25.6,23.3,30.1,0.0,1011.8,1,7,211,1015.0,24.6,0.0,24.900000000000006,0.0,-0.4999999999999997,-0.8660254037844388,1015.0,24.6,0.0,24.900000000000006,1013.933333333333
2403,2403,2021-07-31,25.4,18.0,28.0,5.6,1010.4,1,7,212,1011.8,25.6,0.0,25.200000000000003,5.6,-0.4999999999999997,-0.8660254037844388,1011.8,25.6,0.0,25.200000000000003,1012.3999999999997
2404,2404,2021-08-01,22.3,18.0,26.5,1.0,1013.6,0,8,213,1010.4,25.4,5.6,24.433333333333337,6.6,-0.8660254037844385,-0.5000000000000004,1010.4,25.4,5.6,24.433333333333337,1011.933333333333
2405,2405,2021-08-02,23.2,19.7,27.8,0.0,1016.3,0,8,214,1013.6,22.3,1.0,23.633333333333336,6.6,-0.8660254037844385,-0.5000000000000004,1013.6,22.3,1.0,23.633333333333336,1013.433333333333
2406,2406,2021-08-03,24.7,21.1,28.6,0.0,1015.8,1,8,215,1016.3,23.2,0.0,23.400000000000006,6.6,-0.8660254037844385,-0.5000000000000004,1016.3,23.2,0.0,23.400000000000006,1015.233333333333
2407,2407,2021-08-04,24.3,20.9,29.1,2.3,1013.3,0,8,216,1015.8,24.7,0.0,24.066666666666674,8.899999999999999,-0.8660254037844385,-0.5000000000000004,1015.8,24.7,0.0,24.066666666666674,1015.1333333333331
2408,2408,2021-08-05,24.1,20.8,28.9,0.0,1014.1,0,8,217,1013.3,24.3,2.3,24.36666666666667,8.899999999999999,-0.8660254037844385,-0.5000000000000004,1013.3,24.3,2.3,24.36666666666667,1014.3999999999997
2409,2409,2021-08-06,24.7,24.1,27.8,0.0,1010.6,0,8,218,1014.1,24.1,0.0,24.366666666666674,8.899999999999999,-0.8660254037844385,-0.5000000000000004,1014.1,24.1,0.0,24.366666666666674,1012.6666666666664
2410,2410,2021-08-07,25.3,24.0,29.7,0.0,1006.9,0,8,219,1010.6,24.7,0.0,24.700000000000006,3.3,-0.8660254037844385,-0.5000000000000004,1010.6,24.7,0.0,24.700000000000006,1010.5333333333332
2411,2411,2021-08-08,23.7,21.7,26.6,0.0,1015.4,0,8,220,1006.9,25.3,0.0,24.566666666666674,2.3,-0.8660254037844385,-0.5000000000000004,1006.9,25.3,0.0,24.566666666666674,1010.9666666666666
2412,2412,2021-08-09,23.0,20.2,27.7,0.0,1017.7,0,8,221,1015.4,23.7,0.0,24.000000000000004,2.3,-0.8660254037844385,-0.5000000000000004,1015.4,23.7,0.0,24.000000000000004,1013.333333333333
2413,2413,2021-08-10,24.7,21.2,30.9,0.0,1016.5,0,8,222,1017.7,23.0,0.0,23.800000000000008,2.3,-0.8660254037844385,-0.5000000000000004,1017.7,23.0,0.0,23.800000000000008,1016.5333333333332
2414,2414,2021-08-11,26.0,23.0,31.8,0.0,1016.8,0,8,223,1016.5,24.7,0.0,24.566666666666674,0.0,-0.8660254037844385,-0.5000000000000004,1016.5,24.7,0.0,24.566666666666674,1016.9999999999997
2415,2415,2021-08-12,26.6,24.2,30.8,0.0,1017.1,0,8,224,1016.8,26.0,0.0,25.76666666666667,0.0,-0.8660254037844385,-0.5000000000000004,1016.8,26.0,0.0,25.76666666666667,1016.7999999999997
2416,2416,2021-08-13,26.3,23.1,32.5,0.0,1020.4,0,8,225,1017.1,26.6,0.0,26.3,0.0,-0.8660254037844385,-0.5000000000000004,1017.1,26.6,0.0,26.3,1018.0999999999998
2417,2417,2021-08-14,26.9,23.7,32.5,0.0,1018.3,0,8,226,1020.4,26.3,0.0,26.600000000000005,0.0,-0.8660254037844385,-0.5000000000000004,1020.4,26.3,0.0,26.600000000000005,1018.5999999999998
2418,2418,2021-08-15,26.6,25.4,30.4,0.0,1015.9,0,8,227,1018.3,26.9,0.0,26.600000000000005,0.0,-0.8660254037844385,-0.5000000000000004,1018.3,26.9,0.0,26.600000000000005,1018.1999999999998
2419,2419,2021-08-16,26.0,24.6,29.6,0.0,1016.3,0,8,228,1015.9,26.6,0.0,26.500000000000004,0.0,-0.8660254037844385,-0.5000000000000004,1015.9,26.6,0.0,26.500000000000004,1016.833333333333
2420,2420,2021-08-17,24.6,21.6,28.3,0.0,1018.2,0,8,229,1016.3,26.0,0.0,25.733333333333338,0.0,-0.8660254037844385,-0.5000000000000004,1016.3,26.0,0.0,25.733333333333338,1016.7999999999997
2421,2421,2021-08-18,24.0,21.3,28.2,0.0,1017.1,0,8,230,1018.2,24.6,0.0,24.866666666666674,0.0,-0.8660254037844385,-0.5000000000000004,1018.2,24.6,0.0,24.866666666666674,1017.1999999999998
2422,2422,2021-08-19,23.2,20.8,27.0,0.0,1015.2,0,8,231,1017.1,24.0,0.0,23.933333333333337,0.0,-0.8660254037844385,-0.5000000000000004,1017.1,24.0,0.0,23.933333333333337,1016.8333333333331
2423,2423,2021-08-20,24.8,21.9,29.1,0.0,1015.5,0,8,232,1015.2,23.2,0.0,24.000000000000004,0.0,-0.8660254037844385,-0.5000000000000004,1015.2,23.2,0.0,24.000000000000004,1015.933333333333
2424,2424,2021-08-21,25.5,23.3,29.4,0.0,1017.5,0,8,233,1015.5,24.8,0.0,24.500000000000004,0.0,-0.8660254037844385,-0.5000000000000004,1015.5,24.8,0.0,24.500000000000004,1016.0666666666665
2425,2425,2021-08-22,25.1,22.2,29.9,0.0,1019.4,1,8,234,1017.5,25.5,0.0,25.133333333333336,0.0,-0.8660254037844385,-0.5000000000000004,1017.5,25.5,0.0,25.133333333333336,1017.4666666666664
2426,2426,2021-08-23,24.6,22.4,28.4,2.1,1018.0,1,8,235,1019.4,25.1,0.0,25.066666666666674,2.1,-0.8660254037844385,-0.5000000000000004,1019.4,25.1,0.0,25.066666666666674,1018.2999999999997
2427,2427,2021-08-24,24.3,22.8,28.0,0.3,1015.3,0,8,236,1018.0,24.6,2.1,24.66666666666667,2.4,-0.8660254037844385,-0.5000000000000004,1018.0,24.6,2.1,24.66666666666667,1017.5666666666665
2428,2428,2021-08-25,23.9,21.1,27.3,0.0,1014.0,0,8,237,1015.3,24.3,0.3,24.26666666666667,2.4,-0.8660254037844385,-0.5000000000000004,1015.3,24.3,0.3,24.26666666666667,1015.7666666666664
2429,2429,2021-08-26,23.7,19.4,28.8,0.0,1013.7,0,8,238,1014.0,23.9,0.0,23.96666666666667,2.4,-0.8660254037844385,-0.5000000000000004,1014.0,23.9,0.0,23.96666666666667,1014.333333333333
2430,2430,2021-08-27,25.8,23.7,29.9,0.0,1012.1,0,8,239,1013.7,23.7,0.0,24.466666666666672,2.4,-0.8660254037844385,-0.5000000000000004,1013.7,23.7,0.0,24.466666666666672,1013.2666666666664
2431,2431,2021-08-28,24.6,22.6,27.2,0.0,1013.4,0,8,240,1012.1,25.8,0.0,24.700000000000003,2.4,-0.8660254037844385,-0.5000000000000004,1012.1,25.8,0.0,24.700000000000003,1013.0666666666665
2432,2432,2021-08-29,24.1,22.4,27.3,0.0,1014.4,1,8,241,1013.4,24.6,0.0,24.83333333333334,2.4,-0.8660254037844385,-0.5000000000000004,1013.4,24.6,0.0,24.83333333333334,1013.2999999999997
2433,2433,2021-08-30,22.1,20.9,25.0,6.3,1014.2,1,8,242,1014.4,24.1,0.0,23.60000000000001,6.6,-0.8660254037844385,-0.5000000000000004,1014.4,24.1,0.0,23.60000000000001,1013.9999999999997
2434,2434,2021-08-31,22.9,20.6,26.9,7.8,1016.7,1,8,243,1014.2,22.1,6.3,23.033333333333335,14.1,-0.8660254037844385,-0.5000000000000004,1014.2,22.1,6.3,23.033333333333335,1015.0999999999998
2435,2435,2021-09-01,22.9,21.3,25.6,1.6,1017.8,1,9,244,1016.7,22.9,7.8,22.63333333333334,15.7,-1.0,-1.8369701987210297e-16,1016.7,22.9,7.8,22.63333333333334,1016.2333333333331
2436,2436,2021-09-02,23.3,19.5,27.7,0.2,1016.8,0,9,245,1017.8,22.9,1.6,23.033333333333335,15.9,-1.0,-1.8369701987210297e-16,1017.8,22.9,1.6,23.033333333333335,1017.0999999999998
2437,2437,2021-09-03,23.6,20.5,28.2,0.0,1015.9,0,9,246,1016.8,23.3,0.2,23.26666666666667,15.9,-1.0,-1.8369701987210297e-16,1016.8,23.3,0.2,23.26666666666667,1016.833333333333
2438,2438,2021-09-04,23.3,20.8,27.8,0.0,1015.9,0,9,247,1015.9,23.6,0.0,23.400000000000006,15.9,-1.0,-1.8369701987210297e-16,1015.9,23.6,0.0,23.400000000000006,1016.1999999999998
2439,2439,2021-09-05,24.6,21.5,29.0,0.0,1017.2,0,9,248,1015.9,23.3,0.0,23.83333333333334,15.9,-1.0,-1.8369701987210297e-16,1015.9,23.3,0.0,23.83333333333334,1016.333333333333
2440,2440,2021-09-06,25.1,22.5,29.2,0.0,1019.6,1,9,249,1017.2,24.6,0.0,24.33333333333334,9.600000000000001,-1.0,-1.8369701987210297e-16,1017.2,24.6,0.0,24.33333333333334,1017.5666666666665
2441,2441,2021-09-07,25.0,23.2,28.7,0.1,1019.2,0,9,250,1019.6,25.1,0.0,24.900000000000006,1.9000000000000001,-1.0,-1.8369701987210297e-16,1019.6,25.1,0.0,24.900000000000006,1018.6666666666665
2442,2442,2021-09-08,24.8,21.8,29.6,0.0,1014.0,0,9,251,1019.2,25.0,0.1,24.96666666666667,0.30000000000000004,-1.0,-1.8369701987210297e-16,1019.2,25.0,0.1,24.96666666666667,1017.5999999999998
2443,2443,2021-09-09,25.0,22.3,29.0,0.0,1012.4,1,9,252,1014.0,24.8,0.0,24.933333333333337,0.1,-1.0,-1.8369701987210297e-16,1014.0,24.8,0.0,24.933333333333337,1015.1999999999998
2444,2444,2021-09-10,22.7,20.2,28.6,7.0,1015.5,0,9,253,1012.4,25.0,0.0,24.16666666666667,7.1,-1.0,-1.8369701987210297e-16,1012.4,25.0,0.0,24.16666666666667,1013.9666666666664
2445,2445,2021-09-11,22.9,19.2,27.6,0.0,1018.1,0,9,254,1015.5,22.7,7.0,23.533333333333335,7.1,-1.0,-1.8369701987210297e-16,1015.5,22.7,7.0,23.533333333333335,1015.333333333333
2446,2446,2021-09-12,24.2,22.2,28.9,0.0,1015.8,0,9,255,1018.1,22.9,0.0,23.26666666666667,7.1,-1.0,-1.8369701987210297e-16,1018.1,22.9,0.0,23.26666666666667,1016.4666666666664
2447,2447,2021-09-13,24.8,22.1,29.0,0.0,1015.8,0,9,256,1015.8,24.2,0.0,23.96666666666667,7.1,-1.0,-1.8369701987210297e-16,1015.8,24.2,0.0,23.96666666666667,1016.5666666666665
2448,2448,2021-09-14,26.1,24.3,29.5,0.0,1013.8,1,9,257,1015.8,24.8,0.0,25.033333333333342,7.0,-1.0,-1.8369701987210297e-16,1015.8,24.8,0.0,25.033333333333342,1015.1333333333331
2449,2449,2021-09-15,25.5,23.8,29.4,5.4,1012.5,1,9,258,1013.8,26.1,0.0,25.466666666666672,12.4,-1.0,-1.8369701987210297e-16,1013.8,26.1,0.0,25.466666666666672,1014.033333333333
2450,2450,2021-09-16,23.6,21.2,27.3,2.8,1015.6,0,9,259,1012.5,25.5,5.4,25.066666666666674,15.2,-1.0,-1.8369701987210297e-16,1012.5,25.5,5.4,25.066666666666674,1013.9666666666666
2451,2451,2021-09-17,23.2,19.3,27.8,0.0,1014.7,1,9,260,1015.6,23.6,2.8,24.100000000000005,8.2,-1.0,-1.8369701987210297e-16,1015.6,23.6,2.8,24.100000000000005,1014.2666666666664
2452,2452,2021-09-18,22.0,20.4,26.8,0.9,1013.4,0,9,261,1014.7,23.2,0.0,22.933333333333337,9.1,-1.0,-1.8369701987210297e-16,1014.7,23.2,0.0,22.933333333333337,1014.5666666666665
2453,2453,2021-09-19,21.1,17.1,25.9,0.0,1017.1,1,9,262,1013.4,22.0,0.9,22.100000000000005,9.1,-1.0,-1.8369701987210297e-16,1013.4,22.0,0.9,22.100000000000005,1015.0666666666665
2454,2454,2021-09-20,19.6,16.9,26.3,11.8,1018.5,1,9,263,1017.1,21.1,0.0,20.900000000000006,20.9,-1.0,-1.8369701987210297e-16,1017.1,21.1,0.0,20.900000000000006,1016.333333333333
2455,2455,2021-09-21,18.6,16.7,23.0,1.7,1021.4,1,9,264,1018.5,19.6,11.8,19.766666666666673,22.6,-1.0,-1.8369701987210297e-16,1018.5,19.6,11.8,19.766666666666673,1018.9999999999997
2456,2456,2021-09-22,20.9,17.8,25.1,5.6,1020.5,1,9,265,1021.4,18.6,1.7,19.700000000000006,22.8,-1.0,-1.8369701987210297e-16,1021.4,18.6,1.7,19.700000000000006,1020.1333333333331
2457,2457,2021-09-23,20.8,17.4,25.6,1.6,1019.4,0,9,266,1020.5,20.9,5.6,20.100000000000005,21.6,-1.0,-1.8369701987210297e-16,1020.5,20.9,5.6,20.100000000000005,1020.433333333333
2458,2458,2021-09-24,21.3,17.8,25.4,0.0,1017.3,1,9,267,1019.4,20.8,1.6,21.000000000000004,21.6,-1.0,-1.8369701987210297e-16,1019.4,20.8,1.6,21.000000000000004,1019.0666666666663
2459,2459,2021-09-25,23.4,21.6,28.0,0.1,1016.2,0,9,268,1017.3,21.3,0.0,21.83333333333334,20.799999999999997,-1.0,-1.8369701987210297e-16,1017.3,21.3,0.0,21.83333333333334,1017.6333333333331
2460,2460,2021-09-26,23.8,20.3,29.1,0.0,1017.7,0,9,269,1016.2,23.4,0.1,22.83333333333334,20.799999999999997,-1.0,-1.8369701987210297e-16,1016.2,23.4,0.1,22.83333333333334,1017.0666666666665
2461,2461,2021-09-27,22.5,18.6,27.5,0.0,1019.7,0,9,270,1017.7,23.8,0.0,23.233333333333338,9.0,-1.0,-1.8369701987210297e-16,1017.7,23.8,0.0,23.233333333333338,1017.8666666666664
2462,2462,2021-09-28,21.8,18.6,26.2,0.0,1021.0,1,9,271,1019.7,22.5,0.0,22.700000000000006,7.3,-1.0,-1.8369701987210297e-16,1019.7,22.5,0.0,22.700000000000006,1019.4666666666666
2463,2463,2021-09-29,21.8,19.8,25.5,0.4,1023.1,0,9,272,1021.0,21.8,0.0,22.033333333333342,2.1,-1.0,-1.8369701987210297e-16,1021.0,21.8,0.0,22.033333333333342,1021.2666666666664
2464,2464,2021-09-30,20.8,18.6,24.7,0.0,1024.4,0,9,273,1023.1,21.8,0.4,21.466666666666672,0.5,-1.0,-1.8369701987210297e-16,1023.1,21.8,0.4,21.466666666666672,1022.833333333333
2465,2465,2021-10-01,20.1,16.3,25.3,0.0,1020.5,1,10,274,1024.4,20.8,0.0,20.900000000000006,0.5,-0.8660254037844386,0.5000000000000001,1024.4,20.8,0.0,20.900000000000006,1022.6666666666664
2466,2466,2021-10-02,21.4,17.9,25.3,0.1,1016.8,1,10,275,1020.5,20.1,0.0,20.766666666666673,0.5,-0.8660254037844386,0.5000000000000001,1020.5,20.1,0.0,20.766666666666673,1020.5666666666665
2467,2467,2021-10-03,23.6,17.5,26.7,20.7,1010.2,1,10,276,1016.8,21.4,0.1,21.700000000000006,21.2,-0.8660254037844386,0.5000000000000001,1016.8,21.4,0.1,21.700000000000006,1015.833333333333
2468,2468,2021-10-04,16.1,14.3,19.5,2.8,1015.5,0,10,277,1010.2,23.6,20.7,20.36666666666667,24.0,-0.8660254037844386,0.5000000000000001,1010.2,23.6,20.7,20.36666666666667,1014.1666666666664
2469,2469,2021-10-05,18.3,12.5,24.6,0.0,1017.5,0,10,278,1015.5,16.1,2.8,19.33333333333334,24.0,-0.8660254037844386,0.5000000000000001,1015.5,16.1,2.8,19.33333333333334,1014.3999999999997
2470,2470,2021-10-06,18.7,16.4,22.4,0.0,1021.6,0,10,279,1017.5,18.3,0.0,17.700000000000006,23.6,-0.8660254037844386,0.5000000000000001,1017.5,18.3,0.0,17.700000000000006,1018.1999999999998
2471,2471,2021-10-07,17.8,14.2,22.6,0.0,1020.4,0,10,280,1021.6,18.7,0.0,18.26666666666667,23.6,-0.8660254037844386,0.5000000000000001,1021.6,18.7,0.0,18.26666666666667,1019.833333333333
2472,2472,2021-10-08,18.2,14.9,22.9,0.0,1019.8,0,10,281,1020.4,17.8,0.0,18.233333333333338,23.6,-0.8660254037844386,0.5000000000000001,1020.4,17.8,0.0,18.233333333333338,1020.5999999999998
2473,2473,2021-10-09,17.6,16.2,21.3,0.0,1020.8,0,10,282,1019.8,18.2,0.0,17.86666666666667,23.5,-0.8660254037844386,0.5000000000000001,1019.8,18.2,0.0,17.86666666666667,1020.333333333333
2474,2474,2021-10-10,18.6,16.3,22.3,0.0,1022.0,0,10,283,1020.8,17.6,0.0,18.133333333333336,2.8,-0.8660254037844386,0.5000000000000001,1020.8,17.6,0.0,18.133333333333336,1020.8666666666664
2475,2475,2021-10-11,17.6,13.3,23.8,0.0,1021.6,0,10,284,1022.0,18.6,0.0,17.93333333333334,0.0,-0.8660254037844386,0.5000000000000001,1022.0,18.6,0.0,17.93333333333334,1021.4666666666664
2476,2476,2021-10-12,17.6,12.9,23.4,0.0,1018.2,0,10,285,1021.6,17.6,0.0,17.93333333333334,0.0,-0.8660254037844386,0.5000000000000001,1021.6,17.6,0.0,17.93333333333334,1020.5999999999998
2477,2477,2021-10-13,17.2,13.5,22.5,0.0,1018.3,0,10,286,1018.2,17.6,0.0,17.466666666666672,0.0,-0.8660254037844386,0.5000000000000001,1018.2,17.6,0.0,17.466666666666672,1019.3666666666664
2478,2478,2021-10-14,17.5,15.1,21.6,0.0,1022.6,0,10,287,1018.3,17.2,0.0,17.433333333333337,0.0,-0.8660254037844386,0.5000000000000001,1018.3,17.2,0.0,17.433333333333337,1019.6999999999998
2479,2479,2021-10-15,18.2,14.9,23.9,0.0,1018.4,0,10,288,1022.6,17.5,0.0,17.633333333333336,0.0,-0.8660254037844386,0.5000000000000001,1022.6,17.5,0.0,17.633333333333336,1019.7666666666664
2480,2480,2021-10-16,18.3,16.0,22.8,0.0,1017.5,0,10,289,1018.4,18.2,0.0,18.000000000000004,0.0,-0.8660254037844386,0.5000000000000001,1018.4,18.2,0.0,18.000000000000004,1019.4999999999999
2481,2481,2021-10-17,18.0,15.0,22.2,0.0,1019.1,0,10,290,1017.5,18.3,0.0,18.16666666666667,0.0,-0.8660254037844386,0.5000000000000001,1017.5,18.3,0.0,18.16666666666667,1018.333333333333
2482,2482,2021-10-18,18.9,16.2,24.5,0.0,1023.1,0,10,291,1019.1,18.0,0.0,18.400000000000006,0.0,-0.8660254037844386,0.5000000000000001,1019.1,18.0,0.0,18.400000000000006,1019.8999999999997
2483,2483,2021-10-19,19.7,16.7,24.1,0.0,1026.1,0,10,292,1023.1,18.9,0.0,18.86666666666667,0.0,-0.8660254037844386,0.5000000000000001,1023.1,18.9,0.0,18.86666666666667,1022.7666666666664
2484,2484,2021-10-20,21.1,17.8,24.1,0.0,1022.5,1,10,293,1026.1,19.7,0.0,19.900000000000002,0.0,-0.8660254037844386,0.5000000000000001,1026.1,19.7,0.0,19.900000000000002,1023.8999999999997
2485,2485,2021-10-21,18.4,16.4,22.7,0.8,1017.2,0,10,294,1022.5,21.1,0.0,19.733333333333338,0.8,-0.8660254037844386,0.5000000000000001,1022.5,21.1,0.0,19.733333333333338,1021.933333333333
2486,2486,2021-10-22,16.9,14.6,21.0,0.0,1018.9,0,10,295,1017.2,18.4,0.8,18.800000000000004,0.8,-0.8660254037844386,0.5000000000000001,1017.2,18.4,0.8,18.800000000000004,1019.5333333333332
2487,2487,2021-10-23,15.1,11.9,20.8,0.0,1021.3,0,10,296,1018.9,16.9,0.0,16.800000000000004,0.8,-0.8660254037844386,0.5000000000000001,1018.9,16.9,0.0,16.800000000000004,1019.1333333333332
2488,2488,2021-10-24,15.8,10.8,23.0,0.0,1022.6,0,10,297,1021.3,15.1,0.0,15.933333333333337,0.8,-0.8660254037844386,0.5000000000000001,1021.3,15.1,0.0,15.933333333333337,1020.933333333333
2489,2489,2021-10-25,15.9,11.5,21.3,0.0,1021.7,0,10,298,1022.6,15.8,0.0,15.600000000000003,0.8,-0.8660254037844386,0.5000000000000001,1022.6,15.8,0.0,15.600000000000003,1021.8666666666664
2490,2490,2021-10-26,16.2,12.8,22.4,0.0,1022.8,0,10,299,1021.7,15.9,0.0,15.96666666666667,0.8,-0.8660254037844386,0.5000000000000001,1021.7,15.9,0.0,15.96666666666667,1022.3666666666664
2491,2491,2021-10-27,15.6,11.5,21.0,0.0,1022.5,1,10,300,1022.8,16.2,0.0,15.900000000000006,0.8,-0.8660254037844386,0.5000000000000001,1022.8,16.2,0.0,15.900000000000006,1022.3333333333331
2492,2492,2021-10-28,15.1,11.4,20.8,0.5,1018.6,1,10,301,1022.5,15.6,0.0,15.633333333333338,0.5,-0.8660254037844386,0.5000000000000001,1022.5,15.6,0.0,15.633333333333338,1021.2999999999998
2493,2493,2021-10-29,17.1,13.6,22.6,19.4,1013.3,1,10,302,1018.6,15.1,0.5,15.933333333333337,19.9,-0.8660254037844386,0.5000000000000001,1018.6,15.1,0.5,15.933333333333337,1018.1333333333332
2494,2494,2021-10-30,19.5,17.0,22.0,8.0,1007.9,1,10,303,1013.3,17.1,19.4,17.233333333333338,27.9,-0.8660254037844386,0.5000000000000001,1013.3,17.1,19.4,17.233333333333338,1013.2666666666664
2495,2495,2021-10-31,19.0,16.3,23.6,1.4,1008.4,0,10,304,1007.9,19.5,8.0,18.533333333333342,29.299999999999997,-0.8660254037844386,0.5000000000000001,1007.9,19.5,8.0,18.533333333333342,1009.8666666666664
2496,2496,2021-11-01,19.1,15.8,25.0,0.0,1007.2,0,11,305,1008.4,19.0,1.4,19.200000000000003,29.299999999999997,-0.5000000000000004,0.8660254037844384,1008.4,19.0,1.4,19.200000000000003,1007.8333333333331
2497,2497,2021-11-02,15.4,12.6,20.2,0.0,1008.9,0,11,306,1007.2,19.1,0.0,17.83333333333334,29.299999999999997,-0.5000000000000004,0.8660254037844384,1007.2,19.1,0.0,17.83333333333334,1008.1666666666665
2498,2498,2021-11-03,14.1,10.6,17.8,0.0,1003.5,1,11,307,1008.9,15.4,0.0,16.200000000000003,29.299999999999997,-0.5000000000000004,0.8660254037844384,1008.9,15.4,0.0,16.200000000000003,1006.5333333333332
2499,2499,2021-11-04,11.5,8.4,18.2,10.3,1011.8,0,11,308,1003.5,14.1,0.0,13.666666666666671,39.1,-0.5000000000000004,0.8660254037844384,1003.5,14.1,0.0,13.666666666666671,1008.0666666666666
2500,2500,2021-11-05,10.8,6.9,16.3,0.0,1018.7,0,11,309,1011.8,11.5,10.3,12.13333333333334,19.700000000000003,-0.5000000000000004,0.8660254037844384,1011.8,11.5,10.3,12.13333333333334,1011.3333333333331
2501,2501,2021-11-06,11.1,5.9,19.0,0.0,1022.1,0,11,310,1018.7,10.8,0.0,11.133333333333338,11.700000000000001,-0.5000000000000004,0.8660254037844384,1018.7,10.8,0.0,11.133333333333338,1017.5333333333332
2502,2502,2021-11-07,11.2,6.8,18.9,0.0,1018.1,0,11,311,1022.1,11.1,0.0,11.033333333333339,10.3,-0.5000000000000004,0.8660254037844384,1022.1,11.1,0.0,11.033333333333339,1019.6333333333332
2503,2503,2021-11-08,12.9,8.9,18.9,0.0,1014.7,1,11,312,1018.1,11.2,0.0,11.73333333333334,10.3,-0.5000000000000004,0.8660254037844384,1018.1,11.2,0.0,11.73333333333334,1018.2999999999998
2504,2504,2021-11-09,12.9,9.2,17.2,1.0,1017.4,1,11,313,1014.7,12.9,0.0,12.333333333333337,11.3,-0.5000000000000004,0.8660254037844384,1014.7,12.9,0.0,12.333333333333337,1016.7333333333332
2505,2505,2021-11-10,13.7,11.9,16.5,10.0,1016.2,1,11,314,1017.4,12.9,1.0,13.166666666666671,21.3,-0.5000000000000004,0.8660254037844384,1017.4,12.9,1.0,13.166666666666671,1016.0999999999999
2506,2506,2021-11-11,15.7,12.8,18.6,4.3,1015.9,1,11,315,1016.2,13.7,10.0,14.100000000000003,15.3,-0.5000000000000004,0.8660254037844384,1016.2,13.7,10.0,14.100000000000003,1016.4999999999999
2507,2507,2021-11-12,15.3,14.1,20.1,0.4,1015.6,0,11,316,1015.9,15.7,4.3,14.900000000000006,15.7,-0.5000000000000004,0.8660254037844384,1015.9,15.7,4.3,14.900000000000006,1015.8999999999997
2508,2508,2021-11-13,15.7,13.9,20.5,0.0,1017.4,1,11,317,1015.6,15.3,0.4,15.56666666666667,15.7,-0.5000000000000004,0.8660254037844384,1015.6,15.3,0.4,15.56666666666667,1016.2999999999998
2509,2509,2021-11-14,14.3,11.0,18.7,7.3,1015.1,1,11,318,1017.4,15.7,0.0,15.100000000000007,23.0,-0.5000000000000004,0.8660254037844384,1017.4,15.7,0.0,15.100000000000007,1016.0333333333332
2510,2510,2021-11-15,12.4,9.9,15.6,0.1,1015.1,1,11,319,1015.1,14.3,7.3,14.133333333333338,23.1,-0.5000000000000004,0.8660254037844384,1015.1,14.3,7.3,14.133333333333338,1015.8666666666664
2511,2511,2021-11-16,10.8,9.8,12.8,1.7,1017.2,0,11,320,1015.1,12.4,0.1,12.500000000000005,23.8,-0.5000000000000004,0.8660254037844384,1015.1,12.4,0.1,12.500000000000005,1015.7999999999998
2512,2512,2021-11-17,11.4,8.4,16.7,0.0,1019.8,0,11,321,1017.2,10.8,1.7,11.533333333333339,13.8,-0.5000000000000004,0.8660254037844384,1017.2,10.8,1.7,11.533333333333339,1017.3666666666664
2513,2513,2021-11-18,10.8,7.5,17.1,0.0,1026.5,0,11,322,1019.8,11.4,0.0,11.000000000000005,9.5,-0.5000000000000004,0.8660254037844384,1019.8,11.4,0.0,11.000000000000005,1021.1666666666665
2514,2514,2021-11-19,10.9,6.7,17.2,0.0,1029.0,0,11,323,1026.5,10.8,0.0,11.033333333333339,9.100000000000001,-0.5000000000000004,0.8660254037844384,1026.5,10.8,0.0,11.033333333333339,1025.0999999999997
2515,2515,2021-11-20,11.2,7.3,16.1,0.0,1024.3,0,11,324,1029.0,10.9,0.0,10.966666666666674,9.100000000000001,-0.5000000000000004,0.8660254037844384,1029.0,10.9,0.0,10.966666666666674,1026.5999999999997
2516,2516,2021-11-21,13.0,10.5,18.1,0.0,1013.6,1,11,325,1024.3,11.2,0.0,11.700000000000003,1.8,-0.5000000000000004,0.8660254037844384,1024.3,11.2,0.0,11.700000000000003,1022.2999999999997
2517,2517,2021-11-22,12.2,8.9,16.3,0.8,1011.0,1,11,326,1013.6,13.0,0.0,12.133333333333338,2.5,-0.5000000000000004,0.8660254037844384,1013.6,13.0,0.0,12.133333333333338,1016.2999999999998
2518,2518,2021-11-23,13.0,11.7,16.3,33.9,1013.6,1,11,327,1011.0,12.2,0.8,12.73333333333334,34.699999999999996,-0.5000000000000004,0.8660254037844384,1011.0,12.2,0.8,12.73333333333334,1012.7333333333332
2519,2519,2021-11-24,12.1,9.7,15.5,50.6,1010.1,1,11,328,1013.6,13.0,33.9,12.433333333333337,85.3,-0.5000000000000004,0.8660254037844384,1013.6,13.0,33.9,12.433333333333337,1011.5666666666666
2520,2520,2021-11-25,10.1,5.9,13.6,1.5,1004.7,0,11,329,1010.1,12.1,50.6,11.73333333333334,86.8,-0.5000000000000004,0.8660254037844384,1010.1,12.1,50.6,11.73333333333334,1009.4666666666666
2521,2521,2021-11-26,9.9,6.7,14.9,0.0,1005.1,0,11,330,1004.7,10.1,1.5,10.700000000000005,86.8,-0.5000000000000004,0.8660254037844384,1004.7,10.1,1.5,10.700000000000005,1006.6333333333332
2522,2522,2021-11-27,9.2,5.6,14.8,0.0,1000.2,0,11,331,1005.1,9.9,0.0,9.733333333333336,86.8,-0.5000000000000004,0.8660254037844384,1005.1,9.9,0.0,9.733333333333336,1003.3333333333334
2523,2523,2021-11-28,7.8,5.4,11.9,0.0,1005.3,0,11,332,1000.2,9.2,0.0,8.96666666666667,86.8,-0.5000000000000004,0.8660254037844384,1000.2,9.2,0.0,8.96666666666667,1003.5333333333332
2524,2524,2021-11-29,9.1,4.9,14.9,0.0,1011.8,0,11,333,1005.3,7.8,0.0,8.700000000000005,86.0,-0.5000000000000004,0.8660254037844384,1005.3,7.8,0.0,8.700000000000005,1005.7666666666664
2525,2525,2021-11-30,9.2,6.3,15.4,0.0,1024.2,1,11,334,1011.8,9.1,0.0,8.700000000000005,52.1,-0.5000000000000004,0.8660254037844384,1011.8,9.1,0.0,8.700000000000005,1013.7666666666664
2526,2526,2021-12-01,9.8,6.3,15.8,0.5,1016.5,0,12,335,1024.2,9.2,0.0,9.366666666666672,2.0,-2.4492935982947064e-16,1.0,1024.2,9.2,0.0,9.366666666666672,1017.4999999999999
2527,2527,2021-12-02,10.9,7.5,14.8,0.0,1007.4,0,12,336,1016.5,9.8,0.5,9.96666666666667,0.5,-2.4492935982947064e-16,1.0,1016.5,9.8,0.5,9.96666666666667,1016.0333333333332
2528,2528,2021-12-03,8.4,4.9,14.1,0.0,1015.8,0,12,337,1007.4,10.9,0.0,9.700000000000005,0.5,-2.4492935982947064e-16,1.0,1007.4,10.9,0.0,9.700000000000005,1013.2333333333331
2529,2529,2021-12-04,12.1,6.9,19.8,0.0,1015.2,0,12,338,1015.8,8.4,0.0,10.46666666666667,0.5,-2.4492935982947064e-16,1.0,1015.8,8.4,0.0,10.46666666666667,1012.7999999999998
2530,2530,2021-12-05,10.2,7.7,13.2,0.0,1011.3,0,12,339,1015.2,12.1,0.0,10.23333333333334,0.5,-2.4492935982947064e-16,1.0,1015.2,12.1,0.0,10.23333333333334,1014.0999999999998
2531,2531,2021-12-06,9.0,4.7,15.9,0.0,1016.9,0,12,340,1011.3,10.2,0.0,10.433333333333337,0.5,-2.4492935982947064e-16,1.0,1011.3,10.2,0.0,10.433333333333337,1014.4666666666666
2532,2532,2021-12-07,10.6,6.4,16.2,0.0,1015.7,0,12,341,1016.9,9.0,0.0,9.933333333333337,0.5,-2.4492935982947064e-16,1.0,1016.9,9.0,0.0,9.933333333333337,1014.6333333333332
2533,2533,2021-12-08,12.3,7.8,14.7,0.0,1006.3,0,12,342,1015.7,10.6,0.0,10.633333333333338,0.0,-2.4492935982947064e-16,1.0,1015.7,10.6,0.0,10.633333333333338,1012.9666666666666
2534,2534,2021-12-09,9.2,6.3,13.4,0.0,1012.3,0,12,343,1006.3,12.3,0.0,10.700000000000003,0.0,-2.4492935982947064e-16,1.0,1006.3,12.3,0.0,10.700000000000003,1011.433333333333
2535,2535,2021-12-10,13.7,8.4,18.5,0.0,1007.6,0,12,344,1012.3,9.2,0.0,11.73333333333334,0.0,-2.4492935982947064e-16,1.0,1012.3,9.2,0.0,11.73333333333334,1008.7333333333331
2536,2536,2021-12-11,9.5,5.1,15.0,0.0,1017.4,0,12,345,1007.6,13.7,0.0,10.800000000000004,0.0,-2.4492935982947064e-16,1.0,1007.6,13.7,0.0,10.800000000000004,1012.433333333333
2537,2537,2021-12-12,10.9,8.0,16.8,0.0,1025.4,0,12,346,1017.4,9.5,0.0,11.366666666666672,0.0,-2.4492935982947064e-16,1.0,1017.4,9.5,0.0,11.366666666666672,1016.7999999999998
2538,2538,2021-12-13,9.9,5.9,16.7,0.0,1026.1,0,12,347,1025.4,10.9,0.0,10.100000000000005,0.0,-2.4492935982947064e-16,1.0,1025.4,10.9,0.0,10.100000000000005,1022.9666666666666
2539,2539,2021-12-14,9.2,5.5,15.6,0.0,1026.2,0,12,348,1026.1,9.9,0.0,10.000000000000005,0.0,-2.4492935982947064e-16,1.0,1026.1,9.9,0.0,10.000000000000005,1025.8999999999999
2540,2540,2021-12-15,9.7,5.8,18.8,0.0,1026.5,0,12,349,1026.2,9.2,0.0,9.600000000000005,0.0,-2.4492935982947064e-16,1.0,1026.2,9.2,0.0,9.600000000000005,1026.2666666666664
2541,2541,2021-12-16,9.1,5.0,15.6,0.0,1029.2,0,12,350,1026.5,9.7,0.0,9.333333333333337,0.0,-2.4492935982947064e-16,1.0,1026.5,9.7,0.0,9.333333333333337,1027.3
2542,2542,2021-12-17,9.9,7.5,14.1,0.0,1030.2,0,12,351,1029.2,9.1,0.0,9.566666666666672,0.0,-2.4492935982947064e-16,1.0,1029.2,9.1,0.0,9.566666666666672,1028.6333333333332
2543,2543,2021-12-18,9.1,5.5,15.7,0.0,1029.5,0,12,352,1030.2,9.9,0.0,9.366666666666672,0.0,-2.4492935982947064e-16,1.0,1030.2,9.9,0.0,9.366666666666672,1029.6333333333332
2544,2544,2021-12-19,8.2,4.6,14.2,0.0,1026.9,0,12,353,1029.5,9.1,0.0,9.06666666666667,0.0,-2.4492935982947064e-16,1.0,1029.5,9.1,0.0,9.06666666666667,1028.8666666666666
2545,2545,2021-12-20,7.5,3.9,15.2,0.0,1020.8,0,12,354,1026.9,8.2,0.0,8.266666666666671,0.0,-2.4492935982947064e-16,1.0,1026.9,8.2,0.0,8.266666666666671,1025.7333333333333
2546,2546,2021-12-21,8.4,4.3,13.5,0.0,1020.0,1,12,355,1020.8,7.5,0.0,8.033333333333339,0.0,-2.4492935982947064e-16,1.0,1020.8,7.5,0.0,8.033333333333339,1022.5666666666666
2547,2547,2021-12-22,10.0,8.6,12.2,0.2,1021.5,0,12,356,1020.0,8.4,0.0,8.633333333333338,0.2,-2.4492935982947064e-16,1.0,1020.0,8.4,0.0,8.633333333333338,1020.7666666666664
2548,2548,2021-12-23,12.0,10.3,15.3,0.0,1020.4,1,12,357,1021.5,10.0,0.2,10.133333333333338,0.2,-2.4492935982947064e-16,1.0,1021.5,10.0,0.2,10.133333333333338,1020.6333333333332
2549,2549,2021-12-24,12.8,10.6,16.2,0.1,1013.4,0,12,358,1020.4,12.0,0.0,11.600000000000007,0.30000000000000004,-2.4492935982947064e-16,1.0,1020.4,12.0,0.0,11.600000000000007,1018.433333333333
2550,2550,2021-12-25,12.6,9.5,17.4,0.0,1006.5,0,12,359,1013.4,12.8,0.1,12.466666666666674,0.30000000000000004,-2.4492935982947064e-16,1.0,1013.4,12.8,0.1,12.466666666666674,1013.433333333333
2551,2551,2021-12-26,12.2,9.1,17.7,0.0,1008.9,0,12,360,1006.5,12.6,0.0,12.533333333333339,0.30000000000000004,-2.4492935982947064e-16,1.0,1006.5,12.6,0.0,12.533333333333339,1009.5999999999998
2552,2552,2021-12-27,15.9,10.6,22.2,0.0,1008.7,0,12,361,1008.9,12.2,0.0,13.56666666666667,0.30000000000000004,-2.4492935982947064e-16,1.0,1008.9,12.2,0.0,13.56666666666667,1008.0333333333332
2553,2553,2021-12-28,16.8,14.2,21.2,0.0,1014.1,0,12,362,1008.7,15.9,0.0,14.966666666666674,0.30000000000000004,-2.4492935982947064e-16,1.0,1008.7,15.9,0.0,14.966666666666674,1010.5666666666666
2554,2554,2021-12-29,16.2,13.2,20.9,0.0,1019.4,0,12,363,1014.1,16.8,0.0,16.300000000000004,0.1,-2.4492935982947064e-16,1.0,1014.1,16.8,0.0,16.300000000000004,1014.0666666666665
2555,2555,2021-12-30,13.9,11.0,20.6,0.0,1022.6,0,12,364,1019.4,16.2,0.0,15.633333333333338,0.1,-2.4492935982947064e-16,1.0,1019.4,16.2,0.0,15.633333333333338,1018.6999999999998
2556,2556,2021-12-31,11.9,8.8,18.4,0.0,1026.1,0,12,365,1022.6,13.9,0.0,14.000000000000005,0.0,-2.4492935982947064e-16,1.0,1022.6,13.9,0.0,14.000000000000005,1022.6999999999998
2557,2557,2022-01-01,11.2,7.5,16.3,0.0,1026.9,0,1,1,1026.1,11.9,0.0,12.333333333333337,0.0,0.49999999999999994,0.8660254037844387,1026.1,11.9,0.0,12.333333333333337,1025.1999999999998
2558,2558,2022-01-02,10.9,7.8,15.0,0.0,1027.8,0,1,2,1026.9,11.2,0.0,11.333333333333341,0.0,0.49999999999999994,0.8660254037844387,1026.9,11.2,0.0,11.333333333333341,1026.9333333333332
2559,2559,2022-01-03,11.4,8.7,14.7,0.0,1024.3,1,1,3,1027.8,10.9,0.0,11.166666666666671,0.0,0.49999999999999994,0.8660254037844387,1027.8,10.9,0.0,11.166666666666671,1026.3333333333333
2560,2560,2022-01-04,13.1,9.5,18.5,13.9,1011.4,1,1,4,1024.3,11.4,0.0,11.800000000000006,13.9,0.49999999999999994,0.8660254037844387,1024.3,11.4,0.0,11.800000000000006,1021.1666666666665
2561,2561,2022-01-05,10.4,5.8,14.2,0.2,1009.2,0,1,5,1011.4,13.1,13.9,11.63333333333334,14.1,0.49999999999999994,0.8660254037844387,1011.4,13.1,13.9,11.63333333333334,1014.9666666666666
2562,2562,2022-01-06,6.4,2.2,12.4,0.0,1016.7,0,1,6,1009.2,10.4,0.2,9.966666666666674,14.1,0.49999999999999994,0.8660254037844387,1009.2,10.4,0.2,9.966666666666674,1012.4333333333333
2563,2563,2022-01-07,6.0,2.7,12.8,0.0,1022.9,0,1,7,1016.7,6.4,0.0,7.600000000000006,14.1,0.49999999999999994,0.8660254037844387,1016.7,6.4,0.0,7.600000000000006,1016.2666666666664
2564,2564,2022-01-08,8.7,5.4,13.4,0.0,1021.7,0,1,8,1022.9,6.0,0.0,7.0333333333333385,14.1,0.49999999999999994,0.8660254037844387,1022.9,6.0,0.0,7.0333333333333385,1020.4333333333333
2565,2565,2022-01-09,12.4,8.9,16.6,0.0,1013.5,1,1,9,1021.7,8.7,0.0,9.033333333333339,14.1,0.49999999999999994,0.8660254037844387,1021.7,8.7,0.0,9.033333333333339,1019.3666666666664
2566,2566,2022-01-10,10.5,9.8,12.8,0.1,1014.4,0,1,10,1013.5,12.4,0.0,10.533333333333339,14.200000000000001,0.49999999999999994,0.8660254037844387,1013.5,12.4,0.0,10.533333333333339,1016.5333333333332
2567,2567,2022-01-11,10.3,6.9,15.0,0.0,1022.8,0,1,11,1014.4,10.5,0.1,11.066666666666672,0.30000000000000004,0.49999999999999994,0.8660254037844387,1014.4,10.5,0.1,11.066666666666672,1016.8999999999997
2568,2568,2022-01-12,8.8,5.3,13.1,0.0,1029.4,0,1,12,1022.8,10.3,0.0,9.866666666666674,0.1,0.49999999999999994,0.8660254037844387,1022.8,10.3,0.0,9.866666666666674,1022.1999999999998
2569,2569,2022-01-13,6.4,2.5,12.8,0.0,1034.3,0,1,13,1029.4,8.8,0.0,8.500000000000007,0.1,0.49999999999999994,0.8660254037844387,1029.4,8.8,0.0,8.500000000000007,1028.833333333333
2570,2570,2022-01-14,6.3,2.0,14.1,0.0,1033.5,0,1,14,1034.3,6.4,0.0,7.166666666666672,0.1,0.49999999999999994,0.8660254037844387,1034.3,6.4,0.0,7.166666666666672,1032.3999999999999
2571,2571,2022-01-15,6.4,1.3,13.7,0.0,1027.6,0,1,15,1033.5,6.3,0.0,6.366666666666673,0.1,0.49999999999999994,0.8660254037844387,1033.5,6.3,0.0,6.366666666666673,1031.8
2572,2572,2022-01-16,6.2,1.7,14.3,0.0,1029.0,0,1,16,1027.6,6.4,0.0,6.300000000000007,0.1,0.49999999999999994,0.8660254037844387,1027.6,6.4,0.0,6.300000000000007,1030.033333333333
2573,2573,2022-01-17,6.8,2.4,15.4,0.0,1031.6,0,1,17,1029.0,6.2,0.0,6.466666666666672,0.0,0.49999999999999994,0.8660254037844387,1029.0,6.2,0.0,6.466666666666672,1029.3999999999996
2574,2574,2022-01-18,7.1,3.0,13.2,0.0,1030.8,0,1,18,1031.6,6.8,0.0,6.700000000000006,0.0,0.49999999999999994,0.8660254037844387,1031.6,6.8,0.0,6.700000000000006,1030.4666666666665
2575,2575,2022-01-19,6.8,3.2,13.4,0.0,1031.3,0,1,19,1030.8,7.1,0.0,6.900000000000006,0.0,0.49999999999999994,0.8660254037844387,1030.8,7.1,0.0,6.900000000000006,1031.2333333333333
2576,2576,2022-01-20,7.3,3.1,13.7,0.0,1027.1,0,1,20,1031.3,6.8,0.0,7.066666666666673,0.0,0.49999999999999994,0.8660254037844387,1031.3,6.8,0.0,7.066666666666673,1029.733333333333
2577,2577,2022-01-21,6.5,3.4,11.4,0.0,1025.7,0,1,21,1027.1,7.3,0.0,6.866666666666673,0.0,0.49999999999999994,0.8660254037844387,1027.1,7.3,0.0,6.866666666666673,1028.033333333333
2578,2578,2022-01-22,5.9,2.1,12.5,0.0,1030.0,0,1,22,1025.7,6.5,0.0,6.566666666666673,0.0,0.49999999999999994,0.8660254037844387,1025.7,6.5,0.0,6.566666666666673,1027.5999999999997
2579,2579,2022-01-23,5.9,1.6,13.2,0.0,1029.3,0,1,23,1030.0,5.9,0.0,6.100000000000006,0.0,0.49999999999999994,0.8660254037844387,1030.0,5.9,0.0,6.100000000000006,1028.3333333333333
2580,2580,2022-01-24,6.8,2.3,15.0,0.0,1030.0,0,1,24,1029.3,5.9,0.0,6.2000000000000055,0.0,0.49999999999999994,0.8660254037844387,1029.3,5.9,0.0,6.2000000000000055,1029.7666666666664
2581,2581,2022-01-25,7.2,2.7,14.6,0.0,1032.8,0,1,25,1030.0,6.8,0.0,6.63333333333334,0.0,0.49999999999999994,0.8660254037844387,1030.0,6.8,0.0,6.63333333333334,1030.6999999999998
2582,2582,2022-01-26,7.8,3.4,14.3,0.0,1030.6,0,1,26,1032.8,7.2,0.0,7.266666666666673,0.0,0.49999999999999994,0.8660254037844387,1032.8,7.2,0.0,7.266666666666673,1031.133333333333
2583,2583,2022-01-27,8.4,4.3,15.7,0.0,1028.9,0,1,27,1030.6,7.8,0.0,7.800000000000007,0.0,0.49999999999999994,0.8660254037844387,1030.6,7.8,0.0,7.800000000000007,1030.7666666666667
2584,2584,2022-01-28,9.3,3.8,17.0,0.0,1029.7,0,1,28,1028.9,8.4,0.0,8.500000000000007,0.0,0.49999999999999994,0.8660254037844387,1028.9,8.4,0.0,8.500000000000007,1029.7333333333333
2585,2585,2022-01-29,9.4,5.4,16.9,0.0,1031.7,0,1,29,1029.7,9.3,0.0,9.03333333333334,0.0,0.49999999999999994,0.8660254037844387,1029.7,9.3,0.0,9.03333333333334,1030.1
2586,2586,2022-01-30,9.9,4.8,16.7,0.0,1026.9,0,1,30,1031.7,9.4,0.0,9.533333333333339,0.0,0.49999999999999994,0.8660254037844387,1031.7,9.4,0.0,9.533333333333339,1029.4333333333332
2587,2587,2022-01-31,10.1,6.6,16.9,0.0,1020.9,0,1,31,1026.9,9.9,0.0,9.800000000000006,0.0,0.49999999999999994,0.8660254037844387,1026.9,9.9,0.0,9.800000000000006,1026.4999999999998
2588,2588,2022-02-01,9.8,5.1,15.6,0.0,1023.0,0,2,32,1020.9,10.1,0.0,9.933333333333339,0.0,0.8660254037844386,0.5000000000000001,1020.9,10.1,0.0,9.933333333333339,1023.5999999999999
2589,2589,2022-02-02,11.9,8.4,18.7,0.0,1023.7,0,2,33,1023.0,9.8,0.0,10.600000000000007,0.0,0.8660254037844386,0.5000000000000001,1023.0,9.8,0.0,10.600000000000007,1022.5333333333332
2590,2590,2022-02-03,10.3,6.0,16.3,0.0,1020.5,0,2,34,1023.7,11.9,0.0,10.666666666666673,0.0,0.8660254037844386,0.5000000000000001,1023.7,11.9,0.0,10.666666666666673,1022.3999999999997
2591,2591,2022-02-04,10.9,7.3,15.3,0.0,1020.6,0,2,35,1020.5,10.3,0.0,11.03333333333334,0.0,0.8660254037844386,0.5000000000000001,1020.5,10.3,0.0,11.03333333333334,1021.5999999999998
2592,2592,2022-02-05,11.2,9.5,16.3,0.0,1024.2,0,2,36,1020.6,10.9,0.0,10.800000000000006,0.0,0.8660254037844386,0.5000000000000001,1020.6,10.9,0.0,10.800000000000006,1021.7666666666665
2593,2593,2022-02-06,10.7,7.4,16.0,0.0,1027.5,0,2,37,1024.2,11.2,0.0,10.933333333333337,0.0,0.8660254037844386,0.5000000000000001,1024.2,11.2,0.0,10.933333333333337,1024.1
2594,2594,2022-02-07,9.8,5.6,16.1,0.0,1026.6,0,2,38,1027.5,10.7,0.0,10.566666666666672,0.0,0.8660254037844386,0.5000000000000001,1027.5,10.7,0.0,10.566666666666672,1026.1
2595,2595,2022-02-08,10.6,6.8,16.0,0.0,1031.8,0,2,39,1026.6,9.8,0.0,10.366666666666672,0.0,0.8660254037844386,0.5000000000000001,1026.6,9.8,0.0,10.366666666666672,1028.6333333333332
2596,2596,2022-02-09,10.1,7.0,15.0,0.0,1032.0,0,2,40,1031.8,10.6,0.0,10.166666666666673,0.0,0.8660254037844386,0.5000000000000001,1031.8,10.6,0.0,10.166666666666673,1030.1333333333332
2597,2597,2022-02-10,9.0,4.9,15.1,0.0,1028.4,0,2,41,1032.0,10.1,0.0,9.900000000000006,0.0,0.8660254037844386,0.5000000000000001,1032.0,10.1,0.0,9.900000000000006,1030.7333333333333
2598,2598,2022-02-11,10.3,6.6,17.3,0.0,1026.2,1,2,42,1028.4,9.0,0.0,9.800000000000006,0.0,0.8660254037844386,0.5000000000000001,1028.4,9.0,0.0,9.800000000000006,1028.8666666666666
2599,2599,2022-02-12,10.6,8.9,13.4,4.4,1026.1,1,2,43,1026.2,10.3,0.0,9.966666666666674,4.4,0.8660254037844386,0.5000000000000001,1026.2,10.3,0.0,9.966666666666674,1026.8999999999999
2600,2600,2022-02-13,12.3,9.8,16.1,0.1,1021.6,0,2,44,1026.1,10.6,4.4,11.066666666666672,4.5,0.8660254037844386,0.5000000000000001,1026.1,10.6,4.4,11.066666666666672,1024.633333333333
2601,2601,2022-02-14,13.6,8.8,18.1,0.0,1014.0,0,2,45,1021.6,12.3,0.1,12.166666666666671,4.5,0.8660254037844386,0.5000000000000001,1021.6,12.3,0.1,12.166666666666671,1020.5666666666665
2602,2602,2022-02-15,11.4,7.6,18.5,0.0,1021.3,0,2,46,1014.0,13.6,0.0,12.433333333333339,4.5,0.8660254037844386,0.5000000000000001,1014.0,13.6,0.0,12.433333333333339,1018.9666666666666
2603,2603,2022-02-16,11.3,8.2,15.9,0.0,1022.4,0,2,47,1021.3,11.4,0.0,12.100000000000007,4.5,0.8660254037844386,0.5000000000000001,1021.3,11.4,0.0,12.100000000000007,1019.2333333333332
2604,2604,2022-02-17,13.3,8.7,19.9,0.0,1022.2,0,2,48,1022.4,11.3,0.0,12.000000000000007,4.5,0.8660254037844386,0.5000000000000001,1022.4,11.3,0.0,12.000000000000007,1021.9666666666666
2605,2605,2022-02-18,12.3,8.6,17.1,0.0,1017.7,1,2,49,1022.2,13.3,0.0,12.300000000000006,4.5,0.8660254037844386,0.5000000000000001,1022.2,13.3,0.0,12.300000000000006,1020.7666666666664
2606,2606,2022-02-19,11.4,7.1,13.6,0.1,1020.5,0,2,50,1017.7,12.3,0.0,12.333333333333337,0.2,0.8660254037844386,0.5000000000000001,1017.7,12.3,0.0,12.333333333333337,1020.1333333333332
2607,2607,2022-02-20,10.1,6.8,15.5,0.0,1026.6,0,2,51,1020.5,11.4,0.1,11.266666666666673,0.1,0.8660254037844386,0.5000000000000001,1020.5,11.4,0.1,11.266666666666673,1021.5999999999998
2608,2608,2022-02-21,11.9,7.2,20.8,0.0,1022.7,0,2,52,1026.6,10.1,0.0,11.13333333333334,0.1,0.8660254037844386,0.5000000000000001,1026.6,10.1,0.0,11.13333333333334,1023.2666666666664
2609,2609,2022-02-22,11.3,8.4,17.5,0.0,1026.4,0,2,53,1022.7,11.9,0.0,11.100000000000007,0.1,0.8660254037844386,0.5000000000000001,1022.7,11.9,0.0,11.100000000000007,1025.2333333333333
2610,2610,2022-02-23,11.0,7.0,16.6,0.0,1025.9,0,2,54,1026.4,11.3,0.0,11.400000000000006,0.1,0.8660254037844386,0.5000000000000001,1026.4,11.3,0.0,11.400000000000006,1025.0
2611,2611,2022-02-24,12.2,9.3,16.7,0.0,1022.3,1,2,55,1025.9,11.0,0.0,11.500000000000005,0.1,0.8660254037844386,0.5000000000000001,1025.9,11.0,0.0,11.500000000000005,1024.8666666666666
2612,2612,2022-02-25,11.8,9.3,15.9,0.1,1024.9,0,2,56,1022.3,12.2,0.0,11.666666666666671,0.2,0.8660254037844386,0.5000000000000001,1022.3,12.2,0.0,11.666666666666671,1024.3666666666666
2613,2613,2022-02-26,11.1,8.3,13.2,0.0,1025.7,0,2,57,1024.9,11.8,0.1,11.700000000000005,0.1,0.8660254037844386,0.5000000000000001,1024.9,11.8,0.1,11.700000000000005,1024.3
2614,2614,2022-02-27,9.9,5.7,15.0,0.0,1024.4,0,2,58,1025.7,11.1,0.0,10.933333333333339,0.1,0.8660254037844386,0.5000000000000001,1025.7,11.1,0.0,10.933333333333339,1024.9999999999998
2615,2615,2022-02-28,11.8,9.7,15.3,0.0,1026.9,0,2,59,1024.4,9.9,0.0,10.933333333333339,0.1,0.8660254037844386,0.5000000000000001,1024.4,9.9,0.0,10.933333333333339,1025.6666666666665
2616,2616,2022-03-01,11.3,7.0,17.4,0.0,1026.1,0,3,60,1026.9,11.8,0.0,11.000000000000005,0.1,1.0,6.123233995736766e-17,1026.9,11.8,0.0,11.000000000000005,1025.8
2617,2617,2022-03-02,11.0,8.0,15.9,0.0,1022.1,0,3,61,1026.1,11.3,0.0,11.366666666666674,0.1,1.0,6.123233995736766e-17,1026.1,11.3,0.0,11.366666666666674,1025.033333333333
2618,2618,2022-03-03,12.3,8.8,17.2,0.0,1016.4,0,3,62,1022.1,11.0,0.0,11.53333333333334,0.1,1.0,6.123233995736766e-17,1022.1,11.0,0.0,11.53333333333334,1021.5333333333332
2619,2619,2022-03-04,12.0,8.5,17.3,0.0,1014.3,1,3,63,1016.4,12.3,0.0,11.766666666666673,0.0,1.0,6.123233995736766e-17,1016.4,12.3,0.0,11.766666666666673,1017.5999999999998
2620,2620,2022-03-05,12.6,10.3,16.8,12.2,1015.8,1,3,64,1014.3,12.0,0.0,12.300000000000006,12.2,1.0,6.123233995736766e-17,1014.3,12.0,0.0,12.300000000000006,1015.4999999999999
2621,2621,2022-03-06,10.4,9.3,13.3,0.2,1016.2,0,3,65,1015.8,12.6,12.2,11.666666666666671,12.399999999999999,1.0,6.123233995736766e-17,1015.8,12.6,12.2,11.666666666666671,1015.433333333333
2622,2622,2022-03-07,10.8,7.9,14.0,0.0,1017.1,1,3,66,1016.2,10.4,0.2,11.266666666666673,12.399999999999999,1.0,6.123233995736766e-17,1016.2,10.4,0.2,11.266666666666673,1016.3666666666664
2623,2623,2022-03-08,9.1,6.4,12.7,4.7,1018.6,1,3,67,1017.1,10.8,0.0,10.100000000000007,17.1,1.0,6.123233995736766e-17,1017.1,10.8,0.0,10.100000000000007,1017.2999999999998
2624,2624,2022-03-09,10.9,8.3,15.4,0.5,1022.6,0,3,68,1018.6,9.1,4.7,10.266666666666673,17.6,1.0,6.123233995736766e-17,1018.6,9.1,4.7,10.266666666666673,1019.4333333333333
2625,2625,2022-03-10,11.8,8.7,15.7,0.0,1022.5,1,3,69,1022.6,10.9,0.5,10.600000000000007,17.6,1.0,6.123233995736766e-17,1022.6,10.9,0.5,10.600000000000007,1021.2333333333332
2626,2626,2022-03-11,12.2,9.9,15.5,19.7,1017.7,1,3,70,1022.5,11.8,0.0,11.63333333333334,37.3,1.0,6.123233995736766e-17,1022.5,11.8,0.0,11.63333333333334,1020.9333333333333
2627,2627,2022-03-12,12.4,10.3,15.6,9.3,1013.0,1,3,71,1017.7,12.2,19.7,12.13333333333334,34.4,1.0,6.123233995736766e-17,1017.7,12.2,19.7,12.13333333333334,1017.7333333333332
2628,2628,2022-03-13,11.6,8.4,16.5,0.4,1014.9,1,3,72,1013.0,12.4,9.3,12.066666666666672,34.599999999999994,1.0,6.123233995736766e-17,1013.0,12.4,9.3,12.066666666666672,1015.1999999999998
2629,2629,2022-03-14,13.2,11.8,15.0,0.1,1020.9,0,3,73,1014.9,11.6,0.4,12.400000000000006,34.699999999999996,1.0,6.123233995736766e-17,1014.9,11.6,0.4,12.400000000000006,1016.2666666666664
2630,2630,2022-03-15,14.2,13.7,15.6,0.0,1023.8,0,3,74,1020.9,13.2,0.1,13.000000000000005,30.0,1.0,6.123233995736766e-17,1020.9,13.2,0.1,13.000000000000005,1019.8666666666664
2631,2631,2022-03-16,14.1,13.7,16.0,0.0,1019.5,1,3,75,1023.8,14.2,0.0,13.833333333333337,29.5,1.0,6.123233995736766e-17,1023.8,14.2,0.0,13.833333333333337,1021.3999999999997
2632,2632,2022-03-17,14.6,13.6,17.0,0.2,1020.1,1,3,76,1019.5,14.1,0.0,14.300000000000006,29.7,1.0,6.123233995736766e-17,1019.5,14.1,0.0,14.300000000000006,1021.1333333333332
2633,2633,2022-03-18,14.8,13.1,16.9,1.3,1024.4,1,3,77,1020.1,14.6,0.2,14.500000000000005,11.299999999999997,1.0,6.123233995736766e-17,1020.1,14.6,0.2,14.500000000000005,1021.3333333333334
2634,2634,2022-03-19,12.6,10.0,14.0,0.2,1026.6,1,3,78,1024.4,14.8,1.3,14.000000000000005,2.1999999999999966,1.0,6.123233995736766e-17,1024.4,14.8,1.3,14.000000000000005,1023.6999999999998
2635,2635,2022-03-20,12.8,9.7,15.8,0.2,1026.7,1,3,79,1026.6,12.6,0.2,13.400000000000006,1.9999999999999964,1.0,6.123233995736766e-17,1026.6,12.6,0.2,13.400000000000006,1025.8999999999999
2636,2636,2022-03-21,13.4,12.0,16.5,1.6,1028.2,1,3,80,1026.7,12.8,0.2,12.933333333333339,3.4999999999999964,1.0,6.123233995736766e-17,1026.7,12.8,0.2,12.933333333333339,1027.1666666666663
2637,2637,2022-03-22,12.5,10.2,15.2,1.4,1029.1,1,3,81,1028.2,13.4,1.6,12.900000000000006,4.899999999999997,1.0,6.123233995736766e-17,1028.2,13.4,1.6,12.900000000000006,1028.0
2638,2638,2022-03-23,11.2,8.4,14.8,3.7,1027.6,0,3,82,1029.1,12.5,1.4,12.366666666666674,8.599999999999996,1.0,6.123233995736766e-17,1029.1,12.5,1.4,12.366666666666674,1028.3
2639,2639,2022-03-24,11.9,9.7,14.3,0.0,1025.6,0,3,83,1027.6,11.2,3.7,11.866666666666672,8.399999999999997,1.0,6.123233995736766e-17,1027.6,11.2,3.7,11.866666666666672,1027.4333333333332
2640,2640,2022-03-25,13.4,11.8,17.1,0.0,1022.5,1,3,84,1025.6,11.9,0.0,12.166666666666671,7.099999999999996,1.0,6.123233995736766e-17,1025.6,11.9,0.0,12.166666666666671,1025.233333333333
2641,2641,2022-03-26,12.9,11.4,14.1,2.3,1021.1,0,3,85,1022.5,13.4,0.0,12.73333333333334,9.199999999999996,1.0,6.123233995736766e-17,1022.5,13.4,0.0,12.73333333333334,1023.0666666666666
2642,2642,2022-03-27,14.3,10.8,20.3,0.0,1023.9,0,3,86,1021.1,12.9,2.3,13.53333333333334,8.999999999999996,1.0,6.123233995736766e-17,1021.1,12.9,2.3,13.53333333333334,1022.4999999999999
2643,2643,2022-03-28,13.2,8.9,19.1,0.0,1023.5,1,3,87,1023.9,14.3,0.0,13.466666666666674,7.399999999999997,1.0,6.123233995736766e-17,1023.9,14.3,0.0,13.466666666666674,1022.8333333333331
2644,2644,2022-03-29,13.1,10.4,15.7,0.9,1011.9,1,3,88,1023.5,13.2,0.0,13.53333333333334,6.899999999999996,1.0,6.123233995736766e-17,1023.5,13.2,0.0,13.53333333333334,1019.7666666666665
2645,2645,2022-03-30,12.7,10.8,15.2,5.3,1002.4,0,3,89,1011.9,13.1,0.9,13.000000000000005,8.499999999999996,1.0,6.123233995736766e-17,1011.9,13.1,0.9,13.000000000000005,1012.5999999999998
2646,2646,2022-03-31,12.9,9.6,16.8,0.0,999.9,0,3,90,1002.4,12.7,5.3,12.900000000000006,8.499999999999996,1.0,6.123233995736766e-17,1002.4,12.7,5.3,12.900000000000006,1004.7333333333331
2647,2647,2022-04-01,10.7,6.0,15.8,0.0,1004.8,0,4,91,999.9,12.9,0.0,12.100000000000007,8.499999999999996,0.8660254037844387,-0.4999999999999998,999.9,12.9,0.0,12.100000000000007,1002.3666666666664
2648,2648,2022-04-02,9.7,4.7,17.2,0.0,1011.1,1,4,92,1004.8,10.7,0.0,11.100000000000007,6.199999999999996,0.8660254037844387,-0.4999999999999998,1004.8,10.7,0.0,11.100000000000007,1005.2666666666664
2649,2649,2022-04-03,7.0,5.6,9.0,0.7,1016.7,0,4,93,1011.1,9.7,0.0,9.13333333333334,6.899999999999996,0.8660254037844387,-0.4999999999999998,1011.1,9.7,0.0,9.13333333333334,1010.8666666666664
2650,2650,2022-04-04,8.2,3.6,12.7,0.0,1018.5,0,4,94,1016.7,7.0,0.7,8.300000000000004,6.899999999999996,0.8660254037844387,-0.4999999999999998,1016.7,7.0,0.7,8.300000000000004,1015.4333333333333
2651,2651,2022-04-05,9.9,5.1,15.1,0.0,1015.6,1,4,95,1018.5,8.2,0.0,8.366666666666672,5.999999999999996,0.8660254037844387,-0.4999999999999998,1018.5,8.2,0.0,8.366666666666672,1016.9333333333333
2652,2652,2022-04-06,13.0,9.7,16.8,0.1,1011.8,0,4,96,1015.6,9.9,0.0,10.366666666666672,0.7999999999999955,0.8660254037844387,-0.4999999999999998,1015.6,9.9,0.0,10.366666666666672,1015.2999999999998
2653,2653,2022-04-07,13.9,9.0,20.0,0.0,1013.9,0,4,97,1011.8,13.0,0.1,12.266666666666673,0.7999999999999955,0.8660254037844387,-0.4999999999999998,1011.8,13.0,0.1,12.266666666666673,1013.7666666666664
2654,2654,2022-04-08,16.2,10.0,21.7,0.0,1011.9,0,4,98,1013.9,13.9,0.0,14.366666666666674,0.7999999999999955,0.8660254037844387,-0.4999999999999998,1013.9,13.9,0.0,14.366666666666674,1012.5333333333332
2655,2655,2022-04-09,15.6,13.2,19.9,0.0,1014.3,0,4,99,1011.9,16.2,0.0,15.23333333333334,0.7999999999999955,0.8660254037844387,-0.4999999999999998,1011.9,16.2,0.0,15.23333333333334,1013.3666666666664
2656,2656,2022-04-10,13.5,10.8,17.2,0.0,1019.9,0,4,100,1014.3,15.6,0.0,15.100000000000007,0.09999999999999556,0.8660254037844387,-0.4999999999999998,1014.3,15.6,0.0,15.100000000000007,1015.3666666666664
2657,2657,2022-04-11,13.3,9.4,17.5,0.0,1016.1,1,4,101,1019.9,13.5,0.0,14.13333333333334,0.09999999999999556,0.8660254037844387,-0.4999999999999998,1019.9,13.5,0.0,14.13333333333334,1016.7666666666664
2658,2658,2022-04-12,14.3,13.8,16.4,0.2,1012.4,1,4,102,1016.1,13.3,0.0,13.700000000000005,0.2999999999999956,0.8660254037844387,-0.4999999999999998,1016.1,13.3,0.0,13.700000000000005,1016.1333333333332
2659,2659,2022-04-13,13.7,12.8,14.6,5.1,1012.9,0,4,103,1012.4,14.3,0.2,13.766666666666673,5.299999999999995,0.8660254037844387,-0.4999999999999998,1012.4,14.3,0.2,13.766666666666673,1013.7999999999998
2660,2660,2022-04-14,16.4,11.2,21.9,0.0,1016.5,0,4,104,1012.9,13.7,5.1,14.800000000000006,5.299999999999995,0.8660254037844387,-0.4999999999999998,1012.9,13.7,5.1,14.800000000000006,1013.9333333333333
2661,2661,2022-04-15,18.3,14.1,25.2,0.0,1019.4,0,4,105,1016.5,16.4,0.0,16.13333333333334,5.299999999999995,0.8660254037844387,-0.4999999999999998,1016.5,16.4,0.0,16.13333333333334,1016.2666666666664
2662,2662,2022-04-16,18.4,14.9,25.3,0.0,1017.2,0,4,106,1019.4,18.3,0.0,17.700000000000006,5.299999999999995,0.8660254037844387,-0.4999999999999998,1019.4,18.3,0.0,17.700000000000006,1017.6999999999998
2663,2663,2022-04-17,16.7,13.4,22.2,0.0,1017.0,0,4,107,1017.2,18.4,0.0,17.800000000000008,5.299999999999995,0.8660254037844387,-0.4999999999999998,1017.2,18.4,0.0,17.800000000000008,1017.8666666666664
2664,2664,2022-04-18,15.0,11.8,19.2,0.0,1015.9,1,4,108,1017.0,16.7,0.0,16.700000000000006,5.299999999999995,0.8660254037844387,-0.4999999999999998,1017.0,16.7,0.0,16.700000000000006,1016.6999999999998
2665,2665,2022-04-19,14.5,11.5,19.7,0.5,1012.1,1,4,109,1015.9,15.0,0.0,15.400000000000006,5.599999999999995,0.8660254037844387,-0.4999999999999998,1015.9,15.0,0.0,15.400000000000006,1014.9999999999999
2666,2666,2022-04-20,15.0,13.6,16.7,18.4,1004.5,1,4,110,1012.1,14.5,0.5,14.833333333333341,18.899999999999995,0.8660254037844387,-0.4999999999999998,1012.1,14.5,0.5,14.833333333333341,1010.8333333333331
2667,2667,2022-04-21,12.9,11.6,14.2,32.7,1003.5,0,4,111,1004.5,15.0,18.4,14.13333333333334,51.599999999999994,0.8660254037844387,-0.4999999999999998,1004.5,15.0,18.4,14.13333333333334,1006.6999999999998
2668,2668,2022-04-22,14.3,10.2,18.1,0.0,1001.8,1,4,112,1003.5,12.9,32.7,14.066666666666675,51.599999999999994,0.8660254037844387,-0.4999999999999998,1003.5,12.9,32.7,14.066666666666675,1003.2666666666664
2669,2669,2022-04-23,14.4,11.4,18.0,0.6,999.1,0,4,113,1001.8,14.3,0.0,13.866666666666674,52.199999999999996,0.8660254037844387,-0.4999999999999998,1001.8,14.3,0.0,13.866666666666674,1001.4666666666666
2670,2670,2022-04-24,15.8,12.2,22.6,0.0,1007.0,0,4,114,999.1,14.4,0.6,14.833333333333343,52.199999999999996,0.8660254037844387,-0.4999999999999998,999.1,14.4,0.6,14.833333333333343,1002.6333333333332
2671,2671,2022-04-25,14.9,11.6,19.7,0.0,1013.2,0,4,115,1007.0,15.8,0.0,15.03333333333334,52.199999999999996,0.8660254037844387,-0.4999999999999998,1007.0,15.8,0.0,15.03333333333334,1006.4333333333333
2672,2672,2022-04-26,15.1,10.3,20.4,0.0,1014.7,0,4,116,1013.2,14.9,0.0,15.266666666666675,51.699999999999996,0.8660254037844387,-0.4999999999999998,1013.2,14.9,0.0,15.266666666666675,1011.6333333333332
2673,2673,2022-04-27,16.7,12.6,20.9,0.0,1016.5,0,4,117,1014.7,15.1,0.0,15.566666666666672,33.3,0.8660254037844387,-0.4999999999999998,1014.7,15.1,0.0,15.566666666666672,1014.7999999999998
2674,2674,2022-04-28,17.2,14.0,20.5,0.0,1019.9,0,4,118,1016.5,16.7,0.0,16.33333333333334,0.5999999999999929,0.8660254037844387,-0.4999999999999998,1016.5,16.7,0.0,16.33333333333334,1017.0333333333332
2675,2675,2022-04-29,17.8,14.1,23.5,0.0,1023.1,1,4,119,1019.9,17.2,0.0,17.233333333333338,0.5999999999999929,0.8660254037844387,-0.4999999999999998,1019.9,17.2,0.0,17.233333333333338,1019.8333333333331
2676,2676,2022-04-30,17.7,15.1,20.9,0.2,1020.8,0,4,120,1023.1,17.8,0.0,17.566666666666674,0.1999999999999929,0.8660254037844387,-0.4999999999999998,1023.1,17.8,0.0,17.566666666666674,1021.2666666666665
2677,2677,2022-05-01,17.2,14.6,21.7,0.0,1018.2,0,5,121,1020.8,17.7,0.2,17.566666666666674,0.1999999999999929,0.49999999999999994,-0.8660254037844387,1020.8,17.7,0.2,17.566666666666674,1020.6999999999998
2678,2678,2022-05-02,17.3,15.8,20.7,0.0,1014.4,1,5,122,1018.2,17.2,0.0,17.40000000000001,0.1999999999999929,0.49999999999999994,-0.8660254037844387,1018.2,17.2,0.0,17.40000000000001,1017.7999999999998
2679,2679,2022-05-03,16.9,15.1,18.8,0.5,1014.2,0,5,123,1014.4,17.3,0.0,17.13333333333334,0.6999999999999929,0.49999999999999994,-0.8660254037844387,1014.4,17.3,0.0,17.13333333333334,1015.5999999999998
2680,2680,2022-05-04,16.0,13.0,19.0,0.0,1016.7,1,5,124,1014.2,16.9,0.5,16.733333333333338,0.6999999999999929,0.49999999999999994,-0.8660254037844387,1014.2,16.9,0.5,16.733333333333338,1015.0999999999999
2681,2681,2022-05-05,17.1,14.0,20.8,0.5,1018.3,0,5,125,1016.7,16.0,0.0,16.666666666666675,1.1999999999999929,0.49999999999999994,-0.8660254037844387,1016.7,16.0,0.0,16.666666666666675,1016.4
2682,2682,2022-05-06,16.7,12.4,21.9,0.0,1019.0,0,5,126,1018.3,17.1,0.5,16.60000000000001,1.1999999999999929,0.49999999999999994,-0.8660254037844387,1018.3,17.1,0.5,16.60000000000001,1017.9999999999999
2683,2683,2022-05-07,17.1,13.8,23.3,0.0,1019.1,0,5,127,1019.0,16.7,0.0,16.966666666666672,0.9999999999999929,0.49999999999999994,-0.8660254037844387,1019.0,16.7,0.0,16.966666666666672,1018.7999999999998
2684,2684,2022-05-08,17.6,13.9,23.1,0.0,1019.4,0,5,128,1019.1,17.1,0.0,17.13333333333334,0.9999999999999929,0.49999999999999994,-0.8660254037844387,1019.1,17.1,0.0,17.13333333333334,1019.1666666666665
2685,2685,2022-05-09,18.3,14.8,23.9,0.0,1022.2,0,5,129,1019.4,17.6,0.0,17.666666666666675,0.9999999999999929,0.49999999999999994,-0.8660254037844387,1019.4,17.6,0.0,17.666666666666675,1020.2333333333332
2686,2686,2022-05-10,18.2,14.5,22.7,0.0,1022.6,0,5,130,1022.2,18.3,0.0,18.033333333333342,0.4999999999999929,0.49999999999999994,-0.8660254037844387,1022.2,18.3,0.0,18.033333333333342,1021.4
2687,2687,2022-05-11,18.0,14.7,21.9,0.0,1021.3,0,5,131,1022.6,18.2,0.0,18.166666666666675,0.4999999999999929,0.49999999999999994,-0.8660254037844387,1022.6,18.2,0.0,18.166666666666675,1022.0333333333332
2688,2688,2022-05-12,17.9,14.6,23.1,0.0,1022.0,0,5,132,1021.3,18.0,0.0,18.033333333333342,0.0,0.49999999999999994,-0.8660254037844387,1021.3,18.0,0.0,18.033333333333342,1021.9666666666666
2689,2689,2022-05-13,17.8,14.2,22.4,0.0,1021.4,0,5,133,1022.0,17.9,0.0,17.900000000000006,0.0,0.49999999999999994,-0.8660254037844387,1022.0,17.9,0.0,17.900000000000006,1021.5666666666666
2690,2690,2022-05-14,19.2,15.9,24.4,0.0,1019.2,0,5,134,1021.4,17.8,0.0,18.300000000000008,0.0,0.49999999999999994,-0.8660254037844387,1021.4,17.8,0.0,18.300000000000008,1020.8666666666664
2691,2691,2022-05-15,20.1,16.9,25.1,0.0,1017.0,0,5,135,1019.2,19.2,0.0,19.033333333333342,0.0,0.49999999999999994,-0.8660254037844387,1019.2,19.2,0.0,19.033333333333342,1019.1999999999998
2692,2692,2022-05-16,20.1,17.3,24.6,0.0,1018.6,0,5,136,1017.0,20.1,0.0,19.800000000000008,0.0,0.49999999999999994,-0.8660254037844387,1017.0,20.1,0.0,19.800000000000008,1018.2666666666665
2693,2693,2022-05-17,20.4,16.9,24.5,0.0,1018.6,0,5,137,1018.6,20.1,0.0,20.200000000000006,0.0,0.49999999999999994,-0.8660254037844387,1018.6,20.1,0.0,20.200000000000006,1018.0666666666666
2694,2694,2022-05-18,21.9,18.6,27.8,0.0,1018.7,0,5,138,1018.6,20.4,0.0,20.800000000000008,0.0,0.49999999999999994,-0.8660254037844387,1018.6,20.4,0.0,20.800000000000008,1018.6333333333332
2695,2695,2022-05-19,21.9,20.0,24.9,0.0,1022.1,0,5,139,1018.7,21.9,0.0,21.400000000000006,0.0,0.49999999999999994,-0.8660254037844387,1018.7,21.9,0.0,21.400000000000006,1019.7999999999998
2696,2696,2022-05-20,21.9,18.6,26.0,0.0,1024.2,0,5,140,1022.1,21.9,0.0,21.9,0.0,0.49999999999999994,-0.8660254037844387,1022.1,21.9,0.0,21.9,1021.6666666666666
2697,2697,2022-05-21,22.8,18.8,28.2,0.0,1020.3,0,5,141,1024.2,21.9,0.0,22.200000000000006,0.0,0.49999999999999994,-0.8660254037844387,1024.2,21.9,0.0,22.200000000000006,1022.1999999999998
2698,2698,2022-05-22,22.4,18.8,27.4,0.0,1012.5,0,5,142,1020.3,22.8,0.0,22.366666666666674,0.0,0.49999999999999994,-0.8660254037844387,1020.3,22.8,0.0,22.366666666666674,1019.0
2699,2699,2022-05-23,21.8,19.2,25.1,0.0,1007.8,1,5,143,1012.5,22.4,0.0,22.33333333333334,0.0,0.49999999999999994,-0.8660254037844387,1012.5,22.4,0.0,22.33333333333334,1013.5333333333332
2700,2700,2022-05-24,19.3,15.9,22.9,24.2,1010.1,0,5,144,1007.8,21.8,0.0,21.166666666666675,24.199999999999992,0.49999999999999994,-0.8660254037844387,1007.8,21.8,0.0,21.166666666666675,1010.1333333333332
2701,2701,2022-05-25,17.8,14.4,22.8,0.0,1015.5,0,5,145,1010.1,19.3,24.2,19.63333333333334,24.199999999999992,0.49999999999999994,-0.8660254037844387,1010.1,19.3,24.2,19.63333333333334,1011.1333333333332
2702,2702,2022-05-26,20.6,17.8,24.9,0.0,1020.3,0,5,146,1015.5,17.8,0.0,19.233333333333345,24.199999999999992,0.49999999999999994,-0.8660254037844387,1015.5,17.8,0.0,19.233333333333345,1015.2999999999998
2703,2703,2022-05-27,21.1,18.2,25.0,0.0,1018.1,0,5,147,1020.3,20.6,0.0,19.833333333333343,24.199999999999992,0.49999999999999994,-0.8660254037844387,1020.3,20.6,0.0,19.833333333333343,1017.9666666666666
2704,2704,2022-05-28,22.8,19.7,29.3,0.0,1012.5,0,5,148,1018.1,21.1,0.0,21.50000000000001,24.199999999999992,0.49999999999999994,-0.8660254037844387,1018.1,21.1,0.0,21.50000000000001,1016.9666666666666
2705,2705,2022-05-29,20.8,19.3,25.1,0.0,1007.6,0,5,149,1012.5,22.8,0.0,21.566666666666674,24.199999999999992,0.49999999999999994,-0.8660254037844387,1012.5,22.8,0.0,21.566666666666674,1012.7333333333331
2706,2706,2022-05-30,20.1,18.4,23.5,0.0,1007.7,0,5,150,1007.6,20.8,0.0,21.233333333333345,24.199999999999992,0.49999999999999994,-0.8660254037844387,1007.6,20.8,0.0,21.233333333333345,1009.2666666666665
2707,2707,2022-05-31,20.5,17.8,24.4,0.0,1013.2,0,5,151,1007.7,20.1,0.0,20.466666666666672,0.0,0.49999999999999994,-0.8660254037844387,1007.7,20.1,0.0,20.466666666666672,1009.4999999999999
2708,2708,2022-06-01,20.8,18.2,24.4,0.0,1014.8,0,6,152,1013.2,20.5,0.0,20.466666666666676,0.0,1.2246467991473532e-16,-1.0,1013.2,20.5,0.0,20.466666666666676,1011.9
2709,2709,2022-06-02,21.2,18.7,24.5,0.0,1013.7,0,6,153,1014.8,20.8,0.0,20.833333333333343,0.0,1.2246467991473532e-16,-1.0,1014.8,20.8,0.0,20.833333333333343,1013.8999999999997
2710,2710,2022-06-03,21.1,20.0,26.6,0.0,1013.3,0,6,154,1013.7,21.2,0.0,21.033333333333342,0.0,1.2246467991473532e-16,-1.0,1013.7,21.2,0.0,21.033333333333342,1013.9333333333333
2711,2711,2022-06-04,21.9,20.0,27.4,0.0,1014.0,0,6,155,1013.3,21.1,0.0,21.400000000000006,0.0,1.2246467991473532e-16,-1.0,1013.3,21.1,0.0,21.400000000000006,1013.6666666666665
2712,2712,2022-06-05,23.1,20.1,27.5,0.0,1017.1,0,6,156,1014.0,21.9,0.0,22.033333333333342,0.0,1.2246467991473532e-16,-1.0,1014.0,21.9,0.0,22.033333333333342,1014.7999999999998
2713,2713,2022-06-06,23.1,20.9,26.6,0.0,1018.6,0,6,157,1017.1,23.1,0.0,22.700000000000006,0.0,1.2246467991473532e-16,-1.0,1017.1,23.1,0.0,22.700000000000006,1016.5666666666665
2714,2714,2022-06-07,22.9,20.4,27.1,0.0,1017.3,0,6,158,1018.6,23.1,0.0,23.033333333333342,0.0,1.2246467991473532e-16,-1.0,1018.6,23.1,0.0,23.033333333333342,1017.6666666666665
2715,2715,2022-06-08,22.7,21.1,26.5,0.0,1013.8,0,6,159,1017.3,22.9,0.0,22.900000000000006,0.0,1.2246467991473532e-16,-1.0,1017.3,22.9,0.0,22.900000000000006,1016.5666666666665
2716,2716,2022-06-09,21.9,20.1,26.0,0.0,1016.8,0,6,160,1013.8,22.7,0.0,22.500000000000004,0.0,1.2246467991473532e-16,-1.0,1013.8,22.7,0.0,22.500000000000004,1015.9666666666666
2717,2717,2022-06-10,22.3,19.1,26.1,0.0,1019.3,0,6,161,1016.8,21.9,0.0,22.300000000000008,0.0,1.2246467991473532e-16,-1.0,1016.8,21.9,0.0,22.300000000000008,1016.6333333333331
2718,2718,2022-06-11,23.8,20.6,28.3,0.0,1020.2,0,6,162,1019.3,22.3,0.0,22.666666666666675,0.0,1.2246467991473532e-16,-1.0,1019.3,22.3,0.0,22.666666666666675,1018.7666666666665
2719,2719,2022-06-12,24.4,21.9,28.9,0.0,1020.0,0,6,163,1020.2,23.8,0.0,23.50000000000001,0.0,1.2246467991473532e-16,-1.0,1020.2,23.8,0.0,23.50000000000001,1019.8333333333331
2720,2720,2022-06-13,25.2,21.1,31.0,0.0,1017.9,1,6,164,1020.0,24.4,0.0,24.466666666666672,0.0,1.2246467991473532e-16,-1.0,1020.0,24.4,0.0,24.466666666666672,1019.3666666666664
2721,2721,2022-06-14,24.5,21.6,29.0,0.5,1016.1,0,6,165,1017.9,25.2,0.0,24.700000000000006,0.4999999999999929,1.2246467991473532e-16,-1.0,1017.9,25.2,0.0,24.700000000000006,1017.9999999999999
2722,2722,2022-06-15,25.7,23.4,30.1,0.0,1016.4,0,6,166,1016.1,24.5,0.5,25.13333333333334,0.4999999999999929,1.2246467991473532e-16,-1.0,1016.1,24.5,0.5,25.13333333333334,1016.7999999999998
2723,2723,2022-06-16,25.7,21.3,30.6,0.0,1017.9,0,6,167,1016.4,25.7,0.0,25.300000000000008,0.4999999999999929,1.2246467991473532e-16,-1.0,1016.4,25.7,0.0,25.300000000000008,1016.7999999999998
2724,2724,2022-06-17,28.2,24.0,32.9,0.0,1018.4,0,6,168,1017.9,25.7,0.0,26.533333333333342,0.4999999999999929,1.2246467991473532e-16,-1.0,1017.9,25.7,0.0,26.533333333333342,1017.5666666666666
2725,2725,2022-06-18,26.3,24.2,31.0,0.0,1016.5,0,6,169,1018.4,28.2,0.0,26.733333333333338,0.4999999999999929,1.2246467991473532e-16,-1.0,1018.4,28.2,0.0,26.733333333333338,1017.5999999999998
2726,2726,2022-06-19,25.6,24.0,28.8,0.0,1012.1,0,6,170,1016.5,26.3,0.0,26.700000000000006,0.4999999999999929,1.2246467991473532e-16,-1.0,1016.5,26.3,0.0,26.700000000000006,1015.6666666666665
2727,2727,2022-06-20,25.2,23.6,29.0,0.0,1011.1,1,6,171,1012.1,25.6,0.0,25.700000000000006,0.4999999999999929,1.2246467991473532e-16,-1.0,1012.1,25.6,0.0,25.700000000000006,1013.2333333333332
2728,2728,2022-06-21,25.3,22.1,30.6,3.8,1010.5,1,6,172,1011.1,25.2,0.0,25.366666666666674,3.7999999999999927,1.2246467991473532e-16,-1.0,1011.1,25.2,0.0,25.366666666666674,1011.2333333333332
2729,2729,2022-06-22,24.1,21.5,28.2,0.2,1010.2,0,6,173,1010.5,25.3,3.8,24.866666666666674,3.999999999999993,1.2246467991473532e-16,-1.0,1010.5,25.3,3.8,24.866666666666674,1010.5999999999999
2730,2730,2022-06-23,24.9,22.2,27.8,0.0,1011.4,0,6,174,1010.2,24.1,0.2,24.766666666666676,3.999999999999993,1.2246467991473532e-16,-1.0,1010.2,24.1,0.2,24.766666666666676,1010.6999999999998
2731,2731,2022-06-24,24.6,21.0,30.1,0.0,1012.2,0,6,175,1011.4,24.9,0.0,24.533333333333342,3.999999999999993,1.2246467991473532e-16,-1.0,1011.4,24.9,0.0,24.533333333333342,1011.2666666666665
2732,2732,2022-06-25,23.9,21.3,27.7,0.0,1012.2,0,6,176,1012.2,24.6,0.0,24.466666666666672,3.999999999999993,1.2246467991473532e-16,-1.0,1012.2,24.6,0.0,24.466666666666672,1011.9333333333333
2733,2733,2022-06-26,23.9,22.4,27.0,0.0,1010.5,1,6,177,1012.2,23.9,0.0,24.13333333333334,3.999999999999993,1.2246467991473532e-16,-1.0,1012.2,23.9,0.0,24.13333333333334,1011.6333333333332
2734,2734,2022-06-27,24.2,22.9,28.3,0.6,1014.0,0,6,178,1010.5,23.9,0.0,24.000000000000004,4.5999999999999925,1.2246467991473532e-16,-1.0,1010.5,23.9,0.0,24.000000000000004,1012.2333333333332
2735,2735,2022-06-28,23.6,21.4,27.7,0.0,1015.9,0,6,179,1014.0,24.2,0.6,23.900000000000006,0.7999999999999929,1.2246467991473532e-16,-1.0,1014.0,24.2,0.6,23.900000000000006,1013.4666666666666
2736,2736,2022-06-29,23.3,19.7,28.0,0.0,1014.4,0,6,180,1015.9,23.6,0.0,23.700000000000006,0.599999999999993,1.2246467991473532e-16,-1.0,1015.9,23.6,0.0,23.700000000000006,1014.7666666666664
2737,2737,2022-06-30,23.8,21.3,28.3,0.0,1012.2,0,6,181,1014.4,23.3,0.0,23.566666666666674,0.599999999999993,1.2246467991473532e-16,-1.0,1014.4,23.3,0.0,23.566666666666674,1014.1666666666665
2738,2738,2022-07-01,23.2,21.2,26.2,0.0,1017.3,0,7,182,1012.2,23.8,0.0,23.43333333333334,0.599999999999993,-0.4999999999999997,-0.8660254037844388,1012.2,23.8,0.0,23.43333333333334,1014.6333333333332
2739,2739,2022-07-02,23.2,20.0,27.6,0.0,1019.2,0,7,183,1017.3,23.2,0.0,23.400000000000006,0.599999999999993,-0.4999999999999997,-0.8660254037844388,1017.3,23.2,0.0,23.400000000000006,1016.2333333333331
2740,2740,2022-07-03,24.7,21.7,30.1,0.0,1017.7,0,7,184,1019.2,23.2,0.0,23.700000000000006,0.599999999999993,-0.4999999999999997,-0.8660254037844388,1019.2,23.2,0.0,23.700000000000006,1018.0666666666666
2741,2741,2022-07-04,25.8,22.5,31.9,0.0,1016.4,1,7,185,1017.7,24.7,0.0,24.566666666666674,0.0,-0.4999999999999997,-0.8660254037844388,1017.7,24.7,0.0,24.566666666666674,1017.7666666666664
2742,2742,2022-07-05,25.8,23.2,30.8,2.1,1018.5,1,7,186,1016.4,25.8,0.0,25.43333333333334,2.099999999999993,-0.4999999999999997,-0.8660254037844388,1016.4,25.8,0.0,25.43333333333334,1017.5333333333332
2743,2743,2022-07-06,24.7,22.8,29.0,0.5,1019.2,0,7,187,1018.5,25.8,2.1,25.433333333333337,2.599999999999993,-0.4999999999999997,-0.8660254037844388,1018.5,25.8,2.1,25.433333333333337,1018.0333333333332
2744,2744,2022-07-07,24.8,22.5,29.2,0.0,1020.3,0,7,188,1019.2,24.7,0.5,25.10000000000001,2.599999999999993,-0.4999999999999997,-0.8660254037844388,1019.2,24.7,0.5,25.10000000000001,1019.3333333333331
2745,2745,2022-07-08,24.9,22.2,28.8,0.0,1021.3,0,7,189,1020.3,24.8,0.0,24.800000000000008,2.599999999999993,-0.4999999999999997,-0.8660254037844388,1020.3,24.8,0.0,24.800000000000008,1020.2666666666664
2746,2746,2022-07-09,25.2,22.3,29.8,0.0,1021.2,0,7,190,1021.3,24.9,0.0,24.966666666666672,2.599999999999993,-0.4999999999999997,-0.8660254037844388,1021.3,24.9,0.0,24.966666666666672,1020.933333333333
2747,2747,2022-07-10,25.4,23.0,30.5,0.0,1017.6,0,7,191,1021.2,25.2,0.0,25.166666666666675,2.599999999999993,-0.4999999999999997,-0.8660254037844388,1021.2,25.2,0.0,25.166666666666675,1020.0333333333332
2748,2748,2022-07-11,25.7,23.0,29.9,0.0,1016.1,0,7,192,1017.6,25.4,0.0,25.433333333333337,2.599999999999993,-0.4999999999999997,-0.8660254037844388,1017.6,25.4,0.0,25.433333333333337,1018.2999999999998
2749,2749,2022-07-12,26.0,22.6,30.7,0.0,1018.7,0,7,193,1016.1,25.7,0.0,25.700000000000006,0.4999999999999929,-0.4999999999999997,-0.8660254037844388,1016.1,25.7,0.0,25.700000000000006,1017.4666666666666
2750,2750,2022-07-13,26.3,23.6,30.7,0.0,1019.9,0,7,194,1018.7,26.0,0.0,26.00000000000001,0.0,-0.4999999999999997,-0.8660254037844388,1018.7,26.0,0.0,26.00000000000001,1018.2333333333332
2751,2751,2022-07-14,25.9,22.9,30.4,0.0,1019.3,0,7,195,1019.9,26.3,0.0,26.066666666666674,0.0,-0.4999999999999997,-0.8660254037844388,1019.9,26.3,0.0,26.066666666666674,1019.2999999999998
2752,2752,2022-07-15,27.4,23.6,33.3,0.0,1016.0,0,7,196,1019.3,25.9,0.0,26.533333333333342,0.0,-0.4999999999999997,-0.8660254037844388,1019.3,25.9,0.0,26.533333333333342,1018.3999999999997
2753,2753,2022-07-16,28.1,25.1,32.4,0.0,1016.2,0,7,197,1016.0,27.4,0.0,27.13333333333334,0.0,-0.4999999999999997,-0.8660254037844388,1016.0,27.4,0.0,27.13333333333334,1017.1666666666665
2754,2754,2022-07-17,27.2,24.3,31.9,0.0,1018.0,0,7,198,1016.2,28.1,0.0,27.566666666666674,0.0,-0.4999999999999997,-0.8660254037844388,1016.2,28.1,0.0,27.566666666666674,1016.7333333333332
2755,2755,2022-07-18,25.8,23.3,30.0,0.0,1018.4,0,7,199,1018.0,27.2,0.0,27.033333333333342,0.0,-0.4999999999999997,-0.8660254037844388,1018.0,27.2,0.0,27.033333333333342,1017.5333333333332
2756,2756,2022-07-19,26.3,23.4,30.7,0.0,1016.8,0,7,200,1018.4,25.8,0.0,26.43333333333334,0.0,-0.4999999999999997,-0.8660254037844388,1018.4,25.8,0.0,26.43333333333334,1017.7333333333331
2757,2757,2022-07-20,26.7,24.0,31.0,0.0,1018.1,0,7,201,1016.8,26.3,0.0,26.26666666666667,0.0,-0.4999999999999997,-0.8660254037844388,1016.8,26.3,0.0,26.26666666666667,1017.7666666666664
2758,2758,2022-07-21,26.7,24.2,31.6,0.0,1018.9,0,7,202,1018.1,26.7,0.0,26.566666666666674,0.0,-0.4999999999999997,-0.8660254037844388,1018.1,26.7,0.0,26.566666666666674,1017.933333333333
2759,2759,2022-07-22,27.1,23.6,31.9,0.0,1016.3,0,7,203,1018.9,26.7,0.0,26.833333333333343,0.0,-0.4999999999999997,-0.8660254037844388,1018.9,26.7,0.0,26.833333333333343,1017.7666666666664
2760,2760,2022-07-23,26.9,24.3,30.6,0.0,1017.7,0,7,204,1016.3,27.1,0.0,26.900000000000006,0.0,-0.4999999999999997,-0.8660254037844388,1016.3,27.1,0.0,26.900000000000006,1017.6333333333332
2761,2761,2022-07-24,27.4,24.8,31.6,0.0,1016.8,0,7,205,1017.7,26.9,0.0,27.13333333333334,0.0,-0.4999999999999997,-0.8660254037844388,1017.7,26.9,0.0,27.13333333333334,1016.933333333333
2762,2762,2022-07-25,26.8,24.5,31.1,0.0,1015.1,1,7,206,1016.8,27.4,0.0,27.033333333333342,0.0,-0.4999999999999997,-0.8660254037844388,1016.8,27.4,0.0,27.033333333333342,1016.5333333333332
2763,2763,2022-07-26,26.8,25.0,31.0,0.7,1014.9,1,7,207,1015.1,26.8,0.0,27.000000000000004,0.6999999999999929,-0.4999999999999997,-0.8660254037844388,1015.1,26.8,0.0,27.000000000000004,1015.5999999999998
2764,2764,2022-07-27,26.1,23.2,30.1,0.4,1013.5,0,7,208,1014.9,26.8,0.7,26.566666666666677,1.099999999999993,-0.4999999999999997,-0.8660254037844388,1014.9,26.8,0.7,26.566666666666677,1014.4999999999999
2765,2765,2022-07-28,26.8,24.4,31.3,0.0,1012.8,0,7,209,1013.5,26.1,0.4,26.566666666666674,1.099999999999993,-0.4999999999999997,-0.8660254037844388,1013.5,26.1,0.4,26.566666666666674,1013.7333333333332
2766,2766,2022-07-29,26.3,24.5,31.0,0.0,1015.1,0,7,210,1012.8,26.8,0.0,26.40000000000001,1.099999999999993,-0.4999999999999997,-0.8660254037844388,1012.8,26.8,0.0,26.40000000000001,1013.7999999999998
2767,2767,2022-07-30,26.7,24.6,31.0,0.0,1018.3,0,7,211,1015.1,26.3,0.0,26.600000000000005,1.099999999999993,-0.4999999999999997,-0.8660254037844388,1015.1,26.3,0.0,26.600000000000005,1015.3999999999997
2768,2768,2022-07-31,27.6,24.4,32.2,0.0,1017.8,0,7,212,1018.3,26.7,0.0,26.866666666666674,1.099999999999993,-0.4999999999999997,-0.8660254037844388,1018.3,26.7,0.0,26.866666666666674,1017.0666666666665
2769,2769,2022-08-01,27.7,24.8,33.3,0.0,1016.1,0,8,213,1017.8,27.6,0.0,27.333333333333343,1.099999999999993,-0.8660254037844385,-0.5000000000000004,1017.8,27.6,0.0,27.333333333333343,1017.4
2770,2770,2022-08-02,28.4,26.7,32.5,0.0,1015.3,0,8,214,1016.1,27.7,0.0,27.900000000000006,0.3999999999999929,-0.8660254037844385,-0.5000000000000004,1016.1,27.7,0.0,27.900000000000006,1016.3999999999997
2771,2771,2022-08-03,27.9,25.2,32.3,0.0,1014.0,0,8,215,1015.3,28.4,0.0,28.000000000000004,0.0,-0.8660254037844385,-0.5000000000000004,1015.3,28.4,0.0,28.000000000000004,1015.1333333333332
2772,2772,2022-08-04,27.9,25.6,31.9,0.0,1014.3,1,8,216,1014.0,27.9,0.0,28.066666666666674,0.0,-0.8660254037844385,-0.5000000000000004,1014.0,27.9,0.0,28.066666666666674,1014.5333333333332
2773,2773,2022-08-05,26.3,22.2,32.3,13.5,1015.2,0,8,217,1014.3,27.9,0.0,27.366666666666674,13.499999999999993,-0.8660254037844385,-0.5000000000000004,1014.3,27.9,0.0,27.366666666666674,1014.4999999999999
2774,2774,2022-08-06,26.9,22.7,33.6,0.0,1016.0,0,8,218,1015.2,26.3,13.5,27.033333333333342,13.499999999999993,-0.8660254037844385,-0.5000000000000004,1015.2,26.3,13.5,27.033333333333342,1015.1666666666665
2775,2775,2022-08-07,27.3,24.4,31.7,0.0,1015.0,0,8,219,1016.0,26.9,0.0,26.833333333333343,13.499999999999993,-0.8660254037844385,-0.5000000000000004,1016.0,26.9,0.0,26.833333333333343,1015.4
2776,2776,2022-08-08,26.7,22.5,31.8,0.0,1015.7,0,8,220,1015.0,27.3,0.0,26.966666666666672,13.499999999999993,-0.8660254037844385,-0.5000000000000004,1015.0,27.3,0.0,26.966666666666672,1015.5666666666666
2777,2777,2022-08-09,27.6,24.2,32.1,0.0,1017.1,0,8,221,1015.7,26.7,0.0,27.200000000000006,13.499999999999993,-0.8660254037844385,-0.5000000000000004,1015.7,26.7,0.0,27.200000000000006,1015.9333333333333
2778,2778,2022-08-10,27.3,24.0,32.5,0.0,1016.0,0,8,222,1017.1,27.6,0.0,27.200000000000006,13.499999999999993,-0.8660254037844385,-0.5000000000000004,1017.1,27.6,0.0,27.200000000000006,1016.2666666666665
2779,2779,2022-08-11,27.3,23.9,32.2,0.0,1015.3,0,8,223,1016.0,27.3,0.0,27.400000000000006,13.499999999999993,-0.8660254037844385,-0.5000000000000004,1016.0,27.3,0.0,27.400000000000006,1016.1333333333332
2780,2780,2022-08-12,27.9,24.5,32.6,0.0,1012.7,0,8,224,1015.3,27.3,0.0,27.50000000000001,0.0,-0.8660254037844385,-0.5000000000000004,1015.3,27.3,0.0,27.50000000000001,1014.6666666666665
2781,2781,2022-08-13,28.1,25.3,33.7,0.0,1010.7,1,8,225,1012.7,27.9,0.0,27.766666666666676,0.0,-0.8660254037844385,-0.5000000000000004,1012.7,27.9,0.0,27.766666666666676,1012.9
2782,2782,2022-08-14,28.4,25.9,34.6,2.7,1007.9,0,8,226,1010.7,28.1,0.0,28.13333333333334,2.699999999999993,-0.8660254037844385,-0.5000000000000004,1010.7,28.1,0.0,28.13333333333334,1010.433333333333
2783,2783,2022-08-15,26.8,24.2,30.4,0.0,1007.9,0,8,227,1007.9,28.4,2.7,27.766666666666676,2.699999999999993,-0.8660254037844385,-0.5000000000000004,1007.9,28.4,2.7,27.766666666666676,1008.8333333333331
2784,2784,2022-08-16,26.6,23.8,31.2,0.0,1008.0,1,8,228,1007.9,26.8,0.0,27.266666666666676,2.699999999999993,-0.8660254037844385,-0.5000000000000004,1007.9,26.8,0.0,27.266666666666676,1007.933333333333
2785,2785,2022-08-17,25.4,18.3,31.2,45.9,1007.8,1,8,229,1008.0,26.6,0.0,26.266666666666676,48.599999999999994,-0.8660254037844385,-0.5000000000000004,1008.0,26.6,0.0,26.266666666666676,1007.8999999999997
2786,2786,2022-08-18,21.4,19.4,27.5,2.8,1012.5,0,8,230,1007.8,25.4,45.9,24.466666666666672,51.39999999999999,-0.8660254037844385,-0.5000000000000004,1007.8,25.4,45.9,24.466666666666672,1009.433333333333
2787,2787,2022-08-19,23.2,18.2,29.5,0.0,1017.3,0,8,231,1012.5,21.4,2.8,23.33333333333334,51.39999999999999,-0.8660254037844385,-0.5000000000000004,1012.5,21.4,2.8,23.33333333333334,1012.5333333333332
2788,2788,2022-08-20,24.7,20.6,30.1,0.0,1017.7,1,8,232,1017.3,23.2,0.0,23.10000000000001,51.39999999999999,-0.8660254037844385,-0.5000000000000004,1017.3,23.2,0.0,23.10000000000001,1015.8333333333331
2789,2789,2022-08-21,25.3,23.2,30.7,3.4,1014.9,0,8,233,1017.7,24.7,0.0,24.400000000000006,52.099999999999994,-0.8660254037844385,-0.5000000000000004,1017.7,24.7,0.0,24.400000000000006,1016.6333333333332
2790,2790,2022-08-22,25.2,23.5,29.2,0.0,1013.3,0,8,234,1014.9,25.3,3.4,25.066666666666674,52.099999999999994,-0.8660254037844385,-0.5000000000000004,1014.9,25.3,3.4,25.066666666666674,1015.2999999999998
2791,2791,2022-08-23,25.8,23.0,30.3,0.0,1013.9,0,8,235,1013.3,25.2,0.0,25.433333333333337,52.099999999999994,-0.8660254037844385,-0.5000000000000004,1013.3,25.2,0.0,25.433333333333337,1014.0333333333332
2792,2792,2022-08-24,26.7,24.3,31.0,0.0,1014.3,1,8,236,1013.9,25.8,0.0,25.900000000000006,6.199999999999992,-0.8660254037844385,-0.5000000000000004,1013.9,25.8,0.0,25.900000000000006,1013.8333333333331
2793,2793,2022-08-25,26.6,22.2,30.8,0.6,1014.6,0,8,237,1014.3,26.7,0.0,26.366666666666674,3.999999999999993,-0.8660254037844385,-0.5000000000000004,1014.3,26.7,0.0,26.366666666666674,1014.2666666666664
2794,2794,2022-08-26,25.6,22.0,31.3,0.0,1013.6,0,8,238,1014.6,26.6,0.6,26.300000000000008,3.999999999999993,-0.8660254037844385,-0.5000000000000004,1014.6,26.6,0.6,26.300000000000008,1014.1666666666665
2795,2795,2022-08-27,26.2,23.6,31.3,0.0,1011.9,0,8,239,1013.6,25.6,0.0,26.13333333333334,3.999999999999993,-0.8660254037844385,-0.5000000000000004,1013.6,25.6,0.0,26.13333333333334,1013.3666666666664
2796,2796,2022-08-28,26.0,22.6,31.1,0.0,1013.3,0,8,240,1011.9,26.2,0.0,25.93333333333334,0.5999999999999929,-0.8660254037844385,-0.5000000000000004,1011.9,26.2,0.0,25.93333333333334,1012.933333333333
2797,2797,2022-08-29,25.9,22.9,30.7,0.0,1015.9,1,8,241,1013.3,26.0,0.0,26.033333333333342,0.5999999999999929,-0.8660254037844385,-0.5000000000000004,1013.3,26.0,0.0,26.033333333333342,1013.6999999999998
2798,2798,2022-08-30,26.6,23.4,31.2,1.8,1015.8,1,8,242,1015.9,25.9,0.0,26.166666666666675,2.399999999999993,-0.8660254037844385,-0.5000000000000004,1015.9,25.9,0.0,26.166666666666675,1014.9999999999999
2799,2799,2022-08-31,24.5,18.8,30.5,11.6,1015.4,0,8,243,1015.8,26.6,1.8,25.666666666666675,13.999999999999993,-0.8660254037844385,-0.5000000000000004,1015.8,26.6,1.8,25.666666666666675,1015.6999999999998
2800,2800,2022-09-01,23.9,19.4,30.2,0.0,1014.1,0,9,244,1015.4,24.5,11.6,25.00000000000001,13.399999999999993,-1.0,-1.8369701987210297e-16,1015.4,24.5,11.6,25.00000000000001,1015.0999999999998
2801,2801,2022-09-02,25.4,23.1,30.9,0.0,1011.5,0,9,245,1014.1,23.9,0.0,24.600000000000005,13.399999999999993,-1.0,-1.8369701987210297e-16,1014.1,23.9,0.0,24.600000000000005,1013.6666666666665
2802,2802,2022-09-03,24.9,22.7,29.3,0.0,1012.1,0,9,246,1011.5,25.4,0.0,24.733333333333338,13.399999999999993,-1.0,-1.8369701987210297e-16,1011.5,25.4,0.0,24.733333333333338,1012.5666666666666
2803,2803,2022-09-04,25.6,23.1,29.5,0.0,1015.8,0,9,247,1012.1,24.9,0.0,25.300000000000008,13.399999999999993,-1.0,-1.8369701987210297e-16,1012.1,24.9,0.0,25.300000000000008,1013.1333333333332
2804,2804,2022-09-05,26.2,23.8,30.4,0.0,1017.9,0,9,248,1015.8,25.6,0.0,25.566666666666674,13.399999999999993,-1.0,-1.8369701987210297e-16,1015.8,25.6,0.0,25.566666666666674,1015.2666666666665
2805,2805,2022-09-06,26.2,23.1,30.8,0.0,1015.7,0,9,249,1017.9,26.2,0.0,26.00000000000001,11.599999999999993,-1.0,-1.8369701987210297e-16,1017.9,26.2,0.0,26.00000000000001,1016.4666666666666
2806,2806,2022-09-07,25.2,21.8,30.5,0.0,1013.3,0,9,250,1015.7,26.2,0.0,25.866666666666674,0.0,-1.0,-1.8369701987210297e-16,1015.7,26.2,0.0,25.866666666666674,1015.6333333333332
2807,2807,2022-09-08,25.5,23.6,29.3,0.0,1013.9,0,9,251,1013.3,25.2,0.0,25.63333333333334,0.0,-1.0,-1.8369701987210297e-16,1013.3,25.2,0.0,25.63333333333334,1014.2999999999998
2808,2808,2022-09-09,24.7,22.2,29.7,0.0,1016.3,0,9,252,1013.9,25.5,0.0,25.13333333333334,0.0,-1.0,-1.8369701987210297e-16,1013.9,25.5,0.0,25.13333333333334,1014.4999999999999
2809,2809,2022-09-10,24.7,21.0,29.4,0.0,1018.6,0,9,253,1016.3,24.7,0.0,24.966666666666672,0.0,-1.0,-1.8369701987210297e-16,1016.3,24.7,0.0,24.966666666666672,1016.2666666666664
2810,2810,2022-09-11,25.6,24.4,29.1,0.0,1016.1,0,9,254,1018.6,24.7,0.0,25.000000000000004,0.0,-1.0,-1.8369701987210297e-16,1018.6,24.7,0.0,25.000000000000004,1016.9999999999999
2811,2811,2022-09-12,25.9,23.2,30.8,0.0,1013.1,1,9,255,1016.1,25.6,0.0,25.400000000000006,0.0,-1.0,-1.8369701987210297e-16,1016.1,25.6,0.0,25.400000000000006,1015.9333333333333
2812,2812,2022-09-13,26.8,25.0,32.8,0.7,1011.1,1,9,256,1013.1,25.9,0.0,26.100000000000005,0.6999999999999929,-1.0,-1.8369701987210297e-16,1013.1,25.9,0.0,26.100000000000005,1013.4333333333333
2813,2813,2022-09-14,23.9,20.8,28.1,0.1,1009.1,0,9,257,1011.1,26.8,0.7,25.533333333333342,0.7999999999999928,-1.0,-1.8369701987210297e-16,1011.1,26.8,0.7,25.533333333333342,1011.0999999999999
2814,2814,2022-09-15,24.8,20.8,29.9,0.0,1010.9,0,9,258,1009.1,23.9,0.1,25.16666666666667,0.7999999999999928,-1.0,-1.8369701987210297e-16,1009.1,23.9,0.1,25.16666666666667,1010.3666666666664
2815,2815,2022-09-16,24.0,21.7,28.5,0.0,1011.7,0,9,259,1010.9,24.8,0.0,24.233333333333338,0.7999999999999928,-1.0,-1.8369701987210297e-16,1010.9,24.8,0.0,24.233333333333338,1010.5666666666666
2816,2816,2022-09-17,22.7,20.1,26.4,0.0,1013.5,0,9,260,1011.7,24.0,0.0,23.833333333333343,0.7999999999999928,-1.0,-1.8369701987210297e-16,1011.7,24.0,0.0,23.833333333333343,1012.0333333333332
2817,2817,2022-09-18,21.9,18.6,25.5,0.0,1016.6,0,9,261,1013.5,22.7,0.0,22.866666666666674,0.7999999999999928,-1.0,-1.8369701987210297e-16,1013.5,22.7,0.0,22.866666666666674,1013.9333333333333
2818,2818,2022-09-19,22.2,18.8,26.6,0.0,1015.9,0,9,262,1016.6,21.9,0.0,22.266666666666676,0.7999999999999928,-1.0,-1.8369701987210297e-16,1016.6,21.9,0.0,22.266666666666676,1015.3333333333331
2819,2819,2022-09-20,22.6,20.7,26.2,0.0,1017.3,0,9,263,1015.9,22.2,0.0,22.233333333333338,0.0999999999999929,-1.0,-1.8369701987210297e-16,1015.9,22.2,0.0,22.233333333333338,1016.5999999999998
2820,2820,2022-09-21,21.8,19.5,26.0,0.0,1017.8,0,9,264,1017.3,22.6,0.0,22.200000000000006,0.0,-1.0,-1.8369701987210297e-16,1017.3,22.6,0.0,22.200000000000006,1016.9999999999999
2821,2821,2022-09-22,22.1,20.1,25.8,0.0,1018.3,1,9,265,1017.8,21.8,0.0,22.166666666666675,0.0,-1.0,-1.8369701987210297e-16,1017.8,21.8,0.0,22.166666666666675,1017.7999999999998
2822,2822,2022-09-23,21.7,17.0,27.0,13.7,1017.5,1,9,266,1018.3,22.1,0.0,21.866666666666674,13.699999999999992,-1.0,-1.8369701987210297e-16,1018.3,22.1,0.0,21.866666666666674,1017.8666666666664
2823,2823,2022-09-24,19.8,16.7,23.3,0.6,1012.9,0,9,267,1017.5,21.7,13.7,21.200000000000006,14.299999999999992,-1.0,-1.8369701987210297e-16,1017.5,21.7,13.7,21.200000000000006,1016.2333333333331
2824,2824,2022-09-25,19.1,16.4,23.7,0.0,1012.9,0,9,268,1012.9,19.8,0.6,20.200000000000006,14.299999999999992,-1.0,-1.8369701987210297e-16,1012.9,19.8,0.6,20.200000000000006,1014.433333333333
2825,2825,2022-09-26,19.7,15.0,25.6,0.0,1012.0,0,9,269,1012.9,19.1,0.0,19.533333333333342,14.299999999999992,-1.0,-1.8369701987210297e-16,1012.9,19.1,0.0,19.533333333333342,1012.5999999999998
2826,2826,2022-09-27,19.6,15.3,24.7,0.0,1010.5,0,9,270,1012.0,19.7,0.0,19.466666666666672,14.299999999999992,-1.0,-1.8369701987210297e-16,1012.0,19.7,0.0,19.466666666666672,1011.7999999999998
2827,2827,2022-09-28,20.8,16.8,27.0,0.0,1008.0,0,9,271,1010.5,19.6,0.0,20.033333333333342,14.299999999999992,-1.0,-1.8369701987210297e-16,1010.5,19.6,0.0,20.033333333333342,1010.1666666666665
2828,2828,2022-09-29,19.7,16.3,24.6,0.0,1003.4,0,9,272,1008.0,20.8,0.0,20.033333333333342,14.299999999999992,-1.0,-1.8369701987210297e-16,1008.0,20.8,0.0,20.033333333333342,1007.2999999999998
2829,2829,2022-09-30,17.9,14.5,23.2,0.0,1010.0,0,9,273,1003.4,19.7,0.0,19.466666666666672,0.5999999999999929,-1.0,-1.8369701987210297e-16,1003.4,19.7,0.0,19.466666666666672,1007.1333333333332
2830,2830,2022-10-01,18.2,12.7,24.2,0.0,1022.7,0,10,274,1010.0,17.9,0.0,18.600000000000005,0.0,-0.8660254037844386,0.5000000000000001,1010.0,17.9,0.0,18.600000000000005,1012.0333333333332
2831,2831,2022-10-02,20.4,15.7,26.2,0.0,1025.3,0,10,275,1022.7,18.2,0.0,18.83333333333334,0.0,-0.8660254037844386,0.5000000000000001,1022.7,18.2,0.0,18.83333333333334,1019.3333333333331
2832,2832,2022-10-03,20.2,16.6,25.5,0.0,1021.5,0,10,276,1025.3,20.4,0.0,19.60000000000001,0.0,-0.8660254037844386,0.5000000000000001,1025.3,20.4,0.0,19.60000000000001,1023.1666666666665
2833,2833,2022-10-04,20.4,17.8,25.7,0.0,1020.9,0,10,277,1021.5,20.2,0.0,20.33333333333334,0.0,-0.8660254037844386,0.5000000000000001,1021.5,20.2,0.0,20.33333333333334,1022.5666666666666
2834,2834,2022-10-05,19.9,16.4,24.9,0.0,1024.0,1,10,278,1020.9,20.4,0.0,20.16666666666667,0.0,-0.8660254037844386,0.5000000000000001,1020.9,20.4,0.0,20.16666666666667,1022.1333333333332
2835,2835,2022-10-06,20.7,18.1,25.0,0.7,1026.5,1,10,279,1024.0,19.9,0.0,20.33333333333334,0.6999999999999929,-0.8660254037844386,0.5000000000000001,1024.0,19.9,0.0,20.33333333333334,1023.7999999999998
2836,2836,2022-10-07,18.5,17.1,20.8,35.2,1022.4,0,10,280,1026.5,20.7,0.7,19.700000000000006,35.9,-0.8660254037844386,0.5000000000000001,1026.5,20.7,0.7,19.700000000000006,1024.3
2837,2837,2022-10-08,19.7,18.0,23.0,0.0,1019.2,1,10,281,1022.4,18.5,35.2,19.63333333333334,35.9,-0.8660254037844386,0.5000000000000001,1022.4,18.5,35.2,19.63333333333334,1022.6999999999998
2838,2838,2022-10-09,19.3,17.1,23.3,0.4,1017.8,0,10,282,1019.2,19.7,0.0,19.166666666666675,36.3,-0.8660254037844386,0.5000000000000001,1019.2,19.7,0.0,19.166666666666675,1019.7999999999998
2839,2839,2022-10-10,20.2,18.3,23.5,0.0,1018.0,0,10,283,1017.8,19.3,0.4,19.733333333333338,36.3,-0.8660254037844386,0.5000000000000001,1017.8,19.3,0.4,19.733333333333338,1018.3333333333331
2840,2840,2022-10-11,19.4,17.5,23.2,0.0,1019.5,0,10,284,1018.0,20.2,0.0,19.63333333333334,36.3,-0.8660254037844386,0.5000000000000001,1018.0,20.2,0.0,19.63333333333334,1018.4333333333333
2841,2841,2022-10-12,19.8,16.8,24.6,0.0,1020.5,0,10,285,1019.5,19.4,0.0,19.800000000000008,36.3,-0.8660254037844386,0.5000000000000001,1019.5,19.4,0.0,19.800000000000008,1019.3333333333331
2842,2842,2022-10-13,20.3,17.5,25.3,0.0,1021.9,0,10,286,1020.5,19.8,0.0,19.83333333333334,35.599999999999994,-0.8660254037844386,0.5000000000000001,1020.5,19.8,0.0,19.83333333333334,1020.6333333333332
2843,2843,2022-10-14,20.1,16.8,25.5,0.0,1020.1,0,10,287,1021.9,20.3,0.0,20.066666666666677,0.3999999999999929,-0.8660254037844386,0.5000000000000001,1021.9,20.3,0.0,20.066666666666677,1020.8333333333331
2844,2844,2022-10-15,20.3,17.0,25.7,0.0,1016.5,0,10,288,1020.1,20.1,0.0,20.23333333333334,0.3999999999999929,-0.8660254037844386,0.5000000000000001,1020.1,20.1,0.0,20.23333333333334,1019.4999999999999
2845,2845,2022-10-16,21.2,18.4,26.2,0.0,1018.0,0,10,289,1016.5,20.3,0.0,20.533333333333342,0.0,-0.8660254037844386,0.5000000000000001,1016.5,20.3,0.0,20.533333333333342,1018.1999999999998
2846,2846,2022-10-17,22.3,20.4,25.7,0.0,1023.7,0,10,290,1018.0,21.2,0.0,21.266666666666676,0.0,-0.8660254037844386,0.5000000000000001,1018.0,21.2,0.0,21.266666666666676,1019.4
2847,2847,2022-10-18,21.2,19.1,25.7,0.0,1025.6,0,10,291,1023.7,22.3,0.0,21.566666666666674,0.0,-0.8660254037844386,0.5000000000000001,1023.7,22.3,0.0,21.566666666666674,1022.4333333333333
2848,2848,2022-10-19,21.3,19.5,26.0,0.0,1020.7,0,10,292,1025.6,21.2,0.0,21.600000000000005,0.0,-0.8660254037844386,0.5000000000000001,1025.6,21.2,0.0,21.600000000000005,1023.3333333333334
2849,2849,2022-10-20,21.6,19.6,25.1,0.0,1016.9,0,10,293,1020.7,21.3,0.0,21.366666666666674,0.0,-0.8660254037844386,0.5000000000000001,1020.7,21.3,0.0,21.366666666666674,1021.0666666666665
2850,2850,2022-10-21,21.9,19.7,26.2,0.0,1014.4,0,10,294,1016.9,21.6,0.0,21.600000000000005,0.0,-0.8660254037844386,0.5000000000000001,1016.9,21.6,0.0,21.600000000000005,1017.3333333333331
2851,2851,2022-10-22,20.7,18.1,26.6,0.0,1016.2,0,10,295,1014.4,21.9,0.0,21.400000000000006,0.0,-0.8660254037844386,0.5000000000000001,1014.4,21.9,0.0,21.400000000000006,1015.8333333333331
2852,2852,2022-10-23,21.1,18.7,26.2,0.0,1016.1,0,10,296,1016.2,20.7,0.0,21.233333333333338,0.0,-0.8660254037844386,0.5000000000000001,1016.2,20.7,0.0,21.233333333333338,1015.5666666666665
2853,2853,2022-10-24,21.2,18.7,27.0,0.0,1016.8,0,10,297,1016.1,21.1,0.0,21.000000000000007,0.0,-0.8660254037844386,0.5000000000000001,1016.1,21.1,0.0,21.000000000000007,1016.3666666666664
2854,2854,2022-10-25,20.7,17.9,26.8,0.0,1017.8,0,10,298,1016.8,21.2,0.0,21.00000000000001,0.0,-0.8660254037844386,0.5000000000000001,1016.8,21.2,0.0,21.00000000000001,1016.8999999999997
2855,2855,2022-10-26,20.9,18.0,26.3,0.0,1019.3,0,10,299,1017.8,20.7,0.0,20.933333333333337,0.0,-0.8660254037844386,0.5000000000000001,1017.8,20.7,0.0,20.933333333333337,1017.9666666666666
2856,2856,2022-10-27,19.2,16.8,22.7,0.0,1024.2,0,10,300,1019.3,20.9,0.0,20.266666666666673,0.0,-0.8660254037844386,0.5000000000000001,1019.3,20.9,0.0,20.266666666666673,1020.433333333333
2857,2857,2022-10-28,18.3,15.9,22.9,0.0,1025.8,0,10,301,1024.2,19.2,0.0,19.466666666666672,0.0,-0.8660254037844386,0.5000000000000001,1024.2,19.2,0.0,19.466666666666672,1023.0999999999998
2858,2858,2022-10-29,17.4,14.5,22.1,0.0,1023.7,0,10,302,1025.8,18.3,0.0,18.300000000000008,0.0,-0.8660254037844386,0.5000000000000001,1025.8,18.3,0.0,18.300000000000008,1024.5666666666664
2859,2859,2022-10-30,18.2,15.6,23.9,0.0,1021.1,0,10,303,1023.7,17.4,0.0,17.966666666666672,0.0,-0.8660254037844386,0.5000000000000001,1023.7,17.4,0.0,17.966666666666672,1023.5333333333332
2860,2860,2022-10-31,19.6,16.6,23.9,0.0,1020.1,0,10,304,1021.1,18.2,0.0,18.40000000000001,0.0,-0.8660254037844386,0.5000000000000001,1021.1,18.2,0.0,18.40000000000001,1021.6333333333332
2861,2861,2022-11-01,19.5,17.3,24.9,0.0,1021.9,0,11,305,1020.1,19.6,0.0,19.10000000000001,0.0,-0.5000000000000004,0.8660254037844384,1020.1,19.6,0.0,19.10000000000001,1021.0333333333332
2862,2862,2022-11-02,18.2,16.1,22.6,0.0,1023.9,1,11,306,1021.9,19.5,0.0,19.10000000000001,0.0,-0.5000000000000004,0.8660254037844384,1021.9,19.5,0.0,19.10000000000001,1021.9666666666666
2863,2863,2022-11-03,18.7,15.8,24.0,0.1,1016.3,0,11,307,1023.9,18.2,0.0,18.800000000000008,0.0999999999999929,-0.5000000000000004,0.8660254037844384,1023.9,18.2,0.0,18.800000000000008,1020.6999999999998
2864,2864,2022-11-04,16.8,12.8,21.9,0.0,1014.0,0,11,308,1016.3,18.7,0.1,17.900000000000006,0.0999999999999929,-0.5000000000000004,0.8660254037844384,1016.3,18.7,0.1,17.900000000000006,1018.0666666666665
2865,2865,2022-11-05,14.8,12.1,20.6,0.0,1018.5,0,11,309,1014.0,16.8,0.0,16.766666666666673,0.0999999999999929,-0.5000000000000004,0.8660254037844384,1014.0,16.8,0.0,16.766666666666673,1016.2666666666664
2866,2866,2022-11-06,14.4,9.3,21.1,0.0,1017.6,0,11,310,1018.5,14.8,0.0,15.333333333333341,0.0999999999999929,-0.5000000000000004,0.8660254037844384,1018.5,14.8,0.0,15.333333333333341,1016.6999999999998
2867,2867,2022-11-07,15.2,10.8,21.4,0.0,1019.8,0,11,311,1017.6,14.4,0.0,14.800000000000006,0.0999999999999929,-0.5000000000000004,0.8660254037844384,1017.6,14.4,0.0,14.800000000000006,1018.6333333333332
2868,2868,2022-11-08,16.2,12.5,23.1,0.0,1016.4,1,11,312,1019.8,15.2,0.0,15.266666666666675,0.0999999999999929,-0.5000000000000004,0.8660254037844384,1019.8,15.2,0.0,15.266666666666675,1017.933333333333
2869,2869,2022-11-09,17.4,13.2,23.5,23.0,1016.3,0,11,313,1016.4,16.2,0.0,16.266666666666676,23.099999999999994,-0.5000000000000004,0.8660254037844384,1016.4,16.2,0.0,16.266666666666676,1017.4999999999999
2870,2870,2022-11-10,16.6,14.6,20.8,0.0,1023.8,0,11,314,1016.3,17.4,23.0,16.733333333333338,22.999999999999993,-0.5000000000000004,0.8660254037844384,1016.3,17.4,23.0,16.733333333333338,1018.833333333333
2871,2871,2022-11-11,17.2,13.6,21.4,0.0,1028.0,0,11,315,1023.8,16.6,0.0,17.066666666666674,22.999999999999993,-0.5000000000000004,0.8660254037844384,1023.8,16.6,0.0,17.066666666666674,1022.6999999999998
2872,2872,2022-11-12,18.2,16.7,21.3,0.0,1027.6,0,11,316,1028.0,17.2,0.0,17.333333333333343,22.999999999999993,-0.5000000000000004,0.8660254037844384,1028.0,17.2,0.0,17.333333333333343,1026.4666666666665
2873,2873,2022-11-13,16.3,12.4,20.5,0.0,1020.9,0,11,317,1027.6,18.2,0.0,17.23333333333334,22.999999999999993,-0.5000000000000004,0.8660254037844384,1027.6,18.2,0.0,17.23333333333334,1025.4999999999998
2874,2874,2022-11-14,17.2,15.3,21.6,0.0,1017.2,0,11,318,1020.9,16.3,0.0,17.233333333333345,22.999999999999993,-0.5000000000000004,0.8660254037844384,1020.9,16.3,0.0,17.233333333333345,1021.8999999999997
2875,2875,2022-11-15,17.1,14.8,20.9,0.0,1011.0,0,11,319,1017.2,17.2,0.0,16.866666666666674,22.999999999999993,-0.5000000000000004,0.8660254037844384,1017.2,17.2,0.0,16.866666666666674,1016.3666666666664
2876,2876,2022-11-16,18.0,16.7,21.6,0.0,1006.7,0,11,320,1011.0,17.1,0.0,17.43333333333334,0.0,-0.5000000000000004,0.8660254037844384,1011.0,17.1,0.0,17.43333333333334,1011.6333333333332
2877,2877,2022-11-17,18.9,16.9,23.4,0.0,1004.4,0,11,321,1006.7,18.0,0.0,18.00000000000001,0.0,-0.5000000000000004,0.8660254037844384,1006.7,18.0,0.0,18.00000000000001,1007.3666666666664
2878,2878,2022-11-18,15.2,13.3,18.8,0.0,1008.3,0,11,322,1004.4,18.9,0.0,17.366666666666674,0.0,-0.5000000000000004,0.8660254037844384,1004.4,18.9,0.0,17.366666666666674,1006.4666666666666
2879,2879,2022-11-19,12.6,9.3,17.4,0.0,1011.1,0,11,323,1008.3,15.2,0.0,15.566666666666675,0.0,-0.5000000000000004,0.8660254037844384,1008.3,15.2,0.0,15.566666666666675,1007.933333333333
2880,2880,2022-11-20,10.7,6.2,16.4,0.0,1017.4,1,11,324,1011.1,12.6,0.0,12.833333333333341,0.0,-0.5000000000000004,0.8660254037844384,1011.1,12.6,0.0,12.833333333333341,1012.2666666666664
2881,2881,2022-11-21,12.8,11.0,16.6,0.2,1010.3,0,11,325,1017.4,10.7,0.0,12.03333333333334,0.1999999999999929,-0.5000000000000004,0.8660254037844384,1017.4,10.7,0.0,12.03333333333334,1012.933333333333
2882,2882,2022-11-22,12.6,10.0,16.2,0.0,1008.3,0,11,326,1010.3,12.8,0.2,12.03333333333334,0.1999999999999929,-0.5000000000000004,0.8660254037844384,1010.3,12.8,0.2,12.03333333333334,1011.9999999999999
2883,2883,2022-11-23,15.5,11.7,23.8,0.0,1008.4,0,11,327,1008.3,12.6,0.0,13.633333333333342,0.1999999999999929,-0.5000000000000004,0.8660254037844384,1008.3,12.6,0.0,13.633333333333342,1008.9999999999999
2884,2884,2022-11-24,14.4,11.2,19.7,0.0,1017.6,1,11,328,1008.4,15.5,0.0,14.166666666666673,0.1999999999999929,-0.5000000000000004,0.8660254037844384,1008.4,15.5,0.0,14.166666666666673,1011.433333333333
2885,2885,2022-11-25,14.4,10.7,19.9,3.3,1019.8,0,11,329,1017.6,14.4,0.0,14.766666666666675,3.499999999999993,-0.5000000000000004,0.8660254037844384,1017.6,14.4,0.0,14.766666666666675,1015.2666666666664
2886,2886,2022-11-26,11.6,8.0,18.8,0.0,1027.1,0,11,330,1019.8,14.4,3.3,13.466666666666676,3.499999999999993,-0.5000000000000004,0.8660254037844384,1019.8,14.4,3.3,13.466666666666676,1021.4999999999997
2887,2887,2022-11-27,10.7,6.4,17.8,0.0,1024.3,1,11,331,1027.1,11.6,0.0,12.233333333333341,3.499999999999993,-0.5000000000000004,0.8660254037844384,1027.1,11.6,0.0,12.233333333333341,1023.7333333333331
2888,2888,2022-11-28,11.3,9.6,15.0,2.3,1015.3,0,11,332,1024.3,10.7,0.0,11.200000000000008,5.5999999999999925,-0.5000000000000004,0.8660254037844384,1024.3,10.7,0.0,11.200000000000008,1022.2333333333332
2889,2889,2022-11-29,10.8,8.3,16.1,0.0,1017.1,1,11,333,1015.3,11.3,2.3,10.933333333333342,5.5999999999999925,-0.5000000000000004,0.8660254037844384,1015.3,11.3,2.3,10.933333333333342,1018.8999999999997
2890,2890,2022-11-30,9.8,7.3,15.6,0.5,1016.9,0,11,334,1017.1,10.8,0.0,10.633333333333342,6.0999999999999925,-0.5000000000000004,0.8660254037844384,1017.1,10.8,0.0,10.633333333333342,1016.433333333333
2891,2891,2022-12-01,10.8,8.2,15.1,0.0,1016.7,0,12,335,1016.9,9.8,0.5,10.466666666666676,6.0999999999999925,-2.4492935982947064e-16,1.0,1016.9,9.8,0.5,10.466666666666676,1016.9
2892,2892,2022-12-02,8.9,6.1,13.8,0.0,1015.0,1,12,336,1016.7,10.8,0.0,9.833333333333343,2.7999999999999927,-2.4492935982947064e-16,1.0,1016.7,10.8,0.0,9.833333333333343,1016.1999999999998
2893,2893,2022-12-03,8.0,3.7,14.8,2.2,1008.6,1,12,337,1015.0,8.9,0.0,9.233333333333341,4.999999999999993,-2.4492935982947064e-16,1.0,1015.0,8.9,0.0,9.233333333333341,1013.4333333333333
2894,2894,2022-12-04,8.7,7.0,14.2,0.2,1010.8,0,12,338,1008.6,8.0,2.2,8.533333333333342,5.199999999999993,-2.4492935982947064e-16,1.0,1008.6,8.0,2.2,8.533333333333342,1011.4666666666666
2895,2895,2022-12-05,8.9,4.4,14.6,0.0,1017.2,0,12,339,1010.8,8.7,0.2,8.53333333333334,2.8999999999999932,-2.4492935982947064e-16,1.0,1010.8,8.7,0.2,8.53333333333334,1012.1999999999998
2896,2896,2022-12-06,10.7,8.8,15.6,0.0,1015.7,0,12,340,1017.2,8.9,0.0,9.433333333333342,2.8999999999999932,-2.4492935982947064e-16,1.0,1017.2,8.9,0.0,9.433333333333342,1014.5666666666666
2897,2897,2022-12-07,10.9,8.2,15.1,0.0,1013.9,1,12,341,1015.7,10.7,0.0,10.166666666666675,2.3999999999999932,-2.4492935982947064e-16,1.0,1015.7,10.7,0.0,10.166666666666675,1015.5999999999998
2898,2898,2022-12-08,11.6,9.9,14.9,13.8,1007.4,1,12,342,1013.9,10.9,0.0,11.066666666666675,16.199999999999996,-2.4492935982947064e-16,1.0,1013.9,10.9,0.0,11.066666666666675,1012.3333333333331
2899,2899,2022-12-09,14.2,11.6,19.8,0.2,999.7,0,12,343,1007.4,11.6,13.8,12.233333333333341,16.399999999999995,-2.4492935982947064e-16,1.0,1007.4,11.6,13.8,12.233333333333341,1006.9999999999999
2900,2900,2022-12-10,11.7,5.5,15.8,0.0,1004.2,1,12,344,999.7,14.2,0.2,12.500000000000007,14.199999999999994,-2.4492935982947064e-16,1.0,999.7,14.2,0.2,12.500000000000007,1003.7666666666665
2901,2901,2022-12-11,7.2,5.2,9.8,0.3,1007.9,1,12,345,1004.2,11.7,0.0,11.03333333333334,14.299999999999994,-2.4492935982947064e-16,1.0,1004.2,11.7,0.0,11.03333333333334,1003.933333333333
2902,2902,2022-12-12,8.1,6.3,11.3,7.0,1007.4,1,12,346,1007.9,7.2,0.3,9.000000000000009,21.299999999999994,-2.4492935982947064e-16,1.0,1007.9,7.2,0.3,9.000000000000009,1006.4999999999999
2903,2903,2022-12-13,11.8,8.4,16.1,1.9,1002.9,1,12,347,1007.4,8.1,7.0,9.03333333333334,23.199999999999992,-2.4492935982947064e-16,1.0,1007.4,8.1,7.0,9.03333333333334,1006.0666666666665
2904,2904,2022-12-14,13.4,11.8,19.2,0.2,1002.4,1,12,348,1002.9,11.8,1.9,11.100000000000009,23.399999999999995,-2.4492935982947064e-16,1.0,1002.9,11.8,1.9,11.100000000000009,1004.2333333333331
2905,2905,2022-12-15,13.3,11.7,18.0,0.2,998.1,1,12,349,1002.4,13.4,0.2,12.833333333333343,9.799999999999994,-2.4492935982947064e-16,1.0,1002.4,13.4,0.2,12.833333333333343,1001.1333333333332
2906,2906,2022-12-16,12.7,9.5,17.8,0.3,1006.2,0,12,350,998.1,13.3,0.2,13.13333333333334,9.899999999999993,-2.4492935982947064e-16,1.0,998.1,13.3,0.2,13.13333333333334,1002.2333333333332
2907,2907,2022-12-17,11.1,9.0,15.3,0.0,1018.1,0,12,351,1006.2,12.7,0.3,12.366666666666674,9.899999999999993,-2.4492935982947064e-16,1.0,1006.2,12.7,0.3,12.366666666666674,1007.4666666666666
2908,2908,2022-12-18,10.1,6.4,15.9,0.0,1027.0,0,12,352,1018.1,11.1,0.0,11.300000000000006,9.599999999999993,-2.4492935982947064e-16,1.0,1018.1,11.1,0.0,11.300000000000006,1017.0999999999999
2909,2909,2022-12-19,11.4,8.4,17.4,0.0,1028.5,1,12,353,1027.0,10.1,0.0,10.866666666666674,2.599999999999993,-2.4492935982947064e-16,1.0,1027.0,10.1,0.0,10.866666666666674,1024.533333333333
2910,2910,2022-12-20,12.6,9.8,16.8,0.9,1023.5,0,12,354,1028.5,11.4,0.0,11.366666666666674,1.599999999999993,-2.4492935982947064e-16,1.0,1028.5,11.4,0.0,11.366666666666674,1026.3333333333333
2911,2911,2022-12-21,13.1,9.9,17.6,0.0,1020.7,0,12,355,1023.5,12.6,0.9,12.366666666666674,1.399999999999993,-2.4492935982947064e-16,1.0,1023.5,12.6,0.9,12.366666666666674,1024.2333333333333
2912,2912,2022-12-22,13.3,9.9,18.5,0.0,1022.7,0,12,356,1020.7,13.1,0.0,13.000000000000007,1.199999999999993,-2.4492935982947064e-16,1.0,1020.7,13.1,0.0,13.000000000000007,1022.2999999999998
2913,2913,2022-12-23,16.1,11.9,21.4,0.0,1020.9,0,12,357,1022.7,13.3,0.0,14.166666666666673,0.899999999999993,-2.4492935982947064e-16,1.0,1022.7,13.3,0.0,14.166666666666673,1021.4333333333333
2914,2914,2022-12-24,15.1,12.9,19.4,0.0,1019.7,0,12,358,1020.9,16.1,0.0,14.833333333333341,0.899999999999993,-2.4492935982947064e-16,1.0,1020.9,16.1,0.0,14.833333333333341,1021.0999999999999
2915,2915,2022-12-25,12.6,8.5,17.4,0.0,1019.7,0,12,359,1019.7,15.1,0.0,14.600000000000009,0.899999999999993,-2.4492935982947064e-16,1.0,1019.7,15.1,0.0,14.600000000000009,1020.0999999999999
2916,2916,2022-12-26,12.8,9.4,18.5,0.0,1025.4,0,12,360,1019.7,12.6,0.0,13.500000000000007,0.899999999999993,-2.4492935982947064e-16,1.0,1019.7,12.6,0.0,13.500000000000007,1021.5999999999999
2917,2917,2022-12-27,11.9,8.1,17.7,0.0,1029.6,0,12,361,1025.4,12.8,0.0,12.433333333333339,0.0,-2.4492935982947064e-16,1.0,1025.4,12.8,0.0,12.433333333333339,1024.8999999999999
2918,2918,2022-12-28,11.3,7.4,15.8,0.0,1025.1,0,12,362,1029.6,11.9,0.0,12.000000000000007,0.0,-2.4492935982947064e-16,1.0,1029.6,11.9,0.0,12.000000000000007,1026.6999999999998
2919,2919,2022-12-29,11.8,6.8,17.6,0.0,1020.6,0,12,363,1025.1,11.3,0.0,11.666666666666673,0.0,-2.4492935982947064e-16,1.0,1025.1,11.3,0.0,11.666666666666673,1025.0999999999997
2920,2920,2022-12-30,13.8,9.1,19.7,0.0,1020.9,0,12,364,1020.6,11.8,0.0,12.30000000000001,0.0,-2.4492935982947064e-16,1.0,1020.6,11.8,0.0,12.30000000000001,1022.1999999999998
2921,2921,2022-12-31,14.2,10.0,19.5,0.0,1024.6,0,12,365,1020.9,13.8,0.0,13.266666666666673,0.0,-2.4492935982947064e-16,1.0,1020.9,13.8,0.0,13.266666666666673,1022.0333333333332
2922,2922,2023-01-01,11.0,8.6,15.9,0.0,1025.8,0,1,1,1024.6,14.2,0.0,13.000000000000007,0.0,0.49999999999999994,0.8660254037844387,1024.6,14.2,0.0,13.000000000000007,1023.7666666666664
2923,2923,2023-01-02,10.7,7.0,15.0,0.0,1024.6,0,1,2,1025.8,11.0,0.0,11.966666666666674,0.0,0.49999999999999994,0.8660254037844387,1025.8,11.0,0.0,11.966666666666674,1024.9999999999998
2924,2924,2023-01-03,12.4,8.2,17.6,0.0,1029.2,0,1,3,1024.6,10.7,0.0,11.366666666666674,0.0,0.49999999999999994,0.8660254037844387,1024.6,10.7,0.0,11.366666666666674,1026.533333333333
2925,2925,2023-01-04,10.3,7.5,16.1,0.0,1032.6,0,1,4,1029.2,12.4,0.0,11.13333333333334,0.0,0.49999999999999994,0.8660254037844387,1029.2,12.4,0.0,11.13333333333334,1028.7999999999997
2926,2926,2023-01-05,9.5,5.7,15.6,0.0,1028.8,0,1,5,1032.6,10.3,0.0,10.73333333333334,0.0,0.49999999999999994,0.8660254037844387,1032.6,10.3,0.0,10.73333333333334,1030.1999999999998
2927,2927,2023-01-06,8.6,4.3,15.4,0.0,1025.0,0,1,6,1028.8,9.5,0.0,9.466666666666674,0.0,0.49999999999999994,0.8660254037844387,1028.8,9.5,0.0,9.466666666666674,1028.8
2928,2928,2023-01-07,9.7,4.8,16.6,0.0,1021.1,0,1,7,1025.0,8.6,0.0,9.266666666666673,0.0,0.49999999999999994,0.8660254037844387,1025.0,8.6,0.0,9.266666666666673,1024.9666666666665
2929,2929,2023-01-08,12.7,9.1,15.8,0.0,1013.4,0,1,8,1021.1,9.7,0.0,10.333333333333341,0.0,0.49999999999999994,0.8660254037844387,1021.1,9.7,0.0,10.333333333333341,1019.8333333333331
2930,2930,2023-01-09,14.1,10.9,17.3,0.0,1016.3,0,1,9,1013.4,12.7,0.0,12.166666666666671,0.0,0.49999999999999994,0.8660254037844387,1013.4,12.7,0.0,12.166666666666671,1016.933333333333
2931,2931,2023-01-10,9.9,6.1,15.2,0.0,1026.5,0,1,10,1016.3,14.1,0.0,12.233333333333341,0.0,0.49999999999999994,0.8660254037844387,1016.3,14.1,0.0,12.233333333333341,1018.7333333333332
2932,2932,2023-01-11,10.1,6.2,15.2,0.0,1024.7,0,1,11,1026.5,9.9,0.0,11.366666666666674,0.0,0.49999999999999994,0.8660254037844387,1026.5,9.9,0.0,11.366666666666674,1022.4999999999999
2933,2933,2023-01-12,9.9,6.5,14.7,0.0,1027.3,0,1,12,1024.7,10.1,0.0,9.966666666666674,0.0,0.49999999999999994,0.8660254037844387,1024.7,10.1,0.0,9.966666666666674,1026.1666666666667
2934,2934,2023-01-13,9.8,6.3,15.7,0.0,1025.5,0,1,13,1027.3,9.9,0.0,9.933333333333342,0.0,0.49999999999999994,0.8660254037844387,1027.3,9.9,0.0,9.933333333333342,1025.8333333333333
2935,2935,2023-01-14,10.2,5.0,16.0,0.0,1024.6,0,1,14,1025.5,9.8,0.0,9.966666666666674,0.0,0.49999999999999994,0.8660254037844387,1025.5,9.8,0.0,9.966666666666674,1025.8
2936,2936,2023-01-15,12.3,8.5,16.7,0.0,1017.1,0,1,15,1024.6,10.2,0.0,10.766666666666675,0.0,0.49999999999999994,0.8660254037844387,1024.6,10.2,0.0,10.766666666666675,1022.3999999999997
2937,2937,2023-01-16,11.3,6.8,16.6,0.0,1007.4,1,1,16,1017.1,12.3,0.0,11.266666666666673,0.0,0.49999999999999994,0.8660254037844387,1017.1,12.3,0.0,11.266666666666673,1016.3666666666664
2938,2938,2023-01-17,13.4,7.4,17.2,0.8,992.9,0,1,17,1007.4,11.3,0.0,12.333333333333343,0.7999999999999929,0.49999999999999994,0.8660254037844387,1007.4,11.3,0.0,12.333333333333343,1005.7999999999998
2939,2939,2023-01-18,8.9,6.2,13.0,0.0,1000.6,0,1,18,992.9,13.4,0.8,11.200000000000008,0.7999999999999929,0.49999999999999994,0.8660254037844387,992.9,13.4,0.8,11.200000000000008,1000.2999999999998
2940,2940,2023-01-19,8.3,4.3,12.2,0.0,1010.8,0,1,19,1000.6,8.9,0.0,10.200000000000008,0.7999999999999929,0.49999999999999994,0.8660254037844387,1000.6,8.9,0.0,10.200000000000008,1001.433333333333
2941,2941,2023-01-20,9.2,4.1,14.2,0.0,1013.3,0,1,20,1010.8,8.3,0.0,8.800000000000006,0.7999999999999929,0.49999999999999994,0.8660254037844387,1010.8,8.3,0.0,8.800000000000006,1008.2333333333331
2942,2942,2023-01-21,6.1,0.4,12.0,0.0,1017.8,1,1,21,1013.3,9.2,0.0,7.866666666666674,0.7999999999999929,0.49999999999999994,0.8660254037844387,1013.3,9.2,0.0,7.866666666666674,1013.9666666666666
2943,2943,2023-01-22,4.6,-0.8,10.4,0.1,1020.0,0,1,22,1017.8,6.1,0.0,6.63333333333334,0.8999999999999929,0.49999999999999994,0.8660254037844387,1017.8,6.1,0.0,6.63333333333334,1017.0333333333332
2944,2944,2023-01-23,5.1,0.1,10.0,0.0,1020.8,1,1,23,1020.0,4.6,0.1,5.266666666666674,0.8999999999999929,0.49999999999999994,0.8660254037844387,1020.0,4.6,0.1,5.266666666666674,1019.5333333333332
2945,2945,2023-01-24,4.9,3.0,6.2,0.6,1025.2,0,1,24,1020.8,5.1,0.0,4.866666666666673,0.6999999999999929,0.49999999999999994,0.8660254037844387,1020.8,5.1,0.0,4.866666666666673,1021.9999999999999
2946,2946,2023-01-25,7.9,4.1,14.3,0.0,1023.5,0,1,25,1025.2,4.9,0.6,5.966666666666673,0.6999999999999929,0.49999999999999994,0.8660254037844387,1025.2,4.9,0.6,5.966666666666673,1023.1666666666665
2947,2947,2023-01-26,5.4,1.5,10.6,0.0,1016.3,0,1,26,1023.5,7.9,0.0,6.066666666666674,0.6999999999999929,0.49999999999999994,0.8660254037844387,1023.5,7.9,0.0,6.066666666666674,1021.6666666666666
2948,2948,2023-01-27,6.0,2.5,10.7,0.0,1013.6,0,1,27,1016.3,5.4,0.0,6.433333333333341,0.6999999999999929,0.49999999999999994,0.8660254037844387,1016.3,5.4,0.0,6.433333333333341,1017.7999999999998
2949,2949,2023-01-28,5.6,2.0,9.8,0.0,1018.3,0,1,28,1013.6,6.0,0.0,5.666666666666674,0.6999999999999929,0.49999999999999994,0.8660254037844387,1013.6,6.0,0.0,5.666666666666674,1016.0666666666665
2950,2950,2023-01-29,6.6,3.7,10.8,0.0,1025.1,0,1,29,1018.3,5.6,0.0,6.0666666666666735,0.5999999999999929,0.49999999999999994,0.8660254037844387,1018.3,5.6,0.0,6.0666666666666735,1018.9999999999997
2951,2951,2023-01-30,6.3,1.8,13.5,0.0,1027.1,0,1,30,1025.1,6.6,0.0,6.166666666666674,0.5999999999999929,0.49999999999999994,0.8660254037844387,1025.1,6.6,0.0,6.166666666666674,1023.4999999999997
2952,2952,2023-01-31,7.3,3.7,12.4,0.0,1027.0,0,1,31,1027.1,6.3,0.0,6.7333333333333405,0.0,0.49999999999999994,0.8660254037844387,1027.1,6.3,0.0,6.7333333333333405,1026.3999999999996
2953,2953,2023-02-01,7.4,2.9,13.7,0.0,1028.1,0,2,32,1027.0,7.3,0.0,7.000000000000007,0.0,0.8660254037844386,0.5000000000000001,1027.0,7.3,0.0,7.000000000000007,1027.3999999999996
2954,2954,2023-02-02,8.9,4.1,15.6,0.0,1028.6,0,2,33,1028.1,7.4,0.0,7.866666666666674,0.0,0.8660254037844386,0.5000000000000001,1028.1,7.4,0.0,7.866666666666674,1027.8999999999996
2955,2955,2023-02-03,8.9,4.1,14.9,0.0,1030.3,0,2,34,1028.6,8.9,0.0,8.400000000000007,0.0,0.8660254037844386,0.5000000000000001,1028.6,8.9,0.0,8.400000000000007,1028.9999999999998
2956,2956,2023-02-04,11.9,5.5,20.9,0.0,1026.7,1,2,35,1030.3,8.9,0.0,9.900000000000007,0.0,0.8660254037844386,0.5000000000000001,1030.3,8.9,0.0,9.900000000000007,1028.533333333333
2957,2957,2023-02-05,9.9,6.5,15.6,0.8,1030.0,1,2,36,1026.7,11.9,0.0,10.233333333333341,0.7999999999999929,0.8660254037844386,0.5000000000000001,1026.7,11.9,0.0,10.233333333333341,1028.9999999999998
2958,2958,2023-02-06,8.8,6.3,11.6,0.2,1027.2,1,2,37,1030.0,9.9,0.8,10.200000000000008,0.9999999999999929,0.8660254037844386,0.5000000000000001,1030.0,9.9,0.8,10.200000000000008,1027.9666666666665
2959,2959,2023-02-07,9.8,7.5,11.8,11.4,1024.5,1,2,38,1027.2,8.8,0.2,9.500000000000009,12.399999999999993,0.8660254037844386,0.5000000000000001,1027.2,8.8,0.2,9.500000000000009,1027.2333333333331
2960,2960,2023-02-08,9.3,7.7,10.8,0.6,1028.6,0,2,39,1024.5,9.8,11.4,9.300000000000008,12.999999999999993,0.8660254037844386,0.5000000000000001,1024.5,9.8,11.4,9.300000000000008,1026.7666666666664
2961,2961,2023-02-09,8.8,6.0,11.4,0.0,1032.9,0,2,40,1028.6,9.3,0.6,9.300000000000008,12.999999999999993,0.8660254037844386,0.5000000000000001,1028.6,9.3,0.6,9.300000000000008,1028.6666666666665
2962,2962,2023-02-10,7.6,3.5,12.7,0.0,1037.2,0,2,41,1032.9,8.8,0.0,8.566666666666675,12.999999999999993,0.8660254037844386,0.5000000000000001,1032.9,8.8,0.0,8.566666666666675,1032.8999999999996
2963,2963,2023-02-11,6.7,2.0,12.6,0.0,1035.6,0,2,42,1037.2,7.6,0.0,7.700000000000007,12.999999999999993,0.8660254037844386,0.5000000000000001,1037.2,7.6,0.0,7.700000000000007,1035.2333333333333
2964,2964,2023-02-12,6.8,1.8,12.6,0.0,1034.5,0,2,43,1035.6,6.7,0.0,7.033333333333341,12.199999999999992,0.8660254037844386,0.5000000000000001,1035.6,6.7,0.0,7.033333333333341,1035.7666666666664
2965,2965,2023-02-13,7.6,2.5,13.1,0.0,1035.6,0,2,44,1034.5,6.8,0.0,7.033333333333341,11.999999999999993,0.8660254037844386,0.5000000000000001,1034.5,6.8,0.0,7.033333333333341,1035.233333333333
2966,2966,2023-02-14,8.3,3.8,13.2,0.0,1034.1,0,2,45,1035.6,7.6,0.0,7.566666666666674,0.5999999999999929,0.8660254037844386,0.5000000000000001,1035.6,7.6,0.0,7.566666666666674,1034.733333333333
2967,2967,2023-02-15,9.2,4.5,14.5,0.0,1030.3,0,2,46,1034.1,8.3,0.0,8.366666666666674,0.0,0.8660254037844386,0.5000000000000001,1034.1,8.3,0.0,8.366666666666674,1033.333333333333
2968,2968,2023-02-16,8.6,4.9,14.5,0.0,1031.0,0,2,47,1030.3,9.2,0.0,8.700000000000006,0.0,0.8660254037844386,0.5000000000000001,1030.3,9.2,0.0,8.700000000000006,1031.7999999999997
2969,2969,2023-02-17,9.6,4.7,15.9,0.0,1032.2,0,2,48,1031.0,8.6,0.0,9.13333333333334,0.0,0.8660254037844386,0.5000000000000001,1031.0,8.6,0.0,9.13333333333334,1031.1666666666663
2970,2970,2023-02-18,10.8,6.0,15.5,0.0,1030.5,0,2,49,1032.2,9.6,0.0,9.666666666666673,0.0,0.8660254037844386,0.5000000000000001,1032.2,9.6,0.0,9.666666666666673,1031.233333333333
2971,2971,2023-02-19,10.7,6.6,15.8,0.0,1027.5,0,2,50,1030.5,10.8,0.0,10.366666666666674,0.0,0.8660254037844386,0.5000000000000001,1030.5,10.8,0.0,10.366666666666674,1030.0666666666664
2972,2972,2023-02-20,11.4,7.7,16.5,0.0,1026.0,0,2,51,1027.5,10.7,0.0,10.966666666666674,0.0,0.8660254037844386,0.5000000000000001,1027.5,10.7,0.0,10.966666666666674,1027.9999999999998
2973,2973,2023-02-21,11.2,7.1,15.5,0.0,1020.7,0,2,52,1026.0,11.4,0.0,11.100000000000009,0.0,0.8660254037844386,0.5000000000000001,1026.0,11.4,0.0,11.100000000000009,1024.7333333333331
2974,2974,2023-02-22,11.9,8.9,14.9,0.0,1017.5,1,2,53,1020.7,11.2,0.0,11.500000000000007,0.0,0.8660254037844386,0.5000000000000001,1020.7,11.2,0.0,11.500000000000007,1021.3999999999997
2975,2975,2023-02-23,11.3,8.7,13.7,7.4,1012.2,0,2,54,1017.5,11.9,0.0,11.466666666666674,7.399999999999993,0.8660254037844386,0.5000000000000001,1017.5,11.9,0.0,11.466666666666674,1016.7999999999998
2976,2976,2023-02-24,9.9,7.1,13.4,0.0,1008.3,0,2,55,1012.2,11.3,7.4,11.03333333333334,7.399999999999993,0.8660254037844386,0.5000000000000001,1012.2,11.3,7.4,11.03333333333334,1012.6666666666664
2977,2977,2023-02-25,9.2,5.9,15.0,0.0,1004.1,1,2,56,1008.3,9.9,0.0,10.133333333333342,7.399999999999993,0.8660254037844386,0.5000000000000001,1008.3,9.9,0.0,10.133333333333342,1008.1999999999998
2978,2978,2023-02-26,8.5,3.1,12.9,23.3,1002.6,1,2,57,1004.1,9.2,0.0,9.200000000000008,30.699999999999996,0.8660254037844386,0.5000000000000001,1004.1,9.2,0.0,9.200000000000008,1004.9999999999997
2979,2979,2023-02-27,4.8,1.4,8.9,0.4,1009.9,0,2,58,1002.6,8.5,23.3,7.500000000000007,31.09999999999999,0.8660254037844386,0.5000000000000001,1002.6,8.5,23.3,7.500000000000007,1005.5333333333332
2980,2980,2023-02-28,8.0,4.4,13.8,0.0,1013.7,0,2,59,1009.9,4.8,0.4,7.100000000000008,31.09999999999999,0.8660254037844386,0.5000000000000001,1009.9,4.8,0.4,7.100000000000008,1008.7333333333331
2981,2981,2023-03-01,6.2,1.7,10.5,0.0,1016.1,0,3,60,1013.7,8.0,0.0,6.33333333333334,31.09999999999999,1.0,6.123233995736766e-17,1013.7,8.0,0.0,6.33333333333334,1013.2333333333331
2982,2982,2023-03-02,7.4,3.8,12.9,0.0,1016.3,0,3,61,1016.1,6.2,0.0,7.200000000000007,23.69999999999999,1.0,6.123233995736766e-17,1016.1,6.2,0.0,7.200000000000007,1015.3666666666664
2983,2983,2023-03-03,9.2,3.1,12.7,0.0,1017.9,0,3,62,1016.3,7.4,0.0,7.600000000000006,23.69999999999999,1.0,6.123233995736766e-17,1016.3,7.4,0.0,7.600000000000006,1016.7666666666664
2984,2984,2023-03-04,8.7,4.9,13.3,0.0,1020.1,0,3,63,1017.9,9.2,0.0,8.433333333333339,23.69999999999999,1.0,6.123233995736766e-17,1017.9,9.2,0.0,8.433333333333339,1018.0999999999998
2985,2985,2023-03-05,8.9,3.5,14.4,0.0,1015.6,0,3,64,1020.1,8.7,0.0,8.93333333333334,0.3999999999999929,1.0,6.123233995736766e-17,1020.1,8.7,0.0,8.93333333333334,1017.8666666666664
2986,2986,2023-03-06,10.4,6.7,14.1,0.0,1010.0,0,3,65,1015.6,8.9,0.0,9.333333333333341,0.0,1.0,6.123233995736766e-17,1015.6,8.9,0.0,9.333333333333341,1015.2333333333331
2987,2987,2023-03-07,11.2,5.8,17.0,0.0,1007.5,0,3,66,1010.0,10.4,0.0,10.166666666666673,0.0,1.0,6.123233995736766e-17,1010.0,10.4,0.0,10.166666666666673,1011.0333333333332
2988,2988,2023-03-08,14.5,8.8,21.7,0.0,1008.9,1,3,67,1007.5,11.2,0.0,12.03333333333334,0.0,1.0,6.123233995736766e-17,1007.5,11.2,0.0,12.03333333333334,1008.7999999999998
2989,2989,2023-03-09,15.9,13.2,21.7,1.4,1009.6,0,3,68,1008.9,14.5,0.0,13.866666666666674,1.3999999999999928,1.0,6.123233995736766e-17,1008.9,14.5,0.0,13.866666666666674,1008.6666666666665
2990,2990,2023-03-10,18.3,12.9,24.4,0.0,1011.9,0,3,69,1009.6,15.9,1.4,16.233333333333338,1.3999999999999928,1.0,6.123233995736766e-17,1009.6,15.9,1.4,16.233333333333338,1010.1333333333332
2991,2991,2023-03-11,20.2,14.6,26.6,0.0,1011.6,0,3,70,1011.9,18.3,0.0,18.13333333333334,1.3999999999999928,1.0,6.123233995736766e-17,1011.9,18.3,0.0,18.13333333333334,1011.0333333333332
2992,2992,2023-03-12,15.2,11.8,18.1,0.0,1017.9,0,3,71,1011.6,20.2,0.0,17.900000000000006,1.3999999999999928,1.0,6.123233995736766e-17,1011.6,20.2,0.0,17.900000000000006,1013.7999999999998
2993,2993,2023-03-13,14.6,11.7,20.5,0.0,1013.8,0,3,72,1017.9,15.2,0.0,16.666666666666675,1.3999999999999928,1.0,6.123233995736766e-17,1017.9,15.2,0.0,16.666666666666675,1014.433333333333
2994,2994,2023-03-14,17.3,11.4,22.4,0.0,1013.1,0,3,73,1013.8,14.6,0.0,15.700000000000008,1.3999999999999928,1.0,6.123233995736766e-17,1013.8,14.6,0.0,15.700000000000008,1014.933333333333
2995,2995,2023-03-15,12.7,9.1,17.2,0.0,1018.3,0,3,74,1013.1,17.3,0.0,14.866666666666674,1.3999999999999928,1.0,6.123233995736766e-17,1013.1,17.3,0.0,14.866666666666674,1015.0666666666665
2996,2996,2023-03-16,12.6,8.3,16.7,0.0,1017.1,0,3,75,1018.3,12.7,0.0,14.200000000000008,0.0,1.0,6.123233995736766e-17,1018.3,12.7,0.0,14.200000000000008,1016.1666666666664
2997,2997,2023-03-17,14.1,12.0,16.7,0.0,1016.2,0,3,76,1017.1,12.6,0.0,13.13333333333334,0.0,1.0,6.123233995736766e-17,1017.1,12.6,0.0,13.13333333333334,1017.1999999999998
2998,2998,2023-03-18,13.7,10.8,16.9,0.0,1014.6,0,3,77,1016.2,14.1,0.0,13.466666666666674,0.0,1.0,6.123233995736766e-17,1016.2,14.1,0.0,13.466666666666674,1015.9666666666664
2999,2999,2023-03-19,13.6,10.5,17.0,0.0,1020.2,0,3,78,1014.6,13.7,0.0,13.800000000000006,0.0,1.0,6.123233995736766e-17,1014.6,13.7,0.0,13.800000000000006,1016.9999999999999
3000,3000,2023-03-20,12.7,8.9,16.3,0.0,1021.2,0,3,79,1020.2,13.6,0.0,13.333333333333341,0.0,1.0,6.123233995736766e-17,1020.2,13.6,0.0,13.333333333333341,1018.6666666666665
3001,3001,2023-03-21,13.3,9.7,16.6,0.0,1018.7,0,3,80,1021.2,12.7,0.0,13.200000000000008,0.0,1.0,6.123233995736766e-17,1021.2,12.7,0.0,13.200000000000008,1020.0333333333332
3002,3002,2023-03-22,13.1,9.4,17.0,0.0,1016.5,0,3,81,1018.7,13.3,0.0,13.03333333333334,0.0,1.0,6.123233995736766e-17,1018.7,13.3,0.0,13.03333333333334,1018.7999999999997
3003,3003,2023-03-23,14.2,12.2,17.3,0.0,1015.5,0,3,82,1016.5,13.1,0.0,13.53333333333334,0.0,1.0,6.123233995736766e-17,1016.5,13.1,0.0,13.53333333333334,1016.8999999999997
3004,3004,2023-03-24,15.0,10.6,22.8,0.0,1015.6,0,3,83,1015.5,14.2,0.0,14.100000000000009,0.0,1.0,6.123233995736766e-17,1015.5,14.2,0.0,14.100000000000009,1015.8666666666664
3005,3005,2023-03-25,13.9,9.7,17.5,0.0,1021.1,0,3,84,1015.6,15.0,0.0,14.366666666666674,0.0,1.0,6.123233995736766e-17,1015.6,15.0,0.0,14.366666666666674,1017.3999999999997
3006,3006,2023-03-26,18.1,11.0,26.1,0.0,1014.5,0,3,85,1021.1,13.9,0.0,15.666666666666677,0.0,1.0,6.123233995736766e-17,1021.1,13.9,0.0,15.666666666666677,1017.0666666666665
3007,3007,2023-03-27,14.8,11.8,18.3,0.0,1019.3,0,3,86,1014.5,18.1,0.0,15.600000000000009,0.0,1.0,6.123233995736766e-17,1014.5,18.1,0.0,15.600000000000009,1018.2999999999997
3008,3008,2023-03-28,14.2,12.5,16.7,0.0,1025.5,0,3,87,1019.3,14.8,0.0,15.700000000000008,0.0,1.0,6.123233995736766e-17,1019.3,14.8,0.0,15.700000000000008,1019.7666666666664
3009,3009,2023-03-29,14.5,11.4,18.0,0.0,1024.4,0,3,88,1025.5,14.2,0.0,14.500000000000009,0.0,1.0,6.123233995736766e-17,1025.5,14.2,0.0,14.500000000000009,1023.0666666666665
3010,3010,2023-03-30,14.2,10.8,17.3,0.0,1021.0,0,3,89,1024.4,14.5,0.0,14.300000000000006,0.0,1.0,6.123233995736766e-17,1024.4,14.5,0.0,14.300000000000006,1023.6333333333331
3011,3011,2023-03-31,16.9,12.0,26.0,0.0,1015.8,1,3,90,1021.0,14.2,0.0,15.200000000000008,0.0,1.0,6.123233995736766e-17,1021.0,14.2,0.0,15.200000000000008,1020.3999999999996
3012,3012,2023-04-01,15.8,11.0,23.6,0.6,1015.6,1,4,91,1015.8,16.9,0.0,15.63333333333334,0.5999999999999929,0.8660254037844387,-0.4999999999999998,1015.8,16.9,0.0,15.63333333333334,1017.4666666666664
3013,3013,2023-04-02,14.1,8.3,21.0,0.1,1015.2,0,4,92,1015.6,15.8,0.6,15.600000000000007,0.6999999999999929,0.8660254037844387,-0.4999999999999998,1015.6,15.8,0.6,15.600000000000007,1015.533333333333
3014,3014,2023-04-03,12.9,9.8,16.5,0.0,1016.2,0,4,93,1015.2,14.1,0.1,14.266666666666675,0.6999999999999929,0.8660254037844387,-0.4999999999999998,1015.2,14.1,0.1,14.266666666666675,1015.6666666666664
3015,3015,2023-04-04,12.0,8.0,15.6,0.0,1014.9,0,4,94,1016.2,12.9,0.0,13.000000000000009,0.6999999999999929,0.8660254037844387,-0.4999999999999998,1016.2,12.9,0.0,13.000000000000009,1015.433333333333
3016,3016,2023-04-05,12.2,7.5,16.9,0.0,1018.6,0,4,95,1014.9,12.0,0.0,12.366666666666674,0.6999999999999929,0.8660254037844387,-0.4999999999999998,1014.9,12.0,0.0,12.366666666666674,1016.5666666666663
3017,3017,2023-04-06,12.7,8.8,17.1,0.0,1019.9,0,4,96,1018.6,12.2,0.0,12.300000000000006,0.6999999999999929,0.8660254037844387,-0.4999999999999998,1018.6,12.2,0.0,12.300000000000006,1017.7999999999997
3018,3018,2023-04-07,13.1,8.7,17.4,0.0,1017.4,0,4,97,1019.9,12.7,0.0,12.666666666666673,0.6999999999999929,0.8660254037844387,-0.4999999999999998,1019.9,12.7,0.0,12.666666666666673,1018.6333333333331
3019,3019,2023-04-08,13.1,9.5,16.5,0.0,1018.0,0,4,98,1017.4,13.1,0.0,12.966666666666674,0.0999999999999929,0.8660254037844387,-0.4999999999999998,1017.4,13.1,0.0,12.966666666666674,1018.433333333333
3020,3020,2023-04-09,13.5,9.5,17.5,0.0,1020.3,0,4,99,1018.0,13.1,0.0,13.233333333333341,0.0,0.8660254037844387,-0.4999999999999998,1018.0,13.1,0.0,13.233333333333341,1018.5666666666663
3021,3021,2023-04-10,14.4,11.2,18.2,0.0,1021.6,0,4,100,1020.3,13.5,0.0,13.666666666666673,0.0,0.8660254037844387,-0.4999999999999998,1020.3,13.5,0.0,13.666666666666673,1019.9666666666662
3022,3022,2023-04-11,14.5,10.9,18.0,0.0,1020.8,0,4,101,1021.6,14.4,0.0,14.133333333333342,0.0,0.8660254037844387,-0.4999999999999998,1021.6,14.4,0.0,14.133333333333342,1020.8999999999996
3023,3023,2023-04-12,15.2,11.0,20.4,0.0,1010.6,0,4,102,1020.8,14.5,0.0,14.700000000000008,0.0,0.8660254037844387,-0.4999999999999998,1020.8,14.5,0.0,14.700000000000008,1017.6666666666664
3024,3024,2023-04-13,15.9,11.2,21.8,0.0,1012.2,0,4,103,1010.6,15.2,0.0,15.200000000000008,0.0,0.8660254037844387,-0.4999999999999998,1010.6,15.2,0.0,15.200000000000008,1014.533333333333
3025,3025,2023-04-14,14.7,9.8,19.5,0.0,1012.7,0,4,104,1012.2,15.9,0.0,15.266666666666675,0.0,0.8660254037844387,-0.4999999999999998,1012.2,15.9,0.0,15.266666666666675,1011.833333333333
3026,3026,2023-04-15,15.4,10.3,19.8,0.0,1013.1,0,4,105,1012.7,14.7,0.0,15.333333333333341,0.0,0.8660254037844387,-0.4999999999999998,1012.7,14.7,0.0,15.333333333333341,1012.6666666666664
3027,3027,2023-04-16,14.2,10.0,19.4,0.0,1017.7,0,4,106,1013.1,15.4,0.0,14.766666666666675,0.0,0.8660254037844387,-0.4999999999999998,1013.1,15.4,0.0,14.766666666666675,1014.4999999999997
3028,3028,2023-04-17,13.7,9.0,19.0,0.0,1016.3,0,4,107,1017.7,14.2,0.0,14.433333333333342,0.0,0.8660254037844387,-0.4999999999999998,1017.7,14.2,0.0,14.433333333333342,1015.6999999999998
3029,3029,2023-04-18,14.9,11.6,18.4,0.0,1015.6,0,4,108,1016.3,13.7,0.0,14.266666666666675,0.0,0.8660254037844387,-0.4999999999999998,1016.3,13.7,0.0,14.266666666666675,1016.533333333333
3030,3030,2023-04-19,14.3,10.0,18.5,0.0,1015.5,0,4,109,1015.6,14.9,0.0,14.300000000000006,0.0,0.8660254037844387,-0.4999999999999998,1015.6,14.9,0.0,14.300000000000006,1015.7999999999997
3031,3031,2023-04-20,14.7,10.2,18.9,0.0,1010.1,0,4,110,1015.5,14.3,0.0,14.633333333333342,0.0,0.8660254037844387,-0.4999999999999998,1015.5,14.3,0.0,14.633333333333342,1013.733333333333
3032,3032,2023-04-21,16.3,13.8,19.7,0.0,1009.3,0,4,111,1010.1,14.7,0.0,15.100000000000009,0.0,0.8660254037844387,-0.4999999999999998,1010.1,14.7,0.0,15.100000000000009,1011.6333333333331
3033,3033,2023-04-22,16.0,12.7,20.3,0.0,1011.8,1,4,112,1009.3,16.3,0.0,15.666666666666677,0.0,0.8660254037844387,-0.4999999999999998,1009.3,16.3,0.0,15.666666666666677,1010.3999999999996
3034,3034,2023-04-23,17.1,15.1,20.0,0.3,1012.8,0,4,113,1011.8,16.0,0.0,16.466666666666672,0.2999999999999929,0.8660254037844387,-0.4999999999999998,1011.8,16.0,0.0,16.466666666666672,1011.2999999999996
3035,3035,2023-04-24,16.4,14.1,19.5,0.0,1015.7,0,4,114,1012.8,17.1,0.3,16.50000000000001,0.2999999999999929,0.8660254037844387,-0.4999999999999998,1012.8,17.1,0.3,16.50000000000001,1013.433333333333
3036,3036,2023-04-25,16.7,14.3,19.8,0.0,1014.3,0,4,115,1015.7,16.4,0.0,16.73333333333334,0.2999999999999929,0.8660254037844387,-0.4999999999999998,1015.7,16.4,0.0,16.73333333333334,1014.2666666666664
3037,3037,2023-04-26,16.9,14.4,19.7,0.0,1016.5,0,4,116,1014.3,16.7,0.0,16.666666666666675,0.2999999999999929,0.8660254037844387,-0.4999999999999998,1014.3,16.7,0.0,16.666666666666675,1015.4999999999997
3038,3038,2023-04-27,17.8,14.1,22.7,0.0,1016.9,0,4,117,1016.5,16.9,0.0,17.13333333333334,0.2999999999999929,0.8660254037844387,-0.4999999999999998,1016.5,16.9,0.0,17.13333333333334,1015.8999999999996
3039,3039,2023-04-28,18.3,14.4,22.4,0.0,1017.2,1,4,118,1016.9,17.8,0.0,17.666666666666675,0.2999999999999929,0.8660254037844387,-0.4999999999999998,1016.9,17.8,0.0,17.666666666666675,1016.8666666666663
3040,3040,2023-04-29,18.3,15.3,21.3,3.5,1013.5,1,4,119,1017.2,18.3,0.0,18.13333333333334,3.7999999999999927,0.8660254037844387,-0.4999999999999998,1017.2,18.3,0.0,18.13333333333334,1015.8666666666663
3041,3041,2023-04-30,19.0,16.6,22.3,0.1,1014.9,0,4,120,1013.5,18.3,3.5,18.533333333333342,3.599999999999993,0.8660254037844387,-0.4999999999999998,1013.5,18.3,3.5,18.533333333333342,1015.1999999999997
3042,3042,2023-05-01,17.9,15.2,21.3,0.0,1016.6,0,5,121,1014.9,19.0,0.1,18.40000000000001,3.599999999999993,0.49999999999999994,-0.8660254037844387,1014.9,19.0,0.1,18.40000000000001,1014.9999999999997
3043,3043,2023-05-02,17.4,13.5,21.8,0.0,1017.8,0,5,122,1016.6,17.9,0.0,18.10000000000001,3.599999999999993,0.49999999999999994,-0.8660254037844387,1016.6,17.9,0.0,18.10000000000001,1016.433333333333
3044,3044,2023-05-03,17.7,14.1,20.9,0.0,1018.1,0,5,123,1017.8,17.4,0.0,17.666666666666675,3.599999999999993,0.49999999999999994,-0.8660254037844387,1017.8,17.4,0.0,17.666666666666675,1017.4999999999997
3045,3045,2023-05-04,18.1,14.7,21.3,0.0,1019.5,0,5,124,1018.1,17.7,0.0,17.73333333333334,3.599999999999993,0.49999999999999994,-0.8660254037844387,1018.1,17.7,0.0,17.73333333333334,1018.4666666666664
3046,3046,2023-05-05,18.2,14.5,22.0,0.0,1018.6,0,5,125,1019.5,18.1,0.0,18.00000000000001,3.599999999999993,0.49999999999999994,-0.8660254037844387,1019.5,18.1,0.0,18.00000000000001,1018.733333333333
3047,3047,2023-05-06,18.2,15.0,21.7,0.0,1016.0,0,5,126,1018.6,18.2,0.0,18.166666666666675,0.0999999999999929,0.49999999999999994,-0.8660254037844387,1018.6,18.2,0.0,18.166666666666675,1018.033333333333
3048,3048,2023-05-07,19.1,17.6,21.3,0.0,1017.8,0,5,127,1016.0,18.2,0.0,18.500000000000007,0.0,0.49999999999999994,-0.8660254037844387,1016.0,18.2,0.0,18.500000000000007,1017.4666666666664
3049,3049,2023-05-08,19.2,16.4,23.1,0.0,1020.2,1,5,128,1017.8,19.1,0.0,18.833333333333343,0.0,0.49999999999999994,-0.8660254037844387,1017.8,19.1,0.0,18.833333333333343,1017.9999999999997
3050,3050,2023-05-09,19.1,15.8,22.5,0.1,1018.1,0,5,129,1020.2,19.2,0.0,19.13333333333334,0.0999999999999929,0.49999999999999994,-0.8660254037844387,1020.2,19.2,0.0,19.13333333333334,1018.6999999999998
3051,3051,2023-05-10,18.4,16.5,21.3,0.0,1017.7,0,5,130,1018.1,19.1,0.1,18.90000000000001,0.0999999999999929,0.49999999999999994,-0.8660254037844387,1018.1,19.1,0.1,18.90000000000001,1018.6666666666664
3052,3052,2023-05-11,16.7,14.4,19.4,0.0,1016.3,1,5,131,1017.7,18.4,0.0,18.066666666666674,0.0999999999999929,0.49999999999999994,-0.8660254037844387,1017.7,18.4,0.0,18.066666666666674,1017.3666666666664
3053,3053,2023-05-12,14.9,11.6,19.0,0.4,1015.1,1,5,132,1016.3,16.7,0.0,16.666666666666675,0.4999999999999929,0.49999999999999994,-0.8660254037844387,1016.3,16.7,0.0,16.666666666666675,1016.3666666666663
3054,3054,2023-05-13,14.7,10.8,20.2,1.6,1016.6,1,5,133,1015.1,14.9,0.4,15.433333333333342,2.099999999999993,0.49999999999999994,-0.8660254037844387,1015.1,14.9,0.4,15.433333333333342,1015.9999999999997
3055,3055,2023-05-14,15.6,11.8,19.9,5.7,1016.2,1,5,134,1016.6,14.7,1.6,15.066666666666675,7.799999999999994,0.49999999999999994,-0.8660254037844387,1016.6,14.7,1.6,15.066666666666675,1015.9666666666664
3056,3056,2023-05-15,17.8,14.0,23.0,0.1,1013.2,0,5,135,1016.2,15.6,5.7,16.033333333333342,7.899999999999992,0.49999999999999994,-0.8660254037844387,1016.2,15.6,5.7,16.033333333333342,1015.333333333333
3057,3057,2023-05-16,17.4,13.8,21.9,0.0,1011.4,0,5,136,1013.2,17.8,0.1,16.93333333333334,7.799999999999993,0.49999999999999994,-0.8660254037844387,1013.2,17.8,0.1,16.93333333333334,1013.5999999999998
3058,3058,2023-05-17,16.7,12.0,20.6,0.0,1014.6,0,5,137,1011.4,17.4,0.0,17.300000000000008,7.799999999999993,0.49999999999999994,-0.8660254037844387,1011.4,17.4,0.0,17.300000000000008,1013.0666666666663
3059,3059,2023-05-18,16.4,13.1,20.1,0.0,1017.1,1,5,138,1014.6,16.7,0.0,16.83333333333334,7.799999999999993,0.49999999999999994,-0.8660254037844387,1014.6,16.7,0.0,16.83333333333334,1014.3666666666663
3060,3060,2023-05-19,16.5,14.3,21.2,2.8,1016.4,0,5,139,1017.1,16.4,0.0,16.533333333333342,10.199999999999992,0.49999999999999994,-0.8660254037844387,1017.1,16.4,0.0,16.533333333333342,1016.033333333333
3061,3061,2023-05-20,16.9,13.7,22.3,0.0,1013.1,0,5,140,1016.4,16.5,2.8,16.600000000000005,8.599999999999993,0.49999999999999994,-0.8660254037844387,1016.4,16.5,2.8,16.600000000000005,1015.533333333333
3062,3062,2023-05-21,16.7,13.0,20.1,0.0,1012.6,0,5,141,1013.1,16.9,0.0,16.700000000000006,2.899999999999992,0.49999999999999994,-0.8660254037844387,1013.1,16.9,0.0,16.700000000000006,1014.0333333333332
3063,3063,2023-05-22,18.7,16.6,23.1,0.0,1013.0,0,5,142,1012.6,16.7,0.0,17.43333333333334,2.799999999999992,0.49999999999999994,-0.8660254037844387,1012.6,16.7,0.0,17.43333333333334,1012.8999999999996
3064,3064,2023-05-23,18.6,15.3,23.5,0.0,1013.7,1,5,143,1013.0,18.7,0.0,18.000000000000007,2.799999999999992,0.49999999999999994,-0.8660254037844387,1013.0,18.7,0.0,18.000000000000007,1013.0999999999998
3065,3065,2023-05-24,19.7,15.8,25.1,0.7,1014.1,1,5,144,1013.7,18.6,0.0,19.00000000000001,3.499999999999992,0.49999999999999994,-0.8660254037844387,1013.7,18.6,0.0,19.00000000000001,1013.5999999999998
3066,3066,2023-05-25,16.7,15.3,18.4,8.8,1016.2,0,5,145,1014.1,19.7,0.7,18.33333333333334,12.299999999999994,0.49999999999999994,-0.8660254037844387,1014.1,19.7,0.7,18.33333333333334,1014.6666666666664
3067,3067,2023-05-26,17.4,14.1,20.6,0.0,1020.0,0,5,146,1016.2,16.7,8.8,17.93333333333334,9.499999999999993,0.49999999999999994,-0.8660254037844387,1016.2,16.7,8.8,17.93333333333334,1016.7666666666664
3068,3068,2023-05-27,19.9,16.2,24.5,0.0,1017.3,0,5,147,1020.0,17.4,0.0,18.000000000000007,9.499999999999993,0.49999999999999994,-0.8660254037844387,1020.0,17.4,0.0,18.000000000000007,1017.833333333333
3069,3069,2023-05-28,19.8,16.6,23.6,0.0,1013.6,0,5,148,1017.3,19.9,0.0,19.033333333333342,9.499999999999993,0.49999999999999994,-0.8660254037844387,1017.3,19.9,0.0,19.033333333333342,1016.9666666666662
3070,3070,2023-05-29,19.5,17.4,23.0,0.0,1013.0,0,5,149,1013.6,19.8,0.0,19.733333333333338,9.499999999999993,0.49999999999999994,-0.8660254037844387,1013.6,19.8,0.0,19.733333333333338,1014.6333333333329
3071,3071,2023-05-30,19.8,16.7,23.2,0.0,1015.1,1,5,150,1013.0,19.5,0.0,19.70000000000001,9.499999999999993,0.49999999999999994,-0.8660254037844387,1013.0,19.5,0.0,19.70000000000001,1013.8999999999997
3072,3072,2023-05-31,20.4,17.4,25.3,2.7,1014.6,0,5,151,1015.1,19.8,0.0,19.90000000000001,11.499999999999993,0.49999999999999994,-0.8660254037844387,1015.1,19.8,0.0,19.90000000000001,1014.233333333333
3073,3073,2023-06-01,20.0,17.7,22.8,0.0,1014.9,0,6,152,1014.6,20.4,2.7,20.066666666666674,2.699999999999993,1.2246467991473532e-16,-1.0,1014.6,20.4,2.7,20.066666666666674,1014.8666666666663
3074,3074,2023-06-02,19.4,16.2,22.8,0.0,1013.8,0,6,153,1014.9,20.0,0.0,19.93333333333334,2.699999999999993,1.2246467991473532e-16,-1.0,1014.9,20.0,0.0,19.93333333333334,1014.433333333333
3075,3075,2023-06-03,20.0,17.0,23.2,0.0,1014.2,0,6,154,1013.8,19.4,0.0,19.800000000000008,2.699999999999993,1.2246467991473532e-16,-1.0,1013.8,19.4,0.0,19.800000000000008,1014.2999999999997
3076,3076,2023-06-04,20.1,16.8,23.4,0.0,1015.0,0,6,155,1014.2,20.0,0.0,19.83333333333334,2.699999999999993,1.2246467991473532e-16,-1.0,1014.2,20.0,0.0,19.83333333333334,1014.333333333333
3077,3077,2023-06-05,20.7,17.3,24.2,0.0,1015.4,0,6,156,1015.0,20.1,0.0,20.266666666666676,2.699999999999993,1.2246467991473532e-16,-1.0,1015.0,20.1,0.0,20.266666666666676,1014.8666666666664
3078,3078,2023-06-06,21.6,18.1,25.0,0.0,1015.3,0,6,157,1015.4,20.7,0.0,20.800000000000008,2.699999999999993,1.2246467991473532e-16,-1.0,1015.4,20.7,0.0,20.800000000000008,1015.233333333333
3079,3079,2023-06-07,21.2,18.6,24.6,0.0,1015.1,0,6,158,1015.3,21.6,0.0,21.166666666666675,0.0,1.2246467991473532e-16,-1.0,1015.3,21.6,0.0,21.166666666666675,1015.2666666666663
3080,3080,2023-06-08,21.9,19.1,25.0,0.0,1012.5,0,6,159,1015.1,21.2,0.0,21.566666666666674,0.0,1.2246467991473532e-16,-1.0,1015.1,21.2,0.0,21.566666666666674,1014.2999999999997
3081,3081,2023-06-09,22.7,21.1,25.9,0.0,1010.0,0,6,160,1012.5,21.9,0.0,21.93333333333334,0.0,1.2246467991473532e-16,-1.0,1012.5,21.9,0.0,21.93333333333334,1012.533333333333
3082,3082,2023-06-10,22.8,20.2,25.5,0.0,1012.4,1,6,161,1010.0,22.7,0.0,22.466666666666672,0.0,1.2246467991473532e-16,-1.0,1010.0,22.7,0.0,22.466666666666672,1011.6333333333331
3083,3083,2023-06-11,23.8,20.9,28.9,1.3,1013.5,0,6,162,1012.4,22.8,0.0,23.10000000000001,1.299999999999993,1.2246467991473532e-16,-1.0,1012.4,22.8,0.0,23.10000000000001,1011.9666666666664
3084,3084,2023-06-12,23.2,19.8,27.7,0.0,1011.7,0,6,163,1013.5,23.8,1.3,23.266666666666676,1.299999999999993,1.2246467991473532e-16,-1.0,1013.5,23.8,1.3,23.266666666666676,1012.5333333333332
3085,3085,2023-06-13,22.7,19.8,27.0,0.0,1008.4,0,6,164,1011.7,23.2,0.0,23.233333333333345,1.299999999999993,1.2246467991473532e-16,-1.0,1011.7,23.2,0.0,23.233333333333345,1011.1999999999997
3086,3086,2023-06-14,22.2,18.4,26.8,0.0,1011.0,0,6,165,1008.4,22.7,0.0,22.700000000000006,1.299999999999993,1.2246467991473532e-16,-1.0,1008.4,22.7,0.0,22.700000000000006,1010.3666666666663
3087,3087,2023-06-15,23.2,20.1,27.2,0.0,1016.2,0,6,166,1011.0,22.2,0.0,22.700000000000006,1.299999999999993,1.2246467991473532e-16,-1.0,1011.0,22.2,0.0,22.700000000000006,1011.8666666666663
3088,3088,2023-06-16,23.6,20.5,26.0,0.0,1016.8,0,6,167,1016.2,23.2,0.0,23.00000000000001,1.299999999999993,1.2246467991473532e-16,-1.0,1016.2,23.2,0.0,23.00000000000001,1014.6666666666664
3089,3089,2023-06-17,23.6,19.9,27.9,0.0,1014.8,0,6,168,1016.8,23.6,0.0,23.466666666666672,1.299999999999993,1.2246467991473532e-16,-1.0,1016.8,23.6,0.0,23.466666666666672,1015.9333333333329
3090,3090,2023-06-18,24.9,21.4,28.5,0.0,1013.5,1,6,169,1014.8,23.6,0.0,24.033333333333342,0.0,1.2246467991473532e-16,-1.0,1014.8,23.6,0.0,24.033333333333342,1015.033333333333
3091,3091,2023-06-19,23.9,20.3,29.4,0.7,1012.3,0,6,170,1013.5,24.9,0.0,24.13333333333334,0.6999999999999929,1.2246467991473532e-16,-1.0,1013.5,24.9,0.0,24.13333333333334,1013.533333333333
3092,3092,2023-06-20,24.2,21.3,28.2,0.0,1011.0,0,6,171,1012.3,23.9,0.7,24.333333333333343,0.6999999999999929,1.2246467991473532e-16,-1.0,1012.3,23.9,0.7,24.333333333333343,1012.2666666666664
3093,3093,2023-06-21,24.8,22.9,28.5,0.0,1012.5,0,6,172,1011.0,24.2,0.0,24.300000000000008,0.6999999999999929,1.2246467991473532e-16,-1.0,1011.0,24.2,0.0,24.300000000000008,1011.933333333333
3094,3094,2023-06-22,25.4,21.8,30.3,0.0,1016.1,0,6,173,1012.5,24.8,0.0,24.800000000000008,0.6999999999999929,1.2246467991473532e-16,-1.0,1012.5,24.8,0.0,24.800000000000008,1013.1999999999997
3095,3095,2023-06-23,24.5,22.0,27.9,0.0,1022.0,0,6,174,1016.1,25.4,0.0,24.900000000000006,0.6999999999999929,1.2246467991473532e-16,-1.0,1016.1,25.4,0.0,24.900000000000006,1016.8666666666663
3096,3096,2023-06-24,24.3,21.7,28.3,0.0,1018.9,0,6,175,1022.0,24.5,0.0,24.733333333333338,0.6999999999999929,1.2246467991473532e-16,-1.0,1022.0,24.5,0.0,24.733333333333338,1018.9999999999997
3097,3097,2023-06-25,24.6,21.7,27.8,0.0,1017.1,0,6,176,1018.9,24.3,0.0,24.46666666666668,0.6999999999999929,1.2246467991473532e-16,-1.0,1018.9,24.3,0.0,24.46666666666668,1019.333333333333
3098,3098,2023-06-26,25.1,22.7,28.3,0.0,1017.8,0,6,177,1017.1,24.6,0.0,24.666666666666675,0.0,1.2246467991473532e-16,-1.0,1017.1,24.6,0.0,24.666666666666675,1017.933333333333
3099,3099,2023-06-27,25.3,23.4,28.5,0.0,1017.3,0,6,178,1017.8,25.1,0.0,25.00000000000001,0.0,1.2246467991473532e-16,-1.0,1017.8,25.1,0.0,25.00000000000001,1017.3999999999996
3100,3100,2023-06-28,25.3,23.3,28.4,0.0,1014.9,1,6,179,1017.3,25.3,0.0,25.233333333333338,0.0,1.2246467991473532e-16,-1.0,1017.3,25.3,0.0,25.233333333333338,1016.6666666666664
3101,3101,2023-06-29,25.6,19.7,28.7,5.8,1015.0,0,6,180,1014.9,25.3,0.0,25.40000000000001,5.799999999999993,1.2246467991473532e-16,-1.0,1014.9,25.3,0.0,25.40000000000001,1015.733333333333
3102,3102,2023-06-30,23.1,18.6,26.5,0.0,1016.1,0,6,181,1015.0,25.6,5.8,24.666666666666675,5.799999999999993,1.2246467991473532e-16,-1.0,1015.0,25.6,5.8,24.666666666666675,1015.333333333333
3103,3103,2023-07-01,23.5,20.3,26.6,0.0,1015.6,0,7,182,1016.1,23.1,0.0,24.066666666666677,5.799999999999993,-0.4999999999999997,-0.8660254037844388,1016.1,23.1,0.0,24.066666666666677,1015.5666666666663
3104,3104,2023-07-02,24.6,21.4,28.1,0.0,1015.8,0,7,183,1015.6,23.5,0.0,23.733333333333338,5.799999999999993,-0.4999999999999997,-0.8660254037844388,1015.6,23.5,0.0,23.733333333333338,1015.833333333333
3105,3105,2023-07-03,24.5,22.1,27.9,0.0,1016.7,0,7,184,1015.8,24.6,0.0,24.200000000000006,5.799999999999993,-0.4999999999999997,-0.8660254037844388,1015.8,24.6,0.0,24.200000000000006,1016.033333333333
3106,3106,2023-07-04,24.6,21.7,28.0,0.0,1016.2,1,7,185,1016.7,24.5,0.0,24.566666666666677,5.799999999999993,-0.4999999999999997,-0.8660254037844388,1016.7,24.5,0.0,24.566666666666677,1016.2333333333331
3107,3107,2023-07-05,24.0,22.7,26.3,0.7,1017.3,0,7,186,1016.2,24.6,0.0,24.366666666666674,6.499999999999993,-0.4999999999999997,-0.8660254037844388,1016.2,24.6,0.0,24.366666666666674,1016.733333333333
3108,3108,2023-07-06,24.8,22.0,28.3,0.0,1015.7,0,7,187,1017.3,24.0,0.7,24.466666666666672,0.6999999999999929,-0.4999999999999997,-0.8660254037844388,1017.3,24.0,0.7,24.466666666666672,1016.3999999999997
3109,3109,2023-07-07,25.1,22.2,28.8,0.0,1015.2,0,7,188,1015.7,24.8,0.0,24.633333333333344,0.6999999999999929,-0.4999999999999997,-0.8660254037844388,1015.7,24.8,0.0,24.633333333333344,1016.0666666666663
3110,3110,2023-07-08,25.7,23.0,30.3,0.0,1016.0,0,7,189,1015.2,25.1,0.0,25.200000000000006,0.6999999999999929,-0.4999999999999997,-0.8660254037844388,1015.2,25.1,0.0,25.200000000000006,1015.6333333333331
3111,3111,2023-07-09,25.4,22.8,29.2,0.0,1018.5,0,7,190,1016.0,25.7,0.0,25.400000000000006,0.6999999999999929,-0.4999999999999997,-0.8660254037844388,1016.0,25.7,0.0,25.400000000000006,1016.5666666666663
3112,3112,2023-07-10,25.9,24.2,29.5,0.0,1020.0,0,7,191,1018.5,25.4,0.0,25.666666666666675,0.6999999999999929,-0.4999999999999997,-0.8660254037844388,1018.5,25.4,0.0,25.666666666666675,1018.1666666666664
3113,3113,2023-07-11,26.6,24.5,30.5,0.0,1015.4,0,7,192,1020.0,25.9,0.0,25.966666666666672,0.6999999999999929,-0.4999999999999997,-0.8660254037844388,1020.0,25.9,0.0,25.966666666666672,1017.9666666666664
3114,3114,2023-07-12,26.3,24.6,28.6,0.0,1014.1,0,7,193,1015.4,26.6,0.0,26.266666666666676,0.0,-0.4999999999999997,-0.8660254037844388,1015.4,26.6,0.0,26.266666666666676,1016.4999999999997
3115,3115,2023-07-13,26.4,24.2,29.7,0.0,1017.3,0,7,194,1014.1,26.3,0.0,26.43333333333334,0.0,-0.4999999999999997,-0.8660254037844388,1014.1,26.3,0.0,26.43333333333334,1015.5999999999998
3116,3116,2023-07-14,26.7,24.7,30.4,0.0,1016.2,0,7,195,1017.3,26.4,0.0,26.46666666666668,0.0,-0.4999999999999997,-0.8660254037844388,1017.3,26.4,0.0,26.46666666666668,1015.8666666666663
3117,3117,2023-07-15,26.7,24.2,30.3,0.0,1012.7,0,7,196,1016.2,26.7,0.0,26.60000000000001,0.0,-0.4999999999999997,-0.8660254037844388,1016.2,26.7,0.0,26.60000000000001,1015.3999999999997
3118,3118,2023-07-16,26.1,25.3,28.8,0.0,1015.6,0,7,197,1012.7,26.7,0.0,26.50000000000001,0.0,-0.4999999999999997,-0.8660254037844388,1012.7,26.7,0.0,26.50000000000001,1014.833333333333
3119,3119,2023-07-17,26.3,24.6,29.4,0.0,1018.1,0,7,198,1015.6,26.1,0.0,26.366666666666674,0.0,-0.4999999999999997,-0.8660254037844388,1015.6,26.1,0.0,26.366666666666674,1015.4666666666664
3120,3120,2023-07-18,26.5,23.4,29.8,0.0,1016.8,0,7,199,1018.1,26.3,0.0,26.30000000000001,0.0,-0.4999999999999997,-0.8660254037844388,1018.1,26.3,0.0,26.30000000000001,1016.833333333333
3121,3121,2023-07-19,27.4,25.4,31.1,0.0,1015.2,0,7,200,1016.8,26.5,0.0,26.733333333333338,0.0,-0.4999999999999997,-0.8660254037844388,1016.8,26.5,0.0,26.733333333333338,1016.6999999999997
3122,3122,2023-07-20,26.7,24.3,29.8,0.0,1012.7,0,7,201,1015.2,27.4,0.0,26.866666666666674,0.0,-0.4999999999999997,-0.8660254037844388,1015.2,27.4,0.0,26.866666666666674,1014.8999999999997
3123,3123,2023-07-21,26.6,25.6,28.8,0.0,1012.0,0,7,202,1012.7,26.7,0.0,26.90000000000001,0.0,-0.4999999999999997,-0.8660254037844388,1012.7,26.7,0.0,26.90000000000001,1013.2999999999997
3124,3124,2023-07-22,26.1,24.2,28.7,0.0,1016.5,1,7,203,1012.0,26.6,0.0,26.466666666666672,0.0,-0.4999999999999997,-0.8660254037844388,1012.0,26.6,0.0,26.466666666666672,1013.7333333333331
3125,3125,2023-07-23,26.4,23.8,29.8,0.1,1014.7,0,7,204,1016.5,26.1,0.0,26.366666666666674,0.0999999999999929,-0.4999999999999997,-0.8660254037844388,1016.5,26.1,0.0,26.366666666666674,1014.3999999999996
3126,3126,2023-07-24,26.7,24.9,30.1,0.0,1008.7,0,7,205,1014.7,26.4,0.1,26.400000000000006,0.0999999999999929,-0.4999999999999997,-0.8660254037844388,1014.7,26.4,0.1,26.400000000000006,1013.2999999999997
3127,3127,2023-07-25,27.0,24.1,32.5,0.0,1010.8,0,7,206,1008.7,26.7,0.0,26.700000000000006,0.0999999999999929,-0.4999999999999997,-0.8660254037844388,1008.7,26.7,0.0,26.700000000000006,1011.3999999999996
3128,3128,2023-07-26,24.7,23.0,26.8,0.0,1016.6,1,7,207,1010.8,27.0,0.0,26.13333333333334,0.0999999999999929,-0.4999999999999997,-0.8660254037844388,1010.8,27.0,0.0,26.13333333333334,1012.0333333333332
3129,3129,2023-07-27,24.9,21.8,29.2,0.9,1015.1,0,7,208,1016.6,24.7,0.0,25.533333333333342,0.9999999999999929,-0.4999999999999997,-0.8660254037844388,1016.6,24.7,0.0,25.533333333333342,1014.1666666666664
3130,3130,2023-07-28,24.9,20.7,29.4,0.0,1014.0,0,7,209,1015.1,24.9,0.9,24.83333333333334,0.9999999999999929,-0.4999999999999997,-0.8660254037844388,1015.1,24.9,0.9,24.83333333333334,1015.2333333333331
3131,3131,2023-07-29,26.3,23.3,30.1,0.0,1013.5,0,7,210,1014.0,24.9,0.0,25.366666666666674,0.9999999999999929,-0.4999999999999997,-0.8660254037844388,1014.0,24.9,0.0,25.366666666666674,1014.1999999999997
3132,3132,2023-07-30,26.7,25.1,30.1,0.0,1016.7,1,7,211,1013.5,26.3,0.0,25.966666666666672,0.8999999999999929,-0.4999999999999997,-0.8660254037844388,1013.5,26.3,0.0,25.966666666666672,1014.7333333333331
3133,3133,2023-07-31,26.1,23.5,29.5,0.2,1016.3,0,7,212,1016.7,26.7,0.0,26.366666666666674,1.099999999999993,-0.4999999999999997,-0.8660254037844388,1016.7,26.7,0.0,26.366666666666674,1015.4999999999997
3134,3134,2023-08-01,27.2,25.1,31.6,0.0,1012.0,0,8,213,1016.3,26.1,0.2,26.666666666666675,1.099999999999993,-0.8660254037844385,-0.5000000000000004,1016.3,26.1,0.2,26.666666666666675,1014.9999999999997
3135,3135,2023-08-02,27.4,24.7,31.2,0.0,1009.7,1,8,214,1012.0,27.2,0.0,26.900000000000006,1.099999999999993,-0.8660254037844385,-0.5000000000000004,1012.0,27.2,0.0,26.900000000000006,1012.6666666666664
3136,3136,2023-08-03,25.3,21.4,27.4,18.6,1011.0,0,8,215,1009.7,27.4,0.0,26.63333333333334,18.799999999999994,-0.8660254037844385,-0.5000000000000004,1009.7,27.4,0.0,26.63333333333334,1010.8999999999997
3137,3137,2023-08-04,23.5,18.9,27.4,0.0,1014.6,0,8,216,1011.0,25.3,18.6,25.400000000000006,18.799999999999994,-0.8660254037844385,-0.5000000000000004,1011.0,25.3,18.6,25.400000000000006,1011.7666666666664
3138,3138,2023-08-05,23.9,20.1,28.3,0.0,1016.2,0,8,217,1014.6,23.5,0.0,24.233333333333345,18.799999999999994,-0.8660254037844385,-0.5000000000000004,1014.6,23.5,0.0,24.233333333333345,1013.933333333333
3139,3139,2023-08-06,23.8,21.8,26.7,0.0,1016.5,1,8,218,1016.2,23.9,0.0,23.733333333333338,18.799999999999994,-0.8660254037844385,-0.5000000000000004,1016.2,23.9,0.0,23.733333333333338,1015.7666666666664
3140,3140,2023-08-07,24.0,23.2,26.8,0.2,1019.0,0,8,219,1016.5,23.8,0.0,23.900000000000006,18.799999999999994,-0.8660254037844385,-0.5000000000000004,1016.5,23.8,0.0,23.900000000000006,1017.233333333333
3141,3141,2023-08-08,24.7,21.9,28.7,0.0,1017.6,0,8,220,1019.0,24.0,0.2,24.166666666666675,18.799999999999994,-0.8660254037844385,-0.5000000000000004,1019.0,24.0,0.2,24.166666666666675,1017.6999999999997
3142,3142,2023-08-09,25.3,22.3,29.0,0.0,1017.6,0,8,221,1017.6,24.7,0.0,24.666666666666675,18.799999999999994,-0.8660254037844385,-0.5000000000000004,1017.6,24.7,0.0,24.666666666666675,1018.0666666666663
3143,3143,2023-08-10,26.7,24.1,29.7,0.0,1017.3,0,8,222,1017.6,25.3,0.0,25.566666666666677,0.1999999999999929,-0.8660254037844385,-0.5000000000000004,1017.6,25.3,0.0,25.566666666666677,1017.4999999999997
3144,3144,2023-08-11,26.3,23.2,30.8,0.0,1020.1,0,8,223,1017.3,26.7,0.0,26.10000000000001,0.1999999999999929,-0.8660254037844385,-0.5000000000000004,1017.3,26.7,0.0,26.10000000000001,1018.333333333333
3145,3145,2023-08-12,26.1,23.9,28.9,0.0,1019.4,0,8,224,1020.1,26.3,0.0,26.366666666666674,0.1999999999999929,-0.8660254037844385,-0.5000000000000004,1020.1,26.3,0.0,26.366666666666674,1018.933333333333
3146,3146,2023-08-13,26.1,23.7,29.2,0.0,1017.4,0,8,225,1019.4,26.1,0.0,26.166666666666675,0.1999999999999929,-0.8660254037844385,-0.5000000000000004,1019.4,26.1,0.0,26.166666666666675,1018.9666666666664
3147,3147,2023-08-14,26.3,23.0,30.4,0.0,1015.4,0,8,226,1017.4,26.1,0.0,26.166666666666675,0.0,-0.8660254037844385,-0.5000000000000004,1017.4,26.1,0.0,26.166666666666675,1017.3999999999996
3148,3148,2023-08-15,26.4,23.2,30.1,0.0,1015.7,0,8,227,1015.4,26.3,0.0,26.266666666666676,0.0,-0.8660254037844385,-0.5000000000000004,1015.4,26.3,0.0,26.266666666666676,1016.1666666666664
3149,3149,2023-08-16,26.3,23.6,29.8,0.0,1015.3,0,8,228,1015.7,26.4,0.0,26.333333333333343,0.0,-0.8660254037844385,-0.5000000000000004,1015.7,26.4,0.0,26.333333333333343,1015.4666666666662
3150,3150,2023-08-17,27.0,24.3,30.3,0.0,1013.6,0,8,229,1015.3,26.3,0.0,26.566666666666674,0.0,-0.8660254037844385,-0.5000000000000004,1015.3,26.3,0.0,26.566666666666674,1014.8666666666663
3151,3151,2023-08-18,26.2,23.5,29.4,0.0,1013.2,0,8,230,1013.6,27.0,0.0,26.50000000000001,0.0,-0.8660254037844385,-0.5000000000000004,1013.6,27.0,0.0,26.50000000000001,1014.033333333333
3152,3152,2023-08-19,26.5,24.3,30.6,0.0,1016.0,0,8,231,1013.2,26.2,0.0,26.566666666666677,0.0,-0.8660254037844385,-0.5000000000000004,1013.2,26.2,0.0,26.566666666666677,1014.2666666666664
3153,3153,2023-08-20,28.1,24.3,32.7,0.0,1018.2,0,8,232,1016.0,26.5,0.0,26.93333333333334,0.0,-0.8660254037844385,-0.5000000000000004,1016.0,26.5,0.0,26.93333333333334,1015.7999999999997
3154,3154,2023-08-21,29.4,26.3,34.2,0.0,1018.6,0,8,233,1018.2,28.1,0.0,28.00000000000001,0.0,-0.8660254037844385,-0.5000000000000004,1018.2,28.1,0.0,28.00000000000001,1017.5999999999998
3155,3155,2023-08-22,28.8,26.2,32.3,0.0,1017.5,0,8,234,1018.6,29.4,0.0,28.766666666666676,0.0,-0.8660254037844385,-0.5000000000000004,1018.6,29.4,0.0,28.766666666666676,1018.0999999999998
3156,3156,2023-08-23,30.2,26.7,35.1,0.0,1015.0,0,8,235,1017.5,28.8,0.0,29.466666666666672,0.0,-0.8660254037844385,-0.5000000000000004,1017.5,28.8,0.0,29.466666666666672,1017.0333333333332
3157,3157,2023-08-24,29.2,26.8,32.1,0.0,1014.0,0,8,236,1015.0,30.2,0.0,29.400000000000006,0.0,-0.8660254037844385,-0.5000000000000004,1015.0,30.2,0.0,29.400000000000006,1015.4999999999997
3158,3158,2023-08-25,28.1,25.6,31.4,0.0,1013.2,1,8,237,1014.0,29.2,0.0,29.166666666666675,0.0,-0.8660254037844385,-0.5000000000000004,1014.0,29.2,0.0,29.166666666666675,1014.0666666666663
3159,3159,2023-08-26,26.7,21.9,29.8,13.9,1012.3,1,8,238,1013.2,28.1,0.0,28.00000000000001,13.899999999999993,-0.8660254037844385,-0.5000000000000004,1013.2,28.1,0.0,28.00000000000001,1013.1666666666664
3160,3160,2023-08-27,20.7,18.1,28.1,19.7,1009.5,0,8,239,1012.3,26.7,13.9,25.166666666666675,33.599999999999994,-0.8660254037844385,-0.5000000000000004,1012.3,26.7,13.9,25.166666666666675,1011.6666666666664
3161,3161,2023-08-28,22.9,17.2,30.9,0.0,1011.2,1,8,240,1009.5,20.7,19.7,23.43333333333334,33.599999999999994,-0.8660254037844385,-0.5000000000000004,1009.5,20.7,19.7,23.43333333333334,1010.9999999999997
3162,3162,2023-08-29,22.9,18.5,26.8,7.0,1011.0,1,8,241,1011.2,22.9,0.0,22.166666666666675,40.599999999999994,-0.8660254037844385,-0.5000000000000004,1011.2,22.9,0.0,22.166666666666675,1010.5666666666663
3163,3163,2023-08-30,22.4,18.3,25.4,3.9,1011.1,0,8,242,1011.0,22.9,7.0,22.733333333333338,44.49999999999999,-0.8660254037844385,-0.5000000000000004,1011.0,22.9,7.0,22.733333333333338,1011.0999999999998
3164,3164,2023-08-31,23.3,20.2,27.6,0.0,1016.1,0,8,243,1011.1,22.4,3.9,22.866666666666674,44.49999999999999,-0.8660254037844385,-0.5000000000000004,1011.1,22.4,3.9,22.866666666666674,1012.733333333333
3165,3165,2023-09-01,24.1,20.5,28.1,0.0,1017.1,0,9,244,1016.1,23.3,0.0,23.266666666666676,44.49999999999999,-1.0,-1.8369701987210297e-16,1016.1,23.3,0.0,23.266666666666676,1014.7666666666664
3166,3166,2023-09-02,24.4,23.0,26.5,0.0,1016.3,0,9,245,1017.1,24.1,0.0,23.93333333333334,30.59999999999999,-1.0,-1.8369701987210297e-16,1017.1,24.1,0.0,23.93333333333334,1016.4999999999997
3167,3167,2023-09-03,25.4,23.4,29.2,0.0,1018.2,0,9,246,1016.3,24.4,0.0,24.63333333333334,10.89999999999999,-1.0,-1.8369701987210297e-16,1016.3,24.4,0.0,24.63333333333334,1017.1999999999997
3168,3168,2023-09-04,27.3,25.0,30.8,0.0,1016.5,0,9,247,1018.2,25.4,0.0,25.700000000000006,10.89999999999999,-1.0,-1.8369701987210297e-16,1018.2,25.4,0.0,25.700000000000006,1016.9999999999997
3169,3169,2023-09-05,25.4,22.7,28.4,0.0,1016.9,0,9,248,1016.5,27.3,0.0,26.033333333333342,3.8999999999999893,-1.0,-1.8369701987210297e-16,1016.5,27.3,0.0,26.033333333333342,1017.1999999999997
3170,3170,2023-09-06,24.4,21.6,27.8,0.0,1018.4,0,9,249,1016.9,25.4,0.0,25.700000000000006,0.0,-1.0,-1.8369701987210297e-16,1016.9,25.4,0.0,25.700000000000006,1017.2666666666664
3171,3171,2023-09-07,22.8,19.5,26.6,0.0,1018.3,0,9,250,1018.4,24.4,0.0,24.200000000000006,0.0,-1.0,-1.8369701987210297e-16,1018.4,24.4,0.0,24.200000000000006,1017.8666666666663
3172,3172,2023-09-08,22.7,18.9,26.8,0.0,1017.9,0,9,251,1018.3,22.8,0.0,23.300000000000008,0.0,-1.0,-1.8369701987210297e-16,1018.3,22.8,0.0,23.300000000000008,1018.1999999999997
3173,3173,2023-09-09,22.5,18.7,26.5,0.0,1017.5,0,9,252,1017.9,22.7,0.0,22.666666666666675,0.0,-1.0,-1.8369701987210297e-16,1017.9,22.7,0.0,22.666666666666675,1017.8999999999996
3174,3174,2023-09-10,22.8,19.3,26.8,0.0,1017.7,0,9,253,1017.5,22.5,0.0,22.666666666666675,0.0,-1.0,-1.8369701987210297e-16,1017.5,22.5,0.0,22.666666666666675,1017.6999999999998
3175,3175,2023-09-11,23.6,20.1,27.2,0.0,1015.3,0,9,254,1017.7,22.8,0.0,22.966666666666672,0.0,-1.0,-1.8369701987210297e-16,1017.7,22.8,0.0,22.966666666666672,1016.833333333333
3176,3176,2023-09-12,24.0,21.0,28.1,0.0,1014.1,0,9,255,1015.3,23.6,0.0,23.466666666666672,0.0,-1.0,-1.8369701987210297e-16,1015.3,23.6,0.0,23.466666666666672,1015.6999999999997
3177,3177,2023-09-13,24.2,21.8,28.1,0.0,1017.6,0,9,256,1014.1,24.0,0.0,23.93333333333334,0.0,-1.0,-1.8369701987210297e-16,1014.1,24.0,0.0,23.93333333333334,1015.6666666666664
3178,3178,2023-09-14,23.2,20.4,27.7,0.0,1018.3,1,9,257,1017.6,24.2,0.0,23.800000000000008,0.0,-1.0,-1.8369701987210297e-16,1017.6,24.2,0.0,23.800000000000008,1016.6666666666664
3179,3179,2023-09-15,21.4,19.7,26.0,26.4,1014.4,0,9,258,1018.3,23.2,0.0,22.93333333333334,26.399999999999988,-1.0,-1.8369701987210297e-16,1018.3,23.2,0.0,22.93333333333334,1016.7666666666664
3180,3180,2023-09-16,22.7,19.3,27.0,0.0,1012.4,1,9,259,1014.4,21.4,26.4,22.433333333333337,26.399999999999988,-1.0,-1.8369701987210297e-16,1014.4,21.4,26.4,22.433333333333337,1015.033333333333
3181,3181,2023-09-17,24.4,21.4,28.8,1.2,1012.2,0,9,260,1012.4,22.7,0.0,22.833333333333343,27.599999999999987,-1.0,-1.8369701987210297e-16,1012.4,22.7,0.0,22.833333333333343,1012.9999999999997
3182,3182,2023-09-18,25.4,22.9,28.5,0.0,1013.9,1,9,261,1012.2,24.4,1.2,24.166666666666675,27.599999999999987,-1.0,-1.8369701987210297e-16,1012.2,24.4,1.2,24.166666666666675,1012.833333333333
3183,3183,2023-09-19,22.3,19.5,26.1,11.2,1017.9,0,9,262,1013.9,25.4,0.0,24.033333333333342,38.79999999999998,-1.0,-1.8369701987210297e-16,1013.9,25.4,0.0,24.033333333333342,1014.6666666666664
3184,3184,2023-09-20,21.5,18.8,24.5,0.0,1012.4,0,9,263,1017.9,22.3,11.2,23.066666666666677,38.79999999999998,-1.0,-1.8369701987210297e-16,1017.9,22.3,11.2,23.066666666666677,1014.733333333333
3185,3185,2023-09-21,22.6,18.6,26.8,0.0,1006.4,0,9,264,1012.4,21.5,0.0,22.13333333333334,38.79999999999998,-1.0,-1.8369701987210297e-16,1012.4,21.5,0.0,22.13333333333334,1012.233333333333
3186,3186,2023-09-22,22.3,19.3,27.3,0.0,1009.3,0,9,265,1006.4,22.6,0.0,22.133333333333344,12.399999999999988,-1.0,-1.8369701987210297e-16,1006.4,22.6,0.0,22.133333333333344,1009.3666666666663
3187,3187,2023-09-23,20.2,16.1,24.0,0.0,1018.1,0,9,266,1009.3,22.3,0.0,21.700000000000006,12.399999999999988,-1.0,-1.8369701987210297e-16,1009.3,22.3,0.0,21.700000000000006,1011.2666666666663
3188,3188,2023-09-24,20.7,16.2,25.4,0.0,1021.3,0,9,267,1018.1,20.2,0.0,21.066666666666674,11.199999999999989,-1.0,-1.8369701987210297e-16,1018.1,20.2,0.0,21.066666666666674,1016.233333333333
3189,3189,2023-09-25,21.1,17.4,24.8,0.0,1020.9,0,9,268,1021.3,20.7,0.0,20.666666666666675,11.199999999999989,-1.0,-1.8369701987210297e-16,1021.3,20.7,0.0,20.666666666666675,1020.0999999999998
3190,3190,2023-09-26,20.8,17.5,25.4,0.0,1020.7,0,9,269,1020.9,21.1,0.0,20.866666666666674,0.0,-1.0,-1.8369701987210297e-16,1020.9,21.1,0.0,20.866666666666674,1020.9666666666664
3191,3191,2023-09-27,21.4,17.7,25.8,0.0,1019.4,0,9,270,1020.7,20.8,0.0,21.10000000000001,0.0,-1.0,-1.8369701987210297e-16,1020.7,20.8,0.0,21.10000000000001,1020.333333333333
3192,3192,2023-09-28,22.4,19.1,26.3,0.0,1019.1,0,9,271,1019.4,21.4,0.0,21.533333333333342,0.0,-1.0,-1.8369701987210297e-16,1019.4,21.4,0.0,21.533333333333342,1019.733333333333
3193,3193,2023-09-29,22.8,19.7,27.0,0.0,1021.9,0,9,272,1019.1,22.4,0.0,22.200000000000006,0.0,-1.0,-1.8369701987210297e-16,1019.1,22.4,0.0,22.200000000000006,1020.1333333333331
3194,3194,2023-09-30,23.6,19.7,28.9,0.0,1023.2,0,9,273,1021.9,22.8,0.0,22.93333333333334,0.0,-1.0,-1.8369701987210297e-16,1021.9,22.8,0.0,22.93333333333334,1021.3999999999996
3195,3195,2023-10-01,22.9,19.9,26.6,0.0,1022.8,0,10,274,1023.2,23.6,0.0,23.10000000000001,0.0,-0.8660254037844386,0.5000000000000001,1023.2,23.6,0.0,23.10000000000001,1022.6333333333331
3196,3196,2023-10-02,22.4,19.9,26.3,0.0,1023.3,0,10,275,1022.8,22.9,0.0,22.96666666666668,0.0,-0.8660254037844386,0.5000000000000001,1022.8,22.9,0.0,22.96666666666668,1023.0999999999996
3197,3197,2023-10-03,22.4,19.4,26.3,0.0,1023.8,0,10,276,1023.3,22.4,0.0,22.566666666666674,0.0,-0.8660254037844386,0.5000000000000001,1023.3,22.4,0.0,22.566666666666674,1023.2999999999997
3198,3198,2023-10-04,23.4,21.0,27.3,0.0,1025.3,0,10,277,1023.8,22.4,0.0,22.733333333333338,0.0,-0.8660254037844386,0.5000000000000001,1023.8,22.4,0.0,22.733333333333338,1024.133333333333
3199,3199,2023-10-05,22.7,20.4,27.3,0.0,1024.3,0,10,278,1025.3,23.4,0.0,22.83333333333334,0.0,-0.8660254037844386,0.5000000000000001,1025.3,23.4,0.0,22.83333333333334,1024.4666666666662
3200,3200,2023-10-06,22.6,19.7,26.7,0.0,1024.2,0,10,279,1024.3,22.7,0.0,22.90000000000001,0.0,-0.8660254037844386,0.5000000000000001,1024.3,22.7,0.0,22.90000000000001,1024.5999999999997
3201,3201,2023-10-07,22.2,19.5,26.8,0.0,1024.5,0,10,280,1024.2,22.6,0.0,22.50000000000001,0.0,-0.8660254037844386,0.5000000000000001,1024.2,22.6,0.0,22.50000000000001,1024.333333333333
3202,3202,2023-10-08,21.4,18.5,26.1,0.0,1024.5,0,10,281,1024.5,22.2,0.0,22.066666666666674,0.0,-0.8660254037844386,0.5000000000000001,1024.5,22.2,0.0,22.066666666666674,1024.3999999999996
3203,3203,2023-10-09,21.0,18.4,25.6,0.0,1024.3,0,10,282,1024.5,21.4,0.0,21.533333333333342,0.0,-0.8660254037844386,0.5000000000000001,1024.5,21.4,0.0,21.533333333333342,1024.4333333333332
3204,3204,2023-10-10,20.9,17.5,26.0,0.0,1022.4,0,10,283,1024.3,21.0,0.0,21.100000000000005,0.0,-0.8660254037844386,0.5000000000000001,1024.3,21.0,0.0,21.100000000000005,1023.733333333333
3205,3205,2023-10-11,20.6,17.0,25.4,0.0,1021.7,0,10,284,1022.4,20.9,0.0,20.83333333333334,0.0,-0.8660254037844386,0.5000000000000001,1022.4,20.9,0.0,20.83333333333334,1022.7999999999997
3206,3206,2023-10-12,20.2,17.3,25.4,0.0,1021.2,0,10,285,1021.7,20.6,0.0,20.566666666666677,0.0,-0.8660254037844386,0.5000000000000001,1021.7,20.6,0.0,20.566666666666677,1021.7666666666664
3207,3207,2023-10-13,21.0,17.7,25.8,0.0,1019.3,0,10,286,1021.2,20.2,0.0,20.60000000000001,0.0,-0.8660254037844386,0.5000000000000001,1021.2,20.2,0.0,20.60000000000001,1020.733333333333
3208,3208,2023-10-14,21.8,18.7,26.5,0.0,1018.3,1,10,287,1019.3,21.0,0.0,21.00000000000001,0.0,-0.8660254037844386,0.5000000000000001,1019.3,21.0,0.0,21.00000000000001,1019.5999999999998
3209,3209,2023-10-15,19.9,18.9,21.8,53.6,1017.1,1,10,288,1018.3,21.8,0.0,20.90000000000001,53.599999999999994,-0.8660254037844386,0.5000000000000001,1018.3,21.8,0.0,20.90000000000001,1018.233333333333
3210,3210,2023-10-16,19.1,17.3,20.7,10.0,1013.1,0,10,289,1017.1,19.9,53.6,20.266666666666676,63.59999999999999,-0.8660254037844386,0.5000000000000001,1017.1,19.9,53.6,20.266666666666676,1016.1666666666664
3211,3211,2023-10-17,19.9,16.6,24.7,0.0,1010.9,0,10,290,1013.1,19.1,10.0,19.633333333333344,63.59999999999999,-0.8660254037844386,0.5000000000000001,1013.1,19.1,10.0,19.633333333333344,1013.6999999999997
3212,3212,2023-10-18,22.0,19.5,26.8,0.0,1005.2,1,10,291,1010.9,19.9,0.0,20.333333333333343,63.59999999999999,-0.8660254037844386,0.5000000000000001,1010.9,19.9,0.0,20.333333333333343,1009.733333333333
3213,3213,2023-10-19,21.9,17.1,25.0,3.6,997.2,0,10,292,1005.2,22.0,0.0,21.266666666666673,67.19999999999999,-0.8660254037844386,0.5000000000000001,1005.2,22.0,0.0,21.266666666666673,1004.433333333333
3214,3214,2023-10-20,19.4,16.5,24.2,0.0,992.2,0,10,293,997.2,21.9,3.6,21.100000000000005,67.19999999999999,-0.8660254037844386,0.5000000000000001,997.2,21.9,3.6,21.100000000000005,998.1999999999998
3215,3215,2023-10-21,17.4,13.9,21.6,0.0,1005.0,0,10,294,992.2,19.4,0.0,19.566666666666674,67.19999999999999,-0.8660254037844386,0.5000000000000001,992.2,19.4,0.0,19.566666666666674,998.1333333333331
3216,3216,2023-10-22,16.2,11.0,21.2,0.0,1011.1,1,10,295,1005.0,17.4,0.0,17.666666666666675,13.599999999999985,-0.8660254037844386,0.5000000000000001,1005.0,17.4,0.0,17.666666666666675,1002.7666666666664
3217,3217,2023-10-23,20.8,17.6,24.4,18.1,1006.5,0,10,296,1011.1,16.2,0.0,18.13333333333334,21.69999999999999,-0.8660254037844386,0.5000000000000001,1011.1,16.2,0.0,18.13333333333334,1007.533333333333
3218,3218,2023-10-24,18.2,15.3,22.7,0.0,1009.6,0,10,297,1006.5,20.8,18.1,18.40000000000001,21.69999999999999,-0.8660254037844386,0.5000000000000001,1006.5,20.8,18.1,18.40000000000001,1009.0666666666663
3219,3219,2023-10-25,19.3,15.8,24.7,0.0,1009.1,0,10,298,1009.6,18.2,0.0,19.43333333333334,21.69999999999999,-0.8660254037844386,0.5000000000000001,1009.6,18.2,0.0,19.43333333333334,1008.3999999999997
3220,3220,2023-10-26,20.8,19.5,23.5,0.0,1004.3,0,10,299,1009.1,19.3,0.0,19.43333333333334,18.099999999999987,-0.8660254037844386,0.5000000000000001,1009.1,19.3,0.0,19.43333333333334,1007.6666666666664
3221,3221,2023-10-27,19.0,16.1,23.5,0.0,1005.8,0,10,300,1004.3,20.8,0.0,19.700000000000006,18.099999999999987,-0.8660254037844386,0.5000000000000001,1004.3,20.8,0.0,19.700000000000006,1006.3999999999996
3222,3222,2023-10-28,18.1,14.7,22.8,0.0,1008.4,0,10,301,1005.8,19.0,0.0,19.30000000000001,18.099999999999987,-0.8660254037844386,0.5000000000000001,1005.8,19.0,0.0,19.30000000000001,1006.1666666666664
3223,3223,2023-10-29,17.0,13.2,22.3,0.0,1007.5,1,10,302,1008.4,18.1,0.0,18.033333333333342,18.099999999999987,-0.8660254037844386,0.5000000000000001,1008.4,18.1,0.0,18.033333333333342,1007.233333333333
3224,3224,2023-10-30,16.7,14.6,21.6,0.4,1004.6,0,10,303,1007.5,17.0,0.0,17.266666666666676,0.3999999999999858,-0.8660254037844386,0.5000000000000001,1007.5,17.0,0.0,17.266666666666676,1006.833333333333
3225,3225,2023-10-31,15.5,12.1,19.4,0.0,1014.6,0,10,304,1004.6,16.7,0.4,16.40000000000001,0.3999999999999858,-0.8660254037844386,0.5000000000000001,1004.6,16.7,0.4,16.40000000000001,1008.8999999999996
3226,3226,2023-11-01,15.4,10.5,20.3,0.0,1012.2,1,11,305,1014.6,15.5,0.0,15.866666666666674,0.3999999999999858,-0.5000000000000004,0.8660254037844384,1014.6,15.5,0.0,15.866666666666674,1010.4666666666664
3227,3227,2023-11-02,17.4,12.7,21.7,0.6,999.2,0,11,306,1012.2,15.4,0.0,16.10000000000001,0.9999999999999858,-0.5000000000000004,0.8660254037844384,1012.2,15.4,0.0,16.10000000000001,1008.6666666666664
3228,3228,2023-11-03,14.6,11.8,20.0,0.0,1001.0,1,11,307,999.2,17.4,0.6,15.800000000000006,0.9999999999999858,-0.5000000000000004,0.8660254037844384,999.2,17.4,0.6,15.800000000000006,1004.1333333333331
3229,3229,2023-11-04,15.6,12.2,20.1,0.1,998.8,0,11,308,1001.0,14.6,0.0,15.866666666666674,1.0999999999999859,-0.5000000000000004,0.8660254037844384,1001.0,14.6,0.0,15.866666666666674,999.6666666666664
3230,3230,2023-11-05,17.2,12.7,21.3,0.0,1004.3,0,11,309,998.8,15.6,0.1,15.800000000000006,1.0999999999999859,-0.5000000000000004,0.8660254037844384,998.8,15.6,0.1,15.800000000000006,1001.3666666666663
3231,3231,2023-11-06,14.8,10.4,20.3,0.0,1014.5,0,11,310,1004.3,17.2,0.0,15.866666666666674,0.6999999999999857,-0.5000000000000004,0.8660254037844384,1004.3,17.2,0.0,15.866666666666674,1005.8666666666663
3232,3232,2023-11-07,11.7,7.6,16.6,0.0,1021.1,1,11,311,1014.5,14.8,0.0,14.566666666666677,0.6999999999999857,-0.5000000000000004,0.8660254037844384,1014.5,14.8,0.0,14.566666666666677,1013.2999999999997
3233,3233,2023-11-08,11.7,7.5,16.3,0.4,1022.5,1,11,312,1021.1,11.7,0.0,12.733333333333341,1.0999999999999859,-0.5000000000000004,0.8660254037844384,1021.1,11.7,0.0,12.733333333333341,1019.3666666666663
3234,3234,2023-11-09,13.4,10.8,16.6,0.2,1015.6,0,11,313,1022.5,11.7,0.4,12.266666666666675,0.6999999999999857,-0.5000000000000004,0.8660254037844384,1022.5,11.7,0.4,12.266666666666675,1019.733333333333
3235,3235,2023-11-10,16.1,12.2,20.7,0.0,1013.3,1,11,314,1015.6,13.4,0.2,13.733333333333343,0.6999999999999857,-0.5000000000000004,0.8660254037844384,1015.6,13.4,0.2,13.733333333333343,1017.1333333333331
3236,3236,2023-11-11,14.7,12.2,18.1,0.1,1013.2,0,11,315,1013.3,16.1,0.0,14.733333333333343,0.6999999999999859,-0.5000000000000004,0.8660254037844384,1013.3,16.1,0.0,14.733333333333343,1014.0333333333332
3237,3237,2023-11-12,16.9,14.5,21.7,0.0,1015.2,0,11,316,1013.2,14.7,0.1,15.900000000000011,0.6999999999999859,-0.5000000000000004,0.8660254037844384,1013.2,14.7,0.1,15.900000000000011,1013.8999999999996
3238,3238,2023-11-13,16.6,12.0,22.1,0.0,1020.4,0,11,317,1015.2,16.9,0.0,16.066666666666677,0.6999999999999859,-0.5000000000000004,0.8660254037844384,1015.2,16.9,0.0,16.066666666666677,1016.2666666666664
3239,3239,2023-11-14,17.3,13.8,23.3,0.0,1019.7,0,11,318,1020.4,16.6,0.0,16.93333333333334,0.6999999999999859,-0.5000000000000004,0.8660254037844384,1020.4,16.6,0.0,16.93333333333334,1018.433333333333
3240,3240,2023-11-15,16.6,14.5,19.0,0.0,1023.3,0,11,319,1019.7,17.3,0.0,16.833333333333346,0.29999999999998583,-0.5000000000000004,0.8660254037844384,1019.7,17.3,0.0,16.833333333333346,1021.1333333333331
3241,3241,2023-11-16,16.1,14.2,19.4,0.0,1020.8,0,11,320,1023.3,16.6,0.0,16.66666666666668,0.0999999999999858,-0.5000000000000004,0.8660254037844384,1023.3,16.6,0.0,16.66666666666668,1021.2666666666663
3242,3242,2023-11-17,15.2,12.8,19.1,0.0,1023.5,0,11,321,1020.8,16.1,0.0,15.966666666666677,0.0999999999999858,-0.5000000000000004,0.8660254037844384,1020.8,16.1,0.0,15.966666666666677,1022.533333333333
3243,3243,2023-11-18,14.4,12.0,18.5,0.0,1025.8,0,11,322,1023.5,15.2,0.0,15.233333333333343,0.0,-0.5000000000000004,0.8660254037844384,1023.5,15.2,0.0,15.233333333333343,1023.3666666666663
3244,3244,2023-11-19,13.4,10.6,16.8,0.0,1023.0,0,11,323,1025.8,14.4,0.0,14.333333333333343,0.0,-0.5000000000000004,0.8660254037844384,1025.8,14.4,0.0,14.333333333333343,1024.0999999999997
3245,3245,2023-11-20,13.3,9.7,18.2,0.0,1019.2,0,11,324,1023.0,13.4,0.0,13.70000000000001,0.0,-0.5000000000000004,0.8660254037844384,1023.0,13.4,0.0,13.70000000000001,1022.6666666666664
3246,3246,2023-11-21,14.1,11.7,17.4,0.0,1014.2,0,11,325,1019.2,13.3,0.0,13.60000000000001,0.0,-0.5000000000000004,0.8660254037844384,1019.2,13.3,0.0,13.60000000000001,1018.7999999999997
3247,3247,2023-11-22,14.3,8.4,20.4,0.0,1016.2,0,11,326,1014.2,14.1,0.0,13.900000000000011,0.0,-0.5000000000000004,0.8660254037844384,1014.2,14.1,0.0,13.900000000000011,1016.5333333333332
3248,3248,2023-11-23,11.0,6.6,17.5,0.0,1021.3,0,11,327,1016.2,14.3,0.0,13.133333333333342,0.0,-0.5000000000000004,0.8660254037844384,1016.2,14.3,0.0,13.133333333333342,1017.233333333333
3249,3249,2023-11-24,13.2,9.1,21.2,0.0,1013.4,0,11,328,1021.3,11.0,0.0,12.833333333333343,0.0,-0.5000000000000004,0.8660254037844384,1021.3,11.0,0.0,12.833333333333343,1016.9666666666664
3250,3250,2023-11-25,13.2,10.3,16.0,0.0,1013.8,0,11,329,1013.4,13.2,0.0,12.466666666666676,0.0,-0.5000000000000004,0.8660254037844384,1013.4,13.2,0.0,12.466666666666676,1016.1666666666664
3251,3251,2023-11-26,12.2,9.9,15.0,0.0,1017.4,0,11,330,1013.8,13.2,0.0,12.866666666666676,0.0,-0.5000000000000004,0.8660254037844384,1013.8,13.2,0.0,12.866666666666676,1014.8666666666663
3252,3252,2023-11-27,11.9,8.3,15.9,0.0,1012.1,0,11,331,1017.4,12.2,0.0,12.433333333333342,0.0,-0.5000000000000004,0.8660254037844384,1017.4,12.2,0.0,12.433333333333342,1014.4333333333329
3253,3253,2023-11-28,12.7,10.1,18.1,0.0,1007.3,0,11,332,1012.1,11.9,0.0,12.266666666666675,0.0,-0.5000000000000004,0.8660254037844384,1012.1,11.9,0.0,12.266666666666675,1012.2666666666664
3254,3254,2023-11-29,12.5,10.5,15.4,0.0,1007.7,0,11,333,1007.3,12.7,0.0,12.366666666666674,0.0,-0.5000000000000004,0.8660254037844384,1007.3,12.7,0.0,12.366666666666674,1009.033333333333
3255,3255,2023-11-30,15.0,9.9,21.0,0.0,1001.4,0,11,334,1007.7,12.5,0.0,13.400000000000011,0.0,-0.5000000000000004,0.8660254037844384,1007.7,12.5,0.0,13.400000000000011,1005.4666666666664
3256,3256,2023-12-01,15.4,10.3,18.9,0.0,997.6,0,12,335,1001.4,15.0,0.0,14.30000000000001,0.0,-2.4492935982947064e-16,1.0,1001.4,15.0,0.0,14.30000000000001,1002.233333333333
3257,3257,2023-12-02,11.4,8.5,15.2,0.0,1010.7,0,12,336,997.6,15.4,0.0,13.933333333333342,0.0,-2.4492935982947064e-16,1.0,997.6,15.4,0.0,13.933333333333342,1003.2333333333331
3258,3258,2023-12-03,8.9,6.3,13.5,0.0,1021.1,0,12,337,1010.7,11.4,0.0,11.900000000000011,0.0,-2.4492935982947064e-16,1.0,1010.7,11.4,0.0,11.900000000000011,1009.7999999999997
3259,3259,2023-12-04,10.9,7.3,14.9,0.0,1015.2,0,12,338,1021.1,8.9,0.0,10.400000000000011,0.0,-2.4492935982947064e-16,1.0,1021.1,8.9,0.0,10.400000000000011,1015.6666666666664
3260,3260,2023-12-05,9.8,7.2,14.0,0.0,1016.5,0,12,339,1015.2,10.9,0.0,9.866666666666676,0.0,-2.4492935982947064e-16,1.0,1015.2,10.9,0.0,9.866666666666676,1017.5999999999998
3261,3261,2023-12-06,9.2,6.4,14.2,0.0,1017.3,1,12,340,1016.5,9.8,0.0,9.966666666666677,0.0,-2.4492935982947064e-16,1.0,1016.5,9.8,0.0,9.966666666666677,1016.333333333333
3262,3262,2023-12-07,9.9,4.7,15.2,1.1,1018.1,0,12,341,1017.3,9.2,0.0,9.633333333333342,1.0999999999999859,-2.4492935982947064e-16,1.0,1017.3,9.2,0.0,9.633333333333342,1017.2999999999997
3263,3263,2023-12-08,12.7,9.8,16.6,0.0,1013.6,0,12,342,1018.1,9.9,1.1,10.600000000000009,1.0999999999999859,-2.4492935982947064e-16,1.0,1018.1,9.9,1.1,10.600000000000009,1016.333333333333
3264,3264,2023-12-09,11.7,7.9,16.7,0.0,1019.7,0,12,343,1013.6,12.7,0.0,11.433333333333342,1.0999999999999859,-2.4492935982947064e-16,1.0,1013.6,12.7,0.0,11.433333333333342,1017.1333333333331
3265,3265,2023-12-10,13.6,9.5,19.1,0.0,1021.5,0,12,344,1019.7,11.7,0.0,12.666666666666677,1.0999999999999859,-2.4492935982947064e-16,1.0,1019.7,11.7,0.0,12.666666666666677,1018.2666666666664
3266,3266,2023-12-11,14.2,10.8,20.0,0.0,1018.8,0,12,345,1021.5,13.6,0.0,13.166666666666677,1.0999999999999859,-2.4492935982947064e-16,1.0,1021.5,13.6,0.0,13.166666666666677,1019.9999999999997
3267,3267,2023-12-12,14.8,10.0,19.7,0.0,1014.1,0,12,346,1018.8,14.2,0.0,14.20000000000001,1.0999999999999859,-2.4492935982947064e-16,1.0,1018.8,14.2,0.0,14.20000000000001,1018.1333333333331
3268,3268,2023-12-13,15.2,12.0,16.8,0.0,1009.4,0,12,347,1014.1,14.8,0.0,14.733333333333343,1.0999999999999859,-2.4492935982947064e-16,1.0,1014.1,14.8,0.0,14.733333333333343,1014.0999999999998
3269,3269,2023-12-14,13.4,9.2,18.1,0.0,1018.3,0,12,348,1009.4,15.2,0.0,14.466666666666676,0.0,-2.4492935982947064e-16,1.0,1009.4,15.2,0.0,14.466666666666676,1013.933333333333
3270,3270,2023-12-15,10.8,8.0,17.0,0.0,1030.9,0,12,349,1018.3,13.4,0.0,13.133333333333342,0.0,-2.4492935982947064e-16,1.0,1018.3,13.4,0.0,13.133333333333342,1019.5333333333332
3271,3271,2023-12-16,9.5,6.0,15.5,0.0,1036.0,0,12,350,1030.9,10.8,0.0,11.233333333333343,0.0,-2.4492935982947064e-16,1.0,1030.9,10.8,0.0,11.233333333333343,1028.3999999999996
3272,3272,2023-12-17,7.9,3.6,13.7,0.0,1037.8,0,12,351,1036.0,9.5,0.0,9.400000000000011,0.0,-2.4492935982947064e-16,1.0,1036.0,9.5,0.0,9.400000000000011,1034.8999999999996
3273,3273,2023-12-18,7.7,2.7,14.4,0.0,1035.2,0,12,352,1037.8,7.9,0.0,8.366666666666676,0.0,-2.4492935982947064e-16,1.0,1037.8,7.9,0.0,8.366666666666676,1036.333333333333
3274,3274,2023-12-19,10.1,6.0,17.9,0.0,1028.1,0,12,353,1035.2,7.7,0.0,8.566666666666677,0.0,-2.4492935982947064e-16,1.0,1035.2,7.7,0.0,8.566666666666677,1033.6999999999998
3275,3275,2023-12-20,9.1,5.8,14.3,0.0,1021.3,0,12,354,1028.1,10.1,0.0,8.966666666666677,0.0,-2.4492935982947064e-16,1.0,1028.1,10.1,0.0,8.966666666666677,1028.1999999999996
3276,3276,2023-12-21,10.3,6.1,15.9,0.0,1021.4,0,12,355,1021.3,9.1,0.0,9.833333333333343,0.0,-2.4492935982947064e-16,1.0,1021.3,9.1,0.0,9.833333333333343,1023.5999999999996
3277,3277,2023-12-22,14.3,10.4,18.9,0.0,1020.5,0,12,356,1021.4,10.3,0.0,11.233333333333343,0.0,-2.4492935982947064e-16,1.0,1021.4,10.3,0.0,11.233333333333343,1021.0666666666663
3278,3278,2023-12-23,11.2,8.1,15.6,0.0,1023.9,0,12,357,1020.5,14.3,0.0,11.933333333333342,0.0,-2.4492935982947064e-16,1.0,1020.5,14.3,0.0,11.933333333333342,1021.933333333333
3279,3279,2023-12-24,9.3,5.8,14.8,0.0,1023.6,0,12,358,1023.9,11.2,0.0,11.60000000000001,0.0,-2.4492935982947064e-16,1.0,1023.9,11.2,0.0,11.60000000000001,1022.6666666666664
3280,3280,2023-12-25,8.2,4.3,14.8,0.0,1021.9,0,12,359,1023.6,9.3,0.0,9.566666666666675,0.0,-2.4492935982947064e-16,1.0,1023.6,9.3,0.0,9.566666666666675,1023.1333333333329
3281,3281,2023-12-26,8.8,4.7,15.5,0.0,1021.9,0,12,360,1021.9,8.2,0.0,8.766666666666676,0.0,-2.4492935982947064e-16,1.0,1021.9,8.2,0.0,8.766666666666676,1022.4666666666664
3282,3282,2023-12-27,8.8,3.9,16.0,0.0,1023.6,0,12,361,1021.9,8.8,0.0,8.60000000000001,0.0,-2.4492935982947064e-16,1.0,1021.9,8.8,0.0,8.60000000000001,1022.4666666666664
3283,3283,2023-12-28,8.0,3.5,15.0,0.0,1025.2,0,12,362,1023.6,8.8,0.0,8.533333333333344,0.0,-2.4492935982947064e-16,1.0,1023.6,8.8,0.0,8.533333333333344,1023.5666666666663
3284,3284,2023-12-29,9.1,6.2,14.2,0.0,1022.8,0,12,363,1025.2,8.0,0.0,8.633333333333345,0.0,-2.4492935982947064e-16,1.0,1025.2,8.0,0.0,8.633333333333345,1023.8666666666663
3285,3285,2023-12-30,8.9,4.3,15.8,0.0,1020.0,0,12,364,1022.8,9.1,0.0,8.666666666666677,0.0,-2.4492935982947064e-16,1.0,1022.8,9.1,0.0,8.666666666666677,1022.6666666666664
3286,3286,2023-12-31,10.9,6.0,17.2,0.0,1015.4,0,12,365,1020.0,8.9,0.0,9.633333333333342,0.0,-2.4492935982947064e-16,1.0,1020.0,8.9,0.0,9.633333333333342,1019.3999999999996
3287,3287,2024-01-01,8.8,5.6,14.3,0.0,1019.2,0,1,1,1015.4,10.9,0.0,9.533333333333344,0.0,0.49999999999999994,0.8660254037844387,1015.4,10.9,0.0,9.533333333333344,1018.1999999999997
3288,3288,2024-01-02,10.3,4.2,15.6,0.0,1018.1,0,1,2,1019.2,8.8,0.0,10.000000000000012,0.0,0.49999999999999994,0.8660254037844387,1019.2,8.8,0.0,10.000000000000012,1017.5666666666663
3289,3289,2024-01-03,14.3,11.1,18.0,0.0,1014.7,1,1,3,1018.1,10.3,0.0,11.133333333333345,0.0,0.49999999999999994,0.8660254037844387,1018.1,10.3,0.0,11.133333333333345,1017.333333333333
3290,3290,2024-01-04,11.9,8.8,17.2,0.3,1015.0,1,1,4,1014.7,14.3,0.0,12.166666666666677,0.2999999999999858,0.49999999999999994,0.8660254037844387,1014.7,14.3,0.0,12.166666666666677,1015.933333333333
3291,3291,2024-01-05,11.2,8.6,14.4,11.8,1004.3,0,1,5,1015.0,11.9,0.3,12.466666666666677,12.099999999999987,0.49999999999999994,0.8660254037844387,1015.0,11.9,0.3,12.466666666666677,1011.333333333333
3292,3292,2024-01-06,10.1,6.4,15.1,0.0,1007.6,0,1,6,1004.3,11.2,11.8,11.066666666666677,12.099999999999987,0.49999999999999994,0.8660254037844387,1004.3,11.2,11.8,11.066666666666677,1008.9666666666664
3293,3293,2024-01-07,9.8,6.1,14.6,0.0,1011.4,0,1,7,1007.6,10.1,0.0,10.366666666666676,12.099999999999987,0.49999999999999994,0.8660254037844387,1007.6,10.1,0.0,10.366666666666676,1007.7666666666664
3294,3294,2024-01-08,7.8,3.9,12.9,0.0,1015.2,1,1,8,1011.4,9.8,0.0,9.233333333333343,12.099999999999987,0.49999999999999994,0.8660254037844387,1011.4,9.8,0.0,9.233333333333343,1011.3999999999996
3295,3295,2024-01-09,6.6,2.5,12.2,0.2,1020.4,1,1,9,1015.2,7.8,0.0,8.066666666666677,12.299999999999986,0.49999999999999994,0.8660254037844387,1015.2,7.8,0.0,8.066666666666677,1015.6666666666664
3296,3296,2024-01-10,7.1,5.7,10.3,2.8,1018.9,1,1,10,1020.4,6.6,0.2,7.166666666666676,15.099999999999987,0.49999999999999994,0.8660254037844387,1020.4,6.6,0.2,7.166666666666676,1018.1666666666664
3297,3297,2024-01-11,7.7,5.0,12.0,0.1,1020.1,0,1,11,1018.9,7.1,2.8,7.133333333333343,14.899999999999986,0.49999999999999994,0.8660254037844387,1018.9,7.1,2.8,7.133333333333343,1019.7999999999997
3298,3298,2024-01-12,7.4,4.7,13.1,0.0,1024.9,0,1,12,1020.1,7.7,0.1,7.40000000000001,3.099999999999986,0.49999999999999994,0.8660254037844387,1020.1,7.7,0.1,7.40000000000001,1021.2999999999997
3299,3299,2024-01-13,7.2,3.0,12.7,0.0,1023.8,0,1,13,1024.9,7.4,0.0,7.433333333333343,3.099999999999986,0.49999999999999994,0.8660254037844387,1024.9,7.4,0.0,7.433333333333343,1022.933333333333
3300,3300,2024-01-14,11.2,7.3,16.7,0.0,1014.8,0,1,14,1023.8,7.2,0.0,8.60000000000001,3.099999999999986,0.49999999999999994,0.8660254037844387,1023.8,7.2,0.0,8.60000000000001,1021.1666666666664
3301,3301,2024-01-15,12.3,8.2,17.6,0.0,1009.7,0,1,15,1014.8,11.2,0.0,10.233333333333343,3.099999999999986,0.49999999999999994,0.8660254037844387,1014.8,11.2,0.0,10.233333333333343,1016.0999999999998
3302,3302,2024-01-16,11.9,9.1,16.3,0.0,1009.8,0,1,16,1009.7,12.3,0.0,11.80000000000001,2.8999999999999857,0.49999999999999994,0.8660254037844387,1009.7,12.3,0.0,11.80000000000001,1011.433333333333
3303,3303,2024-01-17,13.9,10.4,17.4,0.0,1002.1,1,1,17,1009.8,11.9,0.0,12.70000000000001,0.0999999999999858,0.49999999999999994,0.8660254037844387,1009.8,11.9,0.0,12.70000000000001,1007.1999999999998
3304,3304,2024-01-18,15.5,13.4,19.1,0.6,1005.2,1,1,18,1002.1,13.9,0.0,13.766666666666675,0.5999999999999858,0.49999999999999994,0.8660254037844387,1002.1,13.9,0.0,13.766666666666675,1005.6999999999998
3305,3305,2024-01-19,10.4,7.2,16.0,8.6,1011.6,0,1,19,1005.2,15.5,0.6,13.266666666666678,9.199999999999985,0.49999999999999994,0.8660254037844387,1005.2,15.5,0.6,13.266666666666678,1006.2999999999998
3306,3306,2024-01-20,8.3,5.3,12.4,0.0,1024.3,0,1,20,1011.6,10.4,8.6,11.400000000000011,9.199999999999985,0.49999999999999994,0.8660254037844387,1011.6,10.4,8.6,11.400000000000011,1013.6999999999998
3307,3307,2024-01-21,7.9,4.1,13.7,0.0,1033.2,0,1,21,1024.3,8.3,0.0,8.866666666666676,9.199999999999985,0.49999999999999994,0.8660254037844387,1024.3,8.3,0.0,8.866666666666676,1023.0333333333332
3308,3308,2024-01-22,8.6,4.2,14.4,0.0,1032.6,0,1,22,1033.2,7.9,0.0,8.266666666666678,9.199999999999985,0.49999999999999994,0.8660254037844387,1033.2,7.9,0.0,8.266666666666678,1030.033333333333
3309,3309,2024-01-23,10.5,7.0,16.1,0.0,1035.0,0,1,23,1032.6,8.6,0.0,9.000000000000009,9.199999999999985,0.49999999999999994,0.8660254037844387,1032.6,8.6,0.0,9.000000000000009,1033.5999999999997
3310,3310,2024-01-24,11.8,8.4,17.6,0.0,1035.5,0,1,24,1035.0,10.5,0.0,10.30000000000001,9.199999999999985,0.49999999999999994,0.8660254037844387,1035.0,10.5,0.0,10.30000000000001,1034.3666666666666
3311,3311,2024-01-25,12.3,8.6,16.8,0.0,1031.4,0,1,25,1035.5,11.8,0.0,11.533333333333344,8.599999999999985,0.49999999999999994,0.8660254037844387,1035.5,11.8,0.0,11.533333333333344,1033.9666666666665
3312,3312,2024-01-26,13.1,9.8,21.0,0.0,1030.8,0,1,26,1031.4,12.3,0.0,12.400000000000011,0.0,0.49999999999999994,0.8660254037844387,1031.4,12.3,0.0,12.400000000000011,1032.5666666666664
3313,3313,2024-01-27,11.6,8.6,16.8,0.0,1030.8,0,1,27,1030.8,13.1,0.0,12.333333333333343,0.0,0.49999999999999994,0.8660254037844387,1030.8,13.1,0.0,12.333333333333343,1030.9999999999998
3314,3314,2024-01-28,11.0,7.7,15.0,0.0,1031.2,0,1,28,1030.8,11.6,0.0,11.900000000000007,0.0,0.49999999999999994,0.8660254037844387,1030.8,11.6,0.0,11.900000000000007,1030.9333333333332
3315,3315,2024-01-29,13.0,11.8,15.1,0.0,1032.3,0,1,29,1031.2,11.0,0.0,11.866666666666676,0.0,0.49999999999999994,0.8660254037844387,1031.2,11.0,0.0,11.866666666666676,1031.4333333333332
3316,3316,2024-01-30,12.3,9.4,16.1,0.0,1033.7,0,1,30,1032.3,13.0,0.0,12.100000000000009,0.0,0.49999999999999994,0.8660254037844387,1032.3,13.0,0.0,12.100000000000009,1032.3999999999999
3317,3317,2024-01-31,11.2,8.2,15.1,0.0,1034.7,0,1,31,1033.7,12.3,0.0,12.166666666666677,0.0,0.49999999999999994,0.8660254037844387,1033.7,12.3,0.0,12.166666666666677,1033.5666666666664
3318,3318,2024-02-01,11.1,7.6,15.7,0.0,1032.6,0,2,32,1034.7,11.2,0.0,11.53333333333334,0.0,0.8660254037844386,0.5000000000000001,1034.7,11.2,0.0,11.53333333333334,1033.6666666666663
3319,3319,2024-02-02,11.4,8.6,16.8,0.0,1031.6,0,2,33,1032.6,11.1,0.0,11.233333333333343,0.0,0.8660254037844386,0.5000000000000001,1032.6,11.1,0.0,11.233333333333343,1032.9666666666665
3320,3320,2024-02-03,11.3,7.2,16.9,0.0,1031.5,0,2,34,1031.6,11.4,0.0,11.266666666666675,0.0,0.8660254037844386,0.5000000000000001,1031.6,11.4,0.0,11.266666666666675,1031.8999999999996
3321,3321,2024-02-04,11.8,8.1,16.9,0.0,1029.9,0,2,35,1031.5,11.3,0.0,11.500000000000009,0.0,0.8660254037844386,0.5000000000000001,1031.5,11.3,0.0,11.500000000000009,1030.9999999999998
3322,3322,2024-02-05,11.7,7.5,16.2,0.0,1027.4,0,2,36,1029.9,11.8,0.0,11.60000000000001,0.0,0.8660254037844386,0.5000000000000001,1029.9,11.8,0.0,11.60000000000001,1029.5999999999997
3323,3323,2024-02-06,11.2,8.0,15.1,0.0,1023.7,0,2,37,1027.4,11.7,0.0,11.566666666666675,0.0,0.8660254037844386,0.5000000000000001,1027.4,11.7,0.0,11.566666666666675,1026.9999999999998
3324,3324,2024-02-07,11.7,7.2,16.4,0.0,1019.0,1,2,38,1023.7,11.2,0.0,11.533333333333344,0.0,0.8660254037844386,0.5000000000000001,1023.7,11.2,0.0,11.533333333333344,1023.3666666666664
3325,3325,2024-02-08,12.8,8.9,18.7,0.2,1011.0,1,2,39,1019.0,11.7,0.0,11.900000000000007,0.1999999999999858,0.8660254037844386,0.5000000000000001,1019.0,11.7,0.0,11.900000000000007,1017.8999999999997
3326,3326,2024-02-09,13.7,11.8,16.0,5.8,996.1,0,2,40,1011.0,12.8,0.2,12.733333333333343,5.999999999999986,0.8660254037844386,0.5000000000000001,1011.0,12.8,0.2,12.733333333333343,1008.6999999999998
3327,3327,2024-02-10,13.2,9.9,16.6,0.0,989.4,0,2,41,996.1,13.7,5.8,13.233333333333341,5.999999999999986,0.8660254037844386,0.5000000000000001,996.1,13.7,5.8,13.233333333333341,998.833333333333
3328,3328,2024-02-11,11.8,7.3,16.5,0.0,1004.2,0,2,42,989.4,13.2,0.0,12.900000000000011,5.999999999999986,0.8660254037844386,0.5000000000000001,989.4,13.2,0.0,12.900000000000011,996.5666666666665
3329,3329,2024-02-12,12.4,5.9,20.6,0.0,1008.3,0,2,43,1004.2,11.8,0.0,12.466666666666676,5.999999999999986,0.8660254037844386,0.5000000000000001,1004.2,11.8,0.0,12.466666666666676,1000.6333333333332
3330,3330,2024-02-13,11.7,9.3,15.6,0.0,1020.9,0,2,44,1008.3,12.4,0.0,11.966666666666677,5.999999999999986,0.8660254037844386,0.5000000000000001,1008.3,12.4,0.0,11.966666666666677,1011.1333333333331
3331,3331,2024-02-14,12.2,8.8,18.3,0.0,1024.2,0,2,45,1020.9,11.7,0.0,12.100000000000009,5.999999999999986,0.8660254037844386,0.5000000000000001,1020.9,11.7,0.0,12.100000000000009,1017.7999999999998
3332,3332,2024-02-15,13.7,10.8,19.9,0.0,1019.8,1,2,46,1024.2,12.2,0.0,12.53333333333334,5.799999999999986,0.8660254037844386,0.5000000000000001,1024.2,12.2,0.0,12.53333333333334,1021.6333333333332
3333,3333,2024-02-16,13.1,10.8,16.2,0.1,1019.6,0,2,47,1019.8,13.7,0.0,13.000000000000009,0.0999999999999858,0.8660254037844386,0.5000000000000001,1019.8,13.7,0.0,13.000000000000009,1021.1999999999998
3334,3334,2024-02-17,13.7,10.1,18.9,0.0,1027.5,0,2,48,1019.6,13.1,0.1,13.500000000000009,0.0999999999999858,0.8660254037844386,0.5000000000000001,1019.6,13.1,0.1,13.500000000000009,1022.2999999999998
3335,3335,2024-02-18,12.4,8.8,16.4,0.0,1032.4,0,2,49,1027.5,13.7,0.0,13.066666666666677,0.0999999999999858,0.8660254037844386,0.5000000000000001,1027.5,13.7,0.0,13.066666666666677,1026.5
3336,3336,2024-02-19,13.2,10.0,19.9,0.0,1030.2,0,2,50,1032.4,12.4,0.0,13.100000000000009,0.0999999999999858,0.8660254037844386,0.5000000000000001,1032.4,12.4,0.0,13.100000000000009,1030.0333333333333
3337,3337,2024-02-20,12.4,9.8,16.5,0.0,1027.8,0,2,51,1030.2,13.2,0.0,12.666666666666677,0.0999999999999858,0.8660254037844386,0.5000000000000001,1030.2,13.2,0.0,12.666666666666677,1030.1333333333332
3338,3338,2024-02-21,11.8,8.4,15.6,0.0,1025.2,1,2,52,1027.8,12.4,0.0,12.466666666666676,0.0999999999999858,0.8660254037844386,0.5000000000000001,1027.8,12.4,0.0,12.466666666666676,1027.7333333333333
3339,3339,2024-02-22,12.9,11.4,17.3,1.5,1011.2,1,2,53,1025.2,11.8,0.0,12.366666666666676,1.5999999999999859,0.8660254037844386,0.5000000000000001,1025.2,11.8,0.0,12.366666666666676,1021.4
3340,3340,2024-02-23,12.1,8.3,16.5,3.6,1005.4,1,2,54,1011.2,12.9,1.5,12.266666666666678,5.099999999999985,0.8660254037844386,0.5000000000000001,1011.2,12.9,1.5,12.266666666666678,1013.9333333333333
3341,3341,2024-02-24,10.1,5.7,15.5,1.6,1008.5,0,2,55,1005.4,12.1,3.6,11.700000000000008,6.699999999999986,0.8660254037844386,0.5000000000000001,1005.4,12.1,3.6,11.700000000000008,1008.3666666666667
3342,3342,2024-02-25,10.8,5.7,14.4,0.0,1008.5,0,2,56,1008.5,10.1,1.6,11.000000000000009,6.699999999999986,0.8660254037844386,0.5000000000000001,1008.5,10.1,1.6,11.000000000000009,1007.4666666666666
3343,3343,2024-02-26,13.8,10.1,17.6,0.0,999.7,0,2,57,1008.5,10.8,0.0,11.566666666666677,6.699999999999986,0.8660254037844386,0.5000000000000001,1008.5,10.8,0.0,11.566666666666677,1005.5666666666666
3344,3344,2024-02-27,11.9,8.5,19.2,0.0,1006.6,0,2,58,999.7,13.8,0.0,12.166666666666677,6.699999999999986,0.8660254037844386,0.5000000000000001,999.7,13.8,0.0,12.166666666666677,1004.9333333333333
3345,3345,2024-02-28,11.9,8.2,16.0,0.0,1014.6,1,2,59,1006.6,11.9,0.0,12.533333333333344,6.699999999999986,0.8660254037844386,0.5000000000000001,1006.6,11.9,0.0,12.533333333333344,1006.9666666666666
3346,3346,2024-02-29,11.4,7.2,15.6,0.3,1013.2,0,2,60,1014.6,11.9,0.0,11.733333333333343,5.499999999999986,0.8660254037844386,0.5000000000000001,1014.6,11.9,0.0,11.733333333333343,1011.4666666666667
3347,3347,2024-03-01,13.2,9.1,19.3,0.0,1010.3,1,3,61,1013.2,11.4,0.3,12.166666666666677,1.899999999999986,1.0,6.123233995736766e-17,1013.2,11.4,0.3,12.166666666666677,1012.6999999999999
3348,3348,2024-03-02,12.8,8.2,15.8,0.6,1005.1,1,3,62,1010.3,13.2,0.0,12.466666666666676,0.8999999999999857,1.0,6.123233995736766e-17,1010.3,13.2,0.0,12.466666666666676,1009.5333333333333
3349,3349,2024-03-03,10.7,5.3,14.9,1.4,1000.7,0,3,63,1005.1,12.8,0.6,12.233333333333343,2.2999999999999856,1.0,6.123233995736766e-17,1005.1,12.8,0.6,12.233333333333343,1005.3666666666664
3350,3350,2024-03-04,10.9,6.1,16.0,0.0,1012.2,0,3,64,1000.7,10.7,1.4,11.466666666666676,2.2999999999999856,1.0,6.123233995736766e-17,1000.7,10.7,1.4,11.466666666666676,1006.0
3351,3351,2024-03-05,11.9,6.6,19.6,0.0,1019.3,0,3,65,1012.2,10.9,0.0,11.166666666666677,2.2999999999999856,1.0,6.123233995736766e-17,1012.2,10.9,0.0,11.166666666666677,1010.7333333333332
3352,3352,2024-03-06,10.5,6.3,16.0,0.0,1021.7,1,3,66,1019.3,11.9,0.0,11.100000000000009,2.2999999999999856,1.0,6.123233995736766e-17,1019.3,11.9,0.0,11.100000000000009,1017.7333333333332
3353,3353,2024-03-07,11.2,7.1,15.5,1.2,1015.5,1,3,67,1021.7,10.5,0.0,11.20000000000001,3.1999999999999855,1.0,6.123233995736766e-17,1021.7,10.5,0.0,11.20000000000001,1018.8333333333334
3354,3354,2024-03-08,13.2,9.0,16.1,4.3,1005.5,1,3,68,1015.5,11.2,1.2,11.633333333333342,7.499999999999986,1.0,6.123233995736766e-17,1015.5,11.2,1.2,11.633333333333342,1014.2333333333332
3355,3355,2024-03-09,12.1,9.2,14.2,15.0,998.2,0,3,69,1005.5,13.2,4.3,12.166666666666677,21.899999999999984,1.0,6.123233995736766e-17,1005.5,13.2,4.3,12.166666666666677,1006.4
3356,3356,2024-03-10,10.9,6.8,15.3,0.0,998.5,0,3,70,998.2,12.1,15.0,12.066666666666675,20.499999999999986,1.0,6.123233995736766e-17,998.2,12.1,15.0,12.066666666666675,1000.7333333333332
3357,3357,2024-03-11,13.2,8.2,19.1,0.0,1010.1,0,3,71,998.5,10.9,0.0,12.066666666666677,20.499999999999986,1.0,6.123233995736766e-17,998.5,10.9,0.0,12.066666666666677,1002.2666666666665
3358,3358,2024-03-12,11.5,7.8,15.7,0.0,1021.0,0,3,72,1010.1,13.2,0.0,11.866666666666676,20.499999999999986,1.0,6.123233995736766e-17,1010.1,13.2,0.0,11.866666666666676,1009.8666666666667
3359,3359,2024-03-13,11.4,7.4,15.7,0.0,1019.0,0,3,73,1021.0,11.5,0.0,12.033333333333344,20.499999999999986,1.0,6.123233995736766e-17,1021.0,11.5,0.0,12.033333333333344,1016.6999999999999
3360,3360,2024-03-14,12.0,7.7,16.2,0.0,1017.8,0,3,74,1019.0,11.4,0.0,11.633333333333342,19.299999999999983,1.0,6.123233995736766e-17,1019.0,11.4,0.0,11.633333333333342,1019.2666666666665
3361,3361,2024-03-15,13.8,11.9,16.9,0.0,1019.5,0,3,75,1017.8,12.0,0.0,12.400000000000011,14.999999999999986,1.0,6.123233995736766e-17,1017.8,12.0,0.0,12.400000000000011,1018.7666666666665
3362,3362,2024-03-16,14.0,10.8,17.8,0.0,1024.0,0,3,76,1019.5,13.8,0.0,13.266666666666675,0.0,1.0,6.123233995736766e-17,1019.5,13.8,0.0,13.266666666666675,1020.4333333333333
3363,3363,2024-03-17,13.4,12.2,15.5,0.0,1021.6,0,3,77,1024.0,14.0,0.0,13.733333333333343,0.0,1.0,6.123233995736766e-17,1024.0,14.0,0.0,13.733333333333343,1021.6999999999998
3364,3364,2024-03-18,14.3,11.0,18.5,0.0,1018.4,0,3,78,1021.6,13.4,0.0,13.900000000000011,0.0,1.0,6.123233995736766e-17,1021.6,13.4,0.0,13.900000000000011,1021.3333333333331
3365,3365,2024-03-19,14.7,12.1,18.5,0.0,1017.2,0,3,79,1018.4,14.3,0.0,14.133333333333342,0.0,1.0,6.123233995736766e-17,1018.4,14.3,0.0,14.133333333333342,1019.0666666666666
3366,3366,2024-03-20,14.6,12.2,18.1,0.0,1019.0,0,3,80,1017.2,14.7,0.0,14.533333333333344,0.0,1.0,6.123233995736766e-17,1017.2,14.7,0.0,14.533333333333344,1018.1999999999998
3367,3367,2024-03-21,14.8,13.1,17.3,0.0,1024.1,0,3,81,1019.0,14.6,0.0,14.700000000000008,0.0,1.0,6.123233995736766e-17,1019.0,14.6,0.0,14.700000000000008,1020.0999999999998
3368,3368,2024-03-22,16.9,12.1,23.1,0.0,1020.3,0,3,82,1024.1,14.8,0.0,15.433333333333342,0.0,1.0,6.123233995736766e-17,1024.1,14.8,0.0,15.433333333333342,1021.1333333333332
3369,3369,2024-03-23,15.8,13.1,20.0,0.0,1018.7,1,3,83,1020.3,16.9,0.0,15.833333333333343,0.0,1.0,6.123233995736766e-17,1020.3,16.9,0.0,15.833333333333343,1021.0333333333332
3370,3370,2024-03-24,13.4,12.3,15.3,0.1,1016.4,1,3,84,1018.7,15.8,0.0,15.366666666666676,0.0999999999999858,1.0,6.123233995736766e-17,1018.7,15.8,0.0,15.366666666666676,1018.4666666666666
3371,3371,2024-03-25,12.6,11.6,14.3,22.8,1003.6,1,3,85,1016.4,13.4,0.1,13.933333333333342,22.899999999999988,1.0,6.123233995736766e-17,1016.4,13.4,0.1,13.933333333333342,1012.9
3372,3372,2024-03-26,12.9,8.4,16.7,0.6,991.2,0,3,86,1003.6,12.6,22.8,12.966666666666676,23.49999999999999,1.0,6.123233995736766e-17,1003.6,12.6,22.8,12.966666666666676,1003.7333333333332
3373,3373,2024-03-27,11.9,7.1,16.7,0.0,995.6,0,3,87,991.2,12.9,0.6,12.466666666666677,23.49999999999999,1.0,6.123233995736766e-17,991.2,12.9,0.6,12.466666666666677,996.7999999999998
3374,3374,2024-03-28,16.3,14.1,20.0,0.0,1000.1,0,3,88,995.6,11.9,0.0,13.70000000000001,23.49999999999999,1.0,6.123233995736766e-17,995.6,11.9,0.0,13.70000000000001,995.6333333333332
3375,3375,2024-03-29,15.7,14.1,18.7,0.0,999.6,1,3,89,1000.1,16.3,0.0,14.633333333333345,23.49999999999999,1.0,6.123233995736766e-17,1000.1,16.3,0.0,14.633333333333345,998.4333333333333
3376,3376,2024-03-30,14.2,11.8,16.6,0.7,997.5,1,3,90,999.6,15.7,0.0,15.400000000000007,24.19999999999999,1.0,6.123233995736766e-17,999.6,15.7,0.0,15.400000000000007,999.0666666666666
3377,3377,2024-03-31,14.1,11.7,16.5,13.2,997.1,1,3,91,997.5,14.2,0.7,14.666666666666677,37.29999999999998,1.0,6.123233995736766e-17,997.5,14.2,0.7,14.666666666666677,998.0666666666666
3378,3378,2024-04-01,13.3,7.5,18.2,0.1,1008.3,0,4,92,997.1,14.1,13.2,13.866666666666676,14.599999999999985,0.8660254037844387,-0.4999999999999998,997.1,14.1,13.2,13.866666666666676,1000.9666666666666
3379,3379,2024-04-02,12.6,10.6,17.8,0.0,1018.3,0,4,93,1008.3,13.3,0.1,13.333333333333343,13.999999999999986,0.8660254037844387,-0.4999999999999998,1008.3,13.3,0.1,13.333333333333343,1007.9
3380,3380,2024-04-03,15.0,10.1,19.7,0.0,1017.6,0,4,94,1018.3,12.6,0.0,13.633333333333342,13.999999999999986,0.8660254037844387,-0.4999999999999998,1018.3,12.6,0.0,13.633333333333342,1014.7333333333332
3381,3381,2024-04-04,14.6,10.8,18.3,0.0,1019.5,0,4,95,1017.6,15.0,0.0,14.066666666666677,13.999999999999986,0.8660254037844387,-0.4999999999999998,1017.6,15.0,0.0,14.066666666666677,1018.4666666666666
3382,3382,2024-04-05,15.6,12.2,20.4,0.0,1020.1,0,4,96,1019.5,14.6,0.0,15.066666666666677,13.999999999999986,0.8660254037844387,-0.4999999999999998,1019.5,14.6,0.0,15.066666666666677,1019.0666666666666
3383,3383,2024-04-06,15.1,11.4,19.0,0.0,1020.0,0,4,97,1020.1,15.6,0.0,15.100000000000009,13.299999999999985,0.8660254037844387,-0.4999999999999998,1020.1,15.6,0.0,15.100000000000009,1019.8666666666667
3384,3384,2024-04-07,16.7,15.2,20.1,0.0,1017.1,0,4,98,1020.0,15.1,0.0,15.80000000000001,0.0999999999999858,0.8660254037844387,-0.4999999999999998,1020.0,15.1,0.0,15.80000000000001,1019.0666666666666
3385,3385,2024-04-08,16.1,14.4,19.7,0.0,1010.6,0,4,99,1017.1,16.7,0.0,15.966666666666677,0.0,0.8660254037844387,-0.4999999999999998,1017.1,16.7,0.0,15.966666666666677,1015.9
3386,3386,2024-04-09,14.6,10.6,18.9,0.0,1019.5,0,4,100,1010.6,16.1,0.0,15.80000000000001,0.0,0.8660254037844387,-0.4999999999999998,1010.6,16.1,0.0,15.80000000000001,1015.7333333333332
3387,3387,2024-04-10,12.8,8.4,17.6,0.0,1026.5,0,4,101,1019.5,14.6,0.0,14.500000000000012,0.0,0.8660254037844387,-0.4999999999999998,1019.5,14.6,0.0,14.500000000000012,1018.8666666666667
3388,3388,2024-04-11,13.7,9.7,18.0,0.0,1028.8,0,4,102,1026.5,12.8,0.0,13.70000000000001,0.0,0.8660254037844387,-0.4999999999999998,1026.5,12.8,0.0,13.70000000000001,1024.9333333333332
3389,3389,2024-04-12,16.6,11.9,21.3,0.0,1030.0,0,4,103,1028.8,13.7,0.0,14.366666666666676,0.0,0.8660254037844387,-0.4999999999999998,1028.8,13.7,0.0,14.366666666666676,1028.4333333333332
3390,3390,2024-04-13,18.4,14.3,25.4,0.0,1027.1,0,4,104,1030.0,16.6,0.0,16.233333333333345,0.0,0.8660254037844387,-0.4999999999999998,1030.0,16.6,0.0,16.233333333333345,1028.6333333333332
3391,3391,2024-04-14,18.3,12.6,25.4,0.0,1024.1,0,4,105,1027.1,18.4,0.0,17.766666666666676,0.0,0.8660254037844387,-0.4999999999999998,1027.1,18.4,0.0,17.766666666666676,1027.0666666666664
3392,3392,2024-04-15,17.3,13.6,20.7,0.0,1018.6,1,4,106,1024.1,18.3,0.0,18.00000000000001,0.0,0.8660254037844387,-0.4999999999999998,1024.1,18.3,0.0,18.00000000000001,1023.2666666666665
3393,3393,2024-04-16,15.9,13.4,18.5,1.1,1015.2,0,4,107,1018.6,17.3,0.0,17.166666666666675,1.0999999999999859,0.8660254037844387,-0.4999999999999998,1018.6,17.3,0.0,17.166666666666675,1019.2999999999998
3394,3394,2024-04-17,14.2,12.2,16.7,0.0,1014.9,0,4,108,1015.2,15.9,1.1,15.800000000000011,1.0999999999999859,0.8660254037844387,-0.4999999999999998,1015.2,15.9,1.1,15.800000000000011,1016.2333333333332
3395,3395,2024-04-18,14.1,11.1,17.3,0.0,1015.8,0,4,109,1014.9,14.2,0.0,14.733333333333343,1.0999999999999859,0.8660254037844387,-0.4999999999999998,1014.9,14.2,0.0,14.733333333333343,1015.2999999999998
3396,3396,2024-04-19,13.6,9.2,18.0,0.0,1021.2,0,4,110,1015.8,14.1,0.0,13.966666666666676,1.0999999999999859,0.8660254037844387,-0.4999999999999998,1015.8,14.1,0.0,13.966666666666676,1017.2999999999998
3397,3397,2024-04-20,14.5,10.5,18.2,0.0,1016.8,1,4,111,1021.2,13.6,0.0,14.066666666666675,1.0999999999999859,0.8660254037844387,-0.4999999999999998,1021.2,13.6,0.0,14.066666666666675,1017.9333333333333
3398,3398,2024-04-21,13.7,11.6,16.6,1.3,1016.7,1,4,112,1016.8,14.5,0.0,13.933333333333342,2.399999999999986,0.8660254037844387,-0.4999999999999998,1016.8,14.5,0.0,13.933333333333342,1018.2333333333332
3399,3399,2024-04-22,11.3,8.6,15.0,10.2,1015.9,0,4,113,1016.7,13.7,1.3,13.166666666666677,12.599999999999985,0.8660254037844387,-0.4999999999999998,1016.7,13.7,1.3,13.166666666666677,1016.4666666666666
3400,3400,2024-04-23,11.2,6.8,15.0,0.0,1015.2,0,4,114,1015.9,11.3,10.2,12.066666666666675,11.499999999999986,0.8660254037844387,-0.4999999999999998,1015.9,11.3,10.2,12.066666666666675,1015.9333333333333
3401,3401,2024-04-24,11.8,6.1,17.4,0.0,1015.1,1,4,115,1015.2,11.2,0.0,11.433333333333344,11.499999999999986,0.8660254037844387,-0.4999999999999998,1015.2,11.2,0.0,11.433333333333344,1015.4
3402,3402,2024-04-25,13.4,11.7,15.8,0.4,1010.6,0,4,116,1015.1,11.8,0.0,12.133333333333342,11.899999999999986,0.8660254037844387,-0.4999999999999998,1015.1,11.8,0.0,12.133333333333342,1013.6333333333332
3403,3403,2024-04-26,14.4,10.7,17.8,0.0,1007.6,1,4,117,1010.6,13.4,0.4,13.20000000000001,11.899999999999986,0.8660254037844387,-0.4999999999999998,1010.6,13.4,0.4,13.20000000000001,1011.1
3404,3404,2024-04-27,16.7,15.2,19.3,1.5,1005.4,1,4,118,1007.6,14.4,0.0,14.833333333333343,13.399999999999986,0.8660254037844387,-0.4999999999999998,1007.6,14.4,0.0,14.833333333333343,1007.8666666666667
3405,3405,2024-04-28,15.6,14.2,17.2,10.3,1011.6,1,4,119,1005.4,16.7,1.5,15.566666666666677,22.399999999999984,0.8660254037844387,-0.4999999999999998,1005.4,16.7,1.5,15.566666666666677,1008.1999999999999
3406,3406,2024-04-29,13.6,13.0,14.8,68.4,1014.5,0,4,120,1011.6,15.6,10.3,15.300000000000011,80.6,0.8660254037844387,-0.4999999999999998,1011.6,15.6,10.3,15.300000000000011,1010.5
3407,3407,2024-04-30,15.2,13.8,17.5,0.0,1012.3,0,4,121,1014.5,13.6,68.4,14.80000000000001,80.6,0.8660254037844387,-0.4999999999999998,1014.5,13.6,68.4,14.80000000000001,1012.7999999999998
3408,3408,2024-05-01,15.9,11.5,22.0,0.0,1005.5,0,5,122,1012.3,15.2,0.0,14.900000000000007,80.6,0.49999999999999994,-0.8660254037844387,1012.3,15.2,0.0,14.900000000000007,1010.7666666666665
3409,3409,2024-05-02,14.7,10.0,19.0,0.0,1011.0,0,5,123,1005.5,15.9,0.0,15.266666666666675,80.19999999999999,0.49999999999999994,-0.8660254037844387,1005.5,15.9,0.0,15.266666666666675,1009.5999999999999
3410,3410,2024-05-03,14.6,9.4,20.3,0.0,1017.6,0,5,124,1011.0,14.7,0.0,15.066666666666677,80.19999999999999,0.49999999999999994,-0.8660254037844387,1011.0,14.7,0.0,15.066666666666677,1011.3666666666667
3411,3411,2024-05-04,16.6,12.0,21.2,0.0,1015.9,0,5,125,1017.6,14.6,0.0,15.300000000000011,78.69999999999999,0.49999999999999994,-0.8660254037844387,1017.6,14.6,0.0,15.300000000000011,1014.8333333333334
3412,3412,2024-05-05,16.3,12.8,19.8,0.0,1013.7,0,5,126,1015.9,16.6,0.0,15.833333333333343,68.39999999999999,0.49999999999999994,-0.8660254037844387,1015.9,16.6,0.0,15.833333333333343,1015.7333333333332
3413,3413,2024-05-06,16.8,14.8,22.2,0.0,1011.5,0,5,127,1013.7,16.3,0.0,16.566666666666677,0.0,0.49999999999999994,-0.8660254037844387,1013.7,16.3,0.0,16.566666666666677,1013.6999999999999
3414,3414,2024-05-07,16.1,14.1,18.9,0.0,1017.4,0,5,128,1011.5,16.8,0.0,16.40000000000001,0.0,0.49999999999999994,-0.8660254037844387,1011.5,16.8,0.0,16.40000000000001,1014.1999999999999
3415,3415,2024-05-08,16.8,12.2,21.6,0.0,1019.8,0,5,129,1017.4,16.1,0.0,16.566666666666677,0.0,0.49999999999999994,-0.8660254037844387,1017.4,16.1,0.0,16.566666666666677,1016.2333333333332
3416,3416,2024-05-09,17.9,13.7,20.5,0.0,1019.8,0,5,130,1019.8,16.8,0.0,16.933333333333344,0.0,0.49999999999999994,-0.8660254037844387,1019.8,16.8,0.0,16.933333333333344,1018.9999999999999
3417,3417,2024-05-10,17.9,13.9,22.6,0.0,1018.8,0,5,131,1019.8,17.9,0.0,17.533333333333342,0.0,0.49999999999999994,-0.8660254037844387,1019.8,17.9,0.0,17.533333333333342,1019.4666666666666
3418,3418,2024-05-11,17.8,14.0,22.2,0.0,1018.2,0,5,132,1018.8,17.9,0.0,17.866666666666674,0.0,0.49999999999999994,-0.8660254037844387,1018.8,17.9,0.0,17.866666666666674,1018.9333333333333
3419,3419,2024-05-12,18.4,14.8,22.8,0.0,1016.9,1,5,133,1018.2,17.8,0.0,18.033333333333342,0.0,0.49999999999999994,-0.8660254037844387,1018.2,17.8,0.0,18.033333333333342,1017.9666666666666
3420,3420,2024-05-13,18.8,16.1,22.1,0.1,1013.2,1,5,134,1016.9,18.4,0.0,18.333333333333343,0.0999999999999858,0.49999999999999994,-0.8660254037844387,1016.9,18.4,0.0,18.333333333333343,1016.1
3421,3421,2024-05-14,18.1,15.6,22.3,12.8,1005.7,1,5,135,1013.2,18.8,0.1,18.433333333333344,12.899999999999986,0.49999999999999994,-0.8660254037844387,1013.2,18.8,0.1,18.433333333333344,1011.9333333333333
3422,3422,2024-05-15,16.2,14.0,18.3,1.2,1007.1,1,5,136,1005.7,18.1,12.8,17.700000000000014,14.099999999999985,0.49999999999999994,-0.8660254037844387,1005.7,18.1,12.8,17.700000000000014,1008.6666666666666
3423,3423,2024-05-16,16.0,13.3,20.4,4.1,1008.1,1,5,137,1007.1,16.2,1.2,16.766666666666676,18.199999999999985,0.49999999999999994,-0.8660254037844387,1007.1,16.2,1.2,16.766666666666676,1006.9666666666666
3424,3424,2024-05-17,17.3,14.3,21.2,1.0,1009.5,1,5,138,1008.1,16.0,4.1,16.50000000000001,19.199999999999985,0.49999999999999994,-0.8660254037844387,1008.1,16.0,4.1,16.50000000000001,1008.2333333333332
3425,3425,2024-05-18,16.9,14.5,20.5,2.0,1011.5,0,5,139,1009.5,17.3,1.0,16.73333333333334,21.199999999999985,0.49999999999999994,-0.8660254037844387,1009.5,17.3,1.0,16.73333333333334,1009.6999999999999
3426,3426,2024-05-19,17.4,14.1,20.5,0.0,1011.0,0,5,140,1011.5,16.9,2.0,17.20000000000001,21.199999999999985,0.49999999999999994,-0.8660254037844387,1011.5,16.9,2.0,17.20000000000001,1010.6666666666666
3427,3427,2024-05-20,19.0,16.2,22.6,0.0,1009.5,0,5,141,1011.0,17.4,0.0,17.766666666666676,21.099999999999984,0.49999999999999994,-0.8660254037844387,1011.0,17.4,0.0,17.766666666666676,1010.6666666666666
3428,3428,2024-05-21,18.6,15.0,22.9,0.0,1012.4,0,5,142,1009.5,19.0,0.0,18.333333333333343,8.299999999999986,0.49999999999999994,-0.8660254037844387,1009.5,19.0,0.0,18.333333333333343,1010.9666666666666
3429,3429,2024-05-22,18.4,16.1,21.0,0.0,1016.2,0,5,143,1012.4,18.6,0.0,18.666666666666675,7.099999999999985,0.49999999999999994,-0.8660254037844387,1012.4,18.6,0.0,18.666666666666675,1012.6999999999999
3430,3430,2024-05-23,17.7,15.1,20.8,0.0,1018.1,0,5,144,1016.2,18.4,0.0,18.233333333333345,2.999999999999986,0.49999999999999994,-0.8660254037844387,1016.2,18.4,0.0,18.233333333333345,1015.5666666666666
3431,3431,2024-05-24,18.3,16.2,21.2,0.0,1018.3,0,5,145,1018.1,17.7,0.0,18.133333333333344,1.9999999999999858,0.49999999999999994,-0.8660254037844387,1018.1,17.7,0.0,18.133333333333344,1017.5333333333332
3432,3432,2024-05-25,17.7,14.1,21.4,0.0,1017.8,1,5,146,1018.3,18.3,0.0,17.90000000000001,0.0,0.49999999999999994,-0.8660254037844387,1018.3,18.3,0.0,17.90000000000001,1018.0666666666666
3433,3433,2024-05-26,19.2,15.1,23.0,0.6,1017.7,0,5,147,1017.8,17.7,0.0,18.40000000000001,0.5999999999999858,0.49999999999999994,-0.8660254037844387,1017.8,17.7,0.0,18.40000000000001,1017.9333333333333
3434,3434,2024-05-27,20.2,18.4,23.5,0.0,1018.2,0,5,148,1017.7,19.2,0.6,19.033333333333342,0.5999999999999858,0.49999999999999994,-0.8660254037844387,1017.7,19.2,0.6,19.033333333333342,1017.9
3435,3435,2024-05-28,19.6,16.8,22.9,0.0,1019.7,0,5,149,1018.2,20.2,0.0,19.666666666666675,0.5999999999999858,0.49999999999999994,-0.8660254037844387,1018.2,20.2,0.0,19.666666666666675,1018.5333333333333
3436,3436,2024-05-29,19.7,16.7,23.5,0.0,1017.0,0,5,150,1019.7,19.6,0.0,19.833333333333343,0.5999999999999858,0.49999999999999994,-0.8660254037844387,1019.7,19.6,0.0,19.833333333333343,1018.2999999999998
3437,3437,2024-05-30,20.5,17.4,24.5,0.0,1012.1,1,5,151,1017.0,19.7,0.0,19.93333333333334,0.5999999999999858,0.49999999999999994,-0.8660254037844387,1017.0,19.7,0.0,19.93333333333334,1016.2666666666665
3438,3438,2024-05-31,20.2,18.4,23.8,0.3,1013.6,1,5,152,1012.1,20.5,0.0,20.133333333333344,0.8999999999999857,0.49999999999999994,-0.8660254037844387,1012.1,20.5,0.0,20.133333333333344,1014.2333333333332
3439,3439,2024-06-01,18.7,16.6,21.6,6.8,1016.4,0,6,153,1013.6,20.2,0.3,19.800000000000008,7.699999999999985,1.2246467991473532e-16,-1.0,1013.6,20.2,0.3,19.800000000000008,1014.0333333333333
3440,3440,2024-06-02,18.8,15.5,22.6,0.0,1018.1,0,6,154,1016.4,18.7,6.8,19.233333333333345,7.099999999999986,1.2246467991473532e-16,-1.0,1016.4,18.7,6.8,19.233333333333345,1016.0333333333333
3441,3441,2024-06-03,20.3,17.2,23.7,0.0,1017.0,0,6,155,1018.1,18.8,0.0,19.266666666666676,7.099999999999986,1.2246467991473532e-16,-1.0,1018.1,18.8,0.0,19.266666666666676,1017.1666666666666
3442,3442,2024-06-04,20.4,17.6,24.5,0.0,1015.4,0,6,156,1017.0,20.3,0.0,19.833333333333343,7.099999999999986,1.2246467991473532e-16,-1.0,1017.0,20.3,0.0,19.833333333333343,1016.8333333333331
3443,3443,2024-06-05,20.7,18.1,24.5,0.0,1016.7,0,6,157,1015.4,20.4,0.0,20.46666666666668,7.099999999999986,1.2246467991473532e-16,-1.0,1015.4,20.4,0.0,20.46666666666668,1016.3666666666667
3444,3444,2024-06-06,22.1,17.9,26.4,0.0,1017.4,0,6,158,1016.7,20.7,0.0,21.066666666666677,7.099999999999986,1.2246467991473532e-16,-1.0,1016.7,20.7,0.0,21.066666666666677,1016.5
3445,3445,2024-06-07,22.8,19.1,28.5,0.0,1017.2,0,6,159,1017.4,22.1,0.0,21.866666666666674,6.799999999999986,1.2246467991473532e-16,-1.0,1017.4,22.1,0.0,21.866666666666674,1017.0999999999999
3446,3446,2024-06-08,23.4,21.7,26.3,0.0,1009.9,1,6,160,1017.2,22.8,0.0,22.766666666666676,0.0,1.2246467991473532e-16,-1.0,1017.2,22.8,0.0,22.766666666666676,1014.8333333333334
3447,3447,2024-06-09,21.9,20.3,24.3,1.6,1005.9,1,6,161,1009.9,23.4,0.0,22.700000000000006,1.5999999999999859,1.2246467991473532e-16,-1.0,1009.9,23.4,0.0,22.700000000000006,1011.0
3448,3448,2024-06-10,19.9,18.9,22.1,0.1,1011.4,1,6,162,1005.9,21.9,1.6,21.733333333333338,1.699999999999986,1.2246467991473532e-16,-1.0,1005.9,21.9,1.6,21.733333333333338,1009.0666666666666
3449,3449,2024-06-11,18.6,15.9,22.4,24.5,1014.5,1,6,163,1011.4,19.9,0.1,20.133333333333344,26.199999999999985,1.2246467991473532e-16,-1.0,1011.4,19.9,0.1,20.133333333333344,1010.5999999999999
3450,3450,2024-06-12,18.2,14.2,22.5,20.1,1017.4,0,6,164,1014.5,18.6,24.5,18.90000000000001,46.29999999999998,1.2246467991473532e-16,-1.0,1014.5,18.6,24.5,18.90000000000001,1014.4333333333333
3451,3451,2024-06-13,18.4,13.8,23.1,0.0,1019.8,0,6,165,1017.4,18.2,20.1,18.40000000000001,46.29999999999998,1.2246467991473532e-16,-1.0,1017.4,18.2,20.1,18.40000000000001,1017.2333333333332
3452,3452,2024-06-14,21.2,18.7,24.8,0.0,1015.2,0,6,166,1019.8,18.4,0.0,19.266666666666676,46.29999999999998,1.2246467991473532e-16,-1.0,1019.8,18.4,0.0,19.266666666666676,1017.4666666666666
3453,3453,2024-06-15,21.0,17.8,24.1,0.0,1012.8,0,6,167,1015.2,21.2,0.0,20.200000000000006,46.29999999999998,1.2246467991473532e-16,-1.0,1015.2,21.2,0.0,20.200000000000006,1015.9333333333333
3454,3454,2024-06-16,20.3,17.5,23.7,0.0,1014.4,0,6,168,1012.8,21.0,0.0,20.833333333333343,44.69999999999999,1.2246467991473532e-16,-1.0,1012.8,21.0,0.0,20.833333333333343,1014.1333333333332
3455,3455,2024-06-17,21.9,19.0,25.5,0.0,1013.5,0,6,169,1014.4,20.3,0.0,21.066666666666677,44.59999999999998,1.2246467991473532e-16,-1.0,1014.4,20.3,0.0,21.066666666666677,1013.5666666666666
3456,3456,2024-06-18,22.7,19.7,26.9,0.0,1012.6,1,6,170,1013.5,21.9,0.0,21.633333333333344,20.099999999999987,1.2246467991473532e-16,-1.0,1013.5,21.9,0.0,21.633333333333344,1013.5
3457,3457,2024-06-19,22.0,19.7,25.6,5.8,1012.1,1,6,171,1012.6,22.7,0.0,22.200000000000006,5.799999999999986,1.2246467991473532e-16,-1.0,1012.6,22.7,0.0,22.200000000000006,1012.7333333333332
3458,3458,2024-06-20,21.6,20.3,24.4,0.6,1015.2,0,6,172,1012.1,22.0,5.8,22.10000000000001,6.399999999999985,1.2246467991473532e-16,-1.0,1012.1,22.0,5.8,22.10000000000001,1013.2999999999998
3459,3459,2024-06-21,21.9,18.4,25.8,0.0,1017.9,1,6,173,1015.2,21.6,0.6,21.833333333333343,6.399999999999985,1.2246467991473532e-16,-1.0,1015.2,21.6,0.6,21.833333333333343,1015.0666666666666
3460,3460,2024-06-22,22.3,19.3,26.0,1.2,1018.5,1,6,174,1017.9,21.9,0.0,21.93333333333334,7.599999999999985,1.2246467991473532e-16,-1.0,1017.9,21.9,0.0,21.93333333333334,1017.1999999999999
3461,3461,2024-06-23,20.0,17.6,22.7,0.1,1016.4,0,6,175,1018.5,22.3,1.2,21.40000000000001,7.699999999999985,1.2246467991473532e-16,-1.0,1018.5,22.3,1.2,21.40000000000001,1017.5999999999999
3462,3462,2024-06-24,22.4,20.5,26.3,0.0,1014.2,0,6,176,1016.4,20.0,0.1,21.566666666666677,7.699999999999985,1.2246467991473532e-16,-1.0,1016.4,20.0,0.1,21.566666666666677,1016.3666666666667
3463,3463,2024-06-25,22.7,20.3,26.3,0.0,1012.1,0,6,177,1014.2,22.4,0.0,21.700000000000006,7.699999999999985,1.2246467991473532e-16,-1.0,1014.2,22.4,0.0,21.700000000000006,1014.2333333333332
3464,3464,2024-06-26,22.7,20.1,26.5,0.0,1012.2,0,6,178,1012.1,22.7,0.0,22.60000000000001,1.8999999999999857,1.2246467991473532e-16,-1.0,1012.1,22.7,0.0,22.60000000000001,1012.8333333333334
3465,3465,2024-06-27,23.9,21.2,27.8,0.0,1013.1,1,6,179,1012.2,22.7,0.0,23.10000000000001,1.2999999999999856,1.2246467991473532e-16,-1.0,1012.2,22.7,0.0,23.10000000000001,1012.4666666666667
3466,3466,2024-06-28,24.7,20.8,29.0,0.3,1014.3,1,6,180,1013.1,23.9,0.0,23.766666666666676,1.5999999999999854,1.2246467991473532e-16,-1.0,1013.1,23.9,0.0,23.766666666666676,1013.1999999999999
3467,3467,2024-06-29,23.4,20.6,27.3,5.4,1011.0,1,6,181,1014.3,24.7,0.3,24.00000000000001,5.7999999999999865,1.2246467991473532e-16,-1.0,1014.3,24.7,0.3,24.00000000000001,1012.7999999999998
3468,3468,2024-06-30,22.7,22.4,25.0,10.4,1014.4,1,6,182,1011.0,23.4,5.4,23.60000000000001,16.099999999999987,1.2246467991473532e-16,-1.0,1011.0,23.4,5.4,23.60000000000001,1013.2333333333332
3469,3469,2024-07-01,21.2,19.3,24.0,14.1,1016.0,0,7,183,1014.4,22.7,10.4,22.43333333333334,30.19999999999999,-0.4999999999999997,-0.8660254037844388,1014.4,22.7,10.4,22.43333333333334,1013.7999999999998
3470,3470,2024-07-02,21.8,18.6,25.5,0.0,1016.5,0,7,184,1016.0,21.2,14.1,21.90000000000001,30.19999999999999,-0.4999999999999997,-0.8660254037844388,1016.0,21.2,14.1,21.90000000000001,1015.6333333333332
3471,3471,2024-07-03,22.4,20.2,25.2,0.0,1013.7,0,7,185,1016.5,21.8,0.0,21.800000000000008,30.19999999999999,-0.4999999999999997,-0.8660254037844388,1016.5,21.8,0.0,21.800000000000008,1015.4
3472,3472,2024-07-04,22.4,19.3,26.0,0.0,1015.1,0,7,186,1013.7,22.4,0.0,22.200000000000006,30.19999999999999,-0.4999999999999997,-0.8660254037844388,1013.7,22.4,0.0,22.200000000000006,1015.0999999999999
3473,3473,2024-07-05,23.4,20.4,26.7,0.0,1014.4,0,7,187,1015.1,22.4,0.0,22.733333333333345,29.899999999999984,-0.4999999999999997,-0.8660254037844388,1015.1,22.4,0.0,22.733333333333345,1014.4
3474,3474,2024-07-06,24.1,21.6,28.0,0.0,1010.4,0,7,188,1014.4,23.4,0.0,23.300000000000008,24.499999999999986,-0.4999999999999997,-0.8660254037844388,1014.4,23.4,0.0,23.300000000000008,1013.2999999999998
3475,3475,2024-07-07,23.2,21.2,26.7,0.0,1013.3,0,7,189,1010.4,24.1,0.0,23.566666666666677,14.099999999999985,-0.4999999999999997,-0.8660254037844388,1010.4,24.1,0.0,23.566666666666677,1012.6999999999999
3476,3476,2024-07-08,23.4,20.9,26.8,0.0,1015.5,0,7,190,1013.3,23.2,0.0,23.566666666666674,0.0,-0.4999999999999997,-0.8660254037844388,1013.3,23.2,0.0,23.566666666666674,1013.0666666666666
3477,3477,2024-07-09,24.1,21.2,27.7,0.0,1015.6,0,7,191,1015.5,23.4,0.0,23.566666666666677,0.0,-0.4999999999999997,-0.8660254037844388,1015.5,23.4,0.0,23.566666666666677,1014.7999999999998
3478,3478,2024-07-10,24.5,21.5,28.5,0.0,1016.2,0,7,192,1015.6,24.1,0.0,24.00000000000001,0.0,-0.4999999999999997,-0.8660254037844388,1015.6,24.1,0.0,24.00000000000001,1015.7666666666668
3479,3479,2024-07-11,25.4,22.9,29.2,0.0,1016.0,1,7,193,1016.2,24.5,0.0,24.666666666666675,0.0,-0.4999999999999997,-0.8660254037844388,1016.2,24.5,0.0,24.666666666666675,1015.9333333333334
3480,3480,2024-07-12,25.3,22.4,28.6,0.3,1013.0,0,7,194,1016.0,25.4,0.0,25.066666666666677,0.2999999999999858,-0.4999999999999997,-0.8660254037844388,1016.0,25.4,0.0,25.066666666666677,1015.0666666666666
3481,3481,2024-07-13,23.4,21.8,25.8,0.0,1013.5,0,7,195,1013.0,25.3,0.3,24.700000000000006,0.2999999999999858,-0.4999999999999997,-0.8660254037844388,1013.0,25.3,0.3,24.700000000000006,1014.1666666666666
3482,3482,2024-07-14,24.1,20.5,28.5,0.0,1012.4,0,7,196,1013.5,23.4,0.0,24.266666666666676,0.2999999999999858,-0.4999999999999997,-0.8660254037844388,1013.5,23.4,0.0,24.266666666666676,1012.9666666666666
3483,3483,2024-07-15,25.3,22.7,28.6,0.0,1012.2,0,7,197,1012.4,24.1,0.0,24.26666666666668,0.2999999999999858,-0.4999999999999997,-0.8660254037844388,1012.4,24.1,0.0,24.26666666666668,1012.6999999999999
3484,3484,2024-07-16,25.4,23.6,28.5,0.0,1015.5,0,7,198,1012.2,25.3,0.0,24.93333333333334,0.2999999999999858,-0.4999999999999997,-0.8660254037844388,1012.2,25.3,0.0,24.93333333333334,1013.3666666666667
3485,3485,2024-07-17,24.9,22.2,28.4,0.0,1017.9,1,7,199,1015.5,25.4,0.0,25.200000000000006,0.2999999999999858,-0.4999999999999997,-0.8660254037844388,1015.5,25.4,0.0,25.200000000000006,1015.1999999999998
3486,3486,2024-07-18,24.9,21.3,28.6,0.1,1017.9,0,7,200,1017.9,24.9,0.0,25.066666666666674,0.3999999999999858,-0.4999999999999997,-0.8660254037844388,1017.9,24.9,0.0,25.066666666666674,1017.0999999999999
3487,3487,2024-07-19,26.3,23.7,29.5,0.0,1016.7,0,7,201,1017.9,24.9,0.1,25.366666666666674,0.0999999999999858,-0.4999999999999997,-0.8660254037844388,1017.9,24.9,0.1,25.366666666666674,1017.5
3488,3488,2024-07-20,26.1,22.0,29.6,0.0,1010.4,1,7,202,1016.7,26.3,0.0,25.766666666666676,0.0999999999999858,-0.4999999999999997,-0.8660254037844388,1016.7,26.3,0.0,25.766666666666676,1015.0
3489,3489,2024-07-21,25.9,24.2,30.3,0.7,1009.4,0,7,203,1010.4,26.1,0.0,26.10000000000001,0.7999999999999857,-0.4999999999999997,-0.8660254037844388,1010.4,26.1,0.0,26.10000000000001,1012.1666666666665
3490,3490,2024-07-22,24.7,21.4,28.6,0.0,1017.3,0,7,204,1009.4,25.9,0.7,25.566666666666677,0.7999999999999857,-0.4999999999999997,-0.8660254037844388,1009.4,25.9,0.7,25.566666666666677,1012.3666666666667
3491,3491,2024-07-23,24.8,20.9,28.8,0.0,1019.0,0,7,205,1017.3,24.7,0.0,25.13333333333334,0.7999999999999857,-0.4999999999999997,-0.8660254037844388,1017.3,24.7,0.0,25.13333333333334,1015.2333333333332
3492,3492,2024-07-24,25.7,22.3,29.4,0.0,1017.0,0,7,206,1019.0,24.8,0.0,25.066666666666677,0.7999999999999857,-0.4999999999999997,-0.8660254037844388,1019.0,24.8,0.0,25.066666666666677,1017.7666666666665
3493,3493,2024-07-25,25.6,22.4,29.4,0.0,1012.9,0,7,207,1017.0,25.7,0.0,25.366666666666674,0.6999999999999857,-0.4999999999999997,-0.8660254037844388,1017.0,25.7,0.0,25.366666666666674,1016.2999999999998
3494,3494,2024-07-26,26.2,22.7,30.5,0.0,1012.0,0,7,208,1012.9,25.6,0.0,25.833333333333343,0.6999999999999857,-0.4999999999999997,-0.8660254037844388,1012.9,25.6,0.0,25.833333333333343,1013.9666666666666
3495,3495,2024-07-27,26.1,22.6,30.7,0.0,1013.8,0,7,209,1012.0,26.2,0.0,25.96666666666668,0.6999999999999857,-0.4999999999999997,-0.8660254037844388,1012.0,26.2,0.0,25.96666666666668,1012.9
3496,3496,2024-07-28,26.4,23.7,30.3,0.0,1017.8,0,7,210,1013.8,26.1,0.0,26.233333333333345,0.0,-0.4999999999999997,-0.8660254037844388,1013.8,26.1,0.0,26.233333333333345,1014.5333333333332
3497,3497,2024-07-29,26.7,23.5,31.6,0.0,1017.3,0,7,211,1017.8,26.4,0.0,26.400000000000006,0.0,-0.4999999999999997,-0.8660254037844388,1017.8,26.4,0.0,26.400000000000006,1016.2999999999998
3498,3498,2024-07-30,28.1,23.2,34.5,0.0,1015.3,0,7,212,1017.3,26.7,0.0,27.066666666666677,0.0,-0.4999999999999997,-0.8660254037844388,1017.3,26.7,0.0,27.066666666666677,1016.7999999999998
3499,3499,2024-07-31,28.3,24.1,34.3,0.0,1013.2,0,7,213,1015.3,28.1,0.0,27.700000000000006,0.0,-0.4999999999999997,-0.8660254037844388,1015.3,28.1,0.0,27.700000000000006,1015.2666666666665
3500,3500,2024-08-01,27.7,24.8,31.8,0.0,1012.1,1,8,214,1013.2,28.3,0.0,28.033333333333342,0.0,-0.8660254037844385,-0.5000000000000004,1013.2,28.3,0.0,28.033333333333342,1013.5333333333333
3501,3501,2024-08-02,27.0,20.1,32.3,9.1,1010.2,0,8,215,1012.1,27.7,0.0,27.666666666666675,9.099999999999985,-0.8660254037844385,-0.5000000000000004,1012.1,27.7,0.0,27.666666666666675,1011.8333333333334
3502,3502,2024-08-03,25.4,21.4,30.5,0.0,1012.3,0,8,216,1010.2,27.0,9.1,26.700000000000006,9.099999999999985,-0.8660254037844385,-0.5000000000000004,1010.2,27.0,9.1,26.700000000000006,1011.5333333333333
3503,3503,2024-08-04,26.4,23.9,31.2,0.0,1014.1,0,8,217,1012.3,25.4,0.0,26.266666666666676,9.099999999999985,-0.8660254037844385,-0.5000000000000004,1012.3,25.4,0.0,26.266666666666676,1012.1999999999999
3504,3504,2024-08-05,26.2,23.5,30.1,0.0,1012.7,0,8,218,1014.1,26.4,0.0,26.00000000000001,9.099999999999985,-0.8660254037844385,-0.5000000000000004,1014.1,26.4,0.0,26.00000000000001,1013.0333333333332
3505,3505,2024-08-06,26.6,23.6,30.4,0.0,1011.4,0,8,219,1012.7,26.2,0.0,26.40000000000001,9.099999999999985,-0.8660254037844385,-0.5000000000000004,1012.7,26.2,0.0,26.40000000000001,1012.7333333333332
3506,3506,2024-08-07,27.1,23.7,30.8,0.0,1012.8,0,8,220,1011.4,26.6,0.0,26.633333333333344,9.099999999999985,-0.8660254037844385,-0.5000000000000004,1011.4,26.6,0.0,26.633333333333344,1012.2999999999998
3507,3507,2024-08-08,26.7,23.5,30.4,0.0,1015.1,0,8,221,1012.8,27.1,0.0,26.80000000000001,9.099999999999985,-0.8660254037844385,-0.5000000000000004,1012.8,27.1,0.0,26.80000000000001,1013.0999999999999
3508,3508,2024-08-09,27.3,23.8,31.9,0.0,1017.5,0,8,222,1015.1,26.7,0.0,27.033333333333346,0.0,-0.8660254037844385,-0.5000000000000004,1015.1,26.7,0.0,27.033333333333346,1015.1333333333332
3509,3509,2024-08-10,27.9,24.5,32.2,0.0,1018.0,0,8,223,1017.5,27.3,0.0,27.300000000000008,0.0,-0.8660254037844385,-0.5000000000000004,1017.5,27.3,0.0,27.300000000000008,1016.8666666666667
3510,3510,2024-08-11,27.1,24.9,29.5,0.0,1015.8,0,8,224,1018.0,27.9,0.0,27.43333333333334,0.0,-0.8660254037844385,-0.5000000000000004,1018.0,27.9,0.0,27.43333333333334,1017.0999999999999
3511,3511,2024-08-12,26.8,23.7,30.4,0.0,1012.2,1,8,225,1015.8,27.1,0.0,27.26666666666668,0.0,-0.8660254037844385,-0.5000000000000004,1015.8,27.1,0.0,27.26666666666668,1015.3333333333334
3512,3512,2024-08-13,27.1,24.2,30.9,0.2,1010.4,1,8,226,1012.2,26.8,0.0,27.00000000000001,0.1999999999999858,-0.8660254037844385,-0.5000000000000004,1012.2,26.8,0.0,27.00000000000001,1012.7999999999998
3513,3513,2024-08-14,25.8,22.6,31.1,0.5,1011.2,1,8,227,1010.4,27.1,0.2,26.566666666666677,0.6999999999999857,-0.8660254037844385,-0.5000000000000004,1010.4,27.1,0.2,26.566666666666677,1011.2666666666665
3514,3514,2024-08-15,24.7,21.0,29.5,0.2,1015.3,0,8,228,1011.2,25.8,0.5,25.866666666666674,0.8999999999999858,-0.8660254037844385,-0.5000000000000004,1011.2,25.8,0.5,25.866666666666674,1012.2999999999998
3515,3515,2024-08-16,24.9,22.3,29.1,0.0,1016.1,0,8,229,1015.3,24.7,0.2,25.133333333333344,0.8999999999999858,-0.8660254037844385,-0.5000000000000004,1015.3,24.7,0.2,25.133333333333344,1014.1999999999998
3516,3516,2024-08-17,26.5,23.0,30.5,0.0,1014.7,0,8,230,1016.1,24.9,0.0,25.366666666666674,0.8999999999999858,-0.8660254037844385,-0.5000000000000004,1016.1,24.9,0.0,25.366666666666674,1015.3666666666667
3517,3517,2024-08-18,25.4,23.7,28.5,0.0,1012.6,0,8,231,1014.7,26.5,0.0,25.60000000000001,0.8999999999999858,-0.8660254037844385,-0.5000000000000004,1014.7,26.5,0.0,25.60000000000001,1014.4666666666666
3518,3518,2024-08-19,24.7,22.9,28.2,0.0,1012.9,0,8,232,1012.6,25.4,0.0,25.533333333333342,0.8999999999999858,-0.8660254037844385,-0.5000000000000004,1012.6,25.4,0.0,25.533333333333342,1013.4
3519,3519,2024-08-20,24.8,20.9,30.1,0.0,1013.3,0,8,233,1012.9,24.7,0.0,24.96666666666668,0.6999999999999857,-0.8660254037844385,-0.5000000000000004,1012.9,24.7,0.0,24.96666666666668,1012.9333333333333
3520,3520,2024-08-21,26.0,22.8,30.4,0.0,1016.2,0,8,234,1013.3,24.8,0.0,25.166666666666675,0.1999999999999858,-0.8660254037844385,-0.5000000000000004,1013.3,24.8,0.0,25.166666666666675,1014.1333333333332
3521,3521,2024-08-22,26.5,24.5,30.1,0.0,1014.0,0,8,235,1016.2,26.0,0.0,25.766666666666676,0.0,-0.8660254037844385,-0.5000000000000004,1016.2,26.0,0.0,25.766666666666676,1014.5
3522,3522,2024-08-23,26.5,24.2,30.0,0.0,1014.6,0,8,236,1014.0,26.5,0.0,26.333333333333343,0.0,-0.8660254037844385,-0.5000000000000004,1014.0,26.5,0.0,26.333333333333343,1014.9333333333333
3523,3523,2024-08-24,26.2,23.2,29.9,0.0,1014.6,0,8,237,1014.6,26.5,0.0,26.40000000000001,0.0,-0.8660254037844385,-0.5000000000000004,1014.6,26.5,0.0,26.40000000000001,1014.4
3524,3524,2024-08-25,26.2,23.9,29.3,0.0,1017.3,0,8,238,1014.6,26.2,0.0,26.30000000000001,0.0,-0.8660254037844385,-0.5000000000000004,1014.6,26.2,0.0,26.30000000000001,1015.5
3525,3525,2024-08-26,25.5,23.3,29.7,0.0,1016.9,0,8,239,1017.3,26.2,0.0,25.96666666666668,0.0,-0.8660254037844385,-0.5000000000000004,1017.3,26.2,0.0,25.96666666666668,1016.2666666666665
3526,3526,2024-08-27,26.2,23.9,29.9,0.0,1015.1,0,8,240,1016.9,25.5,0.0,25.966666666666672,0.0,-0.8660254037844385,-0.5000000000000004,1016.9,25.5,0.0,25.966666666666672,1016.4333333333333
3527,3527,2024-08-28,25.8,23.5,29.1,0.0,1015.6,0,8,241,1015.1,26.2,0.0,25.833333333333343,0.0,-0.8660254037844385,-0.5000000000000004,1015.1,26.2,0.0,25.833333333333343,1015.8666666666667
3528,3528,2024-08-29,25.5,23.9,28.3,0.0,1016.8,0,8,242,1015.6,25.8,0.0,25.833333333333343,0.0,-0.8660254037844385,-0.5000000000000004,1015.6,25.8,0.0,25.833333333333343,1015.8333333333331
3529,3529,2024-08-30,24.9,21.3,29.1,0.0,1016.5,0,8,243,1016.8,25.5,0.0,25.400000000000006,0.0,-0.8660254037844385,-0.5000000000000004,1016.8,25.5,0.0,25.400000000000006,1016.2999999999998
3530,3530,2024-08-31,25.7,23.0,29.6,0.0,1015.9,1,8,244,1016.5,24.9,0.0,25.366666666666674,0.0,-0.8660254037844385,-0.5000000000000004,1016.5,24.9,0.0,25.366666666666674,1016.4
3531,3531,2024-09-01,25.4,23.3,28.8,0.1,1013.9,0,9,245,1015.9,25.7,0.0,25.333333333333343,0.0999999999999858,-1.0,-1.8369701987210297e-16,1015.9,25.7,0.0,25.333333333333343,1015.4333333333333
3532,3532,2024-09-02,24.9,21.4,29.4,0.0,1013.2,1,9,246,1013.9,25.4,0.1,25.333333333333343,0.0999999999999858,-1.0,-1.8369701987210297e-16,1013.9,25.4,0.1,25.333333333333343,1014.3333333333331
3533,3533,2024-09-03,22.6,20.2,27.0,3.9,1014.2,1,9,247,1013.2,24.9,0.0,24.300000000000008,3.999999999999986,-1.0,-1.8369701987210297e-16,1013.2,24.9,0.0,24.300000000000008,1013.7666666666665
3534,3534,2024-09-04,20.1,16.8,25.2,7.5,1013.2,0,9,248,1014.2,22.6,3.9,22.533333333333346,11.499999999999986,-1.0,-1.8369701987210297e-16,1014.2,22.6,3.9,22.533333333333346,1013.5333333333333
3535,3535,2024-09-05,20.7,16.8,25.2,0.0,1011.0,0,9,249,1013.2,20.1,7.5,21.133333333333344,11.499999999999986,-1.0,-1.8369701987210297e-16,1013.2,20.1,7.5,21.133333333333344,1012.8000000000001
3536,3536,2024-09-06,23.9,20.1,28.7,0.0,1008.3,1,9,250,1011.0,20.7,0.0,21.566666666666674,11.499999999999986,-1.0,-1.8369701987210297e-16,1011.0,20.7,0.0,21.566666666666674,1010.8333333333331
3537,3537,2024-09-07,25.1,21.8,29.0,4.6,1008.4,1,9,251,1008.3,23.9,0.0,23.233333333333345,16.099999999999987,-1.0,-1.8369701987210297e-16,1008.3,23.9,0.0,23.233333333333345,1009.2333333333332
3538,3538,2024-09-08,22.4,19.4,25.2,42.0,1010.9,0,9,252,1008.4,25.1,4.6,23.80000000000001,57.999999999999986,-1.0,-1.8369701987210297e-16,1008.4,25.1,4.6,23.80000000000001,1009.1999999999999
3539,3539,2024-09-09,22.7,18.1,27.6,0.0,1014.2,0,9,253,1010.9,22.4,42.0,23.40000000000001,57.999999999999986,-1.0,-1.8369701987210297e-16,1010.9,22.4,42.0,23.40000000000001,1011.1666666666665
3540,3540,2024-09-10,22.1,19.3,26.0,0.0,1015.7,0,9,254,1014.2,22.7,0.0,22.40000000000001,54.09999999999999,-1.0,-1.8369701987210297e-16,1014.2,22.7,0.0,22.40000000000001,1013.5999999999999
3541,3541,2024-09-11,20.9,17.5,25.0,0.0,1014.4,1,9,255,1015.7,22.1,0.0,21.90000000000001,46.59999999999999,-1.0,-1.8369701987210297e-16,1015.7,22.1,0.0,21.90000000000001,1014.7666666666665
3542,3542,2024-09-12,20.4,16.7,24.2,1.6,1012.6,0,9,256,1014.4,20.9,0.0,21.13333333333334,48.19999999999999,-1.0,-1.8369701987210297e-16,1014.4,20.9,0.0,21.13333333333334,1014.2333333333332
3543,3543,2024-09-13,17.1,15.0,22.9,0.0,1019.1,0,9,257,1012.6,20.4,1.6,19.46666666666668,48.19999999999999,-1.0,-1.8369701987210297e-16,1012.6,20.4,1.6,19.46666666666668,1015.3666666666664
3544,3544,2024-09-14,19.3,13.5,25.2,0.0,1022.1,0,9,258,1019.1,17.1,0.0,18.93333333333334,43.59999999999999,-1.0,-1.8369701987210297e-16,1019.1,17.1,0.0,18.93333333333334,1017.9333333333333
3545,3545,2024-09-15,19.7,14.0,26.3,0.0,1017.8,0,9,259,1022.1,19.3,0.0,18.700000000000014,1.5999999999999859,-1.0,-1.8369701987210297e-16,1022.1,19.3,0.0,18.700000000000014,1019.6666666666666
3546,3546,2024-09-16,20.3,15.6,27.6,0.0,1014.8,1,9,260,1017.8,19.7,0.0,19.766666666666676,1.5999999999999859,-1.0,-1.8369701987210297e-16,1017.8,19.7,0.0,19.766666666666676,1018.2333333333332
3547,3547,2024-09-17,19.8,17.0,24.6,1.4,1013.6,1,9,261,1014.8,20.3,0.0,19.93333333333334,2.999999999999986,-1.0,-1.8369701987210297e-16,1014.8,20.3,0.0,19.93333333333334,1015.4
3548,3548,2024-09-18,18.9,17.5,21.9,21.6,1016.2,1,9,262,1013.6,19.8,1.4,19.666666666666675,24.599999999999987,-1.0,-1.8369701987210297e-16,1013.6,19.8,1.4,19.666666666666675,1014.8666666666664
3549,3549,2024-09-19,19.9,16.3,24.3,3.5,1015.8,1,9,263,1016.2,18.9,21.6,19.533333333333342,26.499999999999986,-1.0,-1.8369701987210297e-16,1016.2,18.9,21.6,19.533333333333342,1015.1999999999999
3550,3550,2024-09-20,19.3,16.9,22.6,7.3,1016.9,1,9,264,1015.8,19.9,3.5,19.366666666666678,33.79999999999998,-1.0,-1.8369701987210297e-16,1015.8,19.9,3.5,19.366666666666678,1016.2999999999998
3551,3551,2024-09-21,19.9,18.4,23.1,0.5,1016.5,1,9,265,1016.9,19.3,7.3,19.70000000000001,34.29999999999998,-1.0,-1.8369701987210297e-16,1016.9,19.3,7.3,19.70000000000001,1016.4
3552,3552,2024-09-22,19.9,18.4,24.3,0.5,1014.2,1,9,266,1016.5,19.9,0.5,19.70000000000001,34.79999999999998,-1.0,-1.8369701987210297e-16,1016.5,19.9,0.5,19.70000000000001,1015.8666666666667
3553,3553,2024-09-23,19.9,18.2,22.8,4.7,1013.5,0,9,267,1014.2,19.9,0.5,19.9,39.499999999999986,-1.0,-1.8369701987210297e-16,1014.2,19.9,0.5,19.9,1014.7333333333332
3554,3554,2024-09-24,20.7,17.3,26.6,0.0,1012.2,0,9,268,1013.5,19.9,4.7,20.166666666666675,38.09999999999999,-1.0,-1.8369701987210297e-16,1013.5,19.9,4.7,20.166666666666675,1013.2999999999998
3555,3555,2024-09-25,20.6,16.0,25.3,0.0,1012.9,0,9,269,1012.2,20.7,0.0,20.40000000000001,16.499999999999986,-1.0,-1.8369701987210297e-16,1012.2,20.7,0.0,20.40000000000001,1012.8666666666667
3556,3556,2024-09-26,23.7,20.1,27.7,0.0,1007.9,0,9,270,1012.9,20.6,0.0,21.666666666666675,12.999999999999986,-1.0,-1.8369701987210297e-16,1012.9,20.6,0.0,21.666666666666675,1011.0
3557,3557,2024-09-27,22.3,18.0,27.8,0.0,1011.8,0,9,271,1007.9,23.7,0.0,22.200000000000006,5.699999999999986,-1.0,-1.8369701987210297e-16,1007.9,23.7,0.0,22.200000000000006,1010.8666666666664
3558,3558,2024-09-28,18.3,14.1,22.8,0.0,1020.6,0,9,272,1011.8,22.3,0.0,21.433333333333348,5.199999999999986,-1.0,-1.8369701987210297e-16,1011.8,22.3,0.0,21.433333333333348,1013.4333333333333
3559,3559,2024-09-29,19.2,14.5,23.8,0.0,1022.9,0,9,273,1020.6,18.3,0.0,19.93333333333334,4.699999999999986,-1.0,-1.8369701987210297e-16,1020.6,18.3,0.0,19.93333333333334,1018.4333333333333
3560,3560,2024-09-30,20.9,17.0,25.4,0.0,1020.3,0,9,274,1022.9,19.2,0.0,19.46666666666668,0.0,-1.0,-1.8369701987210297e-16,1022.9,19.2,0.0,19.46666666666668,1021.2666666666665
3561,3561,2024-10-01,20.9,18.3,25.3,0.0,1015.5,1,10,275,1020.3,20.9,0.0,20.333333333333343,0.0,-0.8660254037844386,0.5000000000000001,1020.3,20.9,0.0,20.333333333333343,1019.5666666666666
3562,3562,2024-10-02,20.4,15.9,24.6,24.3,1009.2,1,10,276,1015.5,20.9,0.0,20.733333333333338,24.299999999999986,-0.8660254037844386,0.5000000000000001,1015.5,20.9,0.0,20.733333333333338,1014.9999999999999
3563,3563,2024-10-03,18.5,15.2,24.5,11.3,1008.1,0,10,277,1009.2,20.4,24.3,19.93333333333334,35.59999999999999,-0.8660254037844386,0.5000000000000001,1009.2,20.4,24.3,19.93333333333334,1010.9333333333334
3564,3564,2024-10-04,17.8,14.1,23.0,0.0,1012.5,0,10,278,1008.1,18.5,11.3,18.90000000000001,35.59999999999999,-0.8660254037844386,0.5000000000000001,1008.1,18.5,11.3,18.90000000000001,1009.9333333333334
3565,3565,2024-10-05,17.6,13.0,23.9,0.0,1013.2,0,10,279,1012.5,17.8,0.0,17.966666666666676,35.59999999999999,-0.8660254037844386,0.5000000000000001,1012.5,17.8,0.0,17.966666666666676,1011.2666666666665
3566,3566,2024-10-06,20.4,17.0,25.1,0.0,1009.7,1,10,280,1013.2,17.6,0.0,18.600000000000012,35.59999999999999,-0.8660254037844386,0.5000000000000001,1013.2,17.6,0.0,18.600000000000012,1011.7999999999998
3567,3567,2024-10-07,21.1,18.1,25.1,2.2,1007.4,0,10,281,1009.7,20.4,0.0,19.70000000000001,37.79999999999999,-0.8660254037844386,0.5000000000000001,1009.7,20.4,0.0,19.70000000000001,1010.0999999999999
3568,3568,2024-10-08,20.1,16.4,25.7,0.0,1006.6,0,10,282,1007.4,21.1,2.2,20.533333333333342,37.79999999999999,-0.8660254037844386,0.5000000000000001,1007.4,21.1,2.2,20.533333333333342,1007.9
3569,3569,2024-10-09,21.2,17.6,25.0,0.0,1003.7,0,10,283,1006.6,20.1,0.0,20.80000000000001,13.499999999999986,-0.8660254037844386,0.5000000000000001,1006.6,20.1,0.0,20.80000000000001,1005.9
3570,3570,2024-10-10,19.6,15.5,23.0,0.0,1007.2,0,10,284,1003.7,21.2,0.0,20.30000000000001,2.199999999999986,-0.8660254037844386,0.5000000000000001,1003.7,21.2,0.0,20.30000000000001,1005.8333333333334
3571,3571,2024-10-11,17.3,13.6,22.4,0.0,1015.1,1,10,285,1007.2,19.6,0.0,19.366666666666678,2.199999999999986,-0.8660254037844386,0.5000000000000001,1007.2,19.6,0.0,19.366666666666678,1008.6666666666666
3572,3572,2024-10-12,19.0,16.0,23.7,2.9,1014.2,0,10,286,1015.1,17.3,0.0,18.633333333333344,5.099999999999985,-0.8660254037844386,0.5000000000000001,1015.1,17.3,0.0,18.633333333333344,1012.1666666666666
3573,3573,2024-10-13,19.1,16.1,23.2,0.0,1018.0,0,10,287,1014.2,19.0,2.9,18.466666666666676,5.099999999999985,-0.8660254037844386,0.5000000000000001,1014.2,19.0,2.9,18.466666666666676,1015.7666666666665
3574,3574,2024-10-14,20.0,18.4,23.7,0.0,1017.7,1,10,288,1018.0,19.1,0.0,19.366666666666678,2.8999999999999857,-0.8660254037844386,0.5000000000000001,1018.0,19.1,0.0,19.366666666666678,1016.6333333333333
3575,3575,2024-10-15,21.1,20.2,24.1,9.7,1013.6,0,10,289,1017.7,20.0,0.0,20.066666666666677,12.599999999999985,-0.8660254037844386,0.5000000000000001,1017.7,20.0,0.0,20.066666666666677,1016.4333333333333
3576,3576,2024-10-16,21.3,18.9,25.4,0.0,1010.9,0,10,290,1013.6,21.1,9.7,20.80000000000001,12.599999999999985,-0.8660254037844386,0.5000000000000001,1013.6,21.1,9.7,20.80000000000001,1014.0666666666666
3577,3577,2024-10-17,20.1,16.1,26.6,0.0,1010.7,0,10,291,1010.9,21.3,0.0,20.833333333333343,12.599999999999985,-0.8660254037844386,0.5000000000000001,1010.9,21.3,0.0,20.833333333333343,1011.7333333333332
3578,3578,2024-10-18,16.4,14.2,20.6,0.0,1016.7,0,10,292,1010.7,20.1,0.0,19.266666666666676,12.599999999999985,-0.8660254037844386,0.5000000000000001,1010.7,20.1,0.0,19.266666666666676,1012.7666666666665
3579,3579,2024-10-19,16.1,12.1,21.8,0.0,1018.6,0,10,293,1016.7,16.4,0.0,17.533333333333346,9.699999999999985,-0.8660254037844386,0.5000000000000001,1016.7,16.4,0.0,17.533333333333346,1015.3333333333334
3580,3580,2024-10-20,18.0,13.5,24.6,0.0,1021.8,0,10,294,1018.6,16.1,0.0,16.833333333333343,9.699999999999985,-0.8660254037844386,0.5000000000000001,1018.6,16.1,0.0,16.833333333333343,1019.0333333333333
3581,3581,2024-10-21,18.7,15.4,24.1,0.0,1024.8,1,10,295,1021.8,18.0,0.0,17.600000000000012,9.699999999999985,-0.8660254037844386,0.5000000000000001,1021.8,18.0,0.0,17.600000000000012,1021.7333333333332
3582,3582,2024-10-22,18.2,15.6,22.4,0.2,1026.5,0,10,296,1024.8,18.7,0.0,18.30000000000001,0.1999999999999858,-0.8660254037844386,0.5000000000000001,1024.8,18.7,0.0,18.30000000000001,1024.3666666666666
3583,3583,2024-10-23,18.1,15.5,22.8,0.0,1027.4,0,10,297,1026.5,18.2,0.2,18.333333333333343,0.1999999999999858,-0.8660254037844386,0.5000000000000001,1026.5,18.2,0.2,18.333333333333343,1026.2333333333333
3584,3584,2024-10-24,17.3,14.4,21.8,0.0,1024.0,1,10,298,1027.4,18.1,0.0,17.866666666666678,0.1999999999999858,-0.8660254037844386,0.5000000000000001,1027.4,18.1,0.0,17.866666666666678,1025.9666666666665
3585,3585,2024-10-25,18.6,15.5,22.6,33.9,1018.6,1,10,299,1024.0,17.3,0.0,18.00000000000001,34.09999999999999,-0.8660254037844386,0.5000000000000001,1024.0,17.3,0.0,18.00000000000001,1023.3333333333334
3586,3586,2024-10-26,14.8,12.2,17.6,22.6,1013.9,1,10,300,1018.6,18.6,33.9,16.90000000000001,56.69999999999999,-0.8660254037844386,0.5000000000000001,1018.6,18.6,33.9,16.90000000000001,1018.8333333333334
3587,3587,2024-10-27,15.0,11.7,19.4,8.4,1017.7,1,10,301,1013.9,14.8,22.6,16.133333333333344,65.1,-0.8660254037844386,0.5000000000000001,1013.9,14.8,22.6,16.133333333333344,1016.7333333333332
3588,3588,2024-10-28,18.4,17.0,21.1,21.9,1021.7,1,10,302,1017.7,15.0,8.4,16.066666666666677,86.99999999999999,-0.8660254037844386,0.5000000000000001,1017.7,15.0,8.4,16.066666666666677,1017.7666666666668
3589,3589,2024-10-29,19.1,16.8,22.5,0.1,1022.2,1,10,303,1021.7,18.4,21.9,17.50000000000001,86.89999999999998,-0.8660254037844386,0.5000000000000001,1021.7,18.4,21.9,17.50000000000001,1020.5333333333333
3590,3590,2024-10-30,19.6,19.0,21.0,1.6,1019.9,0,10,304,1022.2,19.1,0.1,19.033333333333346,88.49999999999999,-0.8660254037844386,0.5000000000000001,1022.2,19.1,0.1,19.033333333333346,1021.2666666666665
3591,3591,2024-10-31,20.0,18.5,22.8,0.0,1021.8,1,10,305,1019.9,19.6,1.6,19.566666666666677,88.49999999999999,-0.8660254037844386,0.5000000000000001,1019.9,19.6,1.6,19.566666666666677,1021.2999999999998
3592,3592,2024-11-01,18.1,15.6,22.2,0.1,1022.1,1,11,306,1021.8,20.0,0.0,19.233333333333345,54.69999999999998,-0.5000000000000004,0.8660254037844384,1021.8,20.0,0.0,19.233333333333345,1021.2666666666665
3593,3593,2024-11-02,17.4,16.0,20.2,0.8,1020.6,1,11,307,1022.1,18.1,0.1,18.50000000000001,32.899999999999984,-0.5000000000000004,0.8660254037844384,1022.1,18.1,0.1,18.50000000000001,1021.4999999999999
3594,3594,2024-11-03,17.1,15.0,20.0,15.3,1023.9,1,11,308,1020.6,17.4,0.8,17.533333333333342,39.79999999999998,-0.5000000000000004,0.8660254037844384,1020.6,17.4,0.8,17.533333333333342,1022.1999999999999
3595,3595,2024-11-04,18.2,15.8,20.3,144.2,1023.2,1,11,309,1023.9,17.1,15.3,17.566666666666677,162.09999999999997,-0.5000000000000004,0.8660254037844384,1023.9,17.1,15.3,17.566666666666677,1022.5666666666666
3596,3596,2024-11-05,18.9,17.3,23.1,0.1,1022.9,0,11,310,1023.2,18.2,144.2,18.066666666666674,162.09999999999997,-0.5000000000000004,0.8660254037844384,1023.2,18.2,144.2,18.066666666666674,1023.3333333333334
3597,3597,2024-11-06,18.1,16.1,22.0,0.0,1025.2,0,11,311,1022.9,18.9,0.1,18.40000000000001,160.49999999999997,-0.5000000000000004,0.8660254037844384,1022.9,18.9,0.1,18.40000000000001,1023.7666666666665
3598,3598,2024-11-07,17.1,15.2,20.5,0.0,1024.4,0,11,312,1025.2,18.1,0.0,18.033333333333342,160.49999999999997,-0.5000000000000004,0.8660254037844384,1025.2,18.1,0.0,18.033333333333342,1024.1666666666665
3599,3599,2024-11-08,16.8,14.4,21.4,0.0,1022.2,0,11,313,1024.4,17.1,0.0,17.333333333333343,160.39999999999995,-0.5000000000000004,0.8660254037844384,1024.4,17.1,0.0,17.333333333333343,1023.9333333333334
3600,3600,2024-11-09,16.0,13.4,20.4,0.0,1022.1,0,11,314,1022.2,16.8,0.0,16.633333333333344,159.59999999999997,-0.5000000000000004,0.8660254037844384,1022.2,16.8,0.0,16.633333333333344,1022.9
3601,3601,2024-11-10,15.8,13.0,21.3,0.0,1022.7,0,11,315,1022.1,16.0,0.0,16.20000000000001,144.29999999999995,-0.5000000000000004,0.8660254037844384,1022.1,16.0,0.0,16.20000000000001,1022.3333333333331
3602,3602,2024-11-11,14.5,11.4,20.6,0.0,1023.2,1,11,316,1022.7,15.8,0.0,15.433333333333342,0.09999999999997158,-0.5000000000000004,0.8660254037844384,1022.7,15.8,0.0,15.433333333333342,1022.6666666666665
3603,3603,2024-11-12,12.3,10.4,16.6,10.8,1018.9,1,11,317,1023.2,14.5,0.0,14.20000000000001,10.799999999999972,-0.5000000000000004,0.8660254037844384,1023.2,14.5,0.0,14.20000000000001,1021.5999999999999
3604,3604,2024-11-13,12.9,9.4,17.0,1.5,1019.0,0,11,318,1018.9,12.3,10.8,13.233333333333343,12.299999999999972,-0.5000000000000004,0.8660254037844384,1018.9,12.3,10.8,13.233333333333343,1020.3666666666664
3605,3605,2024-11-14,13.4,10.5,18.6,0.0,1021.3,0,11,319,1019.0,12.9,1.5,12.866666666666676,12.299999999999972,-0.5000000000000004,0.8660254037844384,1019.0,12.9,1.5,12.866666666666676,1019.7333333333332
3606,3606,2024-11-15,13.8,12.6,18.0,0.0,1023.4,0,11,320,1021.3,13.4,0.0,13.366666666666676,12.299999999999972,-0.5000000000000004,0.8660254037844384,1021.3,13.4,0.0,13.366666666666676,1021.2333333333331
3607,3607,2024-11-16,14.2,11.6,19.7,0.0,1021.7,0,11,321,1023.4,13.8,0.0,13.800000000000011,12.299999999999972,-0.5000000000000004,0.8660254037844384,1023.4,13.8,0.0,13.800000000000011,1022.1333333333332
3608,3608,2024-11-17,14.1,10.8,19.6,0.0,1018.6,0,11,322,1021.7,14.2,0.0,14.033333333333344,12.299999999999972,-0.5000000000000004,0.8660254037844384,1021.7,14.2,0.0,14.033333333333344,1021.2333333333332
3609,3609,2024-11-18,13.1,10.2,17.4,0.0,1017.5,0,11,323,1018.6,14.1,0.0,13.80000000000001,12.299999999999972,-0.5000000000000004,0.8660254037844384,1018.6,14.1,0.0,13.80000000000001,1019.2666666666664
3610,3610,2024-11-19,14.8,11.3,20.9,0.0,1015.1,0,11,324,1017.5,13.1,0.0,14.000000000000009,1.4999999999999716,-0.5000000000000004,0.8660254037844384,1017.5,13.1,0.0,14.000000000000009,1017.0666666666666
3611,3611,2024-11-20,17.2,15.4,20.3,0.0,1010.7,0,11,325,1015.1,14.8,0.0,15.03333333333334,0.0,-0.5000000000000004,0.8660254037844384,1015.1,14.8,0.0,15.03333333333334,1014.4333333333333
3612,3612,2024-11-21,15.5,11.0,19.3,0.0,1008.4,1,11,326,1010.7,17.2,0.0,15.833333333333343,0.0,-0.5000000000000004,0.8660254037844384,1010.7,17.2,0.0,15.833333333333343,1011.4
3613,3613,2024-11-22,15.5,11.5,18.8,2.2,1012.3,1,11,327,1008.4,15.5,0.0,16.066666666666677,2.1999999999999718,-0.5000000000000004,0.8660254037844384,1008.4,15.5,0.0,16.066666666666677,1010.4666666666666
3614,3614,2024-11-23,13.6,10.6,18.0,0.1,1025.5,0,11,328,1012.3,15.5,2.2,14.866666666666676,2.299999999999972,-0.5000000000000004,0.8660254037844384,1012.3,15.5,2.2,14.866666666666676,1015.3999999999997
3615,3615,2024-11-24,16.4,14.3,20.7,0.0,1025.4,0,11,329,1025.5,13.6,0.1,15.166666666666677,2.299999999999972,-0.5000000000000004,0.8660254037844384,1025.5,13.6,0.1,15.166666666666677,1021.0666666666666
3616,3616,2024-11-25,15.9,13.6,20.1,0.0,1020.0,0,11,330,1025.4,16.4,0.0,15.30000000000001,2.299999999999972,-0.5000000000000004,0.8660254037844384,1025.4,16.4,0.0,15.30000000000001,1023.6333333333332
3617,3617,2024-11-26,14.1,12.2,18.3,0.0,1022.4,0,11,331,1020.0,15.9,0.0,15.466666666666676,2.299999999999972,-0.5000000000000004,0.8660254037844384,1020.0,15.9,0.0,15.466666666666676,1022.5999999999999
3618,3618,2024-11-27,12.3,9.8,18.3,0.0,1024.1,0,11,332,1022.4,14.1,0.0,14.100000000000009,2.299999999999972,-0.5000000000000004,0.8660254037844384,1022.4,14.1,0.0,14.100000000000009,1022.1666666666665
3619,3619,2024-11-28,11.2,7.3,17.6,0.0,1025.5,0,11,333,1024.1,12.3,0.0,12.533333333333344,2.299999999999972,-0.5000000000000004,0.8660254037844384,1024.1,12.3,0.0,12.533333333333344,1023.9999999999999
3620,3620,2024-11-29,12.1,8.2,19.4,0.0,1024.5,0,11,334,1025.5,11.2,0.0,11.866666666666676,0.09999999999997158,-0.5000000000000004,0.8660254037844384,1025.5,11.2,0.0,11.866666666666676,1024.6999999999998
3621,3621,2024-11-30,12.4,8.5,17.8,0.0,1027.2,0,11,335,1024.5,12.1,0.0,11.900000000000011,0.0,-0.5000000000000004,0.8660254037844384,1024.5,12.1,0.0,11.900000000000011,1025.7333333333333
3622,3622,2024-12-01,14.4,11.9,17.4,0.0,1024.9,0,12,336,1027.2,12.4,0.0,12.966666666666676,0.0,-2.4492935982947064e-16,1.0,1027.2,12.4,0.0,12.966666666666676,1025.533333333333
3623,3623,2024-12-02,13.9,11.1,21.4,0.0,1021.4,1,12,337,1024.9,14.4,0.0,13.566666666666677,0.0,-2.4492935982947064e-16,1.0,1024.9,14.4,0.0,13.566666666666677,1024.4999999999998
3624,3624,2024-12-03,11.9,9.5,16.7,0.2,1020.1,0,12,338,1021.4,13.9,0.0,13.400000000000011,0.1999999999999716,-2.4492935982947064e-16,1.0,1021.4,13.9,0.0,13.400000000000011,1022.1333333333332
3625,3625,2024-12-04,11.4,9.4,15.6,0.0,1021.2,0,12,339,1020.1,11.9,0.2,12.400000000000011,0.1999999999999716,-2.4492935982947064e-16,1.0,1020.1,11.9,0.2,12.400000000000011,1020.9
3626,3626,2024-12-05,11.0,8.2,16.4,0.0,1025.9,0,12,340,1021.2,11.4,0.0,11.433333333333342,0.1999999999999716,-2.4492935982947064e-16,1.0,1021.2,11.4,0.0,11.433333333333342,1022.4
3627,3627,2024-12-06,13.0,10.3,18.8,0.0,1022.5,0,12,341,1025.9,11.0,0.0,11.800000000000011,0.1999999999999716,-2.4492935982947064e-16,1.0,1025.9,11.0,0.0,11.800000000000011,1023.1999999999998
3628,3628,2024-12-07,13.8,8.6,20.8,0.0,1016.8,0,12,342,1022.5,13.0,0.0,12.600000000000009,0.1999999999999716,-2.4492935982947064e-16,1.0,1022.5,13.0,0.0,12.600000000000009,1021.7333333333332
3629,3629,2024-12-08,9.9,7.6,14.5,0.0,1012.3,0,12,343,1016.8,13.8,0.0,12.233333333333343,0.1999999999999716,-2.4492935982947064e-16,1.0,1016.8,13.8,0.0,12.233333333333343,1017.1999999999998
3630,3630,2024-12-09,8.9,6.4,14.5,0.0,1011.4,1,12,344,1012.3,9.9,0.0,10.866666666666676,0.1999999999999716,-2.4492935982947064e-16,1.0,1012.3,9.9,0.0,10.866666666666676,1013.4999999999999
3631,3631,2024-12-10,8.0,6.4,11.4,8.9,1017.0,1,12,345,1011.4,8.9,0.0,8.933333333333342,8.899999999999972,-2.4492935982947064e-16,1.0,1011.4,8.9,0.0,8.933333333333342,1013.5666666666665
3632,3632,2024-12-11,7.9,6.6,10.5,1.7,1020.6,1,12,346,1017.0,8.0,8.9,8.266666666666675,10.599999999999971,-2.4492935982947064e-16,1.0,1017.0,8.0,8.9,8.266666666666675,1016.3333333333331
3633,3633,2024-12-12,10.4,9.3,13.3,30.3,1020.9,0,12,347,1020.6,7.9,1.7,8.766666666666676,40.89999999999997,-2.4492935982947064e-16,1.0,1020.6,7.9,1.7,8.766666666666676,1019.4999999999999
3634,3634,2024-12-13,9.9,7.5,15.7,0.0,1022.1,0,12,348,1020.9,10.4,30.3,9.400000000000011,40.89999999999998,-2.4492935982947064e-16,1.0,1020.9,10.4,30.3,9.400000000000011,1021.1999999999998
3635,3635,2024-12-14,9.2,6.4,14.1,0.0,1026.5,0,12,349,1022.1,9.9,0.0,9.833333333333343,40.89999999999998,-2.4492935982947064e-16,1.0,1022.1,9.9,0.0,9.833333333333343,1023.1666666666665
3636,3636,2024-12-15,8.2,5.1,14.3,0.0,1032.3,0,12,350,1026.5,9.2,0.0,9.100000000000009,40.89999999999998,-2.4492935982947064e-16,1.0,1026.5,9.2,0.0,9.100000000000009,1026.9666666666665
3637,3637,2024-12-16,8.1,4.2,14.4,0.0,1037.8,0,12,351,1032.3,8.2,0.0,8.500000000000009,40.89999999999998,-2.4492935982947064e-16,1.0,1032.3,8.2,0.0,8.500000000000009,1032.1999999999998
3638,3638,2024-12-17,9.5,4.5,15.6,0.0,1032.9,0,12,352,1037.8,8.1,0.0,8.600000000000009,31.999999999999975,-2.4492935982947064e-16,1.0,1037.8,8.1,0.0,8.600000000000009,1034.3333333333333
3639,3639,2024-12-18,9.9,6.8,16.7,0.0,1027.3,0,12,353,1032.9,9.5,0.0,9.166666666666677,30.299999999999972,-2.4492935982947064e-16,1.0,1032.9,9.5,0.0,9.166666666666677,1032.6666666666667
3640,3640,2024-12-19,15.1,9.1,20.8,0.0,1017.5,0,12,354,1027.3,9.9,0.0,11.500000000000009,0.0,-2.4492935982947064e-16,1.0,1027.3,9.9,0.0,11.500000000000009,1025.8999999999999
3641,3641,2024-12-20,9.7,6.3,15.1,0.0,1024.0,0,12,355,1017.5,15.1,0.0,11.566666666666677,0.0,-2.4492935982947064e-16,1.0,1017.5,15.1,0.0,11.566666666666677,1022.933333333333
3642,3642,2024-12-21,8.0,4.5,14.3,0.0,1027.9,0,12,356,1024.0,9.7,0.0,10.933333333333342,0.0,-2.4492935982947064e-16,1.0,1024.0,9.7,0.0,10.933333333333342,1023.1333333333332
3643,3643,2024-12-22,11.9,7.3,17.6,0.0,1021.0,0,12,357,1027.9,8.0,0.0,9.866666666666676,0.0,-2.4492935982947064e-16,1.0,1027.9,8.0,0.0,9.866666666666676,1024.3
3644,3644,2024-12-23,10.4,6.1,16.2,0.0,1019.7,0,12,358,1021.0,11.9,0.0,10.10000000000001,0.0,-2.4492935982947064e-16,1.0,1021.0,11.9,0.0,10.10000000000001,1022.8666666666664
3645,3645,2024-12-24,7.8,4.3,12.5,0.0,1023.7,0,12,359,1019.7,10.4,0.0,10.033333333333344,0.0,-2.4492935982947064e-16,1.0,1019.7,10.4,0.0,10.033333333333344,1021.4666666666666
3646,3646,2024-12-25,10.2,8.5,15.1,0.0,1028.0,0,12,360,1023.7,7.8,0.0,9.466666666666677,0.0,-2.4492935982947064e-16,1.0,1023.7,7.8,0.0,9.466666666666677,1023.7999999999998
3647,3647,2024-12-26,11.4,9.4,14.3,0.0,1029.6,0,12,361,1028.0,10.2,0.0,9.80000000000001,0.0,-2.4492935982947064e-16,1.0,1028.0,10.2,0.0,9.80000000000001,1027.1
3648,3648,2024-12-27,9.8,6.4,17.5,0.0,1031.1,0,12,362,1029.6,11.4,0.0,10.466666666666676,0.0,-2.4492935982947064e-16,1.0,1029.6,11.4,0.0,10.466666666666676,1029.5666666666664
3649,3649,2024-12-28,8.0,3.9,14.8,0.0,1029.7,0,12,363,1031.1,9.8,0.0,9.733333333333343,0.0,-2.4492935982947064e-16,1.0,1031.1,9.8,0.0,9.733333333333343,1030.1333333333332
3650,3650,2024-12-29,7.9,4.3,16.0,0.0,1028.9,0,12,364,1029.7,8.0,0.0,8.566666666666677,0.0,-2.4492935982947064e-16,1.0,1029.7,8.0,0.0,8.566666666666677,1029.8999999999999
3651,3651,2024-12-30,7.4,3.7,14.5,0.0,1029.9,0,12,365,1028.9,7.9,0.0,7.766666666666676,0.0,-2.4492935982947064e-16,1.0,1028.9,7.9,0.0,7.766666666666676,1029.5
3652,3652,2024-12-31,7.6,3.1,14.7,0.0,1031.3,0,12,366,1029.9,7.4,0.0,7.633333333333343,0.0,-2.4492935982947064e-16,1.0,1029.9,7.4,0.0,7.633333333333343,1030.0333333333333
3653,3653,2025-01-01,8.4,5.6,14.8,0.0,1030.6,0,1,1,1031.3,7.6,0.0,7.800000000000009,0.0,0.49999999999999994,0.8660254037844387,1031.3,7.6,0.0,7.800000000000009,1030.6
3654,3654,2025-01-02,7.9,4.2,16.3,0.0,1025.8,0,1,2,1030.6,8.4,0.0,7.9666666666666766,0.0,0.49999999999999994,0.8660254037844387,1030.6,8.4,0.0,7.9666666666666766,1029.2333333333333
3655,3655,2025-01-03,8.3,5.1,13.7,0.0,1021.2,0,1,3,1025.8,7.9,0.0,8.20000000000001,0.0,0.49999999999999994,0.8660254037844387,1025.8,7.9,0.0,8.20000000000001,1025.8666666666666
3656,3656,2025-01-04,10.7,8.3,16.2,0.0,1020.1,0,1,4,1021.2,8.3,0.0,8.966666666666677,0.0,0.49999999999999994,0.8660254037844387,1021.2,8.3,0.0,8.966666666666677,1022.3666666666664
3657,3657,2025-01-05,10.1,6.7,15.4,0.0,1012.9,1,1,5,1020.1,10.7,0.0,9.70000000000001,0.0,0.49999999999999994,0.8660254037844387,1020.1,10.7,0.0,9.70000000000001,1018.0666666666666
3658,3658,2025-01-06,12.7,9.3,16.6,0.1,1005.7,0,1,6,1012.9,10.1,0.0,11.166666666666677,0.09999999999997158,0.49999999999999994,0.8660254037844387,1012.9,10.1,0.0,11.166666666666677,1012.9
3659,3659,2025-01-07,10.8,6.5,15.7,0.0,1015.1,0,1,7,1005.7,12.7,0.1,11.20000000000001,0.09999999999997158,0.49999999999999994,0.8660254037844387,1005.7,12.7,0.1,11.20000000000001,1011.2333333333332
3660,3660,2025-01-08,12.1,7.7,17.6,0.0,1015.5,0,1,8,1015.1,10.8,0.0,11.866666666666674,0.09999999999997158,0.49999999999999994,0.8660254037844387,1015.1,10.8,0.0,11.866666666666674,1012.0999999999999
3661,3661,2025-01-09,15.9,12.0,20.3,0.0,1015.2,0,1,9,1015.5,12.1,0.0,12.933333333333344,0.09999999999997158,0.49999999999999994,0.8660254037844387,1015.5,12.1,0.0,12.933333333333344,1015.2666666666665
3662,3662,2025-01-10,12.9,8.1,19.3,0.0,1020.6,0,1,10,1015.2,15.9,0.0,13.633333333333342,0.09999999999997158,0.49999999999999994,0.8660254037844387,1015.2,15.9,0.0,13.633333333333342,1017.0999999999999
3663,3663,2025-01-11,14.3,12.2,19.1,0.0,1017.8,0,1,11,1020.6,12.9,0.0,14.366666666666676,0.09999999999997158,0.49999999999999994,0.8660254037844387,1020.6,12.9,0.0,14.366666666666676,1017.8666666666664
3664,3664,2025-01-12,9.7,4.4,15.8,0.0,1023.5,0,1,12,1017.8,14.3,0.0,12.300000000000011,0.09999999999997158,0.49999999999999994,0.8660254037844387,1017.8,14.3,0.0,12.300000000000011,1020.6333333333332
3665,3665,2025-01-13,5.7,2.6,11.7,0.0,1028.2,0,1,13,1023.5,9.7,0.0,9.90000000000001,0.0,0.49999999999999994,0.8660254037844387,1023.5,9.7,0.0,9.90000000000001,1023.1666666666665
3666,3666,2025-01-14,5.0,0.6,12.0,0.0,1030.1,0,1,14,1028.2,5.7,0.0,6.800000000000009,0.0,0.49999999999999994,0.8660254037844387,1028.2,5.7,0.0,6.800000000000009,1027.2666666666667
3667,3667,2025-01-15,5.3,0.7,12.5,0.0,1026.0,1,1,15,1030.1,5.0,0.0,5.333333333333343,0.0,0.49999999999999994,0.8660254037844387,1030.1,5.0,0.0,5.333333333333343,1028.0999999999997
3668,3668,2025-01-16,6.7,2.4,13.4,6.5,1025.6,0,1,16,1026.0,5.3,0.0,5.666666666666676,6.499999999999972,0.49999999999999994,0.8660254037844387,1026.0,5.3,0.0,5.666666666666676,1027.2333333333331
3669,3669,2025-01-17,10.0,7.1,13.8,0.0,1028.6,0,1,17,1025.6,6.7,6.5,7.333333333333343,6.499999999999972,0.49999999999999994,0.8660254037844387,1025.6,6.7,6.5,7.333333333333343,1026.7333333333331
3670,3670,2025-01-18,7.9,3.7,13.6,0.0,1024.5,0,1,18,1028.6,10.0,0.0,8.20000000000001,6.499999999999972,0.49999999999999994,0.8660254037844387,1028.6,10.0,0.0,8.20000000000001,1026.2333333333331
3671,3671,2025-01-19,9.6,6.8,14.4,0.0,1020.5,0,1,19,1024.5,7.9,0.0,9.166666666666677,6.499999999999972,0.49999999999999994,0.8660254037844387,1024.5,7.9,0.0,9.166666666666677,1024.533333333333
3672,3672,2025-01-20,8.3,5.4,14.5,0.0,1017.7,0,1,20,1020.5,9.6,0.0,8.60000000000001,6.499999999999972,0.49999999999999994,0.8660254037844387,1020.5,9.6,0.0,8.60000000000001,1020.9
3673,3673,2025-01-21,8.6,4.7,13.9,0.0,1014.7,0,1,21,1017.7,8.3,0.0,8.833333333333343,6.499999999999972,0.49999999999999994,0.8660254037844387,1017.7,8.3,0.0,8.833333333333343,1017.6333333333332
3674,3674,2025-01-22,11.8,7.8,17.0,0.0,1010.1,0,1,22,1014.7,8.6,0.0,9.566666666666677,6.499999999999972,0.49999999999999994,0.8660254037844387,1014.7,8.6,0.0,9.566666666666677,1014.1666666666665
3675,3675,2025-01-23,12.1,9.5,16.7,0.0,1013.8,0,1,23,1010.1,11.8,0.0,10.833333333333343,0.0,0.49999999999999994,0.8660254037844387,1010.1,11.8,0.0,10.833333333333343,1012.8666666666664
3676,3676,2025-01-24,11.6,7.4,17.9,0.0,1018.5,0,1,24,1013.8,12.1,0.0,11.833333333333343,0.0,0.49999999999999994,0.8660254037844387,1013.8,12.1,0.0,11.833333333333343,1014.1333333333332
3677,3677,2025-01-25,11.9,7.7,17.0,0.0,1014.6,0,1,25,1018.5,11.6,0.0,11.866666666666676,0.0,0.49999999999999994,0.8660254037844387,1018.5,11.6,0.0,11.866666666666676,1015.6333333333332
3678,3678,2025-01-26,12.1,7.4,17.4,0.0,1017.6,1,1,26,1014.6,11.9,0.0,11.866666666666676,0.0,0.49999999999999994,0.8660254037844387,1014.6,11.9,0.0,11.866666666666676,1016.8999999999997
3679,3679,2025-01-27,16.0,14.0,20.3,0.4,1008.0,0,1,27,1017.6,12.1,0.0,13.333333333333343,0.3999999999999716,0.49999999999999994,0.8660254037844387,1017.6,12.1,0.0,13.333333333333343,1013.3999999999997
3680,3680,2025-01-28,13.2,11.2,16.4,0.0,1012.0,0,1,28,1008.0,16.0,0.4,13.766666666666675,0.3999999999999716,0.49999999999999994,0.8660254037844387,1008.0,16.0,0.4,13.766666666666675,1012.5333333333332
3681,3681,2025-01-29,11.6,8.7,15.4,0.0,1016.3,0,1,29,1012.0,13.2,0.0,13.600000000000009,0.3999999999999716,0.49999999999999994,0.8660254037844387,1012.0,13.2,0.0,13.600000000000009,1012.0999999999999
3682,3682,2025-01-30,10.6,7.9,16.1,0.0,1013.3,0,1,30,1016.3,11.6,0.0,11.80000000000001,0.3999999999999716,0.49999999999999994,0.8660254037844387,1016.3,11.6,0.0,11.80000000000001,1013.8666666666664
3683,3683,2025-01-31,8.9,6.2,13.8,0.0,1025.0,1,1,31,1013.3,10.6,0.0,10.366666666666676,0.3999999999999716,0.49999999999999994,0.8660254037844387,1013.3,10.6,0.0,10.366666666666676,1018.1999999999998
3684,3684,2025-02-01,7.0,5.6,10.3,6.4,1022.6,0,2,32,1025.0,8.9,0.0,8.833333333333343,6.799999999999972,0.8660254037844386,0.5000000000000001,1025.0,8.9,0.0,8.833333333333343,1020.2999999999997
3685,3685,2025-02-02,8.9,6.5,14.7,0.0,1019.4,0,2,33,1022.6,7.0,6.4,8.266666666666676,6.799999999999972,0.8660254037844386,0.5000000000000001,1022.6,7.0,6.4,8.266666666666676,1022.3333333333331
3686,3686,2025-02-03,9.1,4.8,16.2,0.0,1023.1,0,2,34,1019.4,8.9,0.0,8.333333333333343,6.399999999999972,0.8660254037844386,0.5000000000000001,1019.4,8.9,0.0,8.333333333333343,1021.6999999999998
3687,3687,2025-02-04,8.8,4.2,15.1,0.0,1027.1,0,2,35,1023.1,9.1,0.0,8.933333333333342,6.399999999999972,0.8660254037844386,0.5000000000000001,1023.1,9.1,0.0,8.933333333333342,1023.1999999999998
3688,3688,2025-02-05,8.9,4.8,15.6,0.0,1031.8,0,2,36,1027.1,8.8,0.0,8.933333333333342,6.399999999999972,0.8660254037844386,0.5000000000000001,1027.1,8.8,0.0,8.933333333333342,1027.333333333333
3689,3689,2025-02-06,8.5,4.4,13.5,0.0,1029.7,1,2,37,1031.8,8.9,0.0,8.733333333333343,6.399999999999972,0.8660254037844386,0.5000000000000001,1031.8,8.9,0.0,8.733333333333343,1029.533333333333
3690,3690,2025-02-07,10.2,7.4,14.4,6.3,1021.3,0,2,38,1029.7,8.5,0.0,9.20000000000001,12.69999999999997,0.8660254037844386,0.5000000000000001,1029.7,8.5,0.0,9.20000000000001,1027.5999999999997
3691,3691,2025-02-08,9.8,5.7,14.2,0.0,1019.2,0,2,39,1021.3,10.2,6.3,9.500000000000009,6.299999999999971,0.8660254037844386,0.5000000000000001,1021.3,10.2,6.3,9.500000000000009,1023.3999999999997
3692,3692,2025-02-09,8.3,3.7,14.4,0.0,1026.0,1,2,40,1019.2,9.8,0.0,9.433333333333344,6.299999999999971,0.8660254037844386,0.5000000000000001,1019.2,9.8,0.0,9.433333333333344,1022.1666666666665
3693,3693,2025-02-10,10.3,7.7,14.9,0.1,1024.0,0,2,41,1026.0,8.3,0.0,9.466666666666676,6.399999999999971,0.8660254037844386,0.5000000000000001,1026.0,8.3,0.0,9.466666666666676,1023.0666666666666
3694,3694,2025-02-11,11.4,9.1,15.4,0.0,1020.1,1,2,42,1024.0,10.3,0.1,10.00000000000001,6.399999999999971,0.8660254037844386,0.5000000000000001,1024.0,10.3,0.1,10.00000000000001,1023.3666666666667
3695,3695,2025-02-12,10.2,8.7,13.3,32.6,1016.2,0,2,43,1020.1,11.4,0.0,10.633333333333344,38.99999999999997,0.8660254037844386,0.5000000000000001,1020.1,11.4,0.0,10.633333333333344,1020.0999999999999
3696,3696,2025-02-13,11.8,9.8,16.6,0.0,1018.6,0,2,44,1016.2,10.2,32.6,11.133333333333345,38.99999999999997,0.8660254037844386,0.5000000000000001,1016.2,10.2,32.6,11.133333333333345,1018.2999999999998
3697,3697,2025-02-14,11.0,8.0,16.3,0.0,1017.2,0,2,45,1018.6,11.8,0.0,11.000000000000009,32.699999999999974,0.8660254037844386,0.5000000000000001,1018.6,11.8,0.0,11.000000000000009,1017.3333333333334
3698,3698,2025-02-15,10.9,10.6,12.4,0.0,1016.7,0,2,46,1017.2,11.0,0.0,11.233333333333343,32.699999999999974,0.8660254037844386,0.5000000000000001,1017.2,11.0,0.0,11.233333333333343,1017.4999999999999
3699,3699,2025-02-16,11.8,9.8,16.6,0.0,1013.9,0,2,47,1016.7,10.9,0.0,11.233333333333343,32.699999999999974,0.8660254037844386,0.5000000000000001,1016.7,10.9,0.0,11.233333333333343,1015.9333333333333
3700,3700,2025-02-17,11.7,8.8,16.3,0.0,1015.9,0,2,48,1013.9,11.8,0.0,11.466666666666676,32.59999999999997,0.8660254037844386,0.5000000000000001,1013.9,11.8,0.0,11.466666666666676,1015.4999999999999
3701,3701,2025-02-18,11.9,10.6,15.4,0.0,1017.1,0,2,49,1015.9,11.7,0.0,11.800000000000011,32.59999999999997,0.8660254037844386,0.5000000000000001,1015.9,11.7,0.0,11.800000000000011,1015.6333333333332
3702,3702,2025-02-19,11.7,9.0,16.3,0.0,1020.5,1,2,50,1017.1,11.9,0.0,11.766666666666675,0.0,0.8660254037844386,0.5000000000000001,1017.1,11.9,0.0,11.766666666666675,1017.8333333333331
3703,3703,2025-02-20,12.6,12.3,14.3,0.1,1026.9,1,2,51,1020.5,11.7,0.0,12.066666666666677,0.09999999999997158,0.8660254037844386,0.5000000000000001,1020.5,11.7,0.0,12.066666666666677,1021.5
3704,3704,2025-02-21,12.7,12.2,14.6,0.2,1025.9,0,2,52,1026.9,12.6,0.1,12.333333333333343,0.2999999999999716,0.8660254037844386,0.5000000000000001,1026.9,12.6,0.1,12.333333333333343,1024.4333333333334
3705,3705,2025-02-22,13.6,12.8,15.7,0.0,1021.7,1,2,53,1025.9,12.7,0.2,12.966666666666676,0.2999999999999716,0.8660254037844386,0.5000000000000001,1025.9,12.7,0.2,12.966666666666676,1024.8333333333333
3706,3706,2025-02-23,12.1,9.1,16.1,0.1,1027.9,0,2,54,1021.7,13.6,0.0,12.80000000000001,0.3999999999999716,0.8660254037844386,0.5000000000000001,1021.7,13.6,0.0,12.80000000000001,1025.1666666666667
3707,3707,2025-02-24,11.0,7.5,15.9,0.0,1027.4,1,2,55,1027.9,12.1,0.1,12.233333333333343,0.3999999999999716,0.8660254037844386,0.5000000000000001,1027.9,12.1,0.1,12.233333333333343,1025.6666666666667
3708,3708,2025-02-25,11.4,8.4,16.8,0.2,1020.5,0,2,56,1027.4,11.0,0.0,11.500000000000009,0.5999999999999717,0.8660254037844386,0.5000000000000001,1027.4,11.0,0.0,11.500000000000009,1025.2666666666667
3709,3709,2025-02-26,9.9,6.4,15.1,0.0,1023.4,0,2,57,1020.5,11.4,0.2,10.766666666666675,0.5999999999999717,0.8660254037844386,0.5000000000000001,1020.5,11.4,0.2,10.766666666666675,1023.7666666666665
3710,3710,2025-02-27,9.8,5.5,15.3,0.0,1020.8,0,2,58,1023.4,9.9,0.0,10.366666666666676,0.49999999999997163,0.8660254037844386,0.5000000000000001,1023.4,9.9,0.0,10.366666666666676,1021.5666666666666
3711,3711,2025-02-28,9.8,8.3,14.6,0.0,1019.3,0,2,59,1020.8,9.8,0.0,9.833333333333343,0.2999999999999716,0.8660254037844386,0.5000000000000001,1020.8,9.8,0.0,9.833333333333343,1021.1666666666665
3712,3712,2025-03-01,9.9,7.1,13.8,0.0,1018.2,0,3,60,1019.3,9.8,0.0,9.833333333333345,0.2999999999999716,1.0,6.123233995736766e-17,1019.3,9.8,0.0,9.833333333333345,1019.4333333333333
3713,3713,2025-03-02,11.7,9.5,16.0,0.0,1022.3,0,3,61,1018.2,9.9,0.0,10.466666666666677,0.1999999999999716,1.0,6.123233995736766e-17,1018.2,9.9,0.0,10.466666666666677,1019.9333333333333
3714,3714,2025-03-03,12.8,12.8,15.5,0.0,1022.8,0,3,62,1022.3,11.7,0.0,11.466666666666677,0.1999999999999716,1.0,6.123233995736766e-17,1022.3,11.7,0.0,11.466666666666677,1021.0999999999999
3715,3715,2025-03-04,12.9,11.3,16.7,0.0,1021.7,0,3,63,1022.8,12.8,0.0,12.466666666666676,0.0,1.0,6.123233995736766e-17,1022.8,12.8,0.0,12.466666666666676,1022.2666666666665
3716,3716,2025-03-05,12.5,9.8,16.7,0.0,1022.3,1,3,64,1021.7,12.9,0.0,12.733333333333343,0.0,1.0,6.123233995736766e-17,1021.7,12.9,0.0,12.733333333333343,1022.2666666666665
3717,3717,2025-03-06,13.2,11.8,16.0,10.0,1019.8,1,3,65,1022.3,12.5,0.0,12.866666666666676,9.999999999999972,1.0,6.123233995736766e-17,1022.3,12.5,0.0,12.866666666666676,1021.2666666666665
3718,3718,2025-03-07,12.0,11.4,14.3,6.4,1015.9,1,3,66,1019.8,13.2,10.0,12.566666666666677,16.39999999999997,1.0,6.123233995736766e-17,1019.8,13.2,10.0,12.566666666666677,1019.3333333333331
3719,3719,2025-03-08,13.9,13.8,16.1,33.0,1008.8,1,3,67,1015.9,12.0,6.4,13.033333333333344,49.39999999999997,1.0,6.123233995736766e-17,1015.9,12.0,6.4,13.033333333333344,1014.8333333333334
3720,3720,2025-03-09,13.0,10.6,16.2,21.7,1000.5,1,3,68,1008.8,13.9,33.0,12.966666666666676,71.09999999999997,1.0,6.123233995736766e-17,1008.8,13.9,33.0,12.966666666666676,1008.4
3721,3721,2025-03-10,11.8,9.5,16.6,0.2,1002.7,1,3,69,1000.5,13.0,21.7,12.900000000000011,71.29999999999997,1.0,6.123233995736766e-17,1000.5,13.0,21.7,12.900000000000011,1004.0
3722,3722,2025-03-11,11.8,9.2,16.7,0.3,1001.9,1,3,70,1002.7,11.8,0.2,12.20000000000001,71.59999999999997,1.0,6.123233995736766e-17,1002.7,11.8,0.2,12.20000000000001,1001.6999999999999
3723,3723,2025-03-12,12.2,9.9,15.8,0.1,999.8,1,3,71,1001.9,11.8,0.3,11.933333333333342,71.69999999999997,1.0,6.123233995736766e-17,1001.9,11.8,0.3,11.933333333333342,1001.4666666666666
3724,3724,2025-03-13,10.7,8.6,14.7,8.7,998.0,1,3,72,999.8,12.2,0.1,11.566666666666677,70.39999999999996,1.0,6.123233995736766e-17,999.8,12.2,0.1,11.566666666666677,999.9
3725,3725,2025-03-14,8.1,8.0,9.9,12.3,1000.4,0,3,73,998.0,10.7,8.7,10.333333333333343,76.29999999999997,1.0,6.123233995736766e-17,998.0,10.7,8.7,10.333333333333343,999.4
3726,3726,2025-03-15,9.1,6.6,13.8,0.0,1009.5,1,3,74,1000.4,8.1,12.3,9.30000000000001,43.29999999999997,1.0,6.123233995736766e-17,1000.4,8.1,12.3,9.30000000000001,1002.6333333333332
3727,3727,2025-03-16,7.9,4.2,13.1,1.4,1016.4,0,3,75,1009.5,9.1,0.0,8.366666666666676,22.99999999999997,1.0,6.123233995736766e-17,1009.5,9.1,0.0,8.366666666666676,1008.7666666666665
3728,3728,2025-03-17,9.3,7.2,13.0,0.0,1018.1,1,3,76,1016.4,7.9,1.4,8.766666666666675,22.799999999999972,1.0,6.123233995736766e-17,1016.4,7.9,1.4,8.766666666666675,1014.6666666666666
3729,3729,2025-03-18,10.7,6.8,14.3,2.1,1019.7,1,3,77,1018.1,9.3,0.0,9.30000000000001,24.599999999999973,1.0,6.123233995736766e-17,1018.1,9.3,0.0,9.30000000000001,1018.0666666666666
3730,3730,2025-03-19,13.6,12.8,15.1,1.6,1022.9,0,3,78,1019.7,10.7,2.1,11.20000000000001,26.09999999999997,1.0,6.123233995736766e-17,1019.7,10.7,2.1,11.20000000000001,1020.2333333333332
3738,3738,2025-03-27,13.1,10.1,16.2,0.0,1015.1,0,3,86,1017.7,13.2,0.0,12.866666666666676,10.499999999999972,1.0,6.123233995736766e-17,1017.7,13.2,0.0,12.866666666666676,1017.3666666666667
3739,3739,2025-03-28,13.7,11.1,17.0,0.0,1013.3,0,3,87,1015.1,13.1,0.0,13.333333333333343,4.399999999999972,1.0,6.123233995736766e-17,1015.1,13.1,0.0,13.333333333333343,1015.3666666666667
3740,3740,2025-03-29,14.4,10.1,19.7,0.0,1012.7,0,3,88,1013.3,13.7,0.0,13.733333333333343,4.199999999999971,1.0,6.123233995736766e-17,1013.3,13.7,0.0,13.733333333333343,1013.6999999999999
3741,3741,2025-03-30,13.4,9.1,18.6,0.0,1017.6,0,3,89,1012.7,14.4,0.0,13.833333333333343,3.2999999999999714,1.0,6.123233995736766e-17,1012.7,14.4,0.0,13.833333333333343,1014.5333333333333
3742,3742,2025-03-31,14.3,10.8,20.1,0.0,1016.1,1,3,90,1017.6,13.4,0.0,14.033333333333344,0.0,1.0,6.123233995736766e-17,1017.6,13.4,0.0,14.033333333333344,1015.4666666666666
3743,3743,2025-04-01,13.2,9.5,17.3,0.1,1011.4,1,4,91,1016.1,14.3,0.0,13.633333333333342,0.09999999999997158,0.8660254037844387,-0.4999999999999998,1016.1,14.3,0.0,13.633333333333342,1015.0333333333333
3744,3744,2025-04-02,13.8,12.0,15.3,3.3,1010.5,0,4,92,1011.4,13.2,0.1,13.766666666666678,3.3999999999999715,0.8660254037844387,-0.4999999999999998,1011.4,13.2,0.1,13.766666666666678,1012.6666666666666
3745,3745,2025-04-03,14.7,13.0,17.6,0.0,1016.9,0,4,93,1010.5,13.8,3.3,13.900000000000007,3.3999999999999715,0.8660254037844387,-0.4999999999999998,1010.5,13.8,3.3,13.900000000000007,1012.9333333333333
3746,3746,2025-04-04,16.1,14.4,19.1,0.0,1013.6,0,4,94,1016.9,14.7,0.0,14.866666666666676,3.3999999999999715,0.8660254037844387,-0.4999999999999998,1016.9,14.7,0.0,14.866666666666676,1013.6666666666666
3747,3747,2025-04-05,14.7,12.3,18.0,0.0,1012.0,0,4,95,1013.6,16.1,0.0,15.166666666666677,3.3999999999999715,0.8660254037844387,-0.4999999999999998,1013.6,16.1,0.0,15.166666666666677,1014.1666666666666
3748,3748,2025-04-06,16.6,10.5,23.3,0.0,1010.9,0,4,96,1012.0,14.7,0.0,15.800000000000011,3.3999999999999715,0.8660254037844387,-0.4999999999999998,1012.0,14.7,0.0,15.800000000000011,1012.1666666666665
3749,3749,2025-04-07,16.0,14.1,19.1,0.0,1016.5,0,4,97,1010.9,16.6,0.0,15.766666666666675,3.3999999999999715,0.8660254037844387,-0.4999999999999998,1010.9,16.6,0.0,15.766666666666675,1013.1333333333332
3750,3750,2025-04-08,15.1,11.8,18.4,0.0,1022.2,0,4,98,1016.5,16.0,0.0,15.900000000000007,3.2999999999999714,0.8660254037844387,-0.4999999999999998,1016.5,16.0,0.0,15.900000000000007,1016.5333333333333
3751,3751,2025-04-09,15.2,12.0,18.5,0.0,1019.7,0,4,99,1022.2,15.1,0.0,15.433333333333342,0.0,0.8660254037844387,-0.4999999999999998,1022.2,15.1,0.0,15.433333333333342,1019.4666666666666
3752,3752,2025-04-10,16.1,14.4,18.5,0.0,1021.3,1,4,100,1019.7,15.2,0.0,15.466666666666676,0.0,0.8660254037844387,-0.4999999999999998,1019.7,15.2,0.0,15.466666666666676,1021.0666666666666
3753,3753,2025-04-11,15.3,11.9,18.9,0.2,1020.2,0,4,101,1021.3,16.1,0.0,15.53333333333334,0.1999999999999716,0.8660254037844387,-0.4999999999999998,1021.3,16.1,0.0,15.53333333333334,1020.4
3754,3754,2025-04-12,15.2,12.3,19.8,0.0,1012.2,0,4,102,1020.2,15.3,0.2,15.533333333333344,0.1999999999999716,0.8660254037844387,-0.4999999999999998,1020.2,15.3,0.2,15.533333333333344,1017.9
3755,3755,2025-04-13,15.8,12.8,19.5,0.0,1009.7,0,4,103,1012.2,15.2,0.0,15.433333333333342,0.1999999999999716,0.8660254037844387,-0.4999999999999998,1012.2,15.2,0.0,15.433333333333342,1014.0333333333333
3756,3756,2025-04-14,16.4,15.2,19.0,0.0,1007.5,0,4,104,1009.7,15.8,0.0,15.80000000000001,0.1999999999999716,0.8660254037844387,-0.4999999999999998,1009.7,15.8,0.0,15.80000000000001,1009.7999999999998
3757,3757,2025-04-15,16.2,12.4,19.6,0.0,1002.4,1,4,105,1007.5,16.4,0.0,16.133333333333344,0.1999999999999716,0.8660254037844387,-0.4999999999999998,1007.5,16.4,0.0,16.133333333333344,1006.5333333333333
3758,3758,2025-04-16,13.1,9.5,16.3,0.5,1008.1,0,4,106,1002.4,16.2,0.0,15.233333333333341,0.6999999999999715,0.8660254037844387,-0.4999999999999998,1002.4,16.2,0.0,15.233333333333341,1005.9999999999999
3759,3759,2025-04-17,14.3,8.8,20.6,0.0,1011.7,1,4,107,1008.1,13.1,0.5,14.533333333333344,0.6999999999999715,0.8660254037844387,-0.4999999999999998,1008.1,13.1,0.5,14.533333333333344,1007.4
3760,3760,2025-04-18,14.8,9.9,18.7,1.7,1014.2,1,4,108,1011.7,14.3,0.0,14.066666666666677,2.1999999999999713,0.8660254037844387,-0.4999999999999998,1011.7,14.3,0.0,14.066666666666677,1011.3333333333334
3761,3761,2025-04-19,15.9,10.6,20.1,6.4,1005.7,0,4,109,1014.2,14.8,1.7,15.000000000000009,8.599999999999971,0.8660254037844387,-0.4999999999999998,1014.2,14.8,1.7,15.000000000000009,1010.5333333333333
3762,3762,2025-04-20,14.0,8.3,19.0,0.0,1009.4,0,4,110,1005.7,15.9,6.4,14.900000000000011,8.599999999999971,0.8660254037844387,-0.4999999999999998,1005.7,15.9,6.4,14.900000000000011,1009.7666666666665
3763,3763,2025-04-21,14.6,10.3,18.5,0.0,1015.5,0,4,111,1009.4,14.0,0.0,14.833333333333343,8.599999999999971,0.8660254037844387,-0.4999999999999998,1009.4,14.0,0.0,14.833333333333343,1010.1999999999999
3764,3764,2025-04-22,16.1,12.2,20.7,0.0,1018.1,0,4,112,1015.5,14.6,0.0,14.900000000000011,8.599999999999971,0.8660254037844387,-0.4999999999999998,1015.5,14.6,0.0,14.900000000000011,1014.3333333333331
3765,3765,2025-04-23,15.9,12.3,19.7,0.0,1020.1,0,4,113,1018.1,16.1,0.0,15.533333333333344,8.099999999999971,0.8660254037844387,-0.4999999999999998,1018.1,16.1,0.0,15.533333333333344,1017.9
3766,3766,2025-04-24,16.1,12.7,19.7,0.0,1018.7,0,4,114,1020.1,15.9,0.0,16.033333333333342,8.099999999999971,0.8660254037844387,-0.4999999999999998,1020.1,15.9,0.0,16.033333333333342,1018.9666666666666
3767,3767,2025-04-25,16.8,15.1,19.6,0.0,1015.9,1,4,115,1018.7,16.1,0.0,16.266666666666676,6.399999999999971,0.8660254037844387,-0.4999999999999998,1018.7,16.1,0.0,16.266666666666676,1018.2333333333332
3768,3768,2025-04-26,15.7,12.8,18.3,19.9,1015.1,1,4,116,1015.9,16.8,0.0,16.20000000000001,19.89999999999997,0.8660254037844387,-0.4999999999999998,1015.9,16.8,0.0,16.20000000000001,1016.5666666666666
3769,3769,2025-04-27,15.3,11.3,20.0,0.3,1020.0,0,4,117,1015.1,15.7,19.9,15.933333333333342,20.19999999999997,0.8660254037844387,-0.4999999999999998,1015.1,15.7,19.9,15.933333333333342,1017.0
3770,3770,2025-04-28,16.3,12.1,21.4,0.0,1022.1,0,4,118,1020.0,15.3,0.3,15.766666666666675,20.19999999999997,0.8660254037844387,-0.4999999999999998,1020.0,15.3,0.3,15.766666666666675,1019.0666666666666
3771,3771,2025-04-29,16.3,12.6,19.8,0.0,1021.3,0,4,119,1022.1,16.3,0.0,15.966666666666677,20.19999999999997,0.8660254037844387,-0.4999999999999998,1022.1,16.3,0.0,15.966666666666677,1021.1333333333332
3772,3772,2025-04-30,17.6,14.3,21.0,0.0,1020.0,0,4,120,1021.3,16.3,0.0,16.733333333333345,20.19999999999997,0.8660254037844387,-0.4999999999999998,1021.3,16.3,0.0,16.733333333333345,1021.1333333333332
3773,3773,2025-05-01,18.4,14.7,22.7,0.0,1018.7,1,5,121,1020.0,17.6,0.0,17.43333333333334,20.19999999999997,0.49999999999999994,-0.8660254037844387,1020.0,17.6,0.0,17.43333333333334,1020.0
3774,3774,2025-05-02,18.0,15.7,21.0,6.0,1017.4,1,5,122,1018.7,18.4,0.0,18.00000000000001,26.19999999999997,0.49999999999999994,-0.8660254037844387,1018.7,18.4,0.0,18.00000000000001,1018.6999999999998
3775,3775,2025-05-03,18.3,15.7,24.1,0.2,1014.0,1,5,123,1017.4,18.0,6.0,18.23333333333334,6.499999999999972,0.49999999999999994,-0.8660254037844387,1017.4,18.0,6.0,18.23333333333334,1016.6999999999998
3776,3776,2025-05-04,18.4,16.1,21.3,0.1,1008.8,1,5,124,1014.0,18.3,0.2,18.23333333333334,6.299999999999971,0.49999999999999994,-0.8660254037844387,1014.0,18.3,0.2,18.23333333333334,1013.4
3777,3777,2025-05-05,16.7,13.3,21.8,26.1,1007.4,1,5,125,1008.8,18.4,0.1,17.80000000000001,32.39999999999997,0.49999999999999994,-0.8660254037844387,1008.8,18.4,0.1,17.80000000000001,1010.0666666666666
3778,3778,2025-05-06,14.3,11.0,17.9,4.9,1012.4,0,5,126,1007.4,16.7,26.1,16.466666666666676,37.299999999999976,0.49999999999999994,-0.8660254037844387,1007.4,16.7,26.1,16.466666666666676,1009.5333333333332
3779,3779,2025-05-07,14.4,10.0,18.7,0.0,1015.0,1,5,127,1012.4,14.3,4.9,15.133333333333342,37.299999999999976,0.49999999999999994,-0.8660254037844387,1012.4,14.3,4.9,15.133333333333342,1011.5999999999999
3780,3780,2025-05-08,15.7,11.4,20.1,11.4,1012.5,1,5,128,1015.0,14.4,0.0,14.80000000000001,48.699999999999974,0.49999999999999994,-0.8660254037844387,1015.0,14.4,0.0,14.80000000000001,1013.2999999999998
3781,3781,2025-05-09,16.7,14.2,19.0,8.8,1012.5,1,5,129,1012.5,15.7,11.4,15.600000000000009,51.49999999999997,0.49999999999999994,-0.8660254037844387,1012.5,15.7,11.4,15.600000000000009,1013.3333333333334
3782,3782,2025-05-10,18.2,15.8,20.7,1.8,1014.2,0,5,130,1012.5,16.7,8.8,16.866666666666678,53.09999999999997,0.49999999999999994,-0.8660254037844387,1012.5,16.7,8.8,16.866666666666678,1013.0666666666666
3783,3783,2025-05-11,17.8,14.1,21.4,0.0,1011.3,0,5,131,1014.2,18.2,1.8,17.566666666666677,52.99999999999998,0.49999999999999994,-0.8660254037844387,1014.2,18.2,1.8,17.566666666666677,1012.6666666666666
3784,3784,2025-05-12,17.0,13.0,20.1,0.0,1013.7,0,5,132,1011.3,17.8,0.0,17.666666666666675,26.899999999999974,0.49999999999999994,-0.8660254037844387,1011.3,17.8,0.0,17.666666666666675,1013.0666666666666
3785,3785,2025-05-13,17.2,13.1,21.1,0.0,1014.3,0,5,133,1013.7,17.0,0.0,17.333333333333343,21.99999999999997,0.49999999999999994,-0.8660254037844387,1013.7,17.0,0.0,17.333333333333343,1013.0999999999999
3786,3786,2025-05-14,17.6,13.3,21.4,0.0,1015.1,1,5,134,1014.3,17.2,0.0,17.266666666666676,21.99999999999997,0.49999999999999994,-0.8660254037844387,1014.3,17.2,0.0,17.266666666666676,1014.3666666666667
3787,3787,2025-05-15,18.5,13.9,23.9,0.2,1013.1,0,5,135,1015.1,17.6,0.0,17.766666666666676,10.799999999999972,0.49999999999999994,-0.8660254037844387,1015.1,17.6,0.0,17.766666666666676,1014.1666666666666
3788,3788,2025-05-16,19.4,16.3,23.9,0.0,1013.2,0,5,136,1013.1,18.5,0.2,18.50000000000001,1.9999999999999716,0.49999999999999994,-0.8660254037844387,1013.1,18.5,0.2,18.50000000000001,1013.7999999999998
3789,3789,2025-05-17,18.9,15.1,22.9,0.0,1016.0,0,5,137,1013.2,19.4,0.0,18.933333333333344,0.1999999999999716,0.49999999999999994,-0.8660254037844387,1013.2,19.4,0.0,18.933333333333344,1014.1
3790,3790,2025-05-18,19.0,15.1,22.5,0.0,1016.1,0,5,138,1016.0,18.9,0.0,19.10000000000001,0.1999999999999716,0.49999999999999994,-0.8660254037844387,1016.0,18.9,0.0,19.10000000000001,1015.0999999999999
3791,3791,2025-05-19,20.2,16.3,24.1,0.0,1013.8,0,5,139,1016.1,19.0,0.0,19.366666666666678,0.1999999999999716,0.49999999999999994,-0.8660254037844387,1016.1,19.0,0.0,19.366666666666678,1015.2999999999998
3792,3792,2025-05-20,19.4,15.6,25.4,0.0,1016.0,1,5,140,1013.8,20.2,0.0,19.533333333333342,0.1999999999999716,0.49999999999999994,-0.8660254037844387,1013.8,20.2,0.0,19.533333333333342,1015.2999999999998
3793,3793,2025-05-21,19.6,16.2,23.2,1.1,1017.0,1,5,141,1016.0,19.4,0.0,19.733333333333345,1.2999999999999716,0.49999999999999994,-0.8660254037844387,1016.0,19.4,0.0,19.733333333333345,1015.5999999999999
3794,3794,2025-05-22,18.0,15.7,20.0,1.7,1015.1,0,5,142,1017.0,19.6,1.1,19.00000000000001,2.7999999999999714,0.49999999999999994,-0.8660254037844387,1017.0,19.6,1.1,19.00000000000001,1016.0333333333332
3795,3795,2025-05-23,18.5,14.4,22.5,0.0,1016.5,0,5,143,1015.1,18.0,1.7,18.700000000000014,2.7999999999999714,0.49999999999999994,-0.8660254037844387,1015.1,18.0,1.7,18.700000000000014,1016.1999999999998
3796,3796,2025-05-24,18.6,14.4,22.3,0.0,1018.7,0,5,144,1016.5,18.5,0.0,18.366666666666678,2.7999999999999714,0.49999999999999994,-0.8660254037844387,1016.5,18.5,0.0,18.366666666666678,1016.7666666666665
3797,3797,2025-05-25,19.1,14.5,22.9,0.0,1019.4,0,5,145,1018.7,18.6,0.0,18.733333333333345,2.7999999999999714,0.49999999999999994,-0.8660254037844387,1018.7,18.6,0.0,18.733333333333345,1018.1999999999999
3798,3798,2025-05-26,19.9,16.4,23.2,0.0,1020.5,0,5,146,1019.4,19.1,0.0,19.200000000000014,2.7999999999999714,0.49999999999999994,-0.8660254037844387,1019.4,19.1,0.0,19.200000000000014,1019.5333333333333
3799,3799,2025-05-27,20.1,16.9,23.6,0.0,1021.9,0,5,147,1020.5,19.9,0.0,19.700000000000014,2.7999999999999714,0.49999999999999994,-0.8660254037844387,1020.5,19.9,0.0,19.700000000000014,1020.5999999999999
3800,3800,2025-05-28,20.5,16.6,24.1,0.0,1022.7,0,5,148,1021.9,20.1,0.0,20.166666666666675,1.6999999999999715,0.49999999999999994,-0.8660254037844387,1021.9,20.1,0.0,20.166666666666675,1021.6999999999998
3801,3801,2025-05-29,21.3,17.3,25.6,0.0,1022.3,0,5,149,1022.7,20.5,0.0,20.633333333333344,0.0,0.49999999999999994,-0.8660254037844387,1022.7,20.5,0.0,20.633333333333344,1022.2999999999998
3802,3802,2025-05-30,22.9,18.7,26.8,0.0,1020.5,0,5,150,1022.3,21.3,0.0,21.566666666666677,0.0,0.49999999999999994,-0.8660254037844387,1022.3,21.3,0.0,21.566666666666677,1021.8333333333334
3803,3803,2025-05-31,23.2,19.6,27.2,0.0,1020.0,0,5,151,1020.5,22.9,0.0,22.46666666666668,0.0,0.49999999999999994,-0.8660254037844387,1020.5,22.9,0.0,22.46666666666668,1020.9333333333333
3804,3804,2025-06-01,23.3,20.8,26.6,0.0,1018.0,0,6,152,1020.0,23.2,0.0,23.133333333333344,0.0,1.2246467991473532e-16,-1.0,1020.0,23.2,0.0,23.133333333333344,1019.5
3805,3805,2025-06-02,23.3,21.5,27.3,0.0,1017.6,0,6,153,1018.0,23.3,0.0,23.266666666666676,0.0,1.2246467991473532e-16,-1.0,1018.0,23.3,0.0,23.266666666666676,1018.5333333333333
3806,3806,2025-06-03,22.4,18.6,27.4,0.0,1013.3,0,6,154,1017.6,23.3,0.0,23.00000000000001,0.0,1.2246467991473532e-16,-1.0,1017.6,23.3,0.0,23.00000000000001,1016.2999999999998
3807,3807,2025-06-04,22.9,19.9,26.9,0.0,1012.7,0,6,155,1013.3,22.4,0.0,22.866666666666678,0.0,1.2246467991473532e-16,-1.0,1013.3,22.4,0.0,22.866666666666678,1014.5333333333333
3808,3808,2025-06-05,22.3,20.8,24.6,0.0,1016.2,0,6,156,1012.7,22.9,0.0,22.533333333333342,0.0,1.2246467991473532e-16,-1.0,1012.7,22.9,0.0,22.533333333333342,1014.0666666666666
3809,3809,2025-06-06,22.4,20.0,26.0,0.0,1016.9,0,6,157,1016.2,22.3,0.0,22.533333333333342,0.0,1.2246467991473532e-16,-1.0,1016.2,22.3,0.0,22.533333333333342,1015.2666666666665
3810,3810,2025-06-07,22.7,19.0,26.0,0.0,1015.9,0,6,158,1016.9,22.4,0.0,22.46666666666668,0.0,1.2246467991473532e-16,-1.0,1016.9,22.4,0.0,22.46666666666668,1016.3333333333334
3811,3811,2025-06-08,22.0,19.5,24.7,0.0,1019.8,0,6,159,1015.9,22.7,0.0,22.366666666666678,0.0,1.2246467991473532e-16,-1.0,1015.9,22.7,0.0,22.366666666666678,1017.5333333333332
3812,3812,2025-06-09,22.4,18.9,26.0,0.0,1020.4,0,6,160,1019.8,22.0,0.0,22.366666666666674,0.0,1.2246467991473532e-16,-1.0,1019.8,22.0,0.0,22.366666666666674,1018.6999999999998
3813,3813,2025-06-10,24.7,22.1,29.1,0.0,1018.8,0,6,161,1020.4,22.4,0.0,23.033333333333342,0.0,1.2246467991473532e-16,-1.0,1020.4,22.4,0.0,23.033333333333342,1019.6666666666665
3814,3814,2025-06-11,25.3,21.3,30.0,0.0,1015.0,0,6,162,1018.8,24.7,0.0,24.133333333333344,0.0,1.2246467991473532e-16,-1.0,1018.8,24.7,0.0,24.133333333333344,1018.0666666666666
3815,3815,2025-06-12,25.0,21.8,28.4,0.0,1014.2,0,6,163,1015.0,25.3,0.0,25.00000000000001,0.0,1.2246467991473532e-16,-1.0,1015.0,25.3,0.0,25.00000000000001,1016.0
3816,3816,2025-06-13,24.9,23.5,27.9,0.0,1017.6,0,6,164,1014.2,25.0,0.0,25.066666666666677,0.0,1.2246467991473532e-16,-1.0,1014.2,25.0,0.0,25.066666666666677,1015.5999999999999
3817,3817,2025-06-14,25.6,22.5,29.5,0.0,1018.3,0,6,165,1017.6,24.9,0.0,25.166666666666675,0.0,1.2246467991473532e-16,-1.0,1017.6,24.9,0.0,25.166666666666675,1016.6999999999999
3818,3818,2025-06-15,25.9,23.5,29.7,0.0,1019.5,0,6,166,1018.3,25.6,0.0,25.46666666666668,0.0,1.2246467991473532e-16,-1.0,1018.3,25.6,0.0,25.46666666666668,1018.4666666666666
3819,3819,2025-06-16,24.5,22.3,27.7,0.0,1020.9,0,6,167,1019.5,25.9,0.0,25.333333333333343,0.0,1.2246467991473532e-16,-1.0,1019.5,25.9,0.0,25.333333333333343,1019.5666666666666
3820,3820,2025-06-17,24.3,21.2,27.6,0.0,1020.1,0,6,168,1020.9,24.5,0.0,24.90000000000001,0.0,1.2246467991473532e-16,-1.0,1020.9,24.5,0.0,24.90000000000001,1020.1666666666665
3821,3821,2025-06-18,25.7,21.9,30.1,0.0,1020.4,0,6,169,1020.1,24.3,0.0,24.833333333333343,0.0,1.2246467991473532e-16,-1.0,1020.1,24.3,0.0,24.833333333333343,1020.4666666666666
3822,3822,2025-06-19,25.6,22.5,28.9,0.0,1019.4,0,6,170,1020.4,25.7,0.0,25.200000000000014,0.0,1.2246467991473532e-16,-1.0,1020.4,25.7,0.0,25.200000000000014,1019.9666666666666
3823,3823,2025-06-20,25.9,22.6,29.7,0.0,1019.0,0,6,171,1019.4,25.6,0.0,25.733333333333345,0.0,1.2246467991473532e-16,-1.0,1019.4,25.6,0.0,25.733333333333345,1019.5999999999999
3824,3824,2025-06-21,26.2,23.3,30.4,0.0,1017.8,0,6,172,1019.0,25.9,0.0,25.90000000000001,0.0,1.2246467991473532e-16,-1.0,1019.0,25.9,0.0,25.90000000000001,1018.7333333333332
3825,3825,2025-06-22,26.9,23.5,29.7,0.0,1018.6,0,6,173,1017.8,26.2,0.0,26.333333333333343,0.0,1.2246467991473532e-16,-1.0,1017.8,26.2,0.0,26.333333333333343,1018.4666666666666
3826,3826,2025-06-23,26.9,23.3,30.2,0.0,1018.0,0,6,174,1018.6,26.9,0.0,26.666666666666675,0.0,1.2246467991473532e-16,-1.0,1018.6,26.9,0.0,26.666666666666675,1018.1333333333332
3827,3827,2025-06-24,26.8,22.8,31.4,0.0,1016.4,0,6,175,1018.0,26.9,0.0,26.866666666666674,0.0,1.2246467991473532e-16,-1.0,1018.0,26.9,0.0,26.866666666666674,1017.6666666666666
3828,3828,2025-06-25,27.7,23.3,32.9,0.0,1014.0,0,6,176,1016.4,26.8,0.0,27.133333333333344,0.0,1.2246467991473532e-16,-1.0,1016.4,26.8,0.0,27.133333333333344,1016.1333333333332
3829,3829,2025-06-26,27.0,24.9,30.2,0.0,1016.9,0,6,177,1014.0,27.7,0.0,27.166666666666675,0.0,1.2246467991473532e-16,-1.0,1014.0,27.7,0.0,27.166666666666675,1015.7666666666665
3830,3830,2025-06-27,27.3,24.1,31.3,0.0,1021.5,0,6,178,1016.9,27.0,0.0,27.333333333333343,0.0,1.2246467991473532e-16,-1.0,1016.9,27.0,0.0,27.333333333333343,1017.4666666666666
3831,3831,2025-06-28,27.1,24.7,30.8,0.0,1021.9,0,6,179,1021.5,27.3,0.0,27.133333333333344,0.0,1.2246467991473532e-16,-1.0,1021.5,27.3,0.0,27.133333333333344,1020.0999999999999
3832,3832,2025-06-29,29.0,24.9,34.8,0.0,1019.6,0,6,180,1021.9,27.1,0.0,27.80000000000001,0.0,1.2246467991473532e-16,-1.0,1021.9,27.1,0.0,27.80000000000001,1021.0
3833,3833,2025-06-30,29.1,25.8,34.3,0.0,1016.3,0,6,181,1019.6,29.0,0.0,28.40000000000001,0.0,1.2246467991473532e-16,-1.0,1019.6,29.0,0.0,28.40000000000001,1019.2666666666665
3834,3834,2025-07-01,29.3,25.6,33.5,0.0,1015.0,0,7,182,1016.3,29.1,0.0,29.133333333333344,0.0,-0.4999999999999997,-0.8660254037844388,1016.3,29.1,0.0,29.133333333333344,1016.9666666666666
3835,3835,2025-07-02,28.4,24.1,33.1,0.0,1015.1,0,7,183,1015.0,29.3,0.0,28.933333333333348,0.0,-0.4999999999999997,-0.8660254037844388,1015.0,29.3,0.0,28.933333333333348,1015.4666666666666
3836,3836,2025-07-03,28.1,25.5,30.9,0.0,1019.5,0,7,184,1015.1,28.4,0.0,28.600000000000012,0.0,-0.4999999999999997,-0.8660254037844388,1015.1,28.4,0.0,28.600000000000012,1016.5333333333333
3837,3837,2025-07-04,27.9,24.1,31.6,0.0,1020.4,0,7,185,1019.5,28.1,0.0,28.133333333333344,0.0,-0.4999999999999997,-0.8660254037844388,1019.5,28.1,0.0,28.133333333333344,1018.3333333333334
3838,3838,2025-07-05,27.8,23.6,32.6,0.0,1017.5,0,7,186,1020.4,27.9,0.0,27.93333333333334,0.0,-0.4999999999999997,-0.8660254037844388,1020.4,27.9,0.0,27.93333333333334,1019.1333333333332
3839,3839,2025-07-06,27.0,23.5,31.2,0.0,1013.6,1,7,187,1017.5,27.8,0.0,27.566666666666677,0.0,-0.4999999999999997,-0.8660254037844388,1017.5,27.8,0.0,27.566666666666677,1017.1666666666666
3840,3840,2025-07-07,25.8,23.6,29.7,0.1,1012.0,0,7,188,1013.6,27.0,0.0,26.866666666666674,0.09999999999997158,-0.4999999999999997,-0.8660254037844388,1013.6,27.0,0.0,26.866666666666674,1014.3666666666667
3841,3841,2025-07-08,24.6,22.4,28.1,0.0,1015.1,0,7,189,1012.0,25.8,0.1,25.80000000000001,0.09999999999997158,-0.4999999999999997,-0.8660254037844388,1012.0,25.8,0.1,25.80000000000001,1013.5666666666666
3842,3842,2025-07-09,25.2,24.7,27.0,0.0,1018.6,1,7,190,1015.1,24.6,0.0,25.200000000000014,0.09999999999997158,-0.4999999999999997,-0.8660254037844388,1015.1,24.6,0.0,25.200000000000014,1015.2333333333332
3843,3843,2025-07-10,25.4,24.0,28.1,0.3,1017.2,0,7,191,1018.6,25.2,0.0,25.066666666666677,0.3999999999999716,-0.4999999999999997,-0.8660254037844388,1018.6,25.2,0.0,25.066666666666677,1016.9666666666667
3844,3844,2025-07-11,26.5,23.3,30.0,0.0,1014.0,1,7,192,1017.2,25.4,0.3,25.700000000000006,0.39999999999997154,-0.4999999999999997,-0.8660254037844388,1017.2,25.4,0.3,25.700000000000006,1016.5999999999999
3845,3845,2025-07-12,24.8,18.9,29.7,11.8,1010.9,0,7,193,1014.0,26.5,0.0,25.566666666666677,12.199999999999973,-0.4999999999999997,-0.8660254037844388,1014.0,26.5,0.0,25.566666666666677,1014.0333333333333
3846,3846,2025-07-13,24.8,19.9,29.2,0.0,1013.8,0,7,194,1010.9,24.8,11.8,25.366666666666678,12.199999999999973,-0.4999999999999997,-0.8660254037844388,1010.9,24.8,11.8,25.366666666666678,1012.9
3847,3847,2025-07-14,26.4,22.2,31.6,0.0,1019.2,0,7,195,1013.8,24.8,0.0,25.333333333333343,12.099999999999973,-0.4999999999999997,-0.8660254037844388,1013.8,24.8,0.0,25.333333333333343,1014.6333333333332
3848,3848,2025-07-15,26.6,22.8,30.5,0.0,1019.4,0,7,196,1019.2,26.4,0.0,25.933333333333348,12.099999999999973,-0.4999999999999997,-0.8660254037844388,1019.2,26.4,0.0,25.933333333333348,1017.4666666666666
3849,3849,2025-07-16,26.9,23.8,31.3,0.0,1018.3,0,7,197,1019.4,26.6,0.0,26.633333333333344,12.099999999999973,-0.4999999999999997,-0.8660254037844388,1019.4,26.6,0.0,26.633333333333344,1018.9666666666666
3850,3850,2025-07-17,27.1,23.3,30.9,0.0,1015.3,1,7,198,1018.3,26.9,0.0,26.866666666666678,11.799999999999972,-0.4999999999999997,-0.8660254037844388,1018.3,26.9,0.0,26.866666666666678,1017.6666666666665
3851,3851,2025-07-18,27.4,24.0,30.8,0.2,1011.2,0,7,199,1015.3,27.1,0.0,27.133333333333344,11.999999999999972,-0.4999999999999997,-0.8660254037844388,1015.3,27.1,0.0,27.133333333333344,1014.9333333333333
3852,3852,2025-07-19,27.6,26.1,31.1,0.0,1008.5,0,7,200,1011.2,27.4,0.2,27.366666666666678,0.1999999999999716,-0.4999999999999997,-0.8660254037844388,1011.2,27.4,0.2,27.366666666666678,1011.6666666666666
3853,3853,2025-07-20,27.6,26.4,30.6,0.0,1007.1,0,7,201,1008.5,27.6,0.0,27.533333333333346,0.1999999999999716,-0.4999999999999997,-0.8660254037844388,1008.5,27.6,0.0,27.533333333333346,1008.9333333333333
3854,3854,2025-07-21,25.9,23.7,28.0,0.0,1010.7,0,7,202,1007.1,27.6,0.0,27.033333333333346,0.1999999999999716,-0.4999999999999997,-0.8660254037844388,1007.1,27.6,0.0,27.033333333333346,1008.7666666666668
3855,3855,2025-07-22,25.6,21.9,28.8,0.0,1016.2,1,7,203,1010.7,25.9,0.0,26.366666666666678,0.1999999999999716,-0.4999999999999997,-0.8660254037844388,1010.7,25.9,0.0,26.366666666666678,1011.3333333333334
3856,3856,2025-07-23,26.3,20.2,29.7,18.3,1013.6,1,7,204,1016.2,25.6,0.0,25.933333333333348,18.49999999999997,-0.4999999999999997,-0.8660254037844388,1016.2,25.6,0.0,25.933333333333348,1013.5
3857,3857,2025-07-24,20.6,19.5,22.3,3.1,1014.5,1,7,205,1013.6,26.3,18.3,24.166666666666675,21.599999999999973,-0.4999999999999997,-0.8660254037844388,1013.6,26.3,18.3,24.166666666666675,1014.7666666666665
3858,3858,2025-07-25,22.9,18.5,28.1,0.4,1015.8,0,7,206,1014.5,20.6,3.1,23.26666666666668,21.799999999999972,-0.4999999999999997,-0.8660254037844388,1014.5,20.6,3.1,23.26666666666668,1014.6333333333332
3859,3859,2025-07-26,24.1,20.1,27.9,0.0,1017.2,1,7,207,1015.8,22.9,0.4,22.533333333333346,21.799999999999972,-0.4999999999999997,-0.8660254037844388,1015.8,22.9,0.4,22.533333333333346,1015.8333333333334
3860,3860,2025-07-27,25.3,21.0,29.8,17.3,1016.4,0,7,208,1017.2,24.1,0.0,24.10000000000001,39.09999999999997,-0.4999999999999997,-0.8660254037844388,1017.2,24.1,0.0,24.10000000000001,1016.4666666666666
3861,3861,2025-07-28,24.8,21.9,27.3,0.0,1014.9,0,7,209,1016.4,25.3,17.3,24.73333333333335,39.09999999999997,-0.4999999999999997,-0.8660254037844388,1016.4,25.3,17.3,24.73333333333335,1016.1666666666665
3862,3862,2025-07-29,25.1,21.6,28.0,0.0,1017.1,0,7,210,1014.9,24.8,0.0,25.066666666666677,39.09999999999997,-0.4999999999999997,-0.8660254037844388,1014.9,24.8,0.0,25.066666666666677,1016.1333333333332
3863,3863,2025-07-30,24.7,21.8,27.7,0.0,1018.3,1,7,211,1017.1,25.1,0.0,24.866666666666678,20.799999999999972,-0.4999999999999997,-0.8660254037844388,1017.1,25.1,0.0,24.866666666666678,1016.7666666666665
3864,3864,2025-07-31,25.2,21.8,29.4,0.3,1018.4,0,7,212,1018.3,24.7,0.0,25.00000000000001,17.99999999999997,-0.4999999999999997,-0.8660254037844388,1018.3,24.7,0.0,25.00000000000001,1017.9333333333333
3865,3865,2025-08-01,25.3,21.8,29.0,0.0,1015.3,0,8,213,1018.4,25.2,0.3,25.066666666666677,17.599999999999973,-0.8660254037844385,-0.5000000000000004,1018.4,25.2,0.3,25.066666666666677,1017.3333333333331
3866,3866,2025-08-02,26.1,24.4,29.1,0.0,1014.1,0,8,214,1015.3,25.3,0.0,25.533333333333346,17.599999999999973,-0.8660254037844385,-0.5000000000000004,1015.3,25.3,0.0,25.533333333333346,1015.9333333333333
3867,3867,2025-08-03,25.3,23.8,28.0,0.0,1017.9,0,8,215,1014.1,26.1,0.0,25.566666666666677,0.29999999999997157,-0.8660254037844385,-0.5000000000000004,1014.1,26.1,0.0,25.566666666666677,1015.7666666666665
3868,3868,2025-08-04,25.7,22.4,29.6,0.0,1020.4,0,8,216,1017.9,25.3,0.0,25.700000000000014,0.29999999999997157,-0.8660254037844385,-0.5000000000000004,1017.9,25.3,0.0,25.700000000000014,1017.4666666666666
3869,3869,2025-08-05,26.2,22.8,30.3,0.0,1019.5,0,8,217,1020.4,25.7,0.0,25.733333333333345,0.29999999999997157,-0.8660254037844385,-0.5000000000000004,1020.4,25.7,0.0,25.733333333333345,1019.2666666666665
3870,3870,2025-08-06,26.1,22.7,29.8,0.0,1018.9,0,8,218,1019.5,26.2,0.0,26.00000000000001,0.29999999999997157,-0.8660254037844385,-0.5000000000000004,1019.5,26.2,0.0,26.00000000000001,1019.5999999999999
3871,3871,2025-08-07,26.1,23.1,29.7,0.0,1018.0,0,8,219,1018.9,26.1,0.0,26.133333333333344,0.0,-0.8660254037844385,-0.5000000000000004,1018.9,26.1,0.0,26.133333333333344,1018.7999999999998
3872,3872,2025-08-08,26.4,22.3,30.4,0.0,1018.9,0,8,220,1018.0,26.1,0.0,26.200000000000006,0.0,-0.8660254037844385,-0.5000000000000004,1018.0,26.1,0.0,26.200000000000006,1018.5999999999999
3873,3873,2025-08-09,26.4,22.8,29.9,0.0,1019.5,0,8,221,1018.9,26.4,0.0,26.30000000000001,0.0,-0.8660254037844385,-0.5000000000000004,1018.9,26.4,0.0,26.30000000000001,1018.7999999999998
3874,3874,2025-08-10,28.2,24.4,33.0,0.0,1019.4,1,8,222,1019.5,26.4,0.0,27.00000000000001,0.0,-0.8660254037844385,-0.5000000000000004,1019.5,26.4,0.0,27.00000000000001,1019.2666666666665
3875,3875,2025-08-11,29.1,26.6,33.1,0.3,1016.3,0,8,223,1019.4,28.2,0.0,27.90000000000001,0.29999999999997157,-0.8660254037844385,-0.5000000000000004,1019.4,28.2,0.0,27.90000000000001,1018.4
3876,3876,2025-08-12,28.4,25.2,32.2,0.0,1015.5,0,8,224,1016.3,29.1,0.3,28.566666666666677,0.29999999999997157,-0.8660254037844385,-0.5000000000000004,1016.3,29.1,0.3,28.566666666666677,1017.0666666666666
3877,3877,2025-08-13,28.2,25.4,31.7,0.0,1015.1,0,8,225,1015.5,28.4,0.0,28.566666666666677,0.29999999999997157,-0.8660254037844385,-0.5000000000000004,1015.5,28.4,0.0,28.566666666666677,1015.6333333333332
3878,3878,2025-08-14,28.2,24.1,33.7,0.0,1016.1,0,8,226,1015.1,28.2,0.0,28.266666666666676,0.29999999999997157,-0.8660254037844385,-0.5000000000000004,1015.1,28.2,0.0,28.266666666666676,1015.5666666666666
3879,3879,2025-08-15,28.1,25.0,33.3,0.0,1017.9,0,8,227,1016.1,28.2,0.0,28.166666666666675,0.29999999999997157,-0.8660254037844385,-0.5000000000000004,1016.1,28.2,0.0,28.166666666666675,1016.3666666666667
3880,3880,2025-08-16,29.2,25.6,36.7,0.0,1016.4,0,8,228,1017.9,28.1,0.0,28.50000000000001,0.29999999999997157,-0.8660254037844385,-0.5000000000000004,1017.9,28.1,0.0,28.50000000000001,1016.7999999999998
3881,3881,2025-08-17,28.8,26.1,35.6,0.0,1013.5,1,8,229,1016.4,29.2,0.0,28.700000000000014,0.29999999999997157,-0.8660254037844385,-0.5000000000000004,1016.4,29.2,0.0,28.700000000000014,1015.9333333333333
3882,3882,2025-08-18,28.1,25.3,32.3,0.1,1013.3,1,8,230,1013.5,28.8,0.0,28.700000000000014,0.09999999999997158,-0.8660254037844385,-0.5000000000000004,1013.5,28.8,0.0,28.700000000000014,1014.4
3883,3883,2025-08-19,27.5,25.5,30.0,0.7,1011.9,1,8,231,1013.3,28.1,0.1,28.133333333333344,0.7999999999999715,-0.8660254037844385,-0.5000000000000004,1013.3,28.1,0.1,28.133333333333344,1012.9
3884,3884,2025-08-20,24.8,19.8,28.5,32.9,1009.7,0,8,232,1011.9,27.5,0.7,26.80000000000001,33.69999999999997,-0.8660254037844385,-0.5000000000000004,1011.9,27.5,0.7,26.80000000000001,1011.6333333333332
3885,3885,2025-08-21,23.6,19.5,29.2,0.0,1011.0,0,8,233,1009.7,24.8,32.9,25.30000000000001,33.69999999999997,-0.8660254037844385,-0.5000000000000004,1009.7,24.8,32.9,25.30000000000001,1010.8666666666667
3886,3886,2025-08-22,24.7,21.3,28.5,0.0,1014.9,0,8,234,1011.0,23.6,0.0,24.366666666666678,33.69999999999997,-0.8660254037844385,-0.5000000000000004,1011.0,23.6,0.0,24.366666666666678,1011.8666666666667
3887,3887,2025-08-23,25.1,21.3,28.9,0.0,1015.6,0,8,235,1014.9,24.7,0.0,24.46666666666668,33.69999999999997,-0.8660254037844385,-0.5000000000000004,1014.9,24.7,0.0,24.46666666666668,1013.8333333333334
3888,3888,2025-08-24,25.9,22.3,29.4,0.0,1015.1,1,8,236,1015.6,25.1,0.0,25.233333333333345,33.69999999999997,-0.8660254037844385,-0.5000000000000004,1015.6,25.1,0.0,25.233333333333345,1015.1999999999999
3889,3889,2025-08-25,25.4,23.2,28.5,1.5,1015.9,0,8,237,1015.1,25.9,0.0,25.46666666666668,35.099999999999966,-0.8660254037844385,-0.5000000000000004,1015.1,25.9,0.0,25.46666666666668,1015.5333333333332
3890,3890,2025-08-26,26.3,23.6,28.9,0.0,1012.8,0,8,238,1015.9,25.4,1.5,25.866666666666674,34.39999999999997,-0.8660254037844385,-0.5000000000000004,1015.9,25.4,1.5,25.866666666666674,1014.5999999999999
3891,3891,2025-08-27,26.8,24.5,30.8,0.0,1009.2,1,8,239,1012.8,26.3,0.0,26.166666666666675,1.4999999999999716,-0.8660254037844385,-0.5000000000000004,1012.8,26.3,0.0,26.166666666666675,1012.6333333333332
3892,3892,2025-08-28,25.2,20.7,29.0,48.7,1006.8,0,8,240,1009.2,26.8,0.0,26.100000000000012,50.199999999999974,-0.8660254037844385,-0.5000000000000004,1009.2,26.8,0.0,26.100000000000012,1009.5999999999999
3893,3893,2025-08-29,23.6,18.3,30.1,0.0,1010.0,0,8,241,1006.8,25.2,48.7,25.200000000000014,50.199999999999974,-0.8660254037844385,-0.5000000000000004,1006.8,25.2,48.7,25.200000000000014,1008.6666666666666
3894,3894,2025-08-30,23.5,19.1,27.9,0.0,1013.4,1,8,242,1010.0,23.6,0.0,24.100000000000012,50.199999999999974,-0.8660254037844385,-0.5000000000000004,1010.0,23.6,0.0,24.100000000000012,1010.0666666666666
3895,3895,2025-08-31,25.6,21.6,29.4,0.2,1011.6,0,8,243,1013.4,23.5,0.0,24.233333333333345,50.39999999999998,-0.8660254037844385,-0.5000000000000004,1013.4,23.5,0.0,24.233333333333345,1011.6666666666666
3896,3896,2025-09-01,25.2,21.5,28.6,0.0,1009.4,0,9,244,1011.6,25.6,0.2,24.76666666666668,48.89999999999998,-1.0,-1.8369701987210297e-16,1011.6,25.6,0.2,24.76666666666668,1011.4666666666666
3897,3897,2025-09-02,23.5,19.1,28.4,0.0,1014.9,0,9,245,1009.4,25.2,0.0,24.76666666666668,48.89999999999998,-1.0,-1.8369701987210297e-16,1009.4,25.2,0.0,24.76666666666668,1011.9666666666666
3898,3898,2025-09-03,24.2,19.4,28.8,0.0,1015.2,0,9,246,1014.9,23.5,0.0,24.30000000000001,48.89999999999998,-1.0,-1.8369701987210297e-16,1014.9,23.5,0.0,24.30000000000001,1013.1666666666666
3899,3899,2025-09-04,25.1,21.7,29.2,0.0,1014.2,0,9,247,1015.2,24.2,0.0,24.26666666666668,0.1999999999999716,-1.0,-1.8369701987210297e-16,1015.2,24.2,0.0,24.26666666666668,1014.7666666666665
3900,3900,2025-09-05,24.4,20.6,26.4,0.0,1020.0,0,9,248,1014.2,25.1,0.0,24.566666666666677,0.1999999999999716,-1.0,-1.8369701987210297e-16,1014.2,25.1,0.0,24.566666666666677,1016.4666666666666
3901,3901,2025-09-06,23.4,18.8,27.7,0.0,1018.7,0,9,249,1020.0,24.4,0.0,24.30000000000001,0.1999999999999716,-1.0,-1.8369701987210297e-16,1020.0,24.4,0.0,24.30000000000001,1017.6333333333332
3902,3902,2025-09-07,25.4,22.1,28.9,0.0,1015.5,1,9,250,1018.7,23.4,0.0,24.40000000000001,0.0,-1.0,-1.8369701987210297e-16,1018.7,23.4,0.0,24.40000000000001,1018.0666666666666
3903,3903,2025-09-08,25.4,24.3,27.5,0.2,1014.7,1,9,251,1015.5,25.4,0.0,24.733333333333338,0.1999999999999716,-1.0,-1.8369701987210297e-16,1015.5,25.4,0.0,24.733333333333338,1016.2999999999998
3904,3904,2025-09-09,23.1,19.4,24.8,2.3,1013.5,0,9,252,1014.7,25.4,0.2,24.633333333333344,2.4999999999999716,-1.0,-1.8369701987210297e-16,1014.7,25.4,0.2,24.633333333333344,1014.5666666666666
3905,3905,2025-09-10,23.2,18.9,28.6,0.0,1011.7,0,9,253,1013.5,23.1,2.3,23.90000000000001,2.4999999999999716,-1.0,-1.8369701987210297e-16,1013.5,23.1,2.3,23.90000000000001,1013.2999999999998
3906,3906,2025-09-11,23.1,19.3,27.8,0.0,1016.6,1,9,254,1011.7,23.2,0.0,23.133333333333344,2.4999999999999716,-1.0,-1.8369701987210297e-16,1011.7,23.2,0.0,23.133333333333344,1013.9333333333333
3907,3907,2025-09-12,22.9,20.4,26.8,4.1,1020.1,1,9,255,1016.6,23.1,0.0,23.066666666666677,6.599999999999971,-1.0,-1.8369701987210297e-16,1016.6,23.1,0.0,23.066666666666677,1016.1333333333332
3908,3908,2025-09-13,22.6,21.2,27.9,1.9,1017.8,0,9,256,1020.1,22.9,4.1,22.866666666666678,8.499999999999972,-1.0,-1.8369701987210297e-16,1020.1,22.9,4.1,22.866666666666678,1018.1666666666666
3909,3909,2025-09-14,24.0,20.8,27.0,0.0,1020.0,0,9,257,1017.8,22.6,1.9,23.166666666666675,8.499999999999972,-1.0,-1.8369701987210297e-16,1017.8,22.6,1.9,23.166666666666675,1019.2999999999998
3910,3910,2025-09-15,24.8,21.7,28.3,0.0,1020.5,0,9,258,1020.0,24.0,0.0,23.80000000000001,8.299999999999972,-1.0,-1.8369701987210297e-16,1020.0,24.0,0.0,23.80000000000001,1019.4333333333333
3911,3911,2025-09-16,24.3,22.3,26.9,0.0,1022.4,0,9,259,1020.5,24.8,0.0,24.366666666666678,5.999999999999972,-1.0,-1.8369701987210297e-16,1020.5,24.8,0.0,24.366666666666678,1020.9666666666666
3912,3912,2025-09-17,24.8,22.0,28.3,0.0,1022.0,0,9,260,1022.4,24.3,0.0,24.633333333333344,5.999999999999972,-1.0,-1.8369701987210297e-16,1022.4,24.3,0.0,24.633333333333344,1021.6333333333332
3913,3913,2025-09-18,24.8,21.9,28.3,0.0,1023.0,0,9,261,1022.0,24.8,0.0,24.633333333333344,5.999999999999972,-1.0,-1.8369701987210297e-16,1022.0,24.8,0.0,24.633333333333344,1022.4666666666666
3914,3914,2025-09-19,24.4,21.4,27.7,0.0,1023.9,1,9,262,1023.0,24.8,0.0,24.666666666666675,1.8999999999999715,-1.0,-1.8369701987210297e-16,1023.0,24.8,0.0,24.666666666666675,1022.9666666666666
3915,3915,2025-09-20,25.0,22.4,28.7,4.1,1020.3,1,9,263,1023.9,24.4,0.0,24.733333333333345,4.099999999999971,-1.0,-1.8369701987210297e-16,1023.9,24.4,0.0,24.733333333333345,1022.4
3916,3916,2025-09-21,23.2,18.6,27.2,19.2,1012.9,0,9,264,1020.3,25.0,4.1,24.200000000000006,23.29999999999997,-1.0,-1.8369701987210297e-16,1020.3,25.0,4.1,24.200000000000006,1019.0333333333332
3917,3917,2025-09-22,19.8,15.4,23.7,0.0,1013.8,1,9,265,1012.9,23.2,19.2,22.666666666666675,23.299999999999972,-1.0,-1.8369701987210297e-16,1012.9,23.2,19.2,22.666666666666675,1015.6666666666665
3918,3918,2025-09-23,18.1,13.9,22.8,10.3,1016.2,1,9,266,1013.8,19.8,0.0,20.366666666666678,33.59999999999997,-1.0,-1.8369701987210297e-16,1013.8,19.8,0.0,20.366666666666678,1014.2999999999998
3919,3919,2025-09-24,17.7,13.4,21.9,9.4,1018.2,0,9,267,1016.2,18.1,10.3,18.533333333333342,42.99999999999997,-1.0,-1.8369701987210297e-16,1016.2,18.1,10.3,18.533333333333342,1016.0666666666666
3920,3920,2025-09-25,18.2,14.5,22.7,0.0,1018.5,0,9,268,1018.2,17.7,9.4,18.00000000000001,42.99999999999997,-1.0,-1.8369701987210297e-16,1018.2,17.7,9.4,18.00000000000001,1017.6333333333333
3921,3921,2025-09-26,19.3,15.0,23.9,0.0,1018.4,0,9,269,1018.5,18.2,0.0,18.40000000000001,42.99999999999997,-1.0,-1.8369701987210297e-16,1018.5,18.2,0.0,18.40000000000001,1018.3666666666664
3922,3922,2025-09-27,20.4,16.4,24.4,0.0,1018.4,0,9,270,1018.4,19.3,0.0,19.300000000000008,38.89999999999997,-1.0,-1.8369701987210297e-16,1018.4,19.3,0.0,19.300000000000008,1018.4333333333333
3923,3923,2025-09-28,21.3,19.6,23.7,0.0,1016.6,0,9,271,1018.4,20.4,0.0,20.333333333333343,19.699999999999974,-1.0,-1.8369701987210297e-16,1018.4,20.4,0.0,20.333333333333343,1017.7999999999998
3924,3924,2025-09-29,20.6,16.6,23.7,0.0,1018.2,0,9,272,1016.6,21.3,0.0,20.76666666666668,19.699999999999974,-1.0,-1.8369701987210297e-16,1016.6,21.3,0.0,20.76666666666668,1017.7333333333332
3925,3925,2025-09-30,21.0,17.6,24.6,0.0,1019.5,1,9,273,1018.2,20.6,0.0,20.96666666666668,9.399999999999975,-1.0,-1.8369701987210297e-16,1018.2,20.6,0.0,20.96666666666668,1018.0999999999999
3926,3926,2025-10-01,20.7,16.9,25.0,4.9,1020.2,0,10,274,1019.5,21.0,0.0,20.766666666666676,4.8999999999999755,-0.8660254037844386,0.5000000000000001,1019.5,21.0,0.0,20.766666666666676,1019.2999999999998
3927,3927,2025-10-02,20.1,17.3,23.2,0.0,1021.6,0,10,275,1020.2,20.7,4.9,20.600000000000012,4.8999999999999755,-0.8660254037844386,0.5000000000000001,1020.2,20.7,4.9,20.600000000000012,1020.4333333333333
3928,3928,2025-10-03,21.1,17.6,25.5,0.0,1020.3,0,10,276,1021.6,20.1,0.0,20.633333333333344,4.8999999999999755,-0.8660254037844386,0.5000000000000001,1021.6,20.1,0.0,20.633333333333344,1020.6999999999999
3929,3929,2025-10-04,21.8,17.8,26.4,0.0,1017.1,1,10,277,1020.3,21.1,0.0,21.00000000000001,4.8999999999999755,-0.8660254037844386,0.5000000000000001,1020.3,21.1,0.0,21.00000000000001,1019.6666666666666
3930,3930,2025-10-05,20.4,15.8,23.8,1.8,1018.7,0,10,278,1017.1,21.8,0.0,21.100000000000012,6.699999999999975,-0.8660254037844386,0.5000000000000001,1017.1,21.8,0.0,21.100000000000012,1018.6999999999999
3931,3931,2025-10-06,18.7,15.0,22.2,0.0,1023.7,0,10,279,1018.7,20.4,1.8,20.300000000000008,6.699999999999975,-0.8660254037844386,0.5000000000000001,1018.7,20.4,1.8,20.300000000000008,1019.8333333333334
3932,3932,2025-10-07,18.7,13.3,24.2,0.0,1022.0,0,10,280,1023.7,18.7,0.0,19.266666666666676,6.699999999999975,-0.8660254037844386,0.5000000000000001,1023.7,18.7,0.0,19.266666666666676,1021.4666666666666
3933,3933,2025-10-08,20.4,16.9,24.8,0.0,1019.9,1,10,281,1022.0,18.7,0.0,19.266666666666676,1.7999999999999752,-0.8660254037844386,0.5000000000000001,1022.0,18.7,0.0,19.266666666666676,1021.8666666666667
3934,3934,2025-10-09,20.0,18.4,23.9,14.3,1020.2,0,10,282,1019.9,20.4,0.0,19.700000000000006,16.099999999999977,-0.8660254037844386,0.5000000000000001,1019.9,20.4,0.0,19.700000000000006,1020.6999999999999
3935,3935,2025-10-10,20.6,18.5,24.1,0.0,1023.9,0,10,283,1020.2,20.0,14.3,20.333333333333343,16.099999999999977,-0.8660254037844386,0.5000000000000001,1020.2,20.0,14.3,20.333333333333343,1021.3333333333334
3936,3936,2025-10-11,21.1,17.9,24.5,0.0,1024.6,1,10,284,1023.9,20.6,0.0,20.566666666666677,16.099999999999977,-0.8660254037844386,0.5000000000000001,1023.9,20.6,0.0,20.566666666666677,1022.9
3937,3937,2025-10-12,19.9,16.9,23.5,3.9,1022.1,1,10,285,1024.6,21.1,0.0,20.533333333333346,18.199999999999974,-0.8660254037844386,0.5000000000000001,1024.6,21.1,0.0,20.533333333333346,1023.5333333333333
3938,3938,2025-10-13,20.3,18.1,23.3,0.6,1018.9,1,10,286,1022.1,19.9,3.9,20.433333333333344,18.799999999999976,-0.8660254037844386,0.5000000000000001,1022.1,19.9,3.9,20.433333333333344,1021.8666666666664
3939,3939,2025-10-14,20.2,17.8,23.4,2.3,1017.8,0,10,287,1018.9,20.3,0.6,20.133333333333344,21.099999999999977,-0.8660254037844386,0.5000000000000001,1018.9,20.3,0.6,20.133333333333344,1019.5999999999999
3940,3940,2025-10-15,19.1,16.2,22.3,0.0,1018.6,1,10,288,1017.8,20.2,2.3,19.866666666666678,21.099999999999977,-0.8660254037844386,0.5000000000000001,1017.8,20.2,2.3,19.866666666666678,1018.4333333333333
3941,3941,2025-10-16,18.7,15.5,22.1,0.6,1018.1,1,10,289,1018.6,19.1,0.0,19.333333333333346,7.399999999999975,-0.8660254037844386,0.5000000000000001,1018.6,19.1,0.0,19.333333333333346,1018.1666666666666
3942,3942,2025-10-17,19.0,16.2,23.3,2.7,1017.5,1,10,290,1018.1,18.7,0.6,18.933333333333344,10.099999999999975,-0.8660254037844386,0.5000000000000001,1018.1,18.7,0.6,18.933333333333344,1018.0666666666666
3943,3943,2025-10-18,18.8,15.6,23.4,2.3,1019.4,1,10,291,1017.5,19.0,2.7,18.833333333333343,12.399999999999975,-0.8660254037844386,0.5000000000000001,1017.5,19.0,2.7,18.833333333333343,1018.3333333333334
3944,3944,2025-10-19,19.8,15.4,24.2,0.2,1017.3,0,10,292,1019.4,18.8,2.3,19.20000000000001,8.699999999999974,-0.8660254037844386,0.5000000000000001,1019.4,18.8,2.3,19.20000000000001,1018.0666666666666
3945,3945,2025-10-20,22.5,17.0,25.4,0.0,1008.6,0,10,293,1017.3,19.8,0.2,20.366666666666678,8.099999999999975,-0.8660254037844386,0.5000000000000001,1017.3,19.8,0.2,20.366666666666678,1015.0999999999999
3946,3946,2025-10-21,20.4,15.2,25.4,0.0,1007.4,0,10,294,1008.6,22.5,0.0,20.90000000000001,5.799999999999975,-0.8660254037844386,0.5000000000000001,1008.6,22.5,0.0,20.90000000000001,1011.0999999999999
3947,3947,2025-10-22,22.3,18.1,27.7,0.0,1007.9,0,10,295,1007.4,20.4,0.0,21.733333333333345,5.799999999999975,-0.8660254037844386,0.5000000000000001,1007.4,20.4,0.0,21.733333333333345,1007.9666666666666
3948,3948,2025-10-23,23.0,16.6,27.6,0.0,1007.5,0,10,296,1007.9,22.3,0.0,21.90000000000001,5.199999999999975,-0.8660254037844386,0.5000000000000001,1007.9,22.3,0.0,21.90000000000001,1007.5999999999999
3949,3949,2025-10-24,18.2,13.6,22.7,0.0,1014.5,1,10,297,1007.5,23.0,0.0,21.166666666666675,2.499999999999975,-0.8660254037844386,0.5000000000000001,1007.5,23.0,0.0,21.166666666666675,1009.9666666666666
3950,3950,2025-10-25,19.0,15.8,22.7,0.7,1011.8,1,10,298,1014.5,18.2,0.0,20.066666666666677,0.899999999999975,-0.8660254037844386,0.5000000000000001,1014.5,18.2,0.0,20.066666666666677,1011.2666666666665
3951,3951,2025-10-26,16.4,12.5,19.6,2.7,1015.4,0,10,299,1011.8,19.0,0.7,17.866666666666678,3.3999999999999755,-0.8660254037844386,0.5000000000000001,1011.8,19.0,0.7,17.866666666666678,1013.9
3952,3952,2025-10-27,14.3,10.0,20.1,0.0,1019.3,0,10,300,1015.4,16.4,2.7,16.566666666666677,3.3999999999999755,-0.8660254037844386,0.5000000000000001,1015.4,16.4,2.7,16.566666666666677,1015.4999999999999
3953,3953,2025-10-28,15.0,10.0,21.1,0.0,1018.1,1,10,301,1019.3,14.3,0.0,15.233333333333343,3.3999999999999755,-0.8660254037844386,0.5000000000000001,1019.3,14.3,0.0,15.233333333333343,1017.5999999999999
3954,3954,2025-10-29,16.6,12.8,22.0,0.7,1010.4,0,10,302,1018.1,15.0,0.0,15.300000000000011,4.099999999999976,-0.8660254037844386,0.5000000000000001,1018.1,15.0,0.0,15.300000000000011,1015.9333333333333
3955,3955,2025-10-30,18.4,15.2,23.2,0.0,1010.9,0,10,303,1010.4,16.6,0.7,16.666666666666675,4.099999999999976,-0.8660254037844386,0.5000000000000001,1010.4,16.6,0.7,16.666666666666675,1013.1333333333332
3956,3956,2025-10-31,17.2,12.6,23.0,0.0,1014.7,0,10,304,1010.9,18.4,0.0,17.40000000000001,4.099999999999976,-0.8660254037844386,0.5000000000000001,1010.9,18.4,0.0,17.40000000000001,1012.0
3957,3957,2025-11-01,17.2,13.4,22.4,0.0,1016.1,0,11,305,1014.7,17.2,0.0,17.60000000000001,3.3999999999999755,-0.5000000000000004,0.8660254037844384,1014.7,17.2,0.0,17.60000000000001,1013.9
3958,3958,2025-11-02,19.0,13.9,24.6,0.0,1017.6,0,11,306,1016.1,17.2,0.0,17.80000000000001,0.6999999999999751,-0.5000000000000004,0.8660254037844384,1016.1,17.2,0.0,17.80000000000001,1016.1333333333332
3959,3959,2025-11-03,15.3,12.0,20.5,0.0,1023.4,0,11,307,1017.6,19.0,0.0,17.166666666666675,0.6999999999999751,-0.5000000000000004,0.8660254037844384,1017.6,19.0,0.0,17.166666666666675,1019.0333333333333
3960,3960,2025-11-04,15.4,10.8,21.4,0.0,1022.7,1,11,308,1023.4,15.3,0.0,16.566666666666677,0.6999999999999751,-0.5000000000000004,0.8660254037844384,1023.4,15.3,0.0,16.566666666666677,1021.2333333333332
3961,3961,2025-11-05,15.8,12.4,20.2,2.4,1019.2,1,11,309,1022.7,15.4,0.0,15.500000000000012,2.399999999999975,-0.5000000000000004,0.8660254037844384,1022.7,15.4,0.0,15.500000000000012,1021.7666666666665
3962,3962,2025-11-06,16.9,13.1,20.3,12.4,1008.9,0,11,310,1019.2,15.8,2.4,16.033333333333346,14.799999999999976,-0.5000000000000004,0.8660254037844384,1019.2,15.8,2.4,16.033333333333346,1016.9333333333333
3963,3963,2025-11-07,15.3,12.0,20.8,0.0,1011.4,0,11,311,1008.9,16.9,12.4,16.00000000000001,14.799999999999976,-0.5000000000000004,0.8660254037844384,1008.9,16.9,12.4,16.00000000000001,1013.1666666666666
3964,3964,2025-11-08,14.1,11.8,18.1,0.0,1012.1,0,11,312,1011.4,15.3,0.0,15.433333333333344,14.799999999999976,-0.5000000000000004,0.8660254037844384,1011.4,15.3,0.0,15.433333333333344,1010.7999999999998
3965,3965,2025-11-09,14.0,11.1,19.3,0.0,1017.8,0,11,313,1012.1,14.1,0.0,14.466666666666677,14.799999999999976,-0.5000000000000004,0.8660254037844384,1012.1,14.1,0.0,14.466666666666677,1013.7666666666665
3966,3966,2025-11-10,13.5,9.0,19.5,0.0,1016.2,0,11,314,1017.8,14.0,0.0,13.866666666666676,14.799999999999976,-0.5000000000000004,0.8660254037844384,1017.8,14.0,0.0,13.866666666666676,1015.3666666666664
3967,3967,2025-11-11,13.9,9.4,19.9,0.0,1016.8,0,11,315,1016.2,13.5,0.0,13.800000000000011,14.799999999999976,-0.5000000000000004,0.8660254037844384,1016.2,13.5,0.0,13.800000000000011,1016.9333333333333
3968,3968,2025-11-12,15.0,10.2,20.9,0.0,1017.4,0,11,316,1016.8,13.9,0.0,14.133333333333345,12.399999999999975,-0.5000000000000004,0.8660254037844384,1016.8,13.9,0.0,14.133333333333345,1016.7999999999998
3969,3969,2025-11-13,17.9,14.9,21.4,0.0,1016.5,0,11,317,1017.4,15.0,0.0,15.600000000000009,0.0,-0.5000000000000004,0.8660254037844384,1017.4,15.0,0.0,15.600000000000009,1016.9
3970,3970,2025-11-14,19.6,17.5,22.1,0.0,1009.9,1,11,318,1016.5,17.9,0.0,17.50000000000001,0.0,-0.5000000000000004,0.8660254037844384,1016.5,17.9,0.0,17.50000000000001,1014.5999999999999
3971,3971,2025-11-15,18.5,14.1,21.7,10.9,1010.9,0,11,319,1009.9,19.6,0.0,18.666666666666675,10.899999999999975,-0.5000000000000004,0.8660254037844384,1009.9,19.6,0.0,18.666666666666675,1012.4333333333333
3972,3972,2025-11-16,17.5,13.1,21.5,0.0,1007.7,0,11,320,1010.9,18.5,10.9,18.533333333333346,10.899999999999975,-0.5000000000000004,0.8660254037844384,1010.9,18.5,10.9,18.533333333333346,1009.4999999999999
3973,3973,2025-11-17,14.4,10.7,19.0,0.0,1011.3,0,11,321,1007.7,17.5,0.0,16.80000000000001,10.899999999999975,-0.5000000000000004,0.8660254037844384,1007.7,17.5,0.0,16.80000000000001,1009.9666666666666
3974,3974,2025-11-18,12.8,10.0,16.0,0.0,1015.5,0,11,322,1011.3,14.4,0.0,14.900000000000011,10.899999999999975,-0.5000000000000004,0.8660254037844384,1011.3,14.4,0.0,14.900000000000011,1011.4999999999999
3975,3975,2025-11-19,9.4,5.7,14.4,0.0,1014.1,0,11,323,1015.5,12.8,0.0,12.200000000000012,10.899999999999975,-0.5000000000000004,0.8660254037844384,1015.5,12.8,0.0,12.200000000000012,1013.6333333333332
3976,3976,2025-11-20,8.9,5.3,14.1,0.0,1013.1,0,11,324,1014.1,9.4,0.0,10.36666666666668,10.899999999999975,-0.5000000000000004,0.8660254037844384,1014.1,9.4,0.0,10.36666666666668,1014.2333333333332
3977,3977,2025-11-21,8.6,5.0,12.4,0.0,1016.8,0,11,325,1013.1,8.9,0.0,8.966666666666677,10.899999999999975,-0.5000000000000004,0.8660254037844384,1013.1,8.9,0.0,8.966666666666677,1014.6666666666665
3978,3978,2025-11-22,8.6,4.3,14.2,0.0,1022.4,0,11,326,1016.8,8.6,0.0,8.70000000000001,0.0,-0.5000000000000004,0.8660254037844384,1016.8,8.6,0.0,8.70000000000001,1017.4333333333333
3979,3979,2025-11-23,10.2,4.7,15.9,0.0,1019.1,0,11,327,1022.4,8.6,0.0,9.133333333333345,0.0,-0.5000000000000004,0.8660254037844384,1022.4,8.6,0.0,9.133333333333345,1019.4333333333333
3980,3980,2025-11-24,16.2,11.5,20.0,0.0,1008.0,0,11,328,1019.1,10.2,0.0,11.666666666666677,0.0,-0.5000000000000004,0.8660254037844384,1019.1,10.2,0.0,11.666666666666677,1016.4999999999999
3981,3981,2025-11-25,13.6,8.8,17.2,0.0,1008.3,0,11,329,1008.0,16.2,0.0,13.333333333333343,0.0,-0.5000000000000004,0.8660254037844384,1008.0,16.2,0.0,13.333333333333343,1011.7999999999998
3982,3982,2025-11-26,10.8,6.0,15.7,0.0,1015.4,0,11,330,1008.3,13.6,0.0,13.533333333333344,0.0,-0.5000000000000004,0.8660254037844384,1008.3,13.6,0.0,13.533333333333344,1010.5666666666666
3983,3983,2025-11-27,8.3,4.8,14.3,0.0,1019.5,0,11,331,1015.4,10.8,0.0,10.900000000000011,0.0,-0.5000000000000004,0.8660254037844384,1015.4,10.8,0.0,10.900000000000011,1014.4
3984,3984,2025-11-28,8.7,3.9,15.8,0.0,1020.1,0,11,332,1019.5,8.3,0.0,9.266666666666675,0.0,-0.5000000000000004,0.8660254037844384,1019.5,8.3,0.0,9.266666666666675,1018.3333333333331
3985,3985,2025-11-29,10.9,6.0,16.1,0.0,1015.2,0,11,333,1020.1,8.7,0.0,9.30000000000001,0.0,-0.5000000000000004,0.8660254037844384,1020.1,8.7,0.0,9.30000000000001,1018.2666666666665
3986,3986,2025-11-30,10.7,7.3,16.0,0.0,1014.1,0,11,334,1015.2,10.9,0.0,10.10000000000001,0.0,-0.5000000000000004,0.8660254037844384,1015.2,10.9,0.0,10.10000000000001,1016.4666666666666
3987,3987,2025-12-01,10.0,7.0,16.0,0.0,1018.4,0,12,335,1014.1,10.7,0.0,10.533333333333344,0.0,-2.4492935982947064e-16,1.0,1014.1,10.7,0.0,10.533333333333344,1015.9
3988,3988,2025-12-02,10.3,6.7,16.0,0.0,1012.4,0,12,336,1018.4,10.0,0.0,10.333333333333343,0.0,-2.4492935982947064e-16,1.0,1018.4,10.0,0.0,10.333333333333343,1014.9666666666666
3989,3989,2025-12-03,10.2,7.0,15.0,0.0,1011.6,0,12,337,1012.4,10.3,0.0,10.166666666666677,0.0,-2.4492935982947064e-16,1.0,1012.4,10.3,0.0,10.166666666666677,1014.1333333333332
3990,3990,2025-12-04,8.1,5.0,12.0,0.0,1011.7,0,12,338,1011.6,10.2,0.0,9.533333333333344,0.0,-2.4492935982947064e-16,1.0,1011.6,10.2,0.0,9.533333333333344,1011.9
3991,3991,2025-12-05,10.1,5.8,14.7,0.0,1012.7,0,12,339,1011.7,8.1,0.0,9.466666666666676,0.0,-2.4492935982947064e-16,1.0,1011.7,8.1,0.0,9.466666666666676,1012.0
3992,3992,2025-12-06,12.0,7.9,19.0,0.0,1017.0,0,12,340,1012.7,10.1,0.0,10.066666666666675,0.0,-2.4492935982947064e-16,1.0,1012.7,10.1,0.0,10.066666666666675,1013.8000000000001
3993,3993,2025-12-07,13.3,8.8,20.0,0.0,1019.1,0,12,341,1017.0,12.0,0.0,11.800000000000011,0.0,-2.4492935982947064e-16,1.0,1017.0,12.0,0.0,11.800000000000011,1016.2666666666665
3994,3994,2025-12-08,12.6,9.0,17.5,0.0,1020.7,0,12,342,1019.1,13.3,0.0,12.633333333333342,0.0,-2.4492935982947064e-16,1.0,1019.1,13.3,0.0,12.633333333333342,1018.9333333333334
3995,3995,2025-12-09,11.8,7.9,17.6,0.0,1020.5,0,12,343,1020.7,12.6,0.0,12.566666666666677,0.0,-2.4492935982947064e-16,1.0,1020.7,12.6,0.0,12.566666666666677,1020.1
3996,3996,2025-12-10,11.9,8.0,17.0,0.0,1021.4,0,12,344,1020.5,11.8,0.0,12.100000000000009,0.0,-2.4492935982947064e-16,1.0,1020.5,11.8,0.0,12.100000000000009,1020.8666666666667
3997,3997,2025-12-11,11.9,9.0,17.0,0.0,1023.2,0,12,345,1021.4,11.9,0.0,11.866666666666676,0.0,-2.4492935982947064e-16,1.0,1021.4,11.9,0.0,11.866666666666676,1021.6999999999999
3998,3998,2025-12-12,13.4,10.9,17.4,0.0,1021.2,0,12,346,1023.2,11.9,0.0,12.400000000000011,0.0,-2.4492935982947064e-16,1.0,1023.2,11.9,0.0,12.400000000000011,1021.9333333333333
3999,3999,2025-12-13,13.0,10.0,17.0,0.0,1025.5,1,12,347,1021.2,13.4,0.0,12.766666666666675,0.0,-2.4492935982947064e-16,1.0,1021.2,13.4,0.0,12.766666666666675,1023.2999999999998
4000,4000,2025-12-14,11.1,7.0,15.0,1.0,1024.2,1,12,348,1025.5,13.0,0.0,12.500000000000009,0.9999999999999751,-2.4492935982947064e-16,1.0,1025.5,13.0,0.0,12.500000000000009,1023.6333333333332
4001,4001,2025-12-15,15.2,12.0,17.6,11.6,1014.9,1,12,349,1024.2,11.1,1.0,13.100000000000009,12.599999999999975,-2.4492935982947064e-16,1.0,1024.2,11.1,1.0,13.100000000000009,1021.5333333333332
4002,4002,2025-12-16,12.1,10.0,14.0,9.9,1010.5,1,12,350,1014.9,15.2,11.6,12.80000000000001,22.499999999999975,-2.4492935982947064e-16,1.0,1014.9,15.2,11.6,12.80000000000001,1016.5333333333332
4003,4003,2025-12-17,12.9,11.0,16.0,1.6,1020.7,0,12,351,1010.5,12.1,9.9,13.400000000000007,24.099999999999977,-2.4492935982947064e-16,1.0,1010.5,12.1,9.9,13.400000000000007,1015.3666666666664
4004,4004,2025-12-18,11.9,9.0,16.0,0.0,1024.0,0,12,352,1020.7,12.9,1.6,12.300000000000011,24.099999999999977,-2.4492935982947064e-16,1.0,1020.7,12.9,1.6,12.300000000000011,1018.3999999999997
4005,4005,2025-12-19,11.2,8.0,15.0,0.0,1020.1,1,12,353,1024.0,11.9,0.0,12.000000000000009,24.099999999999977,-2.4492935982947064e-16,1.0,1024.0,11.9,0.0,12.000000000000009,1021.5999999999998
4006,4006,2025-12-20,12.1,10.8,13.0,8.5,1014.2,1,12,354,1020.1,11.2,0.0,11.733333333333343,32.59999999999997,-2.4492935982947064e-16,1.0,1020.1,11.2,0.0,11.733333333333343,1019.4333333333333
4007,4007,2025-12-21,12.6,10.0,15.3,3.4,1006.0,1,12,355,1014.2,12.1,8.5,11.966666666666676,34.99999999999997,-2.4492935982947064e-16,1.0,1014.2,12.1,8.5,11.966666666666676,1013.4333333333333
4008,4008,2025-12-22,8.8,7.0,12.0,1.8,1004.1,1,12,356,1006.0,12.6,3.4,11.166666666666677,25.199999999999974,-2.4492935982947064e-16,1.0,1006.0,12.6,3.4,11.166666666666677,1008.0999999999999
4009,4009,2025-12-23,7.9,6.0,12.0,3.0,1004.2,0,12,357,1004.1,8.8,1.8,9.766666666666675,18.299999999999976,-2.4492935982947064e-16,1.0,1004.1,8.8,1.8,9.766666666666675,1004.7666666666664
4010,4010,2025-12-24,10.1,7.0,15.0,0.0,1006.5,1,12,358,1004.2,7.9,3.0,8.933333333333342,16.699999999999974,-2.4492935982947064e-16,1.0,1004.2,7.9,3.0,8.933333333333342,1004.933333333333
4011,4011,2025-12-25,9.0,7.0,11.0,7.7,1010.6,1,12,359,1006.5,10.1,0.0,9.000000000000009,24.399999999999974,-2.4492935982947064e-16,1.0,1006.5,10.1,0.0,9.000000000000009,1007.0999999999999
4012,4012,2025-12-26,12.7,10.0,14.0,29.0,1011.8,1,12,360,1010.6,9.0,7.7,10.60000000000001,53.39999999999998,-2.4492935982947064e-16,1.0,1010.6,9.0,7.7,10.60000000000001,1009.6333333333332
4013,4013,2025-12-27,12.6,11.0,14.0,40.9,1018.0,1,12,361,1011.8,12.7,29.0,11.433333333333342,85.79999999999997,-2.4492935982947064e-16,1.0,1011.8,12.7,29.0,11.433333333333342,1013.4666666666666
4014,4014,2025-12-28,12.3,9.7,15.0,3.5,1019.4,1,12,362,1018.0,12.6,40.9,12.533333333333344,85.89999999999998,-2.4492935982947064e-16,1.0,1018.0,12.6,40.9,12.533333333333344,1016.4
4015,4015,2025-12-29,11.3,10.0,12.3,4.9,1019.1,0,12,363,1019.4,12.3,3.5,12.066666666666677,88.99999999999997,-2.4492935982947064e-16,1.0,1019.4,12.3,3.5,12.066666666666677,1018.8333333333331
4016,4016,2025-12-30,9.5,8.0,13.0,0.0,1017.0,0,12,364,1019.1,11.3,4.9,11.033333333333344,85.99999999999997,-2.4492935982947064e-16,1.0,1019.1,11.3,4.9,11.033333333333344,1018.4999999999999
