,Unnamed: 0,time,tavg,tmin,tmax,prcp,wspd,pres,target_wspd,day_of_year,day_cos,day_sin,pres_diff,wspd_lag1,wspd_lag2,pres_trend_3d,pres_lag2,t_diff
0,0,2015-01-01,7.2,2.9,12.6,0.0,15.5,1034.5,16.4,1,0.9998518392091162,0.017213356155834685,,,,,,9.7
1,1,2015-01-02,8.0,3.1,16.5,0.0,16.4,1035.9,15.5,2,0.9994074007397048,0.03442161162274574,1.400000000000091,15.5,,,,13.4
2,2,2015-01-03,10.6,6.1,17.6,0.0,15.5,1033.5,20.1,3,0.998666816288476,0.051619667223253764,-2.400000000000091,16.4,15.5,1034.6333333333334,1034.5,11.500000000000002
3,3,2015-01-04,10.3,6.1,16.6,0.0,20.1,1031.3,15.2,4,0.9976303053065857,0.06880242680231986,-2.2000000000000455,15.5,16.4,1033.5666666666666,1035.9,10.500000000000002
4,4,2015-01-05,8.8,4.9,15.7,0.0,15.2,1029.8,18.7,5,0.9962981749346078,0.08596479873744647,-1.5,20.1,15.5,1031.5333333333333,1033.5,10.799999999999999
5,5,2015-01-06,8.1,5.2,14.5,0.0,18.7,1026.0,16.8,6,0.9946708199115211,0.10310169744743485,-3.7999999999999545,15.2,20.1,1029.0333333333333,1031.3,9.3
6,6,2015-01-07,8.2,5.4,15.0,0.0,16.8,1030.6,22.8,7,0.9927487224577402,0.1202080448993527,4.599999999999909,18.7,15.2,1028.8,1029.8,9.6
7,7,2015-01-08,7.1,4.0,12.9,0.0,22.8,1036.3,21.0,8,0.9905324521322229,0.13727877211326478,5.7000000000000455,16.8,18.7,1030.9666666666665,1026.0,8.9
8,8,2015-01-09,7.8,3.8,14.8,0.0,21.0,1039.9,14.3,9,0.9880226656636976,0.15430882066428117,3.6000000000001364,22.8,16.8,1035.6000000000001,1030.6,11.0
9,9,2015-01-10,11.1,7.2,17.8,0.0,14.3,1031.8,19.0,10,0.9852201067560606,0.1712931441814776,-8.100000000000136,21.0,22.8,1036.0,1036.3,10.600000000000001
10,10,2015-01-11,10.4,7.2,15.5,0.0,19.0,1028.3,21.5,11,0.9821256058680006,0.1882267098432442,-3.5,14.3,21.0,1033.3333333333333,1039.9,8.3
11,11,2015-01-12,9.9,5.4,15.6,0.0,21.5,1032.7,15.7,12,0.9787400799669153,0.2051044998686192,4.400000000000091,19.0,14.3,1030.9333333333334,1031.8,10.2
12,12,2015-01-13,11.5,7.8,16.0,0.0,15.7,1025.9,10.0,13,0.9750645322571948,0.2219215130041655,-6.7999999999999545,21.5,19.0,1028.9666666666667,1028.3,8.2
13,13,2015-01-14,11.2,8.1,16.9,0.0,10.0,1024.7,10.7,14,0.9711000518829505,0.2386727660059501,-1.2000000000000455,15.7,21.5,1027.7666666666667,1032.7,8.799999999999999
14,14,2015-01-15,10.3,6.0,15.8,0.0,10.7,1018.2,12.0,15,0.9668478136052775,0.255353295116187,-6.5,10.0,15.7,1022.9333333333334,1025.9,9.8
15,15,2015-01-16,10.1,7.9,14.2,0.1,12.0,1010.3,14.4,16,0.9623090774541486,0.2719581575341055,-7.900000000000091,10.7,10.0,1017.7333333333332,1024.7,6.299999999999999
16,16,2015-01-17,7.8,4.1,12.8,0.0,14.4,1019.4,18.4,17,0.9574851883550393,0.288482432880609,9.100000000000023,12.0,10.7,1015.9666666666667,1018.2,8.700000000000001
17,17,2015-01-18,7.4,1.6,13.7,5.8,18.4,1016.1,15.8,18,0.9523775757303974,0.30492122465628907,-3.2999999999999545,14.4,12.0,1015.2666666666668,1010.3,12.1
18,18,2015-01-19,6.9,6.0,8.2,7.5,15.8,1009.4,17.0,19,0.9469877530760753,0.3212696616923644,-6.7000000000000455,18.4,14.4,1014.9666666666667,1019.4,2.1999999999999993
19,19,2015-01-20,7.2,5.7,10.4,0.0,17.0,1009.0,13.6,20,0.9413173175128471,0.3375228995941133,-0.39999999999997726,15.8,18.4,1011.5,1016.1,4.7
20,20,2015-01-21,6.7,4.0,10.6,0.0,13.6,1007.2,16.4,21,0.9353679493131483,0.3536761221763716,-1.7999999999999545,17.0,15.8,1008.5333333333333,1009.4,6.6
21,21,2015-01-22,6.5,2.9,13.1,0.0,16.4,1009.9,17.8,22,0.9291414114031743,0.3697245428906731,2.699999999999932,13.6,17.0,1008.6999999999999,1009.0,10.2
22,22,2015-01-23,7.9,2.5,14.8,0.0,17.8,1015.6,22.6,23,0.9226395488404876,0.38566340624360707,5.7000000000000455,16.4,13.6,1010.9,1007.2,12.3
23,23,2015-01-24,9.5,4.6,15.1,0.0,22.6,1018.5,15.6,24,0.9158642882672872,0.401487989205973,2.8999999999999773,17.8,16.4,1014.6666666666666,1009.9,10.5
24,24,2015-01-25,10.8,7.0,17.0,0.0,15.6,1020.0,14.7,25,0.9088176373395029,0.4171936026123168,1.5,22.6,17.8,1018.0333333333333,1015.6,10.0
25,25,2015-01-26,7.8,4.6,13.5,0.0,14.7,1025.6,14.2,26,0.901501684131884,0.4327755925504312,5.599999999999909,15.6,22.6,1021.3666666666667,1018.5,8.9
26,26,2015-01-27,9.0,6.3,13.2,0.0,14.2,1022.4,12.6,27,0.893918596519257,0.4482293417404106,-3.199999999999932,14.7,15.6,1022.6666666666666,1020.0,6.8999999999999995
27,27,2015-01-28,8.1,4.4,13.6,0.0,12.6,1021.3,18.4,28,0.886070621534138,0.4635502709028509,-1.1000000000000227,14.2,14.7,1023.0999999999999,1025.6,9.2
28,28,2015-01-29,10.7,5.4,17.6,0.0,18.4,1007.1,31.6,29,0.8779600847008882,0.47873384011578846,-14.199999999999932,12.6,14.2,1016.9333333333334,1022.4,12.200000000000001
29,29,2015-01-30,14.2,8.8,18.3,0.2,31.6,991.6,14.6,30,0.869589389346611,0.49377555015997715,-15.5,18.4,12.6,1006.6666666666666,1021.3,9.5
30,30,2015-01-31,10.2,7.0,15.1,0.0,14.6,989.8,25.5,31,0.8609610158889943,0.5086709438521044,-1.8000000000000682,31.6,18.4,996.1666666666666,1007.1,8.1
31,31,2015-02-01,7.9,5.3,13.0,0.0,25.5,1003.1,15.5,32,0.8520775211013093,0.5234156073655503,13.300000000000068,14.6,31.6,994.8333333333334,991.6,7.7
32,32,2015-02-02,6.7,3.3,11.7,0.2,15.5,1007.9,15.0,33,0.8429415373547828,0.5380051715382996,4.7999999999999545,25.5,14.6,1000.2666666666668,989.8,8.399999999999999
33,33,2015-02-03,6.6,4.4,8.9,8.9,15.0,998.3,21.9,34,0.8335557718385699,0.5524353131676196,-9.600000000000023,15.5,25.5,1003.0999999999999,1003.1,4.5
34,34,2015-02-04,5.1,1.8,8.0,1.1,21.9,998.1,13.8,35,0.8239230057575542,0.5667017562911176,-0.1999999999999318,15.0,15.5,1001.4333333333334,1007.9,6.2
35,35,2015-02-05,6.6,3.4,11.4,0.0,13.8,1001.6,16.0,36,0.8140460935082178,0.5808002734538009,3.5,21.9,15.0,999.3333333333334,998.3,8.0
36,36,2015-02-06,4.4,0.5,9.7,0.0,16.0,1007.9,14.9,37,0.8039279618328213,0.5947266869607634,6.2999999999999545,13.8,21.9,1002.5333333333334,998.1,9.2
37,37,2015-02-07,5.7,1.5,10.7,0.0,14.9,1018.0,19.0,38,0.7935716089521474,0.6084768701151261,10.100000000000023,16.0,13.8,1009.1666666666666,1001.6,9.2
38,38,2015-02-08,7.2,4.0,12.3,0.0,19.0,1019.6,18.8,39,0.7829801036770629,0.6220467484408675,1.6000000000000227,14.9,16.0,1015.1666666666666,1007.9,8.3
39,39,2015-02-09,6.9,2.6,13.5,0.0,18.8,1025.3,16.7,40,0.7721565844991642,0.6354323008901774,5.699999999999932,19.0,14.9,1020.9666666666667,1018.0,10.9
40,40,2015-02-10,8.4,3.8,14.7,0.0,16.7,1024.8,11.6,41,0.7611042586607747,0.6486295610349814,-0.5,18.8,19.0,1023.2333333333332,1019.6,10.899999999999999
41,41,2015-02-11,7.9,3.0,15.7,0.0,11.6,1023.4,13.6,42,0.7498264012045686,0.6616346182422783,-1.3999999999999773,16.7,18.8,1024.5,1025.3,12.7
42,42,2015-02-12,9.0,4.4,14.4,0.0,13.6,1021.5,14.9,43,0.7383263540031065,0.6744436188329455,-1.8999999999999773,11.6,16.7,1023.2333333333332,1024.8,10.0
43,43,2015-02-13,11.3,8.8,15.5,0.0,14.9,1020.1,12.7,44,0.7266075247685656,0.6870527672236669,-1.3999999999999773,13.6,11.6,1021.6666666666666,1023.4,6.699999999999999
44,44,2015-02-14,11.0,6.3,15.3,0.0,12.7,1013.9,10.7,45,0.7146733860429609,0.699458327051647,-6.2000000000000455,14.9,13.6,1018.5,1021.5,9.0
45,45,2015-02-15,10.9,8.4,14.2,0.0,10.7,1009.4,11.7,46,0.7025274741691571,0.7116566222817746,-4.5,12.7,14.9,1014.4666666666666,1020.1,5.799999999999999
46,46,2015-02-16,10.0,5.1,15.0,0.0,11.7,1015.7,14.2,47,0.6901733882429719,0.7236440382959124,6.300000000000068,10.7,12.7,1013.0,1013.9,9.9
47,47,2015-02-17,11.9,9.7,14.9,0.0,14.2,1024.1,15.3,48,0.6776147890466889,0.7354170229639855,8.399999999999864,11.7,10.7,1016.4,1009.4,5.200000000000001
48,48,2015-02-18,11.2,8.1,15.8,0.0,15.3,1031.4,15.1,49,0.6648553979642865,0.7469720876965552,7.300000000000182,14.2,11.7,1023.7333333333332,1015.7,7.700000000000001
49,49,2015-02-19,9.1,5.0,14.2,0.0,15.1,1031.8,15.3,50,0.6518989958787126,0.7583058084785624,0.3999999999998636,15.3,14.2,1029.1000000000001,1024.1,9.2
50,50,2015-02-20,8.5,4.4,13.4,0.0,15.3,1023.0,9.2,51,0.6387494220515272,0.7694148268839378,-8.799999999999955,15.1,15.3,1028.7333333333333,1031.4,9.0
51,51,2015-02-21,9.3,5.2,13.3,0.0,9.2,1006.1,14.5,52,0.6254105729852463,0.7802958510707755,-16.899999999999977,15.3,15.1,1020.3000000000001,1031.8,8.100000000000001
52,52,2015-02-22,9.6,4.3,16.6,0.0,14.5,1007.3,11.9,53,0.6118864012687243,0.7909456567567772,1.1999999999999318,9.2,15.3,1012.1333333333333,1023.0,12.3
53,53,2015-02-23,10.9,6.0,18.9,,11.9,1009.5,24.3,54,0.5981809144059165,0.8013610881746766,2.2000000000000455,14.5,9.2,1007.6333333333333,1006.1,12.899999999999999
54,54,2015-02-24,11.2,7.8,15.3,0.0,24.3,1014.2,14.2,55,0.5842981736283684,0.8115390590073611,4.7000000000000455,11.9,14.5,1010.3333333333334,1007.3,7.500000000000001
55,55,2015-02-25,11.9,6.6,19.9,0.0,14.2,1017.4,9.6,56,0.5702422926917871,0.8214765533024142,3.199999999999932,24.3,11.9,1013.6999999999999,1009.5,13.299999999999999
56,56,2015-02-26,10.8,6.6,17.3,0.0,9.6,1017.9,14.9,57,0.5560174366570446,0.8311706263658079,0.5,14.2,24.3,1016.5,1014.2,10.700000000000001
57,57,2015-02-27,11.8,7.9,17.9,0.0,14.9,1015.2,14.4,58,0.5416278206559814,0.8406184056344782,-2.699999999999932,9.6,14.2,1016.8333333333334,1017.4,9.999999999999998
58,58,2015-02-28,9.2,4.8,13.2,0.0,14.4,1020.7,14.7,59,0.5270777086423722,0.8498170915275278,5.5,14.9,9.6,1017.9333333333334,1017.9,8.399999999999999
59,59,2015-03-01,12.8,9.3,17.2,0.0,14.7,1020.4,14.7,60,0.5123714121284237,0.8587639582758029,-0.3000000000000682,14.4,14.9,1018.7666666666668,1015.2,7.899999999999999
60,60,2015-03-02,16.3,13.5,23.4,0.0,14.7,1019.7,6.0,61,0.49751328890718066,0.8674563547295969,-0.6999999999999318,14.7,14.4,1020.2666666666668,1020.7,9.899999999999999
61,61,2015-03-03,13.5,10.3,17.2,0.0,6.0,1025.2,12.6,62,0.48250774176121847,0.8758917051442429,5.5,14.7,14.7,1021.7666666666668,1020.4,6.899999999999999
62,62,2015-03-04,10.1,6.5,14.2,22.2,12.6,1025.4,17.9,63,0.4673592171580022,0.8840675099433636,0.20000000000004547,6.0,14.7,1023.4333333333334,1019.7,7.699999999999999
63,63,2015-03-05,11.6,4.7,19.9,0.0,17.9,1027.1,15.8,64,0.45207220393230435,0.8919813464595485,1.699999999999818,12.6,6.0,1025.9,1025.2,15.2
64,64,2015-03-06,10.4,5.7,15.4,0.0,15.8,1031.0,12.5,65,0.43665123195606403,0.8996308696522433,3.900000000000091,17.9,12.6,1027.8333333333333,1025.4,9.7
65,65,2015-03-07,10.9,6.2,16.7,0.0,12.5,1028.4,12.0,66,0.4211008707960896,0.9070138128026359,-2.599999999999909,15.8,17.9,1028.8333333333333,1027.1,10.5
66,66,2015-03-08,10.5,6.8,16.0,0.0,12.0,1025.3,12.8,67,0.40542572835999735,0.9141279881853337,-3.1000000000001364,12.5,15.8,1028.2333333333333,1031.0,9.2
67,67,2015-03-09,11.7,8.4,15.7,0.0,12.8,1024.7,14.7,68,0.38963044953078796,0.9209712877166346,-0.599999999999909,12.0,12.5,1026.1333333333334,1028.4,7.299999999999999
68,68,2015-03-10,12.3,8.9,17.5,0.0,14.7,1025.5,9.7,69,0.37371971479046906,0.9275416835791966,0.7999999999999545,12.8,12.0,1025.1666666666667,1025.3,8.6
69,69,2015-03-11,12.1,7.4,16.4,0.0,9.7,1023.3,14.0,70,0.35769823883312546,0.9338372288229252,-2.2000000000000455,14.7,12.8,1024.5,1024.7,8.999999999999998
70,70,2015-03-12,12.8,9.3,18.4,0.0,14.0,1020.8,12.3,71,0.3415707691678556,0.9398560579418954,-2.5,9.7,14.7,1023.1999999999999,1025.5,9.099999999999998
71,71,2015-03-13,12.6,9.1,16.0,0.0,12.3,1021.3,13.4,72,0.3253420847119801,0.9455963874271426,0.5,14.0,9.7,1021.7999999999998,1023.3,6.9
72,72,2015-03-14,9.1,5.9,11.7,7.0,13.4,1020.1,16.0,73,0.30901699437494745,0.9510565162951535,-1.1999999999999318,12.3,14.0,1020.7333333333332,1020.8,5.799999999999999
73,73,2015-03-15,8.3,3.6,13.7,1.7,16.0,1017.3,16.3,74,0.29260033563334836,0.9562348265919056,-2.800000000000068,13.4,12.3,1019.5666666666666,1021.3,10.1
74,74,2015-03-16,9.1,6.1,12.6,0.0,16.3,1019.3,15.2,75,0.27609697309746883,0.9611297838723007,2.0,16.0,13.4,1018.9,1020.1,6.5
75,75,2015-03-17,10.3,4.7,15.2,0.0,15.2,1021.4,31.5,76,0.2595117970697999,0.9657399376548549,2.1000000000000227,16.3,16.0,1019.3333333333334,1017.3,10.5
76,76,2015-03-18,13.5,12.3,16.0,0.0,31.5,1020.9,33.4,77,0.2428497220959356,0.9700639218515071,-0.5,15.2,16.3,1020.5333333333333,1019.3,3.6999999999999993
77,77,2015-03-19,14.4,11.3,17.8,0.0,33.4,1018.9,42.6,78,0.22611568550828828,0.9741004551724205,-2.0,31.5,15.2,1020.4,1021.4,6.5
78,78,2015-03-20,14.4,12.5,16.4,18.3,42.6,1015.1,35.0,79,0.20931464596304847,0.9778483415056568,-3.7999999999999545,33.4,31.5,1018.3000000000001,1020.9,3.8999999999999986
79,79,2015-03-21,13.8,12.3,15.8,1.5,35.0,1010.4,23.9,80,0.19245158197082998,0.9813064702716093,-4.7000000000000455,42.6,33.4,1014.7999999999998,1018.9,3.5
80,80,2015-03-22,13.1,11.5,15.5,0.0,23.9,1010.8,30.2,81,0.1755314904214282,0.9844738167520922,0.39999999999997726,35.0,42.6,1012.1,1015.1,4.0
81,81,2015-03-23,13.4,12.3,15.8,4.5,30.2,1011.9,30.3,82,0.15855938510313475,0.9873494423939864,1.1000000000000227,23.9,35.0,1011.0333333333333,1010.4,3.5
82,82,2015-03-24,12.8,12.0,14.4,2.0,30.3,1005.8,13.5,83,0.141540295217043,0.989932495087353,-6.100000000000023,30.2,23.9,1009.5,1010.8,2.4000000000000004
83,83,2015-03-25,11.3,9.5,13.6,2.1,13.5,1002.7,19.3,84,0.12447926388678915,0.9922222094179323,-3.099999999999909,30.3,30.2,1006.8000000000001,1011.9,4.1
84,84,2015-03-26,11.3,6.6,15.5,0.0,19.3,,11.7,85,0.10738134666416309,0.994217906893952,,13.5,30.3,,1005.8,8.9
85,85,2015-03-27,13.2,8.8,17.7,,11.7,,10.6,86,0.09025161003104117,0.995918996147179,,19.3,13.5,,1002.7,8.899999999999999
86,86,2015-03-28,14.8,9.5,20.2,0.0,10.6,1021.8,10.8,87,0.07309512989807777,0.9973249731081555,,11.7,19.3,,,10.7
87,87,2015-03-29,14.7,11.6,18.4,0.0,10.8,1021.4,7.5,88,0.055916990100603484,0.9984354211555643,-0.39999999999997726,10.6,11.7,,,6.799999999999999
88,88,2015-03-30,16.2,13.4,22.6,0.0,7.5,1019.2,13.8,89,0.03872228089217446,0.9992500112396835,-2.199999999999932,10.8,10.6,1020.8000000000001,1021.8,9.200000000000001
89,89,2015-03-31,16.1,12.0,21.8,0.0,13.8,1022.4,15.2,90,0.021516097436222254,0.9997685019798909,3.199999999999932,7.5,10.8,1021.0,1021.4,9.8
90,90,2015-04-01,14.1,11.7,18.0,0.0,15.2,1025.5,16.4,91,0.004303538296244289,0.9999907397361901,3.1000000000000227,13.8,7.5,1022.3666666666667,1019.2,6.300000000000001
91,91,2015-04-02,13.6,10.0,17.0,0.0,16.4,1024.9,12.9,92,-0.01291029607500882,0.9999166586547379,-0.599999999999909,15.2,13.8,1024.2666666666667,1022.4,7.0
92,92,2015-04-03,12.8,9.1,16.8,0.0,12.9,1020.1,10.0,93,-0.030120304846908114,0.9995462806873573,-4.800000000000068,16.4,15.2,1023.5,1025.5,7.700000000000001
93,93,2015-04-04,13.6,10.3,17.5,0.0,10.0,1014.5,14.3,94,-0.04732138832243185,0.9988797155850336,-5.600000000000023,12.9,16.4,1019.8333333333334,1024.9,7.199999999999999
94,94,2015-04-05,13.2,9.2,17.1,0.0,14.3,1012.7,16.9,95,-0.06450844944931623,0.9979171608653922,-1.7999999999999545,10.0,12.9,1015.7666666666668,1020.1,7.900000000000002
95,95,2015-04-06,13.2,9.4,15.9,0.0,16.9,1020.6,19.9,96,-0.08167639533042241,0.9966589017541702,7.899999999999977,14.3,10.0,1015.9333333333334,1014.5,6.5
96,96,2015-04-07,12.0,7.8,16.9,0.0,19.9,1027.7,15.9,97,-0.09882013873287143,0.9951053111006976,7.100000000000023,16.9,14.3,1020.3333333333334,1012.7,9.099999999999998
97,97,2015-04-08,11.4,6.3,17.2,0.0,15.9,1030.6,14.0,98,-0.11593459959550041,0.9932568492674143,2.8999999999998636,19.9,16.9,1026.3,1020.6,10.899999999999999
98,98,2015-04-09,11.5,6.0,16.2,0.0,14.0,1028.5,14.5,99,-0.1330147065341959,0.9911140639934547,-2.099999999999909,15.9,19.9,1028.9333333333334,1027.7,10.2
99,99,2015-04-10,12.9,8.2,17.6,0.0,14.5,1025.9,18.9,100,-0.1500553983446526,0.9886775902323405,-2.599999999999909,14.0,15.9,1028.3333333333333,1030.6,9.400000000000002
100,100,2015-04-11,13.9,10.8,17.6,0.0,18.9,1025.7,12.1,101,-0.16705162550211924,0.9859481499638304,-0.20000000000004547,14.5,14.0,1026.7,1028.5,6.800000000000001
101,101,2015-04-12,15.2,11.1,18.9,0.0,12.1,1028.8,11.2,102,-0.18399835165768005,0.9829265519799822,3.099999999999909,18.9,14.5,1026.8000000000002,1025.9,7.799999999999999
102,102,2015-04-13,14.4,10.1,19.1,0.0,11.2,1029.7,9.4,103,-0.20089055513063506,0.9796136916454901,0.900000000000091,12.1,18.9,1028.0666666666666,1025.7,9.000000000000002
103,103,2015-04-14,15.3,10.6,20.6,0.0,9.4,,18.6,104,-0.21772323039653177,0.9760105506323683,,11.2,12.1,,1028.8,10.000000000000002
104,104,2015-04-15,15.9,10.7,21.2,0.0,18.6,,12.8,105,-0.23449138957040985,0.9721181966290613,,9.4,11.2,,1029.7,10.5
105,105,2015-04-16,16.3,14.6,19.2,2.9,12.8,1016.1,12.2,106,-0.25119006388481935,0.9679377830240642,,18.6,9.4,,,4.6
106,106,2015-04-17,16.1,12.6,22.4,0.0,12.2,1016.9,13.3,107,-0.2678143051621742,0.9634705485641488,0.7999999999999545,12.8,18.6,,,9.799999999999999
107,107,2015-04-18,15.8,12.2,21.2,3.6,13.3,1015.1,13.0,108,-0.2843591872810034,0.9587178169872964,-1.7999999999999545,12.2,12.8,1016.0333333333333,1016.1,9.0
108,108,2015-04-19,15.6,13.3,20.4,0.0,13.0,1014.0,9.8,109,-0.30081980763566735,0.9536809966304457,-1.1000000000000227,13.3,12.2,1015.3333333333334,1016.9,7.099999999999998
109,109,2015-04-20,14.9,11.6,18.2,0.0,9.8,1021.5,10.7,110,-0.3171912885891061,0.9483615800121715,7.5,13.0,13.3,1016.8666666666667,1015.1,6.6
110,110,2015-04-21,16.7,12.1,22.8,0.0,10.7,1024.1,11.5,111,-0.3334687789181868,0.9427611433904207,2.599999999999909,9.8,13.0,1019.8666666666667,1014.0,10.700000000000001
111,111,2015-04-22,15.9,12.6,21.0,0.0,11.5,1022.6,10.7,112,-0.3496474552512284,0.9368813462954315,-1.4999999999998863,10.7,9.8,1022.7333333333332,1021.5,8.4
112,112,2015-04-23,16.0,10.9,19.9,0.0,10.7,1018.1,16.2,113,-0.36572252349726897,0.9307239310379795,-4.5,11.5,10.7,1021.6,1024.1,8.999999999999998
113,113,2015-04-24,16.4,12.9,20.7,0.0,16.2,1016.2,14.5,114,-0.3816892202666588,0.9242907221930933,-1.8999999999999773,10.7,11.5,1018.9666666666667,1022.6,7.799999999999999
114,114,2015-04-25,17.2,16.3,19.8,0.0,14.5,1013.6,8.5,115,-0.39754281428255595,0.9175836260593937,-2.6000000000000227,16.2,10.7,1015.9666666666667,1018.1,3.5
115,115,2015-04-26,17.3,15.1,19.8,3.6,8.5,1008.1,14.0,116,-0.4132786077829042,0.9106046300942162,-5.5,14.5,16.2,1012.6333333333333,1016.2,4.700000000000001
116,116,2015-04-27,17.5,13.0,24.7,0.0,14.0,1004.3,11.7,117,-0.4288919379124835,0.9033558023246845,-3.800000000000068,8.5,14.5,1008.6666666666666,1013.6,11.7
117,117,2015-04-28,15.8,12.1,19.2,1.0,11.7,1015.7,16.1,118,-0.4443781781046132,0.895839290734909,11.400000000000091,14.0,8.5,1009.3666666666668,1008.1,7.1
118,118,2015-04-29,15.3,11.2,19.3,0.0,16.1,1018.5,18.0,119,-0.45973273945210397,0.8880573226294932,2.7999999999999545,11.7,14.0,1012.8333333333334,1004.3,8.100000000000001
119,119,2015-04-30,16.7,13.8,20.0,0.0,18.0,1020.0,24.2,120,-0.47495107206704995,0.8800122039735357,1.5,16.1,11.7,1018.0666666666666,1015.7,6.199999999999999
120,120,2015-05-01,17.1,15.2,19.7,0.0,24.2,1014.2,15.4,121,-0.4900286664290592,0.8717063187093218,-5.7999999999999545,18.0,16.1,1017.5666666666666,1018.5,4.5
121,121,2015-05-02,19.4,16.0,23.7,0.0,15.4,1013.7,16.9,122,-0.5049610547215204,0.8631421280499114,-0.5,24.2,18.0,1015.9666666666667,1020.0,7.699999999999999
122,122,2015-05-03,20.1,16.7,26.1,0.0,16.9,1010.2,16.2,123,-0.5197438121555155,0.854322169749827,-3.5,15.4,24.2,1012.7000000000002,1014.2,9.400000000000002
123,123,2015-05-04,17.9,16.0,21.0,0.0,16.2,1009.5,12.6,124,-0.5343725582809786,0.8452490573530633,-0.7000000000000455,16.9,15.4,1011.1333333333333,1013.7,5.0
124,124,2015-05-05,19.8,16.8,28.9,0.0,12.6,1009.7,13.3,125,-0.548842958284719,0.8359254794186372,0.20000000000004547,16.2,16.9,1009.8000000000001,1010.2,12.099999999999998
125,125,2015-05-06,18.8,15.2,23.2,0.0,13.3,1016.3,12.9,126,-0.5631507242749186,0.8263541987239096,6.599999999999909,12.6,16.2,1011.8333333333334,1009.5,8.0
126,126,2015-05-07,17.8,14.0,21.8,0.0,12.9,1019.8,18.2,127,-0.5772916165517272,0.8165380514459161,3.5,13.3,12.6,1015.2666666666668,1009.7,7.800000000000001
127,127,2015-05-08,18.6,14.2,23.9,0.0,18.2,1016.8,17.3,128,-0.5912614448635781,0.8064799463209448,-3.0,12.9,13.3,1017.6333333333332,1016.3,9.7
128,128,2015-05-09,19.9,16.3,23.8,0.0,17.3,1023.2,16.2,129,-0.6050560696488488,0.7961828637826158,6.400000000000091,18.2,12.9,1019.9333333333334,1019.8,7.5
129,129,2015-05-10,19.5,16.4,23.8,,16.2,1024.4,14.0,130,-0.6186714032625031,0.7856498550787147,1.2000000000000455,17.3,18.2,1021.4666666666667,1016.8,7.400000000000002
130,130,2015-05-11,19.7,14.7,25.8,0.0,14.0,1023.0,11.6,131,-0.6321034111873487,0.7748840413670407,-1.400000000000091,16.2,17.3,1023.5333333333334,1023.2,11.100000000000001
131,131,2015-05-12,19.4,15.1,23.7,0.0,11.6,1023.3,20.1,132,-0.6453481132295501,0.7638886127905428,0.2999999999999545,14.0,16.2,1023.5666666666666,1024.4,8.6
132,132,2015-05-13,20.0,15.6,25.3,,20.1,1021.6,13.1,133,-0.6584015846980488,0.7526668275320085,-1.6999999999999318,11.6,14.0,1022.6333333333333,1023.0,9.700000000000001
133,133,2015-05-14,21.1,18.2,25.3,,13.1,1012.9,19.4,134,-0.6712599575675313,0.7412220108485958,-8.700000000000045,20.1,11.6,1019.2666666666668,1023.3,7.100000000000001
134,134,2015-05-15,19.1,14.9,28.0,0.5,19.4,1013.9,17.0,135,-0.6839194216246106,0.7295575540864875,1.0,13.1,20.1,1016.1333333333333,1021.6,13.1
135,135,2015-05-16,18.9,14.3,25.0,0.0,17.0,1020.9,13.5,136,-0.6963762255968722,0.717676913675962,7.0,19.4,13.1,1015.9,1012.9,10.7
136,136,2015-05-17,18.8,15.4,23.2,0.0,13.5,1021.6,18.7,137,-0.7086266782644596,0.705583610107178,0.7000000000000455,17.0,19.4,1018.8000000000001,1013.9,7.799999999999999
137,137,2015-05-18,18.9,14.6,22.5,0.0,18.7,1015.4,11.7,138,-0.7206671495538609,0.6932812268869777,-6.2000000000000455,13.5,17.0,1019.2999999999998,1020.9,7.9
138,138,2015-05-19,17.6,14.3,21.2,10.1,11.7,1012.0,12.7,139,-0.7324940716135789,0.6807734094770161,-3.3999999999999773,18.7,13.5,1016.3333333333334,1021.6,6.899999999999999
139,139,2015-05-20,15.2,11.7,18.2,,12.7,1017.3,19.8,140,-0.7441039398713607,0.6680638642135335,5.2999999999999545,11.7,18.7,1014.9,1015.4,6.5
140,140,2015-05-21,16.4,12.8,20.2,0.0,19.8,1021.9,16.8,141,-0.7554933140726803,0.6551563572090853,4.600000000000023,12.7,11.7,1017.0666666666666,1012.0,7.399999999999999
141,141,2015-05-22,17.3,13.1,21.2,0.0,16.8,1021.4,14.7,142,-0.766658819300159,0.6420547132365637,-0.5,19.8,12.7,1020.1999999999999,1017.3,8.1
142,142,2015-05-23,17.7,12.9,22.2,0.0,14.7,1017.0,11.4,143,-0.7775971469736269,0.6287628145958344,-4.399999999999977,16.8,19.8,1020.1,1021.9,9.299999999999999
143,143,2015-05-24,18.3,15.3,23.3,0.0,11.4,1016.8,16.6,144,-0.7883050558305255,0.6152845999633276,-0.20000000000004547,14.7,16.8,1018.4,1021.4,8.0
144,144,2015-05-25,19.3,14.7,25.6,0.0,16.6,1016.0,14.5,145,-0.7987793728863649,0.6016240632249226,-0.7999999999999545,11.4,14.7,1016.6,1017.0,10.900000000000002
145,145,2015-05-26,19.2,17.0,23.1,0.0,14.5,1015.6,14.2,146,-0.8090169943749473,0.5877852522924732,-0.39999999999997726,16.6,11.4,1016.1333333333333,1016.8,6.100000000000001
146,146,2015-05-27,18.5,15.8,21.7,0.0,14.2,1018.8,18.9,147,-0.8190148866680801,0.5737722679043246,3.199999999999932,14.5,16.6,1016.8000000000001,1016.0,5.899999999999999
147,147,2015-05-28,18.8,15.3,22.6,0.0,18.9,1019.2,12.6,148,-0.8287700871745038,0.5595892624101765,0.40000000000009095,14.2,14.5,1017.8666666666667,1015.6,7.300000000000001
148,148,2015-05-29,18.8,15.1,22.7,0.0,12.6,1016.0,10.6,149,-0.8382797052177744,0.545240438540651,-3.2000000000000455,18.9,14.2,1018.0,1018.8,7.6
149,149,2015-05-30,19.3,16.3,22.9,0.0,10.6,1017.5,9.9,150,-0.8475409228928311,0.5307300481619334,1.5,12.6,18.9,1017.5666666666666,1019.2,6.599999999999998
150,150,2015-05-31,19.8,16.3,22.9,0.0,9.9,1018.2,13.1,151,-0.8565509959010036,0.5160623910158528,0.7000000000000455,10.6,12.6,1017.2333333333335,1016.0,6.599999999999998
151,151,2015-06-01,21.1,18.3,24.9,0.0,13.1,1018.8,13.4,152,-0.865307254363206,0.5012418134457758,0.599999999999909,9.9,10.6,1018.1666666666666,1017.5,6.599999999999998
152,152,2015-06-02,20.7,17.0,24.3,0.0,13.4,1020.3,12.1,153,-0.8738071036110808,0.48627270710868997,1.5,13.1,9.9,1019.1,1018.2,7.300000000000001
153,153,2015-06-03,21.7,17.6,24.4,,12.1,,11.3,154,-0.8820480249558537,0.4711595076738638,,13.4,13.1,,1018.8,6.799999999999997
154,154,2015-06-04,22.9,18.7,27.4,0.0,11.3,1021.6,16.2,155,-0.8900275764346767,0.4559066935084588,,12.1,13.4,,1020.3,8.7
155,155,2015-06-05,23.0,18.4,28.0,0.0,16.2,1020.3,11.0,156,-0.8977433935342337,0.440518784350495,-1.3000000000000682,11.3,12.1,,,9.600000000000001
156,156,2015-06-06,23.1,18.8,28.0,0.0,11.0,1021.1,10.2,157,-0.9051931898913974,0.42500033996955416,0.8000000000000682,16.2,11.3,1021.0,1021.6,9.2
157,157,2015-06-07,24.2,19.1,29.7,0.0,10.2,1021.1,13.0,158,-0.9123747579707273,0.4093559588156213,0.0,11.0,16.2,1020.8333333333334,1020.3,10.599999999999998
158,158,2015-06-08,24.9,21.2,29.9,0.0,13.0,1017.6,9.7,159,-0.9192859697186104,0.39359027665646673,-3.5,10.2,11.0,1019.9333333333334,1021.1,8.7
159,159,2015-06-09,23.8,21.7,27.7,0.0,9.7,1015.4,15.7,160,-0.9259247771938498,0.3777079652039649,-2.2000000000000455,13.0,10.2,1018.0333333333333,1021.1,6.0
160,160,2015-06-10,23.7,20.9,26.7,0.0,15.7,1015.2,24.0,161,-0.9322892131745133,0.36171373072976765,-0.1999999999999318,9.7,13.0,1016.0666666666667,1017.6,5.800000000000001
161,161,2015-06-11,23.7,19.9,28.7,3.7,24.0,1012.8,17.7,162,-0.9383773917408641,0.3456123126707335,-2.400000000000091,15.7,9.7,1014.4666666666667,1015.4,8.8
162,162,2015-06-12,22.2,18.5,26.4,0.0,17.7,1009.8,16.9,163,-0.9441875088341993,0.3294084822245304,-3.0,24.0,15.7,1012.5999999999999,1015.2,7.899999999999999
163,163,2015-06-13,21.9,20.1,24.8,0.0,16.9,1011.4,15.2,164,-0.9497178427914316,0.3131070409358269,1.6000000000000227,17.7,24.0,1011.3333333333334,1012.8,4.699999999999999
164,164,2015-06-14,22.4,19.2,26.6,0.0,15.2,1010.7,12.6,165,-0.9549667548552551,0.29671281927349075,-0.6999999999999318,16.9,17.7,1010.6333333333332,1009.8,7.400000000000002
165,165,2015-06-15,21.9,19.0,25.0,7.0,12.6,1015.3,13.6,166,-0.9599326896597447,0.28023067519921585,4.599999999999909,15.2,16.9,1012.4666666666667,1011.4,6.0
166,166,2015-06-16,20.4,16.6,25.8,,13.6,1018.3,14.1,167,-0.9646141756912435,0.26366549272800704,3.0,12.6,15.2,1014.7666666666668,1010.7,9.2
167,167,2015-06-17,21.5,17.9,24.7,0.0,14.1,1019.7,16.1,168,-0.9690098257244062,0.24702218048093552,1.400000000000091,13.6,12.6,1017.7666666666668,1015.3,6.800000000000001
168,168,2015-06-18,22.3,19.2,26.2,0.0,16.1,1019.3,11.8,169,-0.9731183372332619,0.23030567023061221,-0.40000000000009095,14.1,13.6,1019.1,1018.3,7.0
169,169,2015-06-19,22.7,19.4,26.4,0.0,11.8,1016.9,15.1,170,-0.9769384927771817,0.21352091543979612,-2.3999999999999773,16.1,14.1,1018.6333333333333,1019.7,7.0
170,170,2015-06-20,23.0,19.4,27.4,0.0,15.1,1017.9,13.4,171,-0.980469160361632,0.19667288979357647,1.0,11.8,16.1,1018.0333333333333,1019.3,8.0
171,171,2015-06-21,23.2,19.6,26.1,0.0,13.4,1018.9,15.8,172,-0.9837092937736097,0.1797665857255624,1.0,15.1,11.8,1017.9,1016.9,6.5
172,172,2015-06-22,23.2,19.5,27.2,0.0,15.8,1016.2,13.8,173,-0.986657932891657,0.16280701293851715,-2.699999999999932,13.4,15.1,1017.6666666666666,1017.9,7.699999999999999
173,173,2015-06-23,24.6,22.8,27.9,0.2,13.8,1012.8,13.2,174,-0.9893142039703663,0.1457991969198751,-3.400000000000091,15.8,13.4,1015.9666666666667,1018.9,5.099999999999998
174,174,2015-06-24,23.1,21.2,25.4,0.0,13.2,1017.8,12.0,175,-0.99167731989929,0.12874817745258132,5.0,13.8,15.8,1015.5999999999999,1016.2,4.199999999999999
175,175,2015-06-25,23.1,20.2,26.4,0.0,12.0,1021.4,15.3,176,-0.993746580436178,0.11165900712169512,3.6000000000000227,13.2,13.8,1017.3333333333334,1012.8,6.199999999999999
176,176,2015-06-26,23.9,20.9,27.2,0.0,15.3,1020.5,11.4,177,-0.9955213724144752,0.09453674981719912,-0.8999999999999773,12.0,13.2,1019.9,1017.8,6.300000000000001
177,177,2015-06-27,24.6,21.4,28.0,0.0,11.4,1019.1,9.3,178,-0.9970011699250151,0.07738647923346301,-1.3999999999999773,15.3,12.0,1020.3333333333334,1021.4,6.600000000000001
178,178,2015-06-28,25.5,,,,9.3,1018.7,12.0,179,-0.9981855344718586,0.06021327736579302,-0.39999999999997726,11.4,15.3,1019.4333333333334,1020.5,
179,179,2015-06-29,26.6,22.4,32.4,0.0,12.0,,13.2,180,-0.99907411510223,0.04302223300453059,,9.3,11.4,,1019.1,10.0
180,180,2015-06-30,26.4,22.9,31.0,0.0,13.2,,15.4,181,-0.9996666485105112,0.02581844022713308,,12.0,9.3,,1018.7,8.100000000000001
181,181,2015-07-01,25.9,22.3,28.9,0.0,15.4,1017.6,21.2,182,-0.9999629591162655,0.008606996888688698,,13.2,12.0,,,6.599999999999998
182,182,2015-07-02,26.7,23.9,30.0,0.0,21.2,1020.2,14.2,183,-0.9999629591162655,-0.008606996888688009,2.6000000000000227,15.4,13.2,,,6.100000000000001
183,183,2015-07-03,26.8,23.4,30.2,0.0,14.2,1022.7,13.6,184,-0.9996666485105112,-0.02581844022713239,2.5,21.2,15.4,1020.1666666666666,1017.6,6.800000000000001
184,184,2015-07-04,27.2,24.0,32.7,0.0,13.6,1021.6,16.1,185,-0.99907411510223,-0.04302223300453034,-1.1000000000000227,14.2,21.2,1021.5,1020.2,8.700000000000003
185,185,2015-07-05,28.0,23.3,33.0,0.0,16.1,1018.5,16.9,186,-0.9981855344718586,-0.060213277365792774,-3.1000000000000227,13.6,14.2,1020.9333333333334,1022.7,9.7
186,186,2015-07-06,27.8,23.5,32.6,0.0,16.9,1018.6,18.8,187,-0.9970011699250151,-0.07738647923346322,0.10000000000002274,16.1,13.6,1019.5666666666667,1021.6,9.100000000000001
187,187,2015-07-07,27.7,24.3,31.0,0.0,18.8,1015.3,12.7,188,-0.9955213724144752,-0.09453674981719933,-3.300000000000068,16.9,16.1,1017.4666666666667,1018.5,6.699999999999999
188,188,2015-07-08,26.0,24.1,29.2,0.0,12.7,1015.0,17.1,189,-0.9937465804361781,-0.11165900712169444,-0.2999999999999545,18.8,16.9,1016.3000000000001,1018.6,5.099999999999998
189,189,2015-07-09,25.9,23.6,29.5,0.0,17.1,1016.6,16.8,190,-0.99167731989929,-0.12874817745258066,1.6000000000000227,12.7,18.8,1015.6333333333333,1015.3,5.899999999999999
190,190,2015-07-10,25.7,22.2,29.7,0.0,16.8,1016.7,13.4,191,-0.9893142039703664,-0.14579919691987442,0.10000000000002274,17.1,12.7,1016.1,1015.0,7.5
191,191,2015-07-11,25.7,23.5,28.3,0.0,13.4,1019.2,13.2,192,-0.9866579328916572,-0.16280701293851646,2.5,16.8,17.1,1017.5,1016.6,4.800000000000001
192,192,2015-07-12,26.4,23.8,29.3,0.0,13.2,1018.7,12.6,193,-0.9837092937736098,-0.17976658572556214,-0.5,13.4,16.8,1018.2000000000002,1016.7,5.5
193,193,2015-07-13,26.7,24.2,29.7,0.0,12.6,1018.4,11.9,194,-0.9804691603616321,-0.19667288979357622,-0.3000000000000682,13.2,13.4,1018.7666666666668,1019.2,5.5
194,194,2015-07-14,26.8,24.1,29.7,0.0,11.9,1018.1,12.5,195,-0.9769384927771817,-0.2135209154397959,-0.2999999999999545,12.6,13.2,1018.4,1018.7,5.599999999999998
195,195,2015-07-15,27.1,24.1,31.0,0.0,12.5,1017.0,12.8,196,-0.973118337233262,-0.23030567023061196,-1.1000000000000227,11.9,12.6,1017.8333333333334,1018.4,6.899999999999999
196,196,2015-07-16,27.1,23.5,30.3,0.0,12.8,1015.9,11.3,197,-0.9690098257244063,-0.24702218048093527,-1.1000000000000227,12.5,11.9,1017.0,1018.1,6.800000000000001
197,197,2015-07-17,26.8,24.2,30.4,0.0,11.3,1017.6,12.8,198,-0.9646141756912435,-0.2636654927280072,1.7000000000000455,12.8,12.5,1016.8333333333334,1017.0,6.199999999999999
198,198,2015-07-18,27.3,25.0,30.4,0.0,12.8,1016.9,13.1,199,-0.9599326896597445,-0.2802306751992161,-0.7000000000000455,11.3,12.8,1016.8000000000001,1015.9,5.399999999999999
199,199,2015-07-19,26.9,24.4,30.3,0.0,13.1,1015.1,10.6,200,-0.9549667548552553,-0.2967128192734901,-1.7999999999999545,12.8,11.3,1016.5333333333333,1017.6,5.900000000000002
200,200,2015-07-20,27.4,25.0,31.0,0.0,10.6,1015.3,12.4,201,-0.9497178427914317,-0.3131070409358267,0.1999999999999318,13.1,12.8,1015.7666666666668,1016.9,6.0
201,201,2015-07-21,28.1,25.7,31.1,0.0,12.4,1014.8,16.4,202,-0.9441875088341994,-0.3294084822245302,-0.5,10.6,13.1,1015.0666666666666,1015.1,5.400000000000002
202,202,2015-07-22,28.1,24.1,32.7,0.0,16.4,1014.7,16.8,203,-0.9383773917408642,-0.3456123126707333,-0.09999999999990905,12.4,10.6,1014.9333333333334,1015.3,8.600000000000001
203,203,2015-07-23,27.9,24.6,31.4,0.0,16.8,1014.4,15.1,204,-0.9322892131745134,-0.3617137307297674,-0.3000000000000682,16.4,12.4,1014.6333333333333,1014.8,6.799999999999997
204,204,2015-07-24,28.2,25.9,31.3,,15.1,1010.4,12.4,205,-0.9259247771938499,-0.37770796520396466,-4.0,16.8,16.4,1013.1666666666666,1014.7,5.400000000000002
205,205,2015-07-25,26.2,25.5,27.7,0.0,12.4,1013.9,19.4,206,-0.9192859697186105,-0.39359027665646645,3.5,15.1,16.8,1012.9,1014.4,2.1999999999999993
206,206,2015-07-26,26.5,23.4,30.0,0.0,19.4,1014.4,16.6,207,-0.9123747579707274,-0.4093559588156211,0.5,12.4,15.1,1012.9,1010.4,6.600000000000001
207,207,2015-07-27,25.9,25.2,28.1,0.0,16.6,1012.7,9.9,208,-0.9051931898913975,-0.42500033996955394,-1.6999999999999318,19.4,12.4,1013.6666666666666,1013.9,2.900000000000002
208,208,2015-07-28,25.8,24.5,27.9,0.0,9.9,,16.1,209,-0.8977433935342336,-0.4405187843504952,,16.6,19.4,,1014.4,3.3999999999999986
209,209,2015-07-29,27.6,25.5,30.8,0.4,16.1,1011.9,16.2,210,-0.8900275764346766,-0.455906693508459,,9.9,16.6,,1012.7,5.300000000000001
210,210,2015-07-30,25.1,23.1,26.8,,16.2,1012.9,12.0,211,-0.8820480249558535,-0.47115950767386394,1.0,16.1,9.9,,,3.6999999999999993
211,211,2015-07-31,24.4,21.2,26.9,13.4,12.0,1012.1,15.1,212,-0.8738071036110807,-0.4862727071086902,-0.7999999999999545,16.2,16.1,1012.3000000000001,1011.9,5.699999999999999
212,212,2015-08-01,22.9,18.9,26.6,0.0,15.1,1014.3,18.2,213,-0.8653072543632061,-0.5012418134457756,2.199999999999932,12.0,16.2,1013.0999999999999,1012.9,7.700000000000003
213,213,2015-08-02,24.7,20.2,28.3,0.0,18.2,1017.0,16.0,214,-0.8565509959010037,-0.5160623910158526,2.7000000000000455,15.1,12.0,1014.4666666666667,1012.1,8.100000000000001
214,214,2015-08-03,26.4,23.0,29.6,1.9,16.0,1016.5,13.6,215,-0.8475409228928312,-0.5307300481619331,-0.5,18.2,15.1,1015.9333333333334,1014.3,6.600000000000001
215,215,2015-08-04,26.6,23.9,30.9,0.0,13.6,1015.7,11.4,216,-0.8382797052177745,-0.5452404385406507,-0.7999999999999545,16.0,18.2,1016.4,1017.0,7.0
216,216,2015-08-05,26.4,22.6,30.2,0.0,11.4,1015.0,11.5,217,-0.828770087174504,-0.5595892624101763,-0.7000000000000455,13.6,16.0,1015.7333333333332,1016.5,7.599999999999998
217,217,2015-08-06,26.4,22.9,29.5,0.0,11.5,1015.1,12.1,218,-0.8190148866680802,-0.5737722679043243,0.10000000000002274,11.4,13.6,1015.2666666666668,1015.7,6.600000000000001
218,218,2015-08-07,27.1,24.2,30.4,0.0,12.1,1014.5,11.9,219,-0.8090169943749472,-0.5877852522924734,-0.6000000000000227,11.5,11.4,1014.8666666666668,1015.0,6.199999999999999
219,219,2015-08-08,26.1,21.8,30.5,6.3,11.9,1017.9,12.7,220,-0.7987793728863648,-0.6016240632249227,3.3999999999999773,12.1,11.5,1015.8333333333334,1015.1,8.7
220,220,2015-08-09,24.1,21.4,28.0,0.0,12.7,1018.7,13.1,221,-0.7883050558305253,-0.6152845999633277,0.8000000000000682,11.9,12.1,1017.0333333333333,1014.5,6.600000000000001
221,221,2015-08-10,24.9,22.3,28.4,0.0,13.1,1015.8,12.8,222,-0.7775971469736268,-0.6287628145958345,-2.900000000000091,12.7,11.9,1017.4666666666667,1017.9,6.099999999999998
222,222,2015-08-11,25.4,21.3,29.7,0.0,12.8,1014.8,12.4,223,-0.7666588193001592,-0.6420547132365636,-1.0,13.1,12.7,1016.4333333333333,1018.7,8.399999999999999
223,223,2015-08-12,26.9,24.8,30.3,0.0,12.4,1016.6,13.8,224,-0.7554933140726804,-0.655156357209085,1.8000000000000682,12.8,13.1,1015.7333333333332,1015.8,5.5
224,224,2015-08-13,27.3,25.0,30.6,0.0,13.8,,18.5,225,-0.7441039398713608,-0.6680638642135333,,12.4,12.8,,1014.8,5.600000000000001
225,225,2015-08-14,24.9,22.2,28.1,7.2,18.5,1013.4,14.1,226,-0.7324940716135792,-0.6807734094770159,,13.8,12.4,,1016.6,5.900000000000002
226,226,2015-08-15,22.3,18.0,27.3,1.6,14.1,1013.7,16.2,227,-0.7206671495538615,-0.6932812268869771,0.3000000000000682,18.5,13.8,,,9.3
227,227,2015-08-16,22.2,17.3,27.7,0.5,16.2,1013.5,16.6,228,-0.70862667826446,-0.7055836101071774,-0.20000000000004547,14.1,18.5,1013.5333333333333,1013.4,10.399999999999999
228,228,2015-08-17,23.7,21.1,26.5,18.6,16.6,1013.0,12.8,229,-0.6963762255968726,-0.7176769136759615,-0.5,16.2,14.1,1013.4,1013.7,5.399999999999999
229,229,2015-08-18,21.2,17.5,24.3,5.9,12.8,1014.7,15.0,230,-0.6839194216246105,-0.7295575540864876,1.7000000000000455,16.6,16.2,1013.7333333333335,1013.5,6.800000000000001
230,230,2015-08-19,23.0,18.8,26.9,0.0,15.0,1018.1,15.3,231,-0.6712599575675315,-0.7412220108485957,3.3999999999999773,12.8,16.6,1015.2666666666668,1013.0,8.099999999999998
231,231,2015-08-20,24.3,20.6,28.6,0.0,15.3,1021.0,14.2,232,-0.6584015846980489,-0.7526668275320083,2.8999999999999773,15.0,12.8,1017.9333333333334,1014.7,8.0
232,232,2015-08-21,25.6,22.5,29.1,,14.2,1020.2,9.4,233,-0.64534811322955,-0.7638886127905429,-0.7999999999999545,15.3,15.0,1019.7666666666668,1018.1,6.600000000000001
233,233,2015-08-22,25.6,23.5,28.8,,9.4,1015.7,16.3,234,-0.6321034111873488,-0.7748840413670406,-4.5,14.2,15.3,1018.9666666666667,1021.0,5.300000000000001
234,234,2015-08-23,25.7,22.8,29.3,0.0,16.3,1008.1,17.2,235,-0.6186714032625032,-0.7856498550787144,-7.600000000000023,9.4,14.2,1014.6666666666666,1020.2,6.5
235,235,2015-08-24,26.6,23.1,32.8,0.0,17.2,1009.2,12.8,236,-0.6050560696488494,-0.7961828637826154,1.1000000000000227,16.3,9.4,1011.0,1015.7,9.699999999999996
236,236,2015-08-25,23.8,19.7,27.2,0.0,12.8,1019.1,17.2,237,-0.5912614448635782,-0.8064799463209447,9.899999999999977,17.2,16.3,1012.1333333333333,1008.1,7.5
237,237,2015-08-26,24.6,20.5,28.7,0.0,17.2,1017.4,15.2,238,-0.5772916165517278,-0.8165380514459157,-1.7000000000000455,12.8,17.2,1015.2333333333335,1009.2,8.2
238,238,2015-08-27,25.7,22.7,29.2,0.0,15.2,1016.0,10.1,239,-0.5631507242749187,-0.8263541987239094,-1.3999999999999773,17.2,12.8,1017.5,1019.1,6.5
239,239,2015-08-28,25.8,22.3,29.3,0.0,10.1,1017.9,12.6,240,-0.5488429582847199,-0.8359254794186365,1.8999999999999773,15.2,17.2,1017.1,1017.4,7.0
240,240,2015-08-29,25.6,22.7,29.4,0.0,12.6,1019.9,14.3,241,-0.5343725582809785,-0.8452490573530634,2.0,10.1,15.2,1017.9333333333333,1016.0,6.699999999999999
241,241,2015-08-30,25.3,21.1,29.4,0.0,14.3,1018.8,12.3,242,-0.5197438121555157,-0.8543221697498269,-1.1000000000000227,12.6,10.1,1018.8666666666667,1017.9,8.299999999999997
242,242,2015-08-31,25.8,22.6,30.2,0.1,12.3,1015.4,12.0,243,-0.5049610547215202,-0.8631421280499115,-3.3999999999999773,14.3,12.6,1018.0333333333333,1019.9,7.599999999999998
243,243,2015-09-01,25.5,23.3,29.0,0.4,12.0,1015.5,10.0,244,-0.4900286664290594,-0.8717063187093217,0.10000000000002274,12.3,14.3,1016.5666666666666,1018.8,5.699999999999999
244,244,2015-09-02,23.6,20.4,25.9,5.9,10.0,1015.9,22.5,245,-0.4749510720670502,-0.8800122039735356,0.39999999999997726,12.0,12.3,1015.6,1015.4,5.5
245,245,2015-09-03,22.6,20.7,24.9,0.2,22.5,1014.0,13.9,246,-0.4597327394521046,-0.888057322629493,-1.8999999999999773,10.0,12.0,1015.1333333333333,1015.5,4.199999999999999
246,246,2015-09-04,20.6,18.0,23.6,2.9,13.9,1015.3,13.7,247,-0.4443781781046134,-0.8958392907349089,1.2999999999999545,22.5,10.0,1015.0666666666666,1015.9,5.600000000000001
247,247,2015-09-05,20.9,16.5,25.2,2.9,13.7,,13.8,248,-0.4288919379124841,-0.9033558023246842,,13.9,22.5,,1014.0,8.7
248,248,2015-09-06,21.3,17.8,24.7,0.5,13.8,1021.2,16.0,249,-0.41327860778290443,-0.9106046300942162,,13.7,13.9,,1015.3,6.899999999999999
249,249,2015-09-07,21.2,17.1,24.9,0.0,16.0,1020.7,11.7,250,-0.3975428142825566,-0.9175836260593934,-0.5,13.8,13.7,,,7.799999999999997
250,250,2015-09-08,21.2,18.4,24.8,0.0,11.7,1018.2,13.1,251,-0.3816892202666586,-0.9242907221930934,-2.5,16.0,13.8,1020.0333333333334,1021.2,6.400000000000002
251,251,2015-09-09,21.2,16.7,25.3,0.0,13.1,1016.1,13.0,252,-0.3657225234972692,-0.9307239310379793,-2.1000000000000227,11.7,16.0,1018.3333333333334,1020.7,8.600000000000001
252,252,2015-09-10,19.7,17.4,22.3,15.2,13.0,1015.7,12.2,253,-0.34964745525122826,-0.9368813462954315,-0.39999999999997726,13.1,11.7,1016.6666666666666,1018.2,4.900000000000002
253,253,2015-09-11,21.3,18.6,25.1,0.0,12.2,1016.3,10.5,254,-0.33346877891818705,-0.9427611433904206,0.599999999999909,13.0,13.1,1016.0333333333333,1016.1,6.5
254,254,2015-09-12,23.6,21.1,27.8,0.5,10.5,1015.1,15.8,255,-0.31719128858910595,-0.9483615800121716,-1.1999999999999318,12.2,13.0,1015.7000000000002,1015.7,6.699999999999999
255,255,2015-09-13,22.9,18.9,27.3,0.0,15.8,1009.5,15.9,256,-0.300819807635668,-0.9536809966304455,-5.600000000000023,10.5,12.2,1013.6333333333332,1016.3,8.400000000000002
256,256,2015-09-14,23.0,19.4,28.0,0.0,15.9,1010.7,12.8,257,-0.2843591872810036,-0.9587178169872964,1.2000000000000455,15.8,10.5,1011.7666666666668,1015.1,8.600000000000001
257,257,2015-09-15,21.8,17.4,25.8,0.0,12.8,1010.3,17.3,258,-0.26781430516217486,-0.9634705485641486,-0.40000000000009095,15.9,15.8,1010.1666666666666,1009.5,8.400000000000002
258,258,2015-09-16,24.2,20.5,28.1,0.0,17.3,1004.0,19.0,259,-0.25119006388481957,-0.9679377830240642,-6.2999999999999545,12.8,15.9,1008.3333333333334,1010.7,7.600000000000001
259,259,2015-09-17,24.1,19.7,29.2,0.0,19.0,1008.1,13.9,260,-0.23449138957041052,-0.9721181966290612,4.100000000000023,17.3,12.8,1007.4666666666667,1010.3,9.5
260,260,2015-09-18,20.4,17.0,24.1,0.0,13.9,1019.2,14.9,261,-0.21772323039653224,-0.9760105506323682,11.100000000000023,19.0,17.3,1010.4333333333334,1004.0,7.100000000000001
261,261,2015-09-19,20.5,16.4,24.5,0.0,14.9,1022.8,14.0,262,-0.20089055513063528,-0.9796136916454901,3.599999999999909,13.9,19.0,1016.6999999999999,1008.1,8.100000000000001
262,262,2015-09-20,21.6,18.4,24.0,0.0,14.0,1020.9,11.8,263,-0.18399835165767986,-0.9829265519799822,-1.8999999999999773,14.9,13.9,1020.9666666666667,1019.2,5.600000000000001
263,263,2015-09-21,20.9,18.0,24.7,0.0,11.8,1016.7,15.6,264,-0.1670516255021195,-0.9859481499638303,-4.199999999999932,14.0,14.9,1020.1333333333332,1022.8,6.699999999999999
264,264,2015-09-22,20.7,17.2,25.3,0.0,15.6,1012.8,15.6,265,-0.15005539834465262,-0.9886775902323404,-3.900000000000091,11.8,14.0,1016.8000000000001,1020.9,8.100000000000001
265,265,2015-09-23,20.3,18.4,22.2,1.0,15.6,1013.5,16.3,266,-0.13301470653419636,-0.9911140639934546,0.7000000000000455,15.6,11.8,1014.3333333333334,1016.7,3.8000000000000007
266,266,2015-09-24,19.5,16.4,23.2,0.0,16.3,1017.7,13.1,267,-0.11593459959550066,-0.9932568492674143,4.2000000000000455,15.6,15.6,1014.6666666666666,1012.8,6.800000000000001
267,267,2015-09-25,19.4,15.0,23.1,0.0,13.1,1017.8,10.6,268,-0.09882013873287211,-0.9951053111006974,0.09999999999990905,16.3,15.6,1016.3333333333334,1013.5,8.100000000000001
268,268,2015-09-26,20.7,17.6,24.1,0.0,10.6,1017.8,10.3,269,-0.08167639533042288,-0.99665890175417,0.0,13.1,16.3,1017.7666666666668,1017.7,6.5
269,269,2015-09-27,19.7,17.7,23.0,,10.3,1020.2,16.7,270,-0.06450844944931625,-0.9979171608653922,2.400000000000091,10.6,13.1,1018.6,1017.8,5.300000000000001
270,270,2015-09-28,19.9,15.7,24.0,0.0,16.7,1022.4,20.6,271,-0.04732138832243232,-0.9988797155850335,2.199999999999932,10.3,10.6,1020.1333333333333,1017.8,8.3
271,271,2015-09-29,18.9,17.0,21.0,6.7,20.6,1019.5,25.6,272,-0.03012030484690836,-0.9995462806873573,-2.8999999999999773,16.7,10.3,1020.6999999999999,1020.2,4.0
272,272,2015-09-30,18.7,17.0,19.8,4.9,25.6,1017.6,11.9,273,-0.012910296075008843,-0.9999166586547379,-1.8999999999999773,20.6,16.7,1019.8333333333334,1022.4,2.8000000000000007
273,273,2015-10-01,18.1,14.6,21.6,5.2,11.9,1021.0,11.8,274,0.004303538296243821,-0.9999907397361901,3.3999999999999773,25.6,20.6,1019.3666666666667,1019.5,7.000000000000002
274,274,2015-10-02,18.8,14.9,23.5,48.1,11.8,1018.3,13.9,275,0.021516097436222233,-0.9997685019798909,-2.7000000000000455,11.9,25.6,1018.9666666666666,1017.6,8.6
275,275,2015-10-03,19.5,16.2,23.8,,13.9,1015.7,12.0,276,0.03872228089217399,-0.9992500112396835,-2.599999999999909,11.8,11.9,1018.3333333333334,1021.0,7.600000000000001
276,276,2015-10-04,19.0,15.9,22.5,0.0,12.0,1018.6,13.0,277,0.05591699010060302,-0.9984354211555643,2.8999999999999773,13.9,11.8,1017.5333333333333,1018.3,6.6
277,277,2015-10-05,21.7,18.9,26.3,,13.0,1014.9,17.6,278,0.07309512989807776,-0.9973249731081555,-3.7000000000000455,12.0,13.9,1016.4,1015.7,7.400000000000002
278,278,2015-10-06,22.9,18.5,29.2,0.0,17.6,1009.7,13.6,279,0.0902516100310407,-0.9959189961471792,-5.199999999999932,13.0,12.0,1014.4,1018.6,10.7
279,279,2015-10-07,20.2,16.9,23.8,6.9,13.6,1016.1,12.0,280,0.10738134666416306,-0.994217906893952,6.399999999999977,17.6,13.0,1013.5666666666667,1014.9,6.900000000000002
280,280,2015-10-08,18.6,15.9,22.0,0.0,12.0,1017.4,9.2,281,0.12447926388678869,-0.9922222094179324,1.2999999999999545,13.6,17.6,1014.4,1009.7,6.1
281,281,2015-10-09,17.8,14.8,21.6,0.0,9.2,1014.8,18.2,282,0.141540295217043,-0.989932495087353,-2.6000000000000227,12.0,13.6,1016.1,1016.1,6.800000000000001
282,282,2015-10-10,18.1,13.6,22.6,0.0,18.2,1011.0,12.5,283,0.15855938510313475,-0.9873494423939864,-3.7999999999999545,9.2,12.0,1014.4,1017.4,9.000000000000002
283,283,2015-10-11,18.9,14.1,23.4,0.0,12.5,1007.6,14.2,284,0.17553149042142777,-0.9844738167520923,-3.3999999999999773,18.2,9.2,1011.1333333333333,1014.8,9.299999999999999
284,284,2015-10-12,19.9,19.1,22.7,0.0,14.2,1009.6,10.3,285,0.19245158197082995,-0.9813064702716093,2.0,12.5,18.2,1009.4,1011.0,3.599999999999998
285,285,2015-10-13,18.5,17.2,21.8,3.8,10.3,1012.9,13.7,286,0.20931464596304888,-0.9778483415056567,3.2999999999999545,14.2,12.5,1010.0333333333333,1007.6,4.600000000000001
286,286,2015-10-14,16.9,12.9,20.1,0.1,13.7,1012.0,15.4,287,0.22611568550828803,-0.9741004551724206,-0.8999999999999773,10.3,14.2,1011.5,1009.6,7.200000000000001
287,287,2015-10-15,13.9,9.8,18.6,0.0,15.4,1014.9,16.5,288,0.2428497220959358,-0.970063921851507,2.8999999999999773,13.7,10.3,1013.2666666666668,1012.9,8.8
288,288,2015-10-16,14.4,10.6,19.2,0.0,16.5,1017.1,12.1,289,0.25951179706979943,-0.965739937654855,2.2000000000000455,15.4,13.7,1014.6666666666666,1012.0,8.6
289,289,2015-10-17,15.5,11.2,19.3,0.0,12.1,1016.6,9.0,290,0.27609697309746883,-0.9611297838723007,-0.5,16.5,15.4,1016.1999999999999,1014.9,8.100000000000001
290,290,2015-10-18,18.2,16.1,22.7,0.0,9.0,1014.1,16.2,291,0.2926003356333479,-0.9562348265919058,-2.5,12.1,16.5,1015.9333333333334,1017.1,6.599999999999998
291,291,2015-10-19,17.8,15.9,21.2,0.2,16.2,1012.5,9.8,292,0.30901699437494723,-0.9510565162951536,-1.6000000000000227,9.0,12.1,1014.4000000000001,1016.6,5.299999999999999
292,292,2015-10-20,17.2,15.3,19.1,0.9,9.8,1014.9,11.9,293,0.3253420847119795,-0.9455963874271428,2.3999999999999773,16.2,9.0,1013.8333333333334,1014.1,3.8000000000000007
293,293,2015-10-21,16.1,12.4,19.4,0.0,11.9,1016.6,13.0,294,0.341570769167856,-0.9398560579418953,1.7000000000000455,9.8,16.2,1014.6666666666666,1012.5,6.999999999999998
294,294,2015-10-22,15.2,10.3,20.3,0.0,13.0,1018.4,14.1,295,0.35769823883312546,-0.9338372288229252,1.7999999999999545,11.9,9.8,1016.6333333333333,1014.9,10.0
295,295,2015-10-23,16.4,13.2,20.5,0.0,14.1,1020.3,9.6,296,0.3737197147904692,-0.9275416835791965,1.8999999999999773,13.0,11.9,1018.4333333333334,1016.6,7.300000000000001
296,296,2015-10-24,16.1,12.9,21.0,0.0,9.6,1020.4,13.1,297,0.38963044953078774,-0.9209712877166347,0.10000000000002274,14.1,13.0,1019.6999999999999,1018.4,8.1
297,297,2015-10-25,16.9,14.5,20.3,2.5,13.1,1021.6,13.5,298,0.4054257283599973,-0.9141279881853337,1.2000000000000455,9.6,14.1,1020.7666666666668,1020.3,5.800000000000001
298,298,2015-10-26,17.3,15.3,20.2,5.3,13.5,1016.4,9.5,299,0.42110087079608916,-0.9070138128026362,-5.2000000000000455,13.1,9.6,1019.4666666666667,1020.4,4.899999999999999
299,299,2015-10-27,18.3,16.5,21.4,1.8,9.5,1013.5,15.3,300,0.4366512319560638,-0.8996308696522434,-2.8999999999999773,13.5,13.1,1017.1666666666666,1021.6,4.899999999999999
300,300,2015-10-28,18.1,12.6,22.5,0.0,15.3,1013.5,13.6,301,0.45207220393230374,-0.8919813464595487,0.0,9.5,13.5,1014.4666666666667,1016.4,9.9
301,301,2015-10-29,15.4,10.9,21.3,0.0,13.6,1018.4,12.6,302,0.46735921715800205,-0.8840675099433637,4.899999999999977,15.3,9.5,1015.1333333333332,1013.5,10.4
302,302,2015-10-30,16.5,12.3,22.2,0.0,12.6,1021.2,15.3,303,0.48250774176121763,-0.8758917051442433,2.800000000000068,13.6,15.3,1017.6999999999999,1013.5,9.899999999999999
303,303,2015-10-31,16.6,13.2,20.4,0.0,15.3,1022.6,28.3,304,0.4975132889071803,-0.8674563547295971,1.3999999999999773,12.6,13.6,1020.7333333333332,1018.4,7.199999999999999
304,304,2015-11-01,17.6,14.1,20.2,1.8,28.3,1025.7,33.0,305,0.5123714121284235,-0.858763958275803,3.1000000000000227,15.3,12.6,1023.1666666666666,1021.2,6.1
305,305,2015-11-02,18.2,16.4,20.2,15.9,33.0,1020.7,10.0,306,0.5270777086423724,-0.8498170915275277,-5.0,28.3,15.3,1023.0000000000001,1022.6,3.8000000000000007
306,306,2015-11-03,17.7,14.2,20.8,0.0,10.0,1019.7,14.0,307,0.5416278206559811,-0.8406184056344783,-1.0,33.0,28.3,1022.0333333333334,1025.7,6.600000000000001
307,307,2015-11-04,16.8,13.4,20.6,0.2,14.0,1020.9,8.1,308,0.5560174366570446,-0.8311706263658079,1.1999999999999318,10.0,33.0,1020.4333333333334,1020.7,7.200000000000001
308,308,2015-11-05,16.8,14.3,20.0,0.0,8.1,1021.8,11.5,309,0.5702422926917867,-0.8214765533024145,0.8999999999999773,14.0,10.0,1020.8000000000001,1019.7,5.699999999999999
309,309,2015-11-06,16.4,13.6,20.6,0.0,11.5,1025.6,8.1,310,0.5842981736283683,-0.8115390590073611,3.7999999999999545,8.1,14.0,1022.7666666666668,1020.9,7.000000000000002
310,310,2015-11-07,16.1,14.1,19.4,0.0,8.1,1027.8,10.6,311,0.5981809144059158,-0.801361088174677,2.2000000000000455,11.5,8.1,1025.0666666666666,1021.8,5.299999999999999
311,311,2015-11-08,16.6,14.0,20.1,0.0,10.6,1030.4,11.4,312,0.6118864012687242,-0.7909456567567774,2.6000000000001364,8.1,11.5,1027.9333333333334,1025.6,6.100000000000001
312,312,2015-11-09,16.6,13.2,21.4,0.0,11.4,1031.3,15.5,313,0.6254105729852457,-0.780295851070776,0.8999999999998636,10.6,8.1,1029.8333333333333,1027.8,8.2
313,313,2015-11-10,16.3,13.2,22.6,0.0,15.5,1028.0,12.9,314,0.6387494220515268,-0.7694148268839381,-3.2999999999999545,11.4,10.6,1029.8999999999999,1030.4,9.400000000000002
314,314,2015-11-11,15.5,12.2,20.3,0.0,12.9,1025.6,10.2,315,0.6518989958787125,-0.7583058084785625,-2.400000000000091,15.5,11.4,1028.3000000000002,1031.3,8.100000000000001
315,315,2015-11-12,15.1,12.6,18.9,0.0,10.2,1026.2,10.6,316,0.6648553979642866,-0.7469720876965551,0.6000000000001364,12.9,15.5,1026.6000000000001,1028.0,6.299999999999999
316,316,2015-11-13,15.3,12.8,18.3,0.0,10.6,1029.7,17.6,317,0.6776147890466887,-0.7354170229639858,3.5,10.2,12.9,1027.1666666666667,1025.6,5.5
317,317,2015-11-14,14.3,11.4,19.7,0.0,17.6,1031.0,16.6,318,0.690173388242972,-0.7236440382959124,1.2999999999999545,10.6,10.2,1028.966666666667,1026.2,8.299999999999999
318,318,2015-11-15,14.1,9.4,20.2,0.0,16.6,1024.8,17.9,319,0.7025274741691566,-0.711656622281775,-6.2000000000000455,17.6,10.6,1028.5000000000002,1029.7,10.799999999999999
319,319,2015-11-16,14.4,10.1,22.2,0.0,17.9,1021.3,19.9,320,0.7146733860429608,-0.6994583270516471,-3.5,16.6,17.6,1025.7,1031.0,12.1
320,320,2015-11-17,13.5,9.4,21.4,0.0,19.9,1023.6,17.2,321,0.7266075247685652,-0.6870527672236675,2.300000000000068,17.9,16.6,1023.2333333333335,1024.8,11.999999999999998
321,321,2015-11-18,13.2,8.7,19.4,0.0,17.2,1026.1,14.6,322,0.7383263540031063,-0.6744436188329457,2.4999999999998863,19.9,17.9,1023.6666666666666,1021.3,10.7
322,322,2015-11-19,13.9,9.6,20.3,0.0,14.6,1027.4,14.2,323,0.749826401204568,-0.661634618242279,1.300000000000182,17.2,19.9,1025.7,1023.6,10.700000000000001
323,323,2015-11-20,15.2,11.2,21.0,0.0,14.2,1023.5,25.3,324,0.7611042586607742,-0.6486295610349818,-3.900000000000091,14.6,17.2,1025.6666666666667,1026.1,9.8
324,324,2015-11-21,16.2,9.2,19.9,0.0,25.3,1006.3,18.9,325,0.7721565844991641,-0.6354323008901775,-17.200000000000045,14.2,14.6,1019.0666666666667,1027.4,10.7
325,325,2015-11-22,9.8,6.7,14.1,0.0,18.9,1010.4,16.7,326,0.7829801036770624,-0.622046748440868,4.100000000000023,25.3,14.2,1013.4000000000001,1023.5,7.3999999999999995
326,326,2015-11-23,8.2,3.6,14.2,0.0,16.7,1018.5,17.2,327,0.7935716089521472,-0.6084768701151264,8.100000000000023,18.9,25.3,1011.7333333333335,1006.3,10.6
327,327,2015-11-24,7.2,2.0,15.6,0.0,17.2,1024.0,12.0,328,0.8039279618328208,-0.594726686960764,5.5,16.7,18.9,1017.6333333333333,1010.4,13.6
328,328,2015-11-25,10.2,5.8,16.7,0.0,12.0,1015.9,11.7,329,0.8140460935082175,-0.5808002734538013,-8.100000000000023,17.2,16.7,1019.4666666666667,1018.5,10.899999999999999
329,329,2015-11-26,11.2,7.1,16.4,0.0,11.7,1011.6,14.7,330,0.8239230057575536,-0.5667017562911184,-4.2999999999999545,12.0,17.2,1017.1666666666666,1024.0,9.299999999999999
330,330,2015-11-27,10.4,6.4,16.0,0.0,14.7,1014.7,14.5,331,0.8335557718385695,-0.5524353131676203,3.1000000000000227,11.7,12.0,1014.0666666666667,1015.9,9.6
331,331,2015-11-28,10.1,5.8,17.2,0.0,14.5,1019.9,17.4,332,0.8429415373547832,-0.5380051715382992,5.199999999999932,14.7,11.7,1015.4000000000001,1011.6,11.399999999999999
332,332,2015-11-29,9.8,6.4,15.2,0.0,17.4,1031.7,18.8,333,0.8520775211013093,-0.5234156073655503,11.800000000000068,14.5,14.7,1022.1,1014.7,8.799999999999999
333,333,2015-11-30,9.7,4.7,16.6,0.0,18.8,1034.1,17.1,334,0.8609610158889945,-0.5086709438521042,2.3999999999998636,17.4,14.5,1028.5666666666666,1019.9,11.900000000000002
334,334,2015-12-01,10.1,5.3,17.4,0.0,17.1,1031.9,13.9,335,0.8695893893466109,-0.49377555015997737,-2.199999999999818,18.8,17.4,1032.5666666666668,1031.7,12.099999999999998
335,335,2015-12-02,9.7,5.8,16.3,0.0,13.9,1029.4,14.5,336,0.8779600847008883,-0.4787338401157883,-2.5,17.1,18.8,1031.8000000000002,1034.1,10.5
336,336,2015-12-03,10.3,6.7,16.2,0.0,14.5,1030.7,14.4,337,0.8860706215341378,-0.4635502709028512,1.2999999999999545,13.9,17.1,1030.6666666666667,1031.9,9.5
337,337,2015-12-04,10.5,7.1,17.0,,14.4,1033.9,11.8,338,0.893918596519257,-0.4482293417404106,3.2000000000000455,14.5,13.9,1031.3333333333335,1029.4,9.9
338,338,2015-12-05,11.8,9.1,15.5,0.1,11.8,1033.0,11.5,339,0.9015016841318838,-0.4327755925504317,-0.900000000000091,14.4,14.5,1032.5333333333335,1030.7,6.4
339,339,2015-12-06,12.6,9.7,16.2,0.3,11.5,1031.6,10.0,340,0.9088176373395028,-0.41719360261231697,-1.400000000000091,11.8,14.4,1032.8333333333335,1033.9,6.5
340,340,2015-12-07,13.2,11.6,16.3,0.0,10.0,1031.5,8.1,341,0.9158642882672868,-0.4014879892059737,-0.09999999999990905,11.5,11.8,1032.0333333333335,1033.0,4.700000000000001
341,341,2015-12-08,14.1,11.6,18.2,0.0,8.1,1032.0,16.0,342,0.9226395488404875,-0.38566340624360745,0.5,10.0,11.5,1031.7,1031.6,6.6
342,342,2015-12-09,13.6,10.6,18.5,0.0,16.0,1035.8,13.2,343,0.9291414114031743,-0.3697245428906732,3.7999999999999545,8.1,10.0,1033.1000000000001,1031.5,7.9
343,343,2015-12-10,11.1,7.0,16.7,0.0,13.2,1034.7,16.1,344,0.935367949313148,-0.3536761221763721,-1.099999999999909,16.0,8.1,1034.1666666666667,1032.0,9.7
344,344,2015-12-11,11.1,8.0,17.0,0.0,16.1,1033.5,15.5,345,0.941317317512847,-0.33752289959411347,-1.2000000000000455,13.2,16.0,1034.6666666666667,1035.8,9.0
345,345,2015-12-12,10.2,6.6,15.3,0.0,15.5,1028.0,14.6,346,0.9469877530760751,-0.32126966169236515,-5.5,16.1,13.2,1032.0666666666668,1034.7,8.700000000000001
346,346,2015-12-13,9.7,6.6,16.1,0.0,14.6,1022.4,14.3,347,0.9523775757303973,-0.3049212246562894,-5.600000000000023,15.5,16.1,1027.9666666666667,1033.5,9.500000000000002
347,347,2015-12-14,8.8,4.7,14.1,0.0,14.3,1022.3,14.6,348,0.9574851883550389,-0.2884824328806098,-0.10000000000002274,14.6,15.5,1024.2333333333333,1028.0,9.399999999999999
348,348,2015-12-15,11.3,6.4,18.3,0.0,14.6,1026.0,12.6,349,0.9623090774541487,-0.27195815753410524,3.7000000000000455,14.3,14.6,1023.5666666666666,1022.4,11.9
349,349,2015-12-16,12.6,9.4,18.9,0.0,12.6,1030.2,11.7,350,0.9668478136052773,-0.2553532951161881,4.2000000000000455,14.6,14.3,1026.1666666666667,1022.3,9.499999999999998
350,350,2015-12-17,12.8,10.2,17.9,0.0,11.7,1028.6,11.1,351,0.9711000518829505,-0.23867276600594997,-1.6000000000001364,12.6,14.6,1028.2666666666667,1026.0,7.699999999999999
351,351,2015-12-18,11.3,8.2,17.4,0.0,11.1,1027.9,9.9,352,0.9750645322571945,-0.22192151300416674,-0.6999999999998181,11.7,12.6,1028.9,1030.2,9.2
352,352,2015-12-19,11.3,8.3,16.2,0.0,9.9,1025.9,11.0,353,0.9787400799669153,-0.20510449986861926,-2.0,11.1,11.7,1027.4666666666667,1028.6,7.899999999999999
353,353,2015-12-20,12.8,12.1,14.4,0.0,11.0,1025.9,13.2,354,0.9821256058680006,-0.1882267098432439,0.0,9.9,11.1,1026.5666666666668,1027.9,2.3000000000000007
354,354,2015-12-21,13.4,9.7,18.0,0.0,13.2,1031.5,18.1,355,0.9852201067560606,-0.1712931441814778,5.599999999999909,11.0,9.9,1027.7666666666667,1025.9,8.3
355,355,2015-12-22,11.8,7.2,15.8,0.0,18.1,1033.7,13.4,356,0.9880226656636976,-0.154308820664281,2.2000000000000455,13.2,11.0,1030.3666666666668,1025.9,8.600000000000001
356,356,2015-12-23,12.8,9.7,17.3,0.0,13.4,1031.5,11.2,357,0.9905324521322227,-0.13727877211326517,-2.2000000000000455,18.1,13.2,1032.2333333333333,1031.5,7.600000000000001
357,357,2015-12-24,13.2,9.9,18.0,0.0,11.2,1029.8,12.9,358,0.9927487224577402,-0.12020804489935275,-1.7000000000000455,13.4,18.1,1031.6666666666667,1033.7,8.1
358,358,2015-12-25,10.6,6.9,16.8,0.0,12.9,1032.7,18.2,359,0.9946708199115211,-0.10310169744743544,2.900000000000091,11.2,13.4,1031.3333333333333,1031.5,9.9
359,359,2015-12-26,10.6,6.2,15.7,0.0,18.2,1033.3,13.9,360,0.9962981749346077,-0.0859647987374467,0.599999999999909,12.9,11.2,1031.9333333333334,1029.8,9.5
360,360,2015-12-27,10.6,6.5,16.2,0.0,13.9,1032.5,11.9,361,0.9976303053065857,-0.06880242680232064,-0.7999999999999545,18.2,12.9,1032.8333333333333,1032.7,9.7
361,361,2015-12-28,11.9,8.9,17.5,0.0,11.9,1030.5,10.2,362,0.9986668162884759,-0.05161966722325418,-2.0,13.9,18.2,1032.1000000000001,1033.3,8.6
362,362,2015-12-29,13.6,10.8,17.2,0.0,10.2,1028.7,14.5,363,0.9994074007397048,-0.034421611622745804,-1.7999999999999545,11.9,13.9,1030.5666666666666,1032.5,6.399999999999999
363,363,2015-12-30,11.9,8.1,17.4,0.0,14.5,1026.0,16.5,364,0.9998518392091162,-0.01721335615583528,-2.7000000000000455,10.2,11.9,1028.3999999999999,1030.5,9.299999999999999
364,364,2015-12-31,11.3,7.1,16.9,0.0,16.5,1024.4,11.9,365,1.0,6.432490598706546e-16,-1.599999999999909,14.5,10.2,1026.3666666666668,1028.7,9.799999999999999
365,365,2016-01-01,11.5,8.3,16.4,0.0,11.9,1022.9,12.5,1,0.9998518392091162,0.017213356155834685,-1.5000000000001137,16.5,14.5,1024.4333333333334,1026.0,8.099999999999998
366,366,2016-01-02,13.8,8.6,17.7,0.0,12.5,1017.0,20.3,2,0.9994074007397048,0.03442161162274574,-5.899999999999977,11.9,16.5,1021.4333333333334,1024.4,9.1
367,367,2016-01-03,11.2,5.7,15.8,,20.3,1013.2,8.9,3,0.998666816288476,0.051619667223253764,-3.7999999999999545,12.5,11.9,1017.7000000000002,1022.9,10.100000000000001
368,368,2016-01-04,12.9,11.1,16.3,1.2,8.9,1002.8,9.7,4,0.9976303053065857,0.06880242680231986,-10.400000000000091,20.3,12.5,1011.0,1017.0,5.200000000000001
369,369,2016-01-05,11.1,7.4,16.2,0.0,9.7,1003.1,18.4,5,0.9962981749346078,0.08596479873744647,0.3000000000000682,8.9,20.3,1006.3666666666668,1013.2,8.799999999999999
370,370,2016-01-06,10.9,7.5,14.5,0.0,18.4,1008.8,20.4,6,0.9946708199115211,0.10310169744743485,5.699999999999932,9.7,8.9,1004.9000000000001,1002.8,7.0
371,371,2016-01-07,15.7,9.5,19.9,0.0,20.4,1008.7,20.5,7,0.9927487224577402,0.1202080448993527,-0.09999999999990905,18.4,9.7,1006.8666666666668,1003.1,10.399999999999999
372,372,2016-01-08,16.8,13.4,20.5,0.0,20.5,1008.2,12.6,8,0.9905324521322229,0.13727877211326478,-0.5,20.4,18.4,1008.5666666666667,1008.8,7.1
373,373,2016-01-09,15.6,13.1,19.3,0.0,12.6,1005.9,22.8,9,0.9880226656636976,0.15430882066428117,-2.300000000000068,20.5,20.4,1007.6,1008.7,6.200000000000001
374,374,2016-01-10,15.3,12.3,17.6,0.0,22.8,1007.1,30.2,10,0.9852201067560606,0.1712931441814776,1.2000000000000455,12.6,20.5,1007.0666666666667,1008.2,5.300000000000001
375,375,2016-01-11,16.2,12.4,18.9,0.0,30.2,1006.3,21.0,11,0.9821256058680006,0.1882267098432442,-0.8000000000000682,22.8,12.6,1006.4333333333334,1005.9,6.499999999999998
376,376,2016-01-12,13.0,10.5,16.3,0.0,21.0,1016.9,15.8,12,0.9787400799669153,0.2051044998686192,10.600000000000023,30.2,22.8,1010.1,1007.1,5.800000000000001
377,377,2016-01-13,10.1,6.2,15.2,0.0,15.8,1024.7,17.8,13,0.9750645322571948,0.2219215130041655,7.800000000000068,21.0,30.2,1015.9666666666667,1006.3,9.0
378,378,2016-01-14,12.2,8.6,16.5,0.5,17.8,1016.2,12.7,14,0.9711000518829505,0.2386727660059501,-8.5,15.8,21.0,1019.2666666666668,1016.9,7.9
379,379,2016-01-15,9.9,6.6,11.9,0.0,12.7,1019.1,15.3,15,0.9668478136052775,0.255353295116187,2.8999999999999773,17.8,15.8,1020.0,1024.7,5.300000000000001
380,380,2016-01-16,8.3,4.0,13.7,0.0,15.3,1024.5,13.0,16,0.9623090774541486,0.2719581575341055,5.399999999999977,12.7,17.8,1019.9333333333334,1016.2,9.7
381,381,2016-01-17,6.9,1.4,12.0,0.0,13.0,1025.1,13.7,17,0.9574851883550393,0.288482432880609,0.599999999999909,15.3,12.7,1022.9,1019.1,10.6
382,382,2016-01-18,9.2,5.7,13.5,0.0,13.7,1015.7,13.3,18,0.9523775757303974,0.30492122465628907,-9.399999999999864,13.0,15.3,1021.7666666666668,1024.5,7.8
383,383,2016-01-19,8.5,5.5,12.8,0.0,13.3,1017.0,13.1,19,0.9469877530760753,0.3212696616923644,1.2999999999999545,13.7,13.0,1019.2666666666668,1025.1,7.300000000000001
384,384,2016-01-20,9.3,5.0,16.1,0.0,13.1,1017.3,13.4,20,0.9413173175128471,0.3375228995941133,0.2999999999999545,13.3,13.7,1016.6666666666666,1015.7,11.100000000000001
385,385,2016-01-21,8.7,4.3,14.3,0.0,13.4,1021.3,14.0,21,0.9353679493131483,0.3536761221763716,4.0,13.1,13.3,1018.5333333333334,1017.0,10.0
386,386,2016-01-22,9.6,5.1,15.2,0.0,14.0,1028.7,13.7,22,0.9291414114031743,0.3697245428906731,7.400000000000091,13.4,13.1,1022.4333333333334,1017.3,10.1
387,387,2016-01-23,11.9,8.5,17.0,0.0,13.7,1033.2,10.5,23,0.9226395488404876,0.38566340624360707,4.5,14.0,13.4,1027.7333333333333,1021.3,8.5
388,388,2016-01-24,11.7,8.1,14.7,0.0,10.5,1034.2,9.0,24,0.9158642882672872,0.401487989205973,1.0,13.7,14.0,1032.0333333333335,1028.7,6.6
389,389,2016-01-25,13.9,11.7,16.6,0.0,9.0,1032.2,11.5,25,0.9088176373395029,0.4171936026123168,-2.0,10.5,13.7,1033.2,1033.2,4.900000000000002
390,390,2016-01-26,12.9,10.3,16.7,0.0,11.5,1032.0,17.0,26,0.901501684131884,0.4327755925504312,-0.20000000000004547,9.0,10.5,1032.8000000000002,1034.2,6.399999999999999
391,391,2016-01-27,11.8,8.2,16.4,0.0,17.0,1029.6,12.0,27,0.893918596519257,0.4482293417404106,-2.400000000000091,11.5,9.0,1031.2666666666667,1032.2,8.2
392,392,2016-01-28,12.0,8.3,17.1,0.0,12.0,1028.4,12.0,28,0.886070621534138,0.4635502709028509,-1.199999999999818,17.0,11.5,1030.0,1032.0,8.8
393,393,2016-01-29,12.2,10.1,15.5,0.0,12.0,1032.7,12.7,29,0.8779600847008882,0.47873384011578846,4.2999999999999545,12.0,17.0,1030.2333333333333,1029.6,5.4
394,394,2016-01-30,12.3,8.6,17.8,0.0,12.7,1031.2,9.5,30,0.869589389346611,0.49377555015997715,-1.5,12.0,12.0,1030.7666666666667,1028.4,9.200000000000001
395,395,2016-01-31,11.3,7.2,16.8,0.0,9.5,1028.1,15.5,31,0.8609610158889943,0.5086709438521044,-3.1000000000001364,12.7,12.0,1030.6666666666667,1032.7,9.600000000000001
396,396,2016-02-01,13.8,9.1,19.2,0.0,15.5,1029.7,12.0,32,0.8520775211013093,0.5234156073655503,1.6000000000001364,9.5,12.7,1029.6666666666667,1031.2,10.1
397,397,2016-02-02,11.7,8.2,16.8,0.0,12.0,1027.5,12.0,33,0.8429415373547828,0.5380051715382996,-2.2000000000000455,15.5,9.5,1028.4333333333334,1028.1,8.600000000000001
398,398,2016-02-03,13.5,10.3,18.3,0.0,12.0,1026.7,12.4,34,0.8335557718385699,0.5524353131676196,-0.7999999999999545,12.0,15.5,1027.966666666667,1029.7,8.0
399,399,2016-02-04,9.8,5.4,14.1,0.0,12.4,1034.3,19.9,35,0.8239230057575542,0.5667017562911176,7.599999999999909,12.0,12.0,1029.5000000000002,1027.5,8.7
400,400,2016-02-05,10.1,5.4,15.7,0.0,19.9,1028.6,9.2,36,0.8140460935082178,0.5808002734538009,-5.7000000000000455,12.4,12.0,1029.8666666666666,1026.7,10.299999999999999
401,401,2016-02-06,11.2,7.5,16.2,1.9,9.2,1022.0,13.5,37,0.8039279618328213,0.5947266869607634,-6.599999999999909,19.9,12.4,1028.3,1034.3,8.7
402,402,2016-02-07,11.8,9.4,13.5,0.0,13.5,1012.4,12.5,38,0.7935716089521474,0.6084768701151261,-9.600000000000023,9.2,19.9,1021.0000000000001,1028.6,4.1
403,403,2016-02-08,11.8,6.1,17.4,0.0,12.5,1021.3,24.3,39,0.7829801036770629,0.6220467484408675,8.899999999999977,13.5,9.2,1018.5666666666667,1022.0,11.299999999999999
404,404,2016-02-09,15.9,9.8,20.1,0.0,24.3,1012.6,23.5,40,0.7721565844991642,0.6354323008901774,-8.699999999999932,12.5,13.5,1015.4333333333334,1012.4,10.3
405,405,2016-02-10,14.2,11.0,17.6,1.7,23.5,1009.3,8.6,41,0.7611042586607747,0.6486295610349814,-3.300000000000068,24.3,12.5,1014.4,1021.3,6.600000000000001
406,406,2016-02-11,12.0,10.0,14.5,1.2,8.6,1010.9,14.4,42,0.7498264012045686,0.6616346182422783,1.6000000000000227,23.5,24.3,1010.9333333333334,1012.6,4.5
407,407,2016-02-12,13.6,9.9,17.9,0.0,14.4,1005.8,18.5,43,0.7383263540031065,0.6744436188329455,-5.100000000000023,8.6,23.5,1008.6666666666666,1009.3,7.999999999999998
408,408,2016-02-13,17.2,13.2,23.3,5.9,18.5,1001.3,16.4,44,0.7266075247685656,0.6870527672236669,-4.5,14.4,8.6,1006.0,1010.9,10.100000000000001
409,409,2016-02-14,14.4,8.7,18.9,2.4,16.4,996.1,13.8,45,0.7146733860429609,0.699458327051647,-5.199999999999932,18.5,14.4,1001.0666666666666,1005.8,10.2
410,410,2016-02-15,9.7,6.9,13.8,0.0,13.8,1006.2,13.9,46,0.7025274741691571,0.7116566222817746,10.100000000000023,16.4,18.5,1001.2000000000002,1001.3,6.9
411,411,2016-02-16,8.5,3.3,13.1,0.0,13.9,1021.0,19.0,47,0.6901733882429719,0.7236440382959124,14.799999999999955,13.8,16.4,1007.7666666666668,996.1,9.8
412,412,2016-02-17,7.2,2.8,11.6,0.0,19.0,1020.8,13.5,48,0.6776147890466889,0.7354170229639855,-0.20000000000004547,13.9,13.8,1016.0,1006.2,8.8
413,413,2016-02-18,7.7,3.7,12.9,0.0,13.5,1017.9,14.6,49,0.6648553979642865,0.7469720876965552,-2.8999999999999773,19.0,13.9,1019.9000000000001,1021.0,9.2
414,414,2016-02-19,8.5,3.3,13.8,0.0,14.6,1025.5,17.8,50,0.6518989958787126,0.7583058084785624,7.600000000000023,13.5,19.0,1021.4000000000001,1020.8,10.5
415,415,2016-02-20,8.7,2.9,14.6,0.0,17.8,1030.8,17.8,51,0.6387494220515272,0.7694148268839378,5.2999999999999545,14.6,13.5,1024.7333333333333,1017.9,11.7
416,416,2016-02-21,10.6,4.6,16.3,0.0,17.8,1028.2,11.1,52,0.6254105729852463,0.7802958510707755,-2.599999999999909,17.8,14.6,1028.1666666666667,1025.5,11.700000000000001
417,417,2016-02-22,14.3,10.3,18.1,0.0,11.1,1019.0,10.1,53,0.6118864012687243,0.7909456567567772,-9.200000000000045,17.8,17.8,1026.0,1030.8,7.800000000000001
418,418,2016-02-23,12.4,8.8,18.3,0.0,10.1,1020.8,12.6,54,0.5981809144059165,0.8013610881746766,1.7999999999999545,11.1,17.8,1022.6666666666666,1028.2,9.5
419,419,2016-02-24,11.8,8.0,18.0,0.0,12.6,1017.0,14.6,55,0.5842981736283684,0.8115390590073611,-3.7999999999999545,10.1,11.1,1018.9333333333334,1019.0,10.0
420,420,2016-02-25,12.4,7.0,17.3,0.0,14.6,1012.2,11.1,56,0.5702422926917871,0.8214765533024142,-4.7999999999999545,12.6,10.1,1016.6666666666666,1020.8,10.3
421,421,2016-02-26,11.8,8.6,15.1,15.1,11.1,1009.2,17.9,57,0.5560174366570446,0.8311706263658079,-3.0,14.6,12.6,1012.8000000000002,1017.0,6.5
422,422,2016-02-27,10.8,6.8,13.7,5.7,17.9,990.7,23.8,58,0.5416278206559814,0.8406184056344782,-18.5,11.1,14.6,1004.0333333333334,1012.2,6.8999999999999995
423,423,2016-02-28,10.6,7.0,14.7,0.2,23.8,998.6,17.5,59,0.5270777086423722,0.8498170915275278,7.899999999999977,17.9,11.1,999.5000000000001,1009.2,7.699999999999999
424,424,2016-02-29,12.7,8.0,19.3,0.0,17.5,1007.3,12.0,60,0.5123714121284237,0.8587639582758029,8.699999999999932,23.8,17.9,998.8666666666668,990.7,11.3
425,425,2016-03-01,12.1,6.5,19.8,0.0,12.0,1020.7,18.6,61,0.49751328890718066,0.8674563547295969,13.400000000000091,17.5,23.8,1008.8666666666668,998.6,13.3
426,426,2016-03-02,13.9,9.0,20.1,0.0,18.6,1016.5,20.8,62,0.48250774176121847,0.8758917051442429,-4.2000000000000455,12.0,17.5,1014.8333333333335,1007.3,11.100000000000001
427,427,2016-03-03,13.2,8.8,19.0,0.0,20.8,1013.1,18.1,63,0.4673592171580022,0.8840675099433636,-3.3999999999999773,18.6,12.0,1016.7666666666668,1020.7,10.2
428,428,2016-03-04,11.7,7.3,15.9,0.0,18.1,1007.5,18.3,64,0.45207220393230435,0.8919813464595485,-5.600000000000023,20.8,18.6,1012.3666666666668,1016.5,8.600000000000001
429,429,2016-03-05,13.0,8.7,16.9,0.0,18.3,1001.7,14.6,65,0.43665123195606403,0.8996308696522433,-5.7999999999999545,18.1,20.8,1007.4333333333334,1013.1,8.2
430,430,2016-03-06,10.1,6.2,14.3,0.0,14.6,1007.7,12.4,66,0.4211008707960896,0.9070138128026359,6.0,18.3,18.1,1005.6333333333336,1007.5,8.100000000000001
431,431,2016-03-07,10.3,6.5,13.8,0.0,12.4,1006.6,15.9,67,0.40542572835999735,0.9141279881853337,-1.1000000000000227,14.6,18.3,1005.3333333333335,1001.7,7.300000000000001
432,432,2016-03-08,10.7,7.9,13.9,0.0,15.9,1014.0,14.1,68,0.38963044953078796,0.9209712877166346,7.399999999999977,12.4,14.6,1009.4333333333334,1007.7,6.0
433,433,2016-03-09,8.7,4.7,12.2,0.4,14.1,1011.6,14.8,69,0.37371971479046906,0.9275416835791966,-2.3999999999999773,15.9,12.4,1010.7333333333335,1006.6,7.499999999999999
434,434,2016-03-10,9.1,3.7,15.3,0.0,14.8,1010.4,13.8,70,0.35769823883312546,0.9338372288229252,-1.2000000000000455,14.1,15.9,1012.0000000000001,1014.0,11.600000000000001
435,435,2016-03-11,10.0,5.1,14.6,0.0,13.8,1017.1,14.8,71,0.3415707691678556,0.9398560579418954,6.7000000000000455,14.8,14.1,1013.0333333333334,1011.6,9.5
436,436,2016-03-12,10.3,6.3,14.9,0.0,14.8,1020.7,17.2,72,0.3253420847119801,0.9455963874271426,3.6000000000000227,13.8,14.8,1016.0666666666667,1010.4,8.600000000000001
437,437,2016-03-13,10.2,5.4,15.1,0.0,17.2,1020.0,14.7,73,0.30901699437494745,0.9510565162951535,-0.7000000000000455,14.8,13.8,1019.2666666666668,1017.1,9.7
438,438,2016-03-14,10.6,6.6,14.9,0.4,14.7,1019.8,12.5,74,0.29260033563334836,0.9562348265919056,-0.20000000000004547,17.2,14.8,1020.1666666666666,1020.7,8.3
439,439,2016-03-15,10.3,7.8,14.6,0.0,12.5,1019.3,14.8,75,0.27609697309746883,0.9611297838723007,-0.5,14.7,17.2,1019.7000000000002,1020.0,6.8
440,440,2016-03-16,10.3,7.4,14.8,16.2,14.8,1014.8,16.1,76,0.2595117970697999,0.9657399376548549,-4.5,12.5,14.7,1017.9666666666667,1019.8,7.4
441,441,2016-03-17,9.6,7.0,12.7,0.1,16.1,1019.8,11.5,77,0.2428497220959356,0.9700639218515071,5.0,14.8,12.5,1017.9666666666667,1019.3,5.699999999999999
442,442,2016-03-18,10.3,6.2,14.3,0.0,11.5,1019.0,11.3,78,0.22611568550828828,0.9741004551724205,-0.7999999999999545,16.1,14.8,1017.8666666666668,1014.8,8.100000000000001
443,443,2016-03-19,12.6,10.5,15.6,9.5,11.3,1016.8,12.4,79,0.20931464596304847,0.9778483415056568,-2.2000000000000455,11.5,16.1,1018.5333333333334,1019.8,5.1
444,444,2016-03-20,13.2,9.5,16.2,2.5,12.4,1014.8,11.1,80,0.19245158197082998,0.9813064702716093,-2.0,11.3,11.5,1016.8666666666668,1019.0,6.699999999999999
445,445,2016-03-21,12.3,9.7,15.6,0.0,11.1,1013.1,15.5,81,0.1755314904214282,0.9844738167520922,-1.6999999999999318,12.4,11.3,1014.9000000000001,1016.8,5.9
446,446,2016-03-22,12.2,9.3,17.4,0.0,15.5,1004.9,19.0,82,0.15855938510313475,0.9873494423939864,-8.200000000000045,11.1,12.4,1010.9333333333334,1014.8,8.099999999999998
447,447,2016-03-23,12.4,8.7,18.5,0.0,19.0,1002.4,17.7,83,0.141540295217043,0.989932495087353,-2.5,15.5,11.1,1006.8000000000001,1013.1,9.8
448,448,2016-03-24,11.9,7.2,16.2,0.0,17.7,1013.0,12.1,84,0.12447926388678915,0.9922222094179323,10.600000000000023,19.0,15.5,1006.7666666666668,1004.9,9.0
449,449,2016-03-25,12.3,8.3,16.3,,12.1,1020.2,14.8,85,0.10738134666416309,0.994217906893952,7.2000000000000455,17.7,19.0,1011.8666666666668,1002.4,8.0
450,450,2016-03-26,13.4,9.3,16.9,0.0,14.8,1019.9,11.4,86,0.09025161003104117,0.995918996147179,-0.3000000000000682,12.1,17.7,1017.7000000000002,1013.0,7.599999999999998
451,451,2016-03-27,13.5,10.9,16.6,0.0,11.4,1016.6,13.9,87,0.07309512989807777,0.9973249731081555,-3.2999999999999545,14.8,12.1,1018.9000000000001,1020.2,5.700000000000001
452,452,2016-03-28,14.2,9.8,19.8,0.0,13.9,1015.6,16.1,88,0.055916990100603484,0.9984354211555643,-1.0,11.4,14.8,1017.3666666666668,1019.9,10.0
453,453,2016-03-29,15.4,11.6,20.8,0.0,16.1,1015.8,9.9,89,0.03872228089217446,0.9992500112396835,0.1999999999999318,13.9,11.4,1016.0,1016.6,9.200000000000001
454,454,2016-03-30,13.6,10.6,17.3,0.0,9.9,1015.1,19.1,90,0.021516097436222254,0.9997685019798909,-0.6999999999999318,16.1,13.9,1015.5000000000001,1015.6,6.700000000000001
455,455,2016-03-31,15.3,12.4,21.5,4.6,19.1,1007.6,14.6,91,0.004303538296244289,0.9999907397361901,-7.5,9.9,16.1,1012.8333333333334,1015.8,9.1
456,456,2016-04-01,11.3,8.8,13.8,7.1,14.6,1013.5,11.1,92,-0.01291029607500882,0.9999166586547379,5.899999999999977,19.1,9.9,1012.0666666666667,1015.1,5.0
457,457,2016-04-02,12.4,10.1,17.5,0.0,11.1,1013.0,11.2,93,-0.030120304846908114,0.9995462806873573,-0.5,14.6,19.1,1011.3666666666668,1007.6,7.4
458,458,2016-04-03,12.9,8.6,17.2,0.0,11.2,1013.6,9.1,94,-0.04732138832243185,0.9988797155850336,0.6000000000000227,11.1,14.6,1013.3666666666668,1013.5,8.6
459,459,2016-04-04,14.2,12.5,17.5,10.0,9.1,1009.2,20.7,95,-0.06450844944931623,0.9979171608653922,-4.399999999999977,11.2,11.1,1011.9333333333334,1013.0,5.0
460,460,2016-04-05,14.3,12.9,15.8,0.4,20.7,1005.9,12.6,96,-0.08167639533042241,0.9966589017541702,-3.300000000000068,9.1,11.2,1009.5666666666667,1013.6,2.9000000000000004
461,461,2016-04-06,14.6,11.6,20.1,0.0,12.6,1012.6,13.3,97,-0.09882013873287143,0.9951053111006976,6.7000000000000455,20.7,9.1,1009.2333333333335,1009.2,8.500000000000002
462,462,2016-04-07,14.2,12.0,17.6,2.1,13.3,1012.5,15.5,98,-0.11593459959550041,0.9932568492674143,-0.10000000000002274,12.6,20.7,1010.3333333333334,1005.9,5.600000000000001
463,463,2016-04-08,11.3,8.4,13.8,1.6,15.5,1011.4,19.9,99,-0.1330147065341959,0.9911140639934547,-1.1000000000000227,13.3,12.6,1012.1666666666666,1012.6,5.4
464,464,2016-04-09,12.5,8.6,17.7,0.0,19.9,1009.8,13.9,100,-0.1500553983446526,0.9886775902323405,-1.6000000000000227,15.5,13.3,1011.2333333333335,1012.5,9.1
465,465,2016-04-10,13.7,9.7,17.9,0.2,13.9,1009.2,14.0,101,-0.16705162550211924,0.9859481499638304,-0.599999999999909,19.9,15.5,1010.1333333333336,1011.4,8.2
466,466,2016-04-11,14.8,12.1,19.0,0.0,14.0,1009.7,14.4,102,-0.18399835165768005,0.9829265519799822,0.5,13.9,19.9,1009.5666666666667,1009.8,6.9
467,467,2016-04-12,15.0,12.7,18.8,0.0,14.4,1011.8,17.9,103,-0.20089055513063506,0.9796136916454901,2.099999999999909,14.0,13.9,1010.2333333333335,1009.2,6.100000000000001
468,468,2016-04-13,16.5,12.4,22.2,0.0,17.9,1011.0,17.9,104,-0.21772323039653177,0.9760105506323683,-0.7999999999999545,14.4,14.0,1010.8333333333334,1009.7,9.799999999999999
469,469,2016-04-14,15.4,10.6,20.5,0.0,17.9,1014.4,14.1,105,-0.23449138957040985,0.9721181966290613,3.3999999999999773,17.9,14.4,1012.4000000000001,1011.8,9.9
470,470,2016-04-15,15.6,12.2,19.2,0.0,14.1,1011.9,16.6,106,-0.25119006388481935,0.9679377830240642,-2.5,17.9,17.9,1012.4333333333334,1011.0,7.0
471,471,2016-04-16,16.8,11.3,22.7,0.0,16.6,1009.6,18.8,107,-0.2678143051621742,0.9634705485641488,-2.2999999999999545,14.1,17.9,1011.9666666666667,1014.4,11.399999999999999
472,472,2016-04-17,18.1,13.8,22.7,0.0,18.8,1012.2,12.3,108,-0.2843591872810034,0.9587178169872964,2.6000000000000227,16.6,14.1,1011.2333333333335,1011.9,8.899999999999999
473,473,2016-04-18,14.6,11.9,17.4,0.0,12.3,1019.9,14.0,109,-0.30081980763566735,0.9536809966304457,7.699999999999932,18.8,16.6,1013.9000000000001,1009.6,5.499999999999998
474,474,2016-04-19,13.8,9.9,19.8,0.0,14.0,1020.5,31.9,110,-0.3171912885891061,0.9483615800121715,0.6000000000000227,12.3,18.8,1017.5333333333334,1012.2,9.9
475,475,2016-04-20,17.0,14.3,21.1,7.7,31.9,1018.1,18.9,111,-0.3334687789181868,0.9427611433904207,-2.3999999999999773,14.0,12.3,1019.5,1019.9,6.800000000000001
476,476,2016-04-21,14.6,12.0,19.2,5.2,18.9,1019.4,13.9,112,-0.3496474552512284,0.9368813462954315,1.2999999999999545,31.9,14.0,1019.3333333333334,1020.5,7.199999999999999
477,477,2016-04-22,14.9,13.1,18.1,0.0,13.9,1019.3,13.6,113,-0.36572252349726897,0.9307239310379795,-0.10000000000002274,18.9,31.9,1018.9333333333334,1018.1,5.000000000000002
478,478,2016-04-23,14.8,12.0,19.3,1.2,13.6,1014.1,16.0,114,-0.3816892202666588,0.9242907221930933,-5.199999999999932,13.9,18.9,1017.6,1019.4,7.300000000000001
479,479,2016-04-24,14.4,10.4,18.1,0.0,16.0,1012.5,19.3,115,-0.39754281428255595,0.9175836260593937,-1.6000000000000227,13.6,13.9,1015.3000000000001,1019.3,7.700000000000001
480,480,2016-04-25,13.8,10.5,17.5,0.0,19.3,1016.4,12.8,116,-0.4132786077829042,0.9106046300942162,3.8999999999999773,16.0,13.6,1014.3333333333334,1014.1,7.0
481,481,2016-04-26,14.0,9.5,18.7,0.0,12.8,1012.9,20.0,117,-0.4288919379124835,0.9033558023246845,-3.5,19.3,16.0,1013.9333333333334,1012.5,9.2
482,482,2016-04-27,14.2,12.3,16.0,2.9,20.0,1013.4,16.2,118,-0.4443781781046132,0.895839290734909,0.5,12.8,19.3,1014.2333333333335,1016.4,3.6999999999999993
483,483,2016-04-28,12.6,10.5,15.3,3.8,16.2,1014.6,12.0,119,-0.45973273945210397,0.8880573226294932,1.2000000000000455,20.0,12.8,1013.6333333333333,1012.9,4.800000000000001
484,484,2016-04-29,13.9,10.3,17.7,2.3,12.0,1018.7,13.4,120,-0.47495107206704995,0.8800122039735357,4.100000000000023,16.2,20.0,1015.5666666666667,1013.4,7.399999999999999
485,485,2016-04-30,13.6,11.0,15.5,,13.4,1017.8,17.2,121,-0.4900286664290592,0.8717063187093218,-0.900000000000091,12.0,16.2,1017.0333333333334,1014.6,4.5
486,486,2016-05-01,14.1,8.0,21.1,0.0,17.2,1020.5,19.0,122,-0.5049610547215204,0.8631421280499114,2.7000000000000455,13.4,12.0,1019.0000000000001,1018.7,13.100000000000001
487,487,2016-05-02,15.6,9.6,23.1,0.0,19.0,1019.3,12.2,123,-0.5197438121555155,0.854322169749827,-1.2000000000000455,17.2,13.4,1019.1999999999999,1017.8,13.500000000000002
488,488,2016-05-03,15.3,11.0,19.8,0.0,12.2,1021.7,14.8,124,-0.5343725582809786,0.8452490573530633,2.400000000000091,19.0,17.2,1020.5000000000001,1020.5,8.8
489,489,2016-05-04,15.9,11.7,20.2,0.0,14.8,1020.8,18.1,125,-0.548842958284719,0.8359254794186372,-0.900000000000091,12.2,19.0,1020.6,1019.3,8.5
490,490,2016-05-05,15.6,11.8,19.8,0.2,18.1,1016.4,22.2,126,-0.5631507242749186,0.8263541987239096,-4.399999999999977,14.8,12.2,1019.6333333333333,1021.7,8.0
491,491,2016-05-06,16.1,14.7,18.9,0.6,22.2,1014.3,17.8,127,-0.5772916165517272,0.8165380514459161,-2.1000000000000227,18.1,14.8,1017.1666666666666,1020.8,4.199999999999999
492,492,2016-05-07,15.4,13.8,20.3,2.7,17.8,1010.1,15.9,128,-0.5912614448635781,0.8064799463209448,-4.199999999999932,22.2,18.1,1013.6,1016.4,6.5
493,493,2016-05-08,15.7,14.4,18.8,0.4,15.9,1007.7,25.9,129,-0.6050560696488488,0.7961828637826158,-2.3999999999999773,17.8,22.2,1010.7000000000002,1014.3,4.4
494,494,2016-05-09,16.2,14.1,17.8,5.6,25.9,1006.9,12.0,130,-0.6186714032625031,0.7856498550787147,-0.8000000000000682,15.9,17.8,1008.2333333333335,1010.1,3.700000000000001
495,495,2016-05-10,15.3,12.3,19.5,6.3,12.0,1009.4,16.8,131,-0.6321034111873487,0.7748840413670407,2.5,25.9,15.9,1008.0000000000001,1007.7,7.199999999999999
496,496,2016-05-11,15.7,12.4,20.1,0.0,16.8,1005.1,16.2,132,-0.6453481132295501,0.7638886127905428,-4.2999999999999545,12.0,25.9,1007.1333333333333,1006.9,7.700000000000001
497,497,2016-05-12,16.2,11.6,22.4,0.0,16.2,1004.6,16.8,133,-0.6584015846980488,0.7526668275320085,-0.5,16.8,12.0,1006.3666666666668,1009.4,10.799999999999999
498,498,2016-05-13,16.6,13.0,20.1,0.0,16.8,1006.8,12.9,134,-0.6712599575675313,0.7412220108485958,2.199999999999932,16.2,16.8,1005.5,1005.1,7.100000000000001
499,499,2016-05-14,16.9,13.8,20.5,0.2,12.9,1011.5,11.6,135,-0.6839194216246106,0.7295575540864875,4.7000000000000455,16.8,16.2,1007.6333333333333,1004.6,6.699999999999999
500,500,2016-05-15,18.1,15.0,22.6,0.0,11.6,1017.5,12.7,136,-0.6963762255968722,0.717676913675962,6.0,12.9,16.8,1011.9333333333334,1006.8,7.600000000000001
501,501,2016-05-16,17.9,15.0,22.0,0.0,12.7,1020.9,12.2,137,-0.7086266782644596,0.705583610107178,3.3999999999999773,11.6,12.9,1016.6333333333333,1011.5,7.0
502,502,2016-05-17,16.7,13.5,20.4,0.0,12.2,1019.7,18.2,138,-0.7206671495538609,0.6932812268869777,-1.1999999999999318,12.7,11.6,1019.3666666666668,1017.5,6.899999999999999
503,503,2016-05-18,16.9,13.5,20.7,0.0,18.2,1015.9,12.2,139,-0.7324940716135789,0.6807734094770161,-3.800000000000068,12.2,12.7,1018.8333333333334,1020.9,7.199999999999999
504,504,2016-05-19,18.1,15.7,22.1,0.0,12.2,1016.9,13.1,140,-0.7441039398713607,0.6680638642135335,1.0,18.2,12.2,1017.5,1019.7,6.400000000000002
505,505,2016-05-20,17.9,15.4,22.2,0.0,13.1,1021.2,18.8,141,-0.7554933140726803,0.6551563572090853,4.300000000000068,12.2,18.2,1018.0,1015.9,6.799999999999999
506,506,2016-05-21,18.1,14.7,21.1,0.0,18.8,1019.3,13.8,142,-0.766658819300159,0.6420547132365637,-1.900000000000091,13.1,12.2,1019.1333333333333,1016.9,6.400000000000002
507,507,2016-05-22,17.4,14.6,20.8,,13.8,1014.8,17.5,143,-0.7775971469736269,0.6287628145958344,-4.5,18.8,13.1,1018.4333333333334,1021.2,6.200000000000001
508,508,2016-05-23,16.4,12.7,21.1,0.0,17.5,1020.8,13.4,144,-0.7883050558305255,0.6152845999633276,6.0,13.8,18.8,1018.3000000000001,1019.3,8.400000000000002
509,509,2016-05-24,16.7,13.0,20.4,0.0,13.4,1016.0,8.7,145,-0.7987793728863649,0.6016240632249226,-4.7999999999999545,17.5,13.8,1017.2000000000002,1014.8,7.399999999999999
510,510,2016-05-25,18.3,15.0,21.6,0.0,8.7,1011.8,20.6,146,-0.8090169943749473,0.5877852522924732,-4.2000000000000455,13.4,17.5,1016.2000000000002,1020.8,6.600000000000001
511,511,2016-05-26,18.8,16.8,22.7,0.0,20.6,1013.0,12.1,147,-0.8190148866680801,0.5737722679043246,1.2000000000000455,8.7,13.4,1013.6,1016.0,5.899999999999999
512,512,2016-05-27,18.3,15.7,22.6,0.0,12.1,1013.9,9.2,148,-0.8287700871745038,0.5595892624101765,0.8999999999999773,20.6,8.7,1012.9000000000001,1011.8,6.900000000000002
513,513,2016-05-28,18.8,16.9,22.9,0.9,9.2,1012.4,20.9,149,-0.8382797052177744,0.545240438540651,-1.5,12.1,20.6,1013.1,1013.0,6.0
514,514,2016-05-29,20.3,16.6,26.9,0.0,20.9,1011.6,14.6,150,-0.8475409228928311,0.5307300481619334,-0.7999999999999545,9.2,12.1,1012.6333333333333,1013.9,10.299999999999997
515,515,2016-05-30,18.8,15.8,23.4,0.0,14.6,1015.5,13.0,151,-0.8565509959010036,0.5160623910158528,3.8999999999999773,20.9,9.2,1013.1666666666666,1012.4,7.599999999999998
516,516,2016-05-31,18.3,14.5,22.2,0.0,13.0,1017.9,12.9,152,-0.865307254363206,0.5012418134457758,2.3999999999999773,14.6,20.9,1015.0,1011.6,7.699999999999999
517,517,2016-06-01,18.5,15.3,22.6,0.0,12.9,1017.8,12.4,153,-0.8738071036110808,0.48627270710868997,-0.10000000000002274,13.0,14.6,1017.0666666666667,1015.5,7.300000000000001
518,518,2016-06-02,18.6,14.8,22.6,0.0,12.4,1015.5,13.7,154,-0.8820480249558537,0.4711595076738638,-2.2999999999999545,12.9,13.0,1017.0666666666667,1017.9,7.800000000000001
519,519,2016-06-03,19.2,15.6,23.1,0.0,13.7,1012.5,9.1,155,-0.8900275764346767,0.4559066935084588,-3.0,12.4,12.9,1015.2666666666668,1017.8,7.500000000000002
520,520,2016-06-04,19.8,16.6,24.2,0.0,9.1,1012.6,16.0,156,-0.8977433935342337,0.440518784350495,0.10000000000002274,13.7,12.4,1013.5333333333334,1015.5,7.599999999999998
521,521,2016-06-05,21.1,17.6,25.1,0.0,16.0,1016.3,13.2,157,-0.9051931898913974,0.42500033996955416,3.699999999999932,9.1,13.7,1013.8000000000001,1012.5,7.5
522,522,2016-06-06,20.7,17.9,24.1,0.0,13.2,1018.1,11.8,158,-0.9123747579707273,0.4093559588156213,1.8000000000000682,16.0,9.1,1015.6666666666666,1012.6,6.200000000000003
523,523,2016-06-07,22.0,18.3,27.4,0.0,11.8,1021.4,12.0,159,-0.9192859697186104,0.39359027665646673,3.2999999999999545,13.2,16.0,1018.6,1016.3,9.099999999999998
524,524,2016-06-08,22.0,19.1,26.2,0.0,12.0,1019.7,10.0,160,-0.9259247771938498,0.3777079652039649,-1.6999999999999318,11.8,13.2,1019.7333333333335,1018.1,7.099999999999998
525,525,2016-06-09,22.9,18.8,28.1,0.0,10.0,1014.5,14.8,161,-0.9322892131745133,0.36171373072976765,-5.2000000000000455,12.0,11.8,1018.5333333333334,1021.4,9.3
526,526,2016-06-10,23.4,21.6,26.9,0.0,14.8,1011.5,13.0,162,-0.9383773917408641,0.3456123126707335,-3.0,10.0,12.0,1015.2333333333335,1019.7,5.299999999999997
527,527,2016-06-11,21.8,19.5,24.4,0.0,13.0,1013.7,12.3,163,-0.9441875088341993,0.3294084822245304,2.2000000000000455,14.8,10.0,1013.2333333333335,1014.5,4.899999999999999
528,528,2016-06-12,21.8,19.0,26.0,0.0,12.3,1014.6,14.5,164,-0.9497178427914316,0.3131070409358269,0.8999999999999773,13.0,14.8,1013.2666666666668,1011.5,7.0
529,529,2016-06-13,22.6,21.4,25.9,0.0,14.5,1010.5,19.2,165,-0.9549667548552551,0.29671281927349075,-4.100000000000023,12.3,13.0,1012.9333333333334,1013.7,4.5
530,530,2016-06-14,23.8,20.4,31.3,0.0,19.2,1007.4,16.5,166,-0.9599326896597447,0.28023067519921585,-3.1000000000000227,14.5,12.3,1010.8333333333334,1014.6,10.900000000000002
531,531,2016-06-15,21.5,19.1,23.8,2.1,16.5,1003.4,19.9,167,-0.9646141756912435,0.26366549272800704,-4.0,19.2,14.5,1007.1,1010.5,4.699999999999999
532,532,2016-06-16,21.0,18.1,25.6,0.0,19.9,1004.7,17.3,168,-0.9690098257244062,0.24702218048093552,1.3000000000000682,16.5,19.2,1005.1666666666666,1007.4,7.5
533,533,2016-06-17,20.3,17.1,23.5,0.9,17.3,1014.5,14.9,169,-0.9731183372332619,0.23030567023061221,9.799999999999955,19.9,16.5,1007.5333333333334,1003.4,6.399999999999999
534,534,2016-06-18,18.4,12.9,22.0,24.7,14.9,1020.8,15.9,170,-0.9769384927771817,0.21352091543979612,6.2999999999999545,17.3,19.9,1013.3333333333334,1004.7,9.1
535,535,2016-06-19,18.9,13.7,24.1,0.0,15.9,1023.4,14.1,171,-0.980469160361632,0.19667288979357647,2.6000000000000227,14.9,17.3,1019.5666666666667,1014.5,10.400000000000002
536,536,2016-06-20,20.1,16.2,24.2,0.0,14.1,1022.7,19.0,172,-0.9837092937736097,0.1797665857255624,-0.6999999999999318,15.9,14.9,1022.3000000000001,1020.8,8.0
537,537,2016-06-21,21.5,18.1,25.0,0.0,19.0,1022.5,17.2,173,-0.986657932891657,0.16280701293851715,-0.20000000000004547,14.1,15.9,1022.8666666666668,1023.4,6.899999999999999
538,538,2016-06-22,22.4,19.5,27.1,0.0,17.2,1021.5,15.3,174,-0.9893142039703663,0.1457991969198751,-1.0,19.0,14.1,1022.2333333333335,1022.7,7.600000000000001
539,539,2016-06-23,22.9,18.4,27.4,0.0,15.3,1021.0,14.1,175,-0.99167731989929,0.12874817745258132,-0.5,17.2,19.0,1021.6666666666669,1022.5,9.0
540,540,2016-06-24,22.8,18.9,26.2,0.0,14.1,1018.5,11.6,176,-0.993746580436178,0.11165900712169512,-2.5,15.3,17.2,1020.3333333333335,1021.5,7.300000000000001
541,541,2016-06-25,23.7,21.0,29.0,0.0,11.6,1016.1,12.1,177,-0.9955213724144752,0.09453674981719912,-2.3999999999999773,14.1,15.3,1018.5333333333334,1021.0,8.0
542,542,2016-06-26,23.0,21.0,26.1,0.0,12.1,1018.1,13.5,178,-0.9970011699250151,0.07738647923346301,2.0,11.6,14.1,1017.5666666666667,1018.5,5.100000000000001
543,543,2016-06-27,22.8,20.2,26.1,0.0,13.5,1021.1,14.4,179,-0.9981855344718586,0.06021327736579302,3.0,12.1,11.6,1018.4333333333334,1016.1,5.900000000000002
544,544,2016-06-28,22.8,19.6,26.6,0.0,14.4,1018.8,13.5,180,-0.99907411510223,0.04302223300453059,-2.300000000000068,13.5,12.1,1019.3333333333334,1018.1,7.0
545,545,2016-06-29,24.0,21.8,29.0,0.0,13.5,1015.9,10.0,181,-0.9996666485105112,0.02581844022713308,-2.8999999999999773,14.4,13.5,1018.6,1021.1,7.199999999999999
546,546,2016-06-30,24.4,22.7,27.0,0.0,10.0,1016.3,10.7,182,-0.9999629591162655,0.008606996888688698,0.39999999999997726,13.5,14.4,1017.0,1018.8,4.300000000000001
547,547,2016-07-01,24.2,21.7,27.5,0.0,10.7,1017.6,12.3,183,-0.9999629591162655,-0.008606996888688009,1.3000000000000682,10.0,13.5,1016.6,1015.9,5.800000000000001
548,548,2016-07-02,23.8,20.9,27.5,0.0,12.3,1018.6,11.7,184,-0.9996666485105112,-0.02581844022713239,1.0,10.7,10.0,1017.5,1016.3,6.600000000000001
549,549,2016-07-03,23.3,21.1,26.0,0.0,11.7,1020.8,10.6,185,-0.99907411510223,-0.04302223300453034,2.199999999999932,12.3,10.7,1019.0000000000001,1017.6,4.899999999999999
550,550,2016-07-04,23.7,21.4,27.1,0.0,10.6,1018.5,12.2,186,-0.9981855344718586,-0.060213277365792774,-2.2999999999999545,11.7,12.3,1019.3000000000001,1018.6,5.700000000000003
551,551,2016-07-05,25.0,22.7,29.1,0.0,12.2,1017.3,14.2,187,-0.9970011699250151,-0.07738647923346322,-1.2000000000000455,10.6,11.7,1018.8666666666668,1020.8,6.400000000000002
552,552,2016-07-06,25.9,24.2,30.2,0.0,14.2,1018.2,14.7,188,-0.9955213724144752,-0.09453674981719933,0.900000000000091,12.2,10.6,1018.0,1018.5,6.0
553,553,2016-07-07,25.1,22.2,28.8,0.0,14.7,1018.6,11.3,189,-0.9937465804361781,-0.11165900712169444,0.39999999999997726,14.2,12.2,1018.0333333333334,1017.3,6.600000000000001
554,554,2016-07-08,26.7,24.1,31.2,0.0,11.3,1019.1,12.1,190,-0.99167731989929,-0.12874817745258066,0.5,14.7,14.2,1018.6333333333336,1018.2,7.099999999999998
555,555,2016-07-09,26.8,24.2,30.5,0.0,12.1,1019.2,15.7,191,-0.9893142039703664,-0.14579919691987442,0.10000000000002274,11.3,14.7,1018.9666666666667,1018.6,6.300000000000001
556,556,2016-07-10,26.4,24.3,29.4,0.0,15.7,1015.4,10.2,192,-0.9866579328916572,-0.16280701293851646,-3.800000000000068,12.1,11.3,1017.9000000000001,1019.1,5.099999999999998
557,557,2016-07-11,26.1,23.5,29.8,0.0,10.2,1014.3,17.7,193,-0.9837092937736098,-0.17976658572556214,-1.1000000000000227,15.7,12.1,1016.3000000000002,1019.2,6.300000000000001
558,558,2016-07-12,25.4,24.5,27.9,3.2,17.7,1014.3,16.5,194,-0.9804691603616321,-0.19667288979357622,0.0,10.2,15.7,1014.6666666666666,1015.4,3.3999999999999986
559,559,2016-07-13,23.4,19.1,28.1,1.8,16.5,1017.7,17.5,195,-0.9769384927771817,-0.2135209154397959,3.400000000000091,17.7,10.2,1015.4333333333334,1014.3,9.0
560,560,2016-07-14,22.1,18.3,25.9,0.0,17.5,1020.4,16.8,196,-0.973118337233262,-0.23030567023061196,2.699999999999932,16.5,17.7,1017.4666666666667,1014.3,7.599999999999998
561,561,2016-07-15,22.3,19.2,26.1,0.0,16.8,1022.2,13.1,197,-0.9690098257244063,-0.24702218048093527,1.8000000000000682,17.5,16.5,1020.1,1017.7,6.900000000000002
562,562,2016-07-16,22.7,18.9,27.0,0.0,13.1,1021.3,13.3,198,-0.9646141756912435,-0.2636654927280072,-0.900000000000091,16.8,17.5,1021.3000000000001,1020.4,8.100000000000001
563,563,2016-07-17,23.6,20.1,27.8,0.0,13.3,1020.1,11.2,199,-0.9599326896597445,-0.2802306751992161,-1.1999999999999318,13.1,16.8,1021.2000000000002,1022.2,7.699999999999999
564,564,2016-07-18,23.2,19.9,27.0,0.0,11.2,1021.0,16.6,200,-0.9549667548552553,-0.2967128192734901,0.8999999999999773,13.3,13.1,1020.8000000000002,1021.3,7.100000000000001
565,565,2016-07-19,23.5,19.4,27.5,0.0,16.6,1019.6,16.9,201,-0.9497178427914317,-0.3131070409358267,-1.3999999999999773,11.2,13.3,1020.2333333333335,1020.1,8.100000000000001
566,566,2016-07-20,24.6,21.2,28.8,1.5,16.9,1017.2,11.5,202,-0.9441875088341994,-0.3294084822245302,-2.3999999999999773,16.6,11.2,1019.2666666666668,1021.0,7.600000000000001
567,567,2016-07-21,25.1,24.2,28.0,0.0,11.5,1015.6,17.8,203,-0.9383773917408642,-0.3456123126707333,-1.6000000000000227,16.9,16.6,1017.4666666666668,1019.6,3.8000000000000007
568,568,2016-07-22,24.4,20.3,28.8,7.7,17.8,1013.0,13.6,204,-0.9322892131745134,-0.3617137307297674,-2.6000000000000227,11.5,16.9,1015.2666666666668,1017.2,8.5
569,569,2016-07-23,23.7,20.0,28.2,0.0,13.6,1016.8,14.2,205,-0.9259247771938499,-0.37770796520396466,3.7999999999999545,17.8,11.5,1015.1333333333333,1015.6,8.2
570,570,2016-07-24,24.7,20.8,30.5,0.0,14.2,1018.2,16.8,206,-0.9192859697186105,-0.39359027665646645,1.400000000000091,13.6,17.8,1016.0,1013.0,9.7
571,571,2016-07-25,25.3,22.2,29.1,0.0,16.8,1018.4,16.8,207,-0.9123747579707274,-0.4093559588156211,0.1999999999999318,14.2,13.6,1017.8000000000001,1016.8,6.900000000000002
572,572,2016-07-26,25.4,22.5,29.5,0.0,16.8,1018.7,11.8,208,-0.9051931898913975,-0.42500033996955394,0.3000000000000682,16.8,14.2,1018.4333333333334,1018.2,7.0
573,573,2016-07-27,25.2,22.0,29.4,0.0,11.8,1018.4,13.5,209,-0.8977433935342336,-0.4405187843504952,-0.3000000000000682,16.8,16.8,1018.5,1018.4,7.399999999999999
574,574,2016-07-28,25.6,22.4,29.1,0.0,13.5,1018.2,13.4,210,-0.8900275764346766,-0.455906693508459,-0.1999999999999318,11.8,16.8,1018.4333333333334,1018.7,6.700000000000003
575,575,2016-07-29,25.4,22.6,29.4,0.0,13.4,1016.7,13.6,211,-0.8820480249558535,-0.47115950767386394,-1.5,13.5,11.8,1017.7666666666668,1018.4,6.799999999999997
576,576,2016-07-30,26.2,23.2,29.7,0.0,13.6,1014.8,14.6,212,-0.8738071036110807,-0.4862727071086902,-1.900000000000091,13.4,13.5,1016.5666666666667,1018.2,6.5
577,577,2016-07-31,26.1,24.7,30.0,0.0,14.6,1014.4,15.3,213,-0.8653072543632061,-0.5012418134457756,-0.39999999999997726,13.6,13.4,1015.3000000000001,1016.7,5.300000000000001
578,578,2016-08-01,25.8,25.0,28.8,0.0,15.3,1018.5,17.9,214,-0.8565509959010037,-0.5160623910158526,4.100000000000023,14.6,13.6,1015.9000000000001,1014.8,3.8000000000000007
579,579,2016-08-02,26.4,24.1,29.8,0.0,17.9,1019.5,15.2,215,-0.8475409228928312,-0.5307300481619331,1.0,15.3,14.6,1017.4666666666667,1014.4,5.699999999999999
580,580,2016-08-03,25.8,22.9,29.5,0.0,15.2,1016.9,14.6,216,-0.8382797052177745,-0.5452404385406507,-2.6000000000000227,17.9,15.3,1018.3000000000001,1018.5,6.600000000000001
581,581,2016-08-04,26.9,23.6,31.8,0.0,14.6,1013.5,15.4,217,-0.828770087174504,-0.5595892624101763,-3.3999999999999773,15.2,17.9,1016.6333333333333,1019.5,8.2
582,582,2016-08-05,25.1,24.3,27.4,0.0,15.4,1018.0,14.0,218,-0.8190148866680802,-0.5737722679043243,4.5,14.6,15.2,1016.1333333333333,1016.9,3.099999999999998
583,583,2016-08-06,25.2,23.1,28.3,0.0,14.0,1022.5,12.4,219,-0.8090169943749472,-0.5877852522924734,4.5,15.4,14.6,1018.0,1013.5,5.199999999999999
584,584,2016-08-07,24.7,21.5,28.4,0.0,12.4,1023.8,18.8,220,-0.7987793728863648,-0.6016240632249227,1.2999999999999545,14.0,15.4,1021.4333333333334,1018.0,6.899999999999999
585,585,2016-08-08,25.6,21.6,30.8,0.0,18.8,1021.7,13.0,221,-0.7883050558305253,-0.6152845999633277,-2.099999999999909,12.4,14.0,1022.6666666666666,1022.5,9.2
586,586,2016-08-09,25.5,21.6,30.3,0.1,13.0,1018.2,15.6,222,-0.7775971469736268,-0.6287628145958345,-3.5,18.8,12.4,1021.2333333333335,1023.8,8.7
587,587,2016-08-10,23.2,20.8,26.3,0.0,15.6,1018.6,14.4,223,-0.7666588193001592,-0.6420547132365636,0.39999999999997726,13.0,18.8,1019.5000000000001,1021.7,5.5
588,588,2016-08-11,22.9,20.0,26.6,0.0,14.4,1021.6,14.2,224,-0.7554933140726804,-0.655156357209085,3.0,15.6,13.0,1019.4666666666668,1018.2,6.600000000000001
589,589,2016-08-12,23.7,20.7,27.7,0.0,14.2,1024.5,13.3,225,-0.7441039398713608,-0.6680638642135333,2.8999999999999773,14.4,15.6,1021.5666666666667,1018.6,7.0
590,590,2016-08-13,23.6,21.1,26.7,0.0,13.3,1023.5,11.2,226,-0.7324940716135792,-0.6807734094770159,-1.0,14.2,14.4,1023.2000000000002,1021.6,5.599999999999998
591,591,2016-08-14,23.6,19.8,28.0,0.0,11.2,1022.0,13.1,227,-0.7206671495538615,-0.6932812268869771,-1.5,13.3,14.2,1023.3333333333334,1024.5,8.2
592,592,2016-08-15,24.2,20.3,29.0,0.0,13.1,1019.2,15.2,228,-0.70862667826446,-0.7055836101071774,-2.7999999999999545,11.2,13.3,1021.5666666666667,1023.5,8.7
593,593,2016-08-16,25.5,23.1,28.8,0.0,15.2,1016.2,15.5,229,-0.6963762255968726,-0.7176769136759615,-3.0,13.1,11.2,1019.1333333333336,1022.0,5.699999999999999
594,594,2016-08-17,25.6,22.3,29.3,0.0,15.5,1012.8,12.7,230,-0.6839194216246105,-0.7295575540864876,-3.400000000000091,15.2,13.1,1016.0666666666667,1019.2,7.0
595,595,2016-08-18,25.6,23.5,29.2,0.0,12.7,1012.1,12.4,231,-0.6712599575675315,-0.7412220108485957,-0.6999999999999318,15.5,15.2,1013.7000000000002,1016.2,5.699999999999999
596,596,2016-08-19,25.5,22.3,29.4,0.0,12.4,1011.4,18.8,232,-0.6584015846980489,-0.7526668275320083,-0.7000000000000455,12.7,15.5,1012.1,1012.8,7.099999999999998
597,597,2016-08-20,26.1,23.5,29.2,0.0,18.8,1014.4,15.5,233,-0.64534811322955,-0.7638886127905429,3.0,12.4,12.7,1012.6333333333333,1012.1,5.699999999999999
598,598,2016-08-21,25.1,23.3,28.8,0.0,15.5,1021.0,12.5,234,-0.6321034111873488,-0.7748840413670406,6.600000000000023,18.8,12.4,1015.6,1011.4,5.5
599,599,2016-08-22,24.9,22.2,29.3,0.0,12.5,1023.2,11.1,235,-0.6186714032625032,-0.7856498550787144,2.2000000000000455,15.5,18.8,1019.5333333333334,1014.4,7.100000000000001
600,600,2016-08-23,24.6,21.4,28.5,0.0,11.1,1022.7,9.6,236,-0.6050560696488494,-0.7961828637826154,-0.5,12.5,15.5,1022.3000000000001,1021.0,7.100000000000001
601,601,2016-08-24,24.6,20.5,30.7,0.0,9.6,1020.3,13.4,237,-0.5912614448635782,-0.8064799463209447,-2.400000000000091,11.1,12.5,1022.0666666666667,1023.2,10.2
602,602,2016-08-25,24.9,20.7,31.2,0.0,13.4,1017.7,11.6,238,-0.5772916165517278,-0.8165380514459157,-2.599999999999909,9.6,11.1,1020.2333333333335,1022.7,10.5
603,603,2016-08-26,24.1,20.1,28.5,0.0,11.6,1017.9,14.2,239,-0.5631507242749187,-0.8263541987239094,0.1999999999999318,13.4,9.6,1018.6333333333333,1020.3,8.399999999999999
604,604,2016-08-27,24.0,19.9,28.6,0.0,14.2,1019.1,13.1,240,-0.5488429582847199,-0.8359254794186365,1.2000000000000455,11.6,13.4,1018.2333333333335,1017.7,8.700000000000003
605,605,2016-08-28,25.8,22.7,29.4,0.0,13.1,1019.1,10.3,241,-0.5343725582809785,-0.8452490573530634,0.0,14.2,11.6,1018.7000000000002,1017.9,6.699999999999999
606,606,2016-08-29,25.4,24.6,28.2,0.4,10.3,1019.1,11.2,242,-0.5197438121555157,-0.8543221697498269,0.0,13.1,14.2,1019.1,1019.1,3.599999999999998
607,607,2016-08-30,23.9,21.8,26.3,0.1,11.2,1019.0,11.1,243,-0.5049610547215202,-0.8631421280499115,-0.10000000000002274,10.3,13.1,1019.0666666666667,1019.1,4.5
608,608,2016-08-31,23.9,21.1,27.8,0.0,11.1,1019.8,11.1,244,-0.4900286664290594,-0.8717063187093217,0.7999999999999545,11.2,10.3,1019.3000000000001,1019.1,6.699999999999999
609,609,2016-09-01,25.9,22.9,31.5,0.0,11.1,1021.6,16.1,245,-0.4749510720670502,-0.8800122039735356,1.8000000000000682,11.1,11.2,1020.1333333333336,1019.0,8.600000000000001
610,610,2016-09-02,25.3,22.2,29.2,0.0,16.1,1020.5,17.3,246,-0.4597327394521046,-0.888057322629493,-1.1000000000000227,11.1,11.1,1020.6333333333336,1019.8,7.0
611,611,2016-09-03,26.1,22.9,29.6,0.0,17.3,1019.4,16.6,247,-0.4443781781046134,-0.8958392907349089,-1.1000000000000227,16.1,11.1,1020.5,1021.6,6.700000000000003
612,612,2016-09-04,26.5,22.9,30.1,0.0,16.6,1018.2,10.2,248,-0.4288919379124841,-0.9033558023246842,-1.1999999999999318,17.3,16.1,1019.3666666666668,1020.5,7.200000000000003
613,613,2016-09-05,26.8,24.2,31.6,0.0,10.2,1018.5,11.4,249,-0.41327860778290443,-0.9106046300942162,0.2999999999999545,16.6,17.3,1018.7000000000002,1019.4,7.400000000000002
614,614,2016-09-06,26.4,23.2,31.2,0.0,11.4,1017.9,14.1,250,-0.3975428142825566,-0.9175836260593934,-0.6000000000000227,10.2,16.6,1018.2000000000002,1018.2,8.0
615,615,2016-09-07,25.6,22.8,29.1,0.0,14.1,1016.5,11.5,251,-0.3816892202666586,-0.9242907221930934,-1.3999999999999773,11.4,10.2,1017.6333333333336,1018.5,6.300000000000001
616,616,2016-09-08,24.6,21.9,28.1,0.0,11.5,1016.1,14.1,252,-0.3657225234972692,-0.9307239310379793,-0.39999999999997726,14.1,11.4,1016.8333333333335,1017.9,6.200000000000003
617,617,2016-09-09,25.9,23.9,29.6,0.3,14.1,1015.6,13.7,253,-0.34964745525122826,-0.9368813462954315,-0.5,11.5,14.1,1016.0666666666667,1016.5,5.700000000000003
618,618,2016-09-10,24.4,21.0,28.4,0.0,13.7,1015.9,16.8,254,-0.33346877891818705,-0.9427611433904206,0.2999999999999545,14.1,11.5,1015.8666666666668,1016.1,7.399999999999999
619,619,2016-09-11,24.9,21.2,29.4,0.0,16.8,1016.6,11.4,255,-0.31719128858910595,-0.9483615800121716,0.7000000000000455,13.7,14.1,1016.0333333333334,1015.6,8.2
620,620,2016-09-12,25.1,21.8,29.3,0.0,11.4,1016.5,11.5,256,-0.300819807635668,-0.9536809966304455,-0.10000000000002274,16.8,13.7,1016.3333333333334,1015.9,7.5
621,621,2016-09-13,25.0,18.7,29.4,17.6,11.5,1013.8,18.1,257,-0.2843591872810036,-0.9587178169872964,-2.7000000000000455,11.4,16.8,1015.6333333333333,1016.6,10.7
622,622,2016-09-14,21.4,16.2,26.6,0.4,18.1,1009.6,11.2,258,-0.26781430516217486,-0.9634705485641486,-4.199999999999932,11.5,11.4,1013.3000000000001,1016.5,10.400000000000002
623,623,2016-09-15,19.9,14.9,25.6,0.6,11.2,1013.9,11.3,259,-0.25119006388481957,-0.9679377830240642,4.2999999999999545,18.1,11.5,1012.4333333333334,1013.8,10.700000000000001
624,624,2016-09-16,20.8,15.7,26.2,0.0,11.3,1016.4,14.6,260,-0.23449138957041052,-0.9721181966290612,2.5,11.2,18.1,1013.3000000000001,1009.6,10.5
625,625,2016-09-17,19.8,17.8,24.1,3.6,14.6,1018.4,13.0,261,-0.21772323039653224,-0.9760105506323682,2.0,11.3,11.2,1016.2333333333335,1013.9,6.300000000000001
626,626,2016-09-18,19.2,15.7,23.8,0.0,13.0,1017.4,17.6,262,-0.20089055513063528,-0.9796136916454901,-1.0,14.6,11.3,1017.4000000000001,1016.4,8.100000000000001
627,627,2016-09-19,20.9,16.6,26.9,0.0,17.6,1017.1,12.6,263,-0.18399835165767986,-0.9829265519799822,-0.2999999999999545,13.0,14.6,1017.6333333333333,1018.4,10.299999999999997
628,628,2016-09-20,21.1,18.1,26.9,0.0,12.6,1015.1,13.4,264,-0.1670516255021195,-0.9859481499638303,-2.0,17.6,13.0,1016.5333333333334,1017.4,8.799999999999997
629,629,2016-09-21,21.5,17.3,26.2,0.0,13.4,1015.8,13.6,265,-0.15005539834465262,-0.9886775902323404,0.6999999999999318,12.6,17.6,1016.0,1017.1,8.899999999999999
630,630,2016-09-22,22.0,18.0,26.1,0.0,13.6,1019.4,16.9,266,-0.13301470653419636,-0.9911140639934546,3.6000000000000227,13.4,12.6,1016.7666666666668,1015.1,8.100000000000001
631,631,2016-09-23,21.7,18.0,25.8,14.4,16.9,1023.1,13.4,267,-0.11593459959550066,-0.9932568492674143,3.7000000000000455,13.6,13.4,1019.4333333333334,1015.8,7.800000000000001
632,632,2016-09-24,20.6,17.7,24.9,0.0,13.4,1022.4,14.1,268,-0.09882013873287211,-0.9951053111006974,-0.7000000000000455,16.9,13.6,1021.6333333333333,1019.4,7.199999999999999
633,633,2016-09-25,20.8,17.6,25.7,,14.1,1020.6,15.6,269,-0.08167639533042288,-0.99665890175417,-1.7999999999999545,13.4,16.9,1022.0333333333334,1023.1,8.099999999999998
634,634,2016-09-26,20.6,16.3,25.2,0.0,15.6,1020.9,12.1,270,-0.06450844944931625,-0.9979171608653922,0.2999999999999545,14.1,13.4,1021.3000000000002,1022.4,8.899999999999999
635,635,2016-09-27,22.2,19.6,25.9,0.2,12.1,1023.7,17.3,271,-0.04732138832243232,-0.9988797155850335,2.800000000000068,15.6,14.1,1021.7333333333335,1020.6,6.299999999999997
636,636,2016-09-28,21.8,18.0,26.6,0.0,17.3,1028.0,13.6,272,-0.03012030484690836,-0.9995462806873573,4.2999999999999545,12.1,15.6,1024.2,1020.9,8.600000000000001
637,637,2016-09-29,20.7,16.6,25.5,0.0,13.6,1026.2,13.0,273,-0.012910296075008843,-0.9999166586547379,-1.7999999999999545,17.3,12.1,1025.966666666667,1023.7,8.899999999999999
638,638,2016-09-30,20.9,17.2,25.8,0.0,13.0,1019.2,15.2,274,0.004303538296243821,-0.9999907397361901,-7.0,13.6,17.3,1024.466666666667,1028.0,8.600000000000001
639,639,2016-10-01,21.1,17.7,25.5,0.0,15.2,1013.7,10.9,275,0.021516097436222233,-0.9997685019798909,-5.5,13.0,13.6,1019.7000000000002,1026.2,7.800000000000001
640,640,2016-10-02,21.9,19.6,25.7,7.7,10.9,1016.1,16.0,276,0.03872228089217399,-0.9992500112396835,2.3999999999999773,15.2,13.0,1016.3333333333335,1019.2,6.099999999999998
641,641,2016-10-03,21.9,19.8,23.9,0.0,16.0,1021.5,13.2,277,0.05591699010060302,-0.9984354211555643,5.399999999999977,10.9,15.2,1017.1,1013.7,4.099999999999998
642,642,2016-10-04,21.4,19.1,25.3,0.0,13.2,1020.8,11.3,278,0.07309512989807776,-0.9973249731081555,-0.7000000000000455,16.0,10.9,1019.4666666666667,1016.1,6.199999999999999
643,643,2016-10-05,20.5,17.1,24.4,13.7,11.3,1019.6,16.6,279,0.0902516100310407,-0.9959189961471792,-1.1999999999999318,13.2,16.0,1020.6333333333336,1021.5,7.299999999999997
644,644,2016-10-06,18.1,14.6,21.4,1.9,16.6,1012.9,15.2,280,0.10738134666416306,-0.994217906893952,-6.7000000000000455,11.3,13.2,1017.7666666666668,1020.8,6.799999999999999
645,645,2016-10-07,18.8,13.9,24.4,0.0,15.2,1014.4,15.2,281,0.12447926388678869,-0.9922222094179324,1.5,16.6,11.3,1015.6333333333333,1019.6,10.499999999999998
646,646,2016-10-08,20.3,18.5,23.5,0.0,15.2,1017.2,13.5,282,0.141540295217043,-0.989932495087353,2.800000000000068,15.2,16.6,1014.8333333333334,1012.9,5.0
647,647,2016-10-09,19.0,17.8,20.7,1.2,13.5,1019.3,9.8,283,0.15855938510313475,-0.9873494423939864,2.099999999999909,15.2,15.2,1016.9666666666667,1014.4,2.8999999999999986
648,648,2016-10-10,17.3,15.4,19.4,0.2,9.8,1018.3,16.4,284,0.17553149042142777,-0.9844738167520923,-1.0,13.5,15.2,1018.2666666666668,1017.2,3.9999999999999982
649,649,2016-10-11,16.8,14.1,20.9,0.0,16.4,1013.9,14.3,285,0.19245158197082995,-0.9813064702716093,-4.399999999999977,9.8,13.5,1017.1666666666666,1019.3,6.799999999999999
650,650,2016-10-12,15.4,12.7,19.7,47.7,14.3,1010.1,12.0,286,0.20931464596304888,-0.9778483415056567,-3.7999999999999545,16.4,9.8,1014.1,1018.3,7.0
651,651,2016-10-13,17.6,15.8,21.4,12.4,12.0,1001.7,11.8,287,0.22611568550828803,-0.9741004551724206,-8.399999999999977,14.3,16.4,1008.5666666666667,1013.9,5.599999999999998
652,652,2016-10-14,17.3,13.9,21.4,,11.8,1002.9,12.8,288,0.2428497220959358,-0.970063921851507,1.1999999999999318,12.0,14.3,1004.9000000000001,1010.1,7.499999999999998
653,653,2016-10-15,17.4,13.1,23.5,0.0,12.8,1014.7,13.9,289,0.25951179706979943,-0.965739937654855,11.800000000000068,11.8,12.0,1006.4333333333334,1001.7,10.4
654,654,2016-10-16,18.3,13.6,24.1,0.0,13.9,1019.4,11.5,290,0.27609697309746883,-0.9611297838723007,4.699999999999932,12.8,11.8,1012.3333333333334,1002.9,10.500000000000002
655,655,2016-10-17,18.7,15.8,23.9,0.0,11.5,1021.7,14.5,291,0.2926003356333479,-0.9562348265919058,2.300000000000068,13.9,12.8,1018.6,1014.7,8.099999999999998
656,656,2016-10-18,19.2,16.7,23.5,0.0,14.5,1023.8,15.3,292,0.30901699437494723,-0.9510565162951536,2.099999999999909,11.5,13.9,1021.6333333333336,1019.4,6.800000000000001
657,657,2016-10-19,17.9,15.6,21.7,0.6,15.3,1021.4,12.8,293,0.3253420847119795,-0.9455963874271428,-2.3999999999999773,14.5,11.5,1022.3000000000001,1021.7,6.1
658,658,2016-10-20,17.2,16.2,18.4,,12.8,1016.4,13.7,294,0.341570769167856,-0.9398560579418953,-5.0,15.3,14.5,1020.5333333333334,1023.8,2.1999999999999993
659,659,2016-10-21,14.3,13.3,16.6,5.5,13.7,1015.4,13.4,295,0.35769823883312546,-0.9338372288229252,-1.0,12.8,15.3,1017.7333333333335,1021.4,3.3000000000000007
660,660,2016-10-22,15.9,13.6,19.0,2.1,13.4,1011.9,10.3,296,0.3737197147904692,-0.9275416835791965,-3.5,13.7,12.8,1014.5666666666666,1016.4,5.4
661,661,2016-10-23,18.8,16.0,23.7,0.0,10.3,1008.8,13.5,297,0.38963044953078774,-0.9209712877166347,-3.1000000000000227,13.4,13.7,1012.0333333333334,1015.4,7.699999999999999
662,662,2016-10-24,19.7,17.4,23.3,2.2,13.5,1012.3,10.9,298,0.4054257283599973,-0.9141279881853337,3.5,10.3,13.4,1011.0,1011.9,5.900000000000002
663,663,2016-10-25,19.7,18.8,22.0,1.2,10.9,1018.4,9.2,299,0.42110087079608916,-0.9070138128026362,6.100000000000023,13.5,10.3,1013.1666666666666,1008.8,3.1999999999999993
664,664,2016-10-26,19.0,17.3,22.2,0.0,9.2,1022.6,9.7,300,0.4366512319560638,-0.8996308696522434,4.2000000000000455,10.9,13.5,1017.7666666666668,1012.3,4.899999999999999
665,665,2016-10-27,18.4,16.1,22.8,0.0,9.7,1026.9,8.7,301,0.45207220393230374,-0.8919813464595487,4.300000000000068,9.2,10.9,1022.6333333333336,1018.4,6.699999999999999
666,666,2016-10-28,17.3,14.5,21.8,0.0,8.7,1030.5,12.0,302,0.46735921715800205,-0.8840675099433637,3.599999999999909,9.7,9.2,1026.6666666666667,1022.6,7.300000000000001
667,667,2016-10-29,16.6,13.0,21.4,0.0,12.0,1027.5,12.5,303,0.48250774176121763,-0.8758917051442433,-3.0,8.7,9.7,1028.3000000000002,1026.9,8.399999999999999
668,668,2016-10-30,15.9,12.4,20.2,0.0,12.5,1023.2,8.7,304,0.4975132889071803,-0.8674563547295971,-4.2999999999999545,12.0,8.7,1027.0666666666668,1030.5,7.799999999999999
669,669,2016-10-31,16.0,13.7,19.7,0.0,8.7,1023.3,13.2,305,0.5123714121284235,-0.858763958275803,0.09999999999990905,12.5,12.0,1024.6666666666667,1027.5,6.0
670,670,2016-11-01,17.0,13.8,22.2,0.0,13.2,1023.3,12.9,306,0.5270777086423724,-0.8498170915275277,0.0,8.7,12.5,1023.2666666666668,1023.2,8.399999999999999
671,671,2016-11-02,16.2,12.9,21.3,0.0,12.9,1019.6,13.4,307,0.5416278206559811,-0.8406184056344783,-3.699999999999932,13.2,8.7,1022.0666666666667,1023.3,8.4
672,672,2016-11-03,15.2,11.3,20.1,0.0,13.4,1017.7,9.8,308,0.5560174366570446,-0.8311706263658079,-1.8999999999999773,12.9,13.2,1020.2000000000002,1023.3,8.8
673,673,2016-11-04,16.2,12.8,21.4,0.6,9.8,1017.1,16.0,309,0.5702422926917867,-0.8214765533024145,-0.6000000000000227,13.4,12.9,1018.1333333333336,1019.6,8.599999999999998
674,674,2016-11-05,18.2,14.2,23.2,0.0,16.0,1007.2,15.7,310,0.5842981736283683,-0.8115390590073611,-9.899999999999977,9.8,13.4,1014.0000000000001,1017.7,9.0
675,675,2016-11-06,13.8,9.7,17.6,0.0,15.7,1006.3,9.9,311,0.5981809144059158,-0.801361088174677,-0.900000000000091,16.0,9.8,1010.2000000000002,1017.1,7.900000000000002
676,676,2016-11-07,10.4,7.8,15.8,0.0,9.9,1010.0,19.8,312,0.6118864012687242,-0.7909456567567774,3.7000000000000455,15.7,16.0,1007.8333333333334,1007.2,8.0
677,677,2016-11-08,10.4,6.0,16.9,0.0,19.8,1013.5,24.4,313,0.6254105729852457,-0.780295851070776,3.5,9.9,15.7,1009.9333333333334,1006.3,10.899999999999999
678,678,2016-11-09,13.8,9.1,19.6,0.0,24.4,1014.7,16.3,314,0.6387494220515268,-0.7694148268839381,1.2000000000000455,19.8,9.9,1012.7333333333335,1010.0,10.500000000000002
679,679,2016-11-10,13.4,9.5,19.4,0.0,16.3,1019.9,11.5,315,0.6518989958787125,-0.7583058084785625,5.199999999999932,24.4,19.8,1016.0333333333334,1013.5,9.899999999999999
680,680,2016-11-11,12.9,9.2,19.1,1.1,11.5,1020.5,9.8,316,0.6648553979642866,-0.7469720876965551,0.6000000000000227,16.3,24.4,1018.3666666666668,1014.7,9.900000000000002
681,681,2016-11-12,13.8,11.6,17.5,0.1,9.8,1021.5,11.8,317,0.6776147890466887,-0.7354170229639858,1.0,11.5,16.3,1020.6333333333333,1019.9,5.9
682,682,2016-11-13,13.3,9.9,19.2,0.2,11.8,1021.9,14.5,318,0.690173388242972,-0.7236440382959124,0.39999999999997726,9.8,11.5,1021.3000000000001,1020.5,9.299999999999999
683,683,2016-11-14,13.7,10.2,18.8,0.0,14.5,1023.9,14.2,319,0.7025274741691566,-0.711656622281775,2.0,11.8,9.8,1022.4333333333334,1021.5,8.600000000000001
684,684,2016-11-15,11.1,7.8,16.1,0.0,14.2,1028.3,13.4,320,0.7146733860429608,-0.6994583270516471,4.399999999999977,14.5,11.8,1024.7,1021.9,8.3
685,685,2016-11-16,10.4,6.3,16.4,0.0,13.4,1025.8,13.2,321,0.7266075247685652,-0.6870527672236675,-2.5,14.2,14.5,1026.0,1023.9,10.099999999999998
686,686,2016-11-17,11.9,7.5,18.4,0.0,13.2,1020.2,12.9,322,0.7383263540031063,-0.6744436188329457,-5.599999999999909,13.4,14.2,1024.7666666666667,1028.3,10.899999999999999
687,687,2016-11-18,13.8,9.1,19.2,0.0,12.9,1014.8,13.4,323,0.749826401204568,-0.661634618242279,-5.400000000000091,13.2,13.4,1020.2666666666668,1025.8,10.1
688,688,2016-11-19,14.3,11.6,18.3,0.0,13.4,1014.6,13.7,324,0.7611042586607742,-0.6486295610349818,-0.1999999999999318,12.9,13.2,1016.5333333333333,1020.2,6.700000000000001
689,689,2016-11-20,15.0,11.4,19.4,2.5,13.7,1010.3,23.2,325,0.7721565844991641,-0.6354323008901775,-4.300000000000068,13.4,12.9,1013.2333333333332,1014.8,7.999999999999998
690,690,2016-11-21,17.7,16.1,19.3,9.0,23.2,1005.5,14.3,326,0.7829801036770624,-0.622046748440868,-4.7999999999999545,13.7,13.4,1010.1333333333333,1014.6,3.1999999999999993
691,691,2016-11-22,16.8,15.0,19.2,4.6,14.3,1006.3,22.0,327,0.7935716089521472,-0.6084768701151264,0.7999999999999545,23.2,13.7,1007.3666666666667,1010.3,4.199999999999999
692,692,2016-11-23,16.7,11.9,20.3,17.2,22.0,1004.2,12.4,328,0.8039279618328208,-0.594726686960764,-2.099999999999909,14.3,23.2,1005.3333333333334,1005.5,8.4
693,693,2016-11-24,11.2,8.2,15.9,0.0,12.4,1008.8,14.2,329,0.8140460935082175,-0.5808002734538013,4.599999999999909,22.0,14.3,1006.4333333333333,1006.3,7.700000000000001
694,694,2016-11-25,9.8,7.3,15.7,0.0,14.2,1012.6,21.3,330,0.8239230057575536,-0.5667017562911184,3.800000000000068,12.4,22.0,1008.5333333333334,1004.2,8.399999999999999
695,695,2016-11-26,12.0,8.6,16.8,1.9,21.3,1013.2,20.0,331,0.8335557718385695,-0.5524353131676203,0.6000000000000227,14.2,12.4,1011.5333333333333,1008.8,8.200000000000001
696,696,2016-11-27,14.1,12.0,16.7,40.4,20.0,1011.7,14.7,332,0.8429415373547832,-0.5380051715382992,-1.5,21.3,14.2,1012.5,1012.6,4.699999999999999
697,697,2016-11-28,12.3,8.6,16.0,0.0,14.7,1012.5,19.9,333,0.8520775211013093,-0.5234156073655503,0.7999999999999545,20.0,21.3,1012.4666666666667,1013.2,7.4
698,698,2016-11-29,12.1,8.4,16.0,0.2,19.9,1022.7,13.5,334,0.8609610158889945,-0.5086709438521042,10.200000000000045,14.7,20.0,1015.6333333333333,1011.7,7.6
699,699,2016-11-30,11.4,7.8,14.9,0.0,13.5,1032.0,17.6,335,0.8695893893466109,-0.49377555015997737,9.299999999999955,19.9,14.7,1022.4,1012.5,7.1000000000000005
700,700,2016-12-01,9.2,5.2,15.5,0.0,17.6,1027.7,16.9,336,0.8779600847008883,-0.4787338401157883,-4.2999999999999545,13.5,19.9,1027.4666666666667,1022.7,10.3
701,701,2016-12-02,8.9,4.2,16.4,0.0,16.9,1019.2,16.7,337,0.8860706215341378,-0.4635502709028512,-8.5,17.6,13.5,1026.3,1032.0,12.2
702,702,2016-12-03,9.2,4.1,14.6,0.0,16.7,1016.4,21.7,338,0.893918596519257,-0.4482293417404106,-2.800000000000068,16.9,17.6,1021.1,1027.7,10.5
703,703,2016-12-04,13.4,10.5,17.5,0.6,21.7,1017.6,31.8,339,0.9015016841318838,-0.4327755925504317,1.2000000000000455,16.7,16.9,1017.7333333333332,1019.2,7.0
704,704,2016-12-05,15.4,12.6,17.3,0.0,31.8,1020.5,11.6,340,0.9088176373395028,-0.41719360261231697,2.8999999999999773,21.7,16.7,1018.1666666666666,1016.4,4.700000000000001
705,705,2016-12-06,12.8,10.4,18.2,0.0,11.6,1026.4,15.3,341,0.9158642882672868,-0.4014879892059737,5.900000000000091,31.8,21.7,1021.5,1017.6,7.799999999999999
706,706,2016-12-07,11.5,7.9,16.9,0.0,15.3,1031.1,14.8,342,0.9226395488404875,-0.38566340624360745,4.699999999999818,11.6,31.8,1026.0,1020.5,8.999999999999998
707,707,2016-12-08,10.7,7.0,17.8,0.0,14.8,1034.6,16.8,343,0.9291414114031743,-0.3697245428906732,3.5,15.3,11.6,1030.7,1026.4,10.8
708,708,2016-12-09,11.1,6.7,17.4,0.0,16.8,1032.5,14.1,344,0.935367949313148,-0.3536761221763721,-2.099999999999909,14.8,15.3,1032.7333333333333,1031.1,10.7
709,709,2016-12-10,11.4,7.4,17.3,0.0,14.1,1028.7,15.7,345,0.941317317512847,-0.33752289959411347,-3.7999999999999545,16.8,14.8,1031.9333333333334,1034.6,9.9
710,710,2016-12-11,10.7,7.3,16.8,0.0,15.7,1024.9,15.9,346,0.9469877530760751,-0.32126966169236515,-3.7999999999999545,14.1,16.8,1028.7,1032.5,9.5
711,711,2016-12-12,10.1,6.4,17.8,0.0,15.9,1022.4,14.3,347,0.9523775757303973,-0.3049212246562894,-2.5000000000001137,15.7,14.1,1025.3333333333333,1028.7,11.4
712,712,2016-12-13,10.3,6.4,16.9,0.0,14.3,1025.2,15.1,348,0.9574851883550389,-0.2884824328806098,2.800000000000068,15.9,15.7,1024.1666666666667,1024.9,10.499999999999998
713,713,2016-12-14,10.9,7.7,16.5,0.0,15.1,1022.9,16.4,349,0.9623090774541487,-0.27195815753410524,-2.300000000000068,14.3,15.9,1023.5,1022.4,8.8
714,714,2016-12-15,9.8,7.2,14.2,0.0,16.4,1022.4,19.8,350,0.9668478136052773,-0.2553532951161881,-0.5,15.1,14.3,1023.5,1025.2,6.999999999999999
715,715,2016-12-16,11.8,9.1,15.9,3.9,19.8,1022.0,30.2,351,0.9711000518829505,-0.23867276600594997,-0.39999999999997726,16.4,15.1,1022.4333333333334,1022.9,6.800000000000001
716,716,2016-12-17,12.7,8.0,14.8,,30.2,1032.4,21.5,352,0.9750645322571945,-0.22192151300416674,10.400000000000091,19.8,16.4,1025.6000000000001,1022.4,6.800000000000001
717,717,2016-12-18,9.6,6.2,14.2,0.0,21.5,1031.2,21.7,353,0.9787400799669153,-0.20510449986861926,-1.2000000000000455,30.2,19.8,1028.5333333333335,1022.0,7.999999999999999
718,718,2016-12-19,8.5,6.4,11.2,13.9,21.7,1017.4,20.6,354,0.9821256058680006,-0.1882267098432439,-13.800000000000068,21.5,30.2,1027.0000000000002,1032.4,4.799999999999999
719,719,2016-12-20,10.3,8.7,13.2,3.8,20.6,1014.9,21.1,355,0.9852201067560606,-0.1712931441814778,-2.5,21.7,21.5,1021.1666666666669,1031.2,4.5
720,720,2016-12-21,11.1,8.6,15.8,0.0,21.1,1024.0,17.3,356,0.9880226656636976,-0.154308820664281,9.100000000000023,20.6,21.7,1018.7666666666668,1017.4,7.200000000000001
721,721,2016-12-22,10.8,7.8,17.8,0.0,17.3,1031.8,18.2,357,0.9905324521322227,-0.13727877211326517,7.7999999999999545,21.1,20.6,1023.5666666666666,1014.9,10.0
722,722,2016-12-23,10.1,7.2,15.8,0.0,18.2,1034.6,16.1,358,0.9927487224577402,-0.12020804489935275,2.7999999999999545,17.3,21.1,1030.1333333333334,1024.0,8.600000000000001
723,723,2016-12-24,10.1,7.3,16.3,0.0,16.1,1035.8,19.5,359,0.9946708199115211,-0.10310169744743544,1.2000000000000455,18.2,17.3,1034.0666666666668,1031.8,9.0
724,724,2016-12-25,9.7,7.0,14.8,0.0,19.5,1031.9,15.6,360,0.9962981749346077,-0.0859647987374467,-3.8999999999998636,16.1,18.2,1034.1000000000001,1034.6,7.800000000000001
725,725,2016-12-26,10.4,6.6,16.7,0.0,15.6,1030.7,12.0,361,0.9976303053065857,-0.06880242680232064,-1.2000000000000455,19.5,16.1,1032.8000000000002,1035.8,10.1
726,726,2016-12-27,9.9,6.5,17.4,0.0,12.0,1032.8,14.4,362,0.9986668162884759,-0.05161966722325418,2.099999999999909,15.6,19.5,1031.8,1031.9,10.899999999999999
727,727,2016-12-28,9.3,5.0,15.9,0.0,14.4,1035.7,19.9,363,0.9994074007397048,-0.034421611622745804,2.900000000000091,12.0,15.6,1033.0666666666666,1030.7,10.9
728,728,2016-12-29,8.3,4.4,14.7,0.0,19.9,1033.3,16.4,364,0.9998518392091162,-0.01721335615583528,-2.400000000000091,14.4,12.0,1033.9333333333334,1032.8,10.299999999999999
729,729,2016-12-30,8.4,4.8,15.8,0.0,16.4,1035.1,13.5,365,1.0,6.432490598706546e-16,1.7999999999999545,19.9,14.4,1034.7,1035.7,11.0
730,730,2016-12-31,8.4,5.3,14.8,0.0,13.5,1032.5,15.7,366,0.9998518392091162,0.017213356155833904,-2.599999999999909,16.4,19.9,1033.6333333333334,1033.3,9.5
731,731,2017-01-01,7.0,3.3,12.4,0.0,15.7,1025.4,18.6,1,0.9998518392091162,0.017213356155834685,-7.099999999999909,13.5,16.4,1031.0000000000002,1035.1,9.100000000000001
732,732,2017-01-02,7.2,2.8,14.3,0.0,18.6,1022.2,19.8,2,0.9994074007397048,0.03442161162274574,-3.2000000000000455,15.7,13.5,1026.7,1032.5,11.5
733,733,2017-01-03,6.8,3.7,12.5,0.0,19.8,1022.9,16.6,3,0.998666816288476,0.051619667223253764,0.6999999999999318,18.6,15.7,1023.5000000000001,1025.4,8.8
734,734,2017-01-04,8.8,6.3,14.6,0.0,16.6,1022.7,17.3,4,0.9976303053065857,0.06880242680231986,-0.1999999999999318,19.8,18.6,1022.6,1022.2,8.3
735,735,2017-01-05,7.8,4.6,13.1,0.0,17.3,1022.7,16.2,5,0.9962981749346078,0.08596479873744647,0.0,16.6,19.8,1022.7666666666668,1022.9,8.5
736,736,2017-01-06,6.0,1.8,13.3,0.0,16.2,1028.8,13.6,6,0.9946708199115211,0.10310169744743485,6.099999999999909,17.3,16.6,1024.7333333333333,1022.7,11.5
737,737,2017-01-07,5.8,2.1,13.2,0.0,13.6,1029.8,17.8,7,0.9927487224577402,0.1202080448993527,1.0,16.2,17.3,1027.1000000000001,1022.7,11.1
738,738,2017-01-08,8.1,3.9,16.9,0.0,17.8,1026.0,21.4,8,0.9905324521322229,0.13727877211326478,-3.7999999999999545,13.6,16.2,1028.2,1028.8,12.999999999999998
739,739,2017-01-09,7.5,4.5,13.8,0.0,21.4,1024.5,14.4,9,0.9880226656636976,0.15430882066428117,-1.5,17.8,13.6,1026.7666666666667,1029.8,9.3
740,740,2017-01-10,7.2,4.1,13.2,0.0,14.4,1014.0,16.1,10,0.9852201067560606,0.1712931441814776,-10.5,21.4,17.8,1021.5,1026.0,9.1
741,741,2017-01-11,8.7,2.9,13.5,0.0,16.1,1020.1,17.3,11,0.9821256058680006,0.1882267098432442,6.100000000000023,14.4,21.4,1019.5333333333334,1024.5,10.6
742,742,2017-01-12,11.8,7.6,16.4,0.0,17.3,1020.2,23.0,12,0.9787400799669153,0.2051044998686192,0.10000000000002274,16.1,14.4,1018.1000000000003,1014.0,8.799999999999999
743,743,2017-01-13,11.9,5.4,15.4,0.0,23.0,1015.0,14.7,13,0.9750645322571948,0.2219215130041655,-5.2000000000000455,17.3,16.1,1018.4333333333335,1020.1,10.0
744,744,2017-01-14,7.2,4.5,12.4,0.0,14.7,1021.2,15.3,14,0.9711000518829505,0.2386727660059501,6.2000000000000455,23.0,17.3,1018.8000000000002,1020.2,7.9
745,745,2017-01-15,7.1,3.8,13.8,0.0,15.3,1020.8,10.9,15,0.9668478136052775,0.255353295116187,-0.40000000000009095,14.7,23.0,1019.0000000000001,1015.0,10.0
746,746,2017-01-16,7.4,3.3,13.4,0.0,10.9,1016.5,14.0,16,0.9623090774541486,0.2719581575341055,-4.2999999999999545,15.3,14.7,1019.5000000000001,1021.2,10.100000000000001
747,747,2017-01-17,5.3,1.2,8.4,0.0,14.0,1016.4,15.9,17,0.9574851883550393,0.288482432880609,-0.10000000000002274,10.9,15.3,1017.9000000000002,1020.8,7.2
748,748,2017-01-18,3.5,-0.6,11.2,0.0,15.9,1020.9,35.0,18,0.9523775757303974,0.30492122465628907,4.5,14.0,10.9,1017.9333333333334,1016.5,11.799999999999999
749,749,2017-01-19,6.5,1.8,11.6,0.0,35.0,1022.3,40.1,19,0.9469877530760753,0.3212696616923644,1.3999999999999773,15.9,14.0,1019.8666666666668,1016.4,9.799999999999999
750,750,2017-01-20,9.5,8.8,10.9,4.9,40.1,1021.4,37.3,20,0.9413173175128471,0.3375228995941133,-0.8999999999999773,35.0,15.9,1021.5333333333334,1020.9,2.0999999999999996
751,751,2017-01-21,10.4,8.9,12.5,0.7,37.3,1017.7,32.9,21,0.9353679493131483,0.3536761221763716,-3.699999999999932,40.1,35.0,1020.4666666666668,1022.3,3.5999999999999996
752,752,2017-01-22,9.8,8.3,11.4,7.2,32.9,1015.3,14.6,22,0.9291414114031743,0.3697245428906731,-2.400000000000091,37.3,40.1,1018.1333333333336,1021.4,3.0999999999999996
753,753,2017-01-23,9.2,7.8,11.7,0.7,14.6,1017.2,13.1,23,0.9226395488404876,0.38566340624360707,1.900000000000091,32.9,37.3,1016.7333333333336,1017.7,3.8999999999999995
754,754,2017-01-24,8.8,5.7,13.5,,13.1,1018.7,22.4,24,0.9158642882672872,0.401487989205973,1.5,14.6,32.9,1017.066666666667,1015.3,7.8
755,755,2017-01-25,6.5,5.2,9.1,0.9,22.4,1020.3,14.4,25,0.9088176373395029,0.4171936026123168,1.599999999999909,13.1,14.6,1018.7333333333336,1017.2,3.8999999999999995
756,756,2017-01-26,6.9,4.1,10.9,0.0,14.4,1018.9,13.8,26,0.901501684131884,0.4327755925504312,-1.3999999999999773,22.4,13.1,1019.3000000000002,1018.7,6.800000000000001
757,757,2017-01-27,10.2,7.7,14.5,18.6,13.8,1014.6,11.8,27,0.893918596519257,0.4482293417404106,-4.2999999999999545,14.4,22.4,1017.9333333333334,1020.3,6.8
758,758,2017-01-28,11.3,8.0,14.7,1.6,11.8,1016.4,13.8,28,0.886070621534138,0.4635502709028509,1.7999999999999545,13.8,14.4,1016.6333333333336,1018.9,6.699999999999999
759,759,2017-01-29,9.0,5.7,14.5,0.0,13.8,1024.5,10.9,29,0.8779600847008882,0.47873384011578846,8.100000000000023,11.8,13.8,1018.5000000000001,1014.6,8.8
760,760,2017-01-30,9.9,6.0,16.0,0.0,10.9,1021.9,8.9,30,0.869589389346611,0.49377555015997715,-2.6000000000000227,13.8,11.8,1020.9333333333335,1016.4,10.0
761,761,2017-01-31,10.9,8.1,15.5,0.0,8.9,1018.6,10.3,31,0.8609610158889943,0.5086709438521044,-3.2999999999999545,10.9,13.8,1021.6666666666669,1024.5,7.4
762,762,2017-02-01,10.9,8.0,15.5,0.0,10.3,1017.7,14.3,32,0.8520775211013093,0.5234156073655503,-0.8999999999999773,8.9,10.9,1019.4000000000002,1021.9,7.5
763,763,2017-02-02,11.5,10.1,14.5,0.0,14.3,1014.5,15.9,33,0.8429415373547828,0.5380051715382996,-3.2000000000000455,10.3,8.9,1016.9333333333334,1018.6,4.4
764,764,2017-02-03,12.2,8.2,17.5,0.0,15.9,1015.0,20.2,34,0.8335557718385699,0.5524353131676196,0.5,14.3,10.3,1015.7333333333336,1017.7,9.3
765,765,2017-02-04,14.1,9.3,19.2,0.0,20.2,1011.7,32.5,35,0.8239230057575542,0.5667017562911176,-3.2999999999999545,15.9,14.3,1013.7333333333336,1014.5,9.899999999999999
766,766,2017-02-05,13.1,9.1,16.1,0.3,32.5,1007.9,22.3,36,0.8140460935082178,0.5808002734538009,-3.800000000000068,20.2,15.9,1011.5333333333334,1015.0,7.000000000000002
767,767,2017-02-06,12.3,8.5,17.6,0.0,22.3,1015.4,9.6,37,0.8039279618328213,0.5947266869607634,7.5,32.5,20.2,1011.6666666666669,1011.7,9.100000000000001
768,768,2017-02-07,13.6,10.5,18.6,11.1,9.6,1017.3,12.5,38,0.7935716089521474,0.6084768701151261,1.8999999999999773,22.3,32.5,1013.5333333333334,1007.9,8.100000000000001
769,769,2017-02-08,10.7,6.9,17.8,0.0,12.5,1016.7,13.7,39,0.7829801036770629,0.6220467484408675,-0.599999999999909,9.6,22.3,1016.4666666666668,1015.4,10.9
770,770,2017-02-09,8.3,4.3,14.1,0.0,13.7,1018.8,12.2,40,0.7721565844991642,0.6354323008901774,2.099999999999909,12.5,9.6,1017.6,1017.3,9.8
771,771,2017-02-10,8.7,5.8,14.3,0.0,12.2,1017.2,22.6,41,0.7611042586607747,0.6486295610349814,-1.599999999999909,13.7,12.5,1017.566666666667,1016.7,8.5
772,772,2017-02-11,10.4,6.9,14.1,0.0,22.6,1015.9,34.3,42,0.7498264012045686,0.6616346182422783,-1.3000000000000682,12.2,13.7,1017.3000000000002,1018.8,7.199999999999999
773,773,2017-02-12,13.5,12.6,14.9,0.0,34.3,1013.4,35.6,43,0.7383263540031065,0.6744436188329455,-2.5,22.6,12.2,1015.5000000000001,1017.2,2.3000000000000007
774,774,2017-02-13,13.7,13.6,14.9,10.4,35.6,1013.3,12.1,44,0.7266075247685656,0.6870527672236669,-0.10000000000002274,34.3,22.6,1014.2000000000002,1015.9,1.3000000000000007
775,775,2017-02-14,13.3,10.0,17.6,,12.1,1022.5,16.7,45,0.7146733860429609,0.699458327051647,9.200000000000045,35.6,34.3,1016.4000000000001,1013.4,7.600000000000001
776,776,2017-02-15,13.4,10.7,16.9,0.0,16.7,1031.8,9.3,46,0.7025274741691571,0.7116566222817746,9.299999999999955,12.1,35.6,1022.5333333333334,1013.3,6.199999999999999
777,777,2017-02-16,12.8,9.1,15.9,0.0,9.3,1032.8,13.1,47,0.6901733882429719,0.7236440382959124,1.0,16.7,12.1,1029.0333333333335,1022.5,6.800000000000001
778,778,2017-02-17,11.1,8.5,14.9,0.0,13.1,1027.9,10.1,48,0.6776147890466889,0.7354170229639855,-4.899999999999864,9.3,16.7,1030.8333333333333,1031.8,6.4
779,779,2017-02-18,10.4,7.2,15.1,0.0,10.1,1022.7,12.1,49,0.6648553979642865,0.7469720876965552,-5.2000000000000455,13.1,9.3,1027.8000000000002,1032.8,7.8999999999999995
780,780,2017-02-19,12.1,9.2,16.7,0.0,12.1,1025.5,13.3,50,0.6518989958787126,0.7583058084785624,2.7999999999999545,10.1,13.1,1025.3666666666668,1027.9,7.5
781,781,2017-02-20,11.6,7.7,16.3,0.0,13.3,1025.8,15.6,51,0.6387494220515272,0.7694148268839378,0.2999999999999545,12.1,10.1,1024.666666666667,1022.7,8.600000000000001
782,782,2017-02-21,11.3,7.3,17.4,0.0,15.6,1024.1,14.5,52,0.6254105729852463,0.7802958510707755,-1.7000000000000455,13.3,12.1,1025.1333333333334,1025.5,10.099999999999998
783,783,2017-02-22,12.3,8.4,18.6,0.0,14.5,1021.7,10.9,53,0.6118864012687243,0.7909456567567772,-2.3999999999998636,15.6,13.3,1023.8666666666668,1025.8,10.200000000000001
784,784,2017-02-23,12.9,9.6,18.5,1.5,10.9,1016.2,9.0,54,0.5981809144059165,0.8013610881746766,-5.5,14.5,15.6,1020.6666666666669,1024.1,8.9
785,785,2017-02-24,12.2,10.3,14.1,5.0,9.0,1013.7,11.7,55,0.5842981736283684,0.8115390590073611,-2.5,10.9,14.5,1017.2000000000002,1021.7,3.799999999999999
786,786,2017-02-25,10.4,6.5,14.5,0.0,11.7,1019.8,16.1,56,0.5702422926917871,0.8214765533024142,6.099999999999909,9.0,10.9,1016.566666666667,1016.2,8.0
787,787,2017-02-26,10.4,5.8,15.2,0.0,16.1,1021.2,15.8,57,0.5560174366570446,0.8311706263658079,1.400000000000091,11.7,9.0,1018.2333333333336,1013.7,9.399999999999999
788,788,2017-02-27,12.7,10.3,16.3,0.0,15.8,1014.4,24.9,58,0.5416278206559814,0.8406184056344782,-6.800000000000068,16.1,11.7,1018.4666666666668,1019.8,6.0
789,789,2017-02-28,14.3,10.9,18.7,0.0,24.9,1009.8,18.2,59,0.5270777086423722,0.8498170915275278,-4.600000000000023,15.8,16.1,1015.1333333333336,1021.2,7.799999999999999
790,790,2017-03-01,11.3,7.5,16.3,0.0,18.2,1018.6,14.1,60,0.5123714121284237,0.8587639582758029,8.800000000000068,24.9,15.8,1014.2666666666668,1014.4,8.8
791,791,2017-03-02,12.1,7.6,17.8,0.0,14.1,1019.3,13.1,61,0.49751328890718066,0.8674563547295969,0.6999999999999318,18.2,24.9,1015.9000000000001,1009.8,10.200000000000001
792,792,2017-03-03,12.9,11.2,16.2,16.2,13.1,1010.9,29.9,62,0.48250774176121847,0.8758917051442429,-8.399999999999977,14.1,18.2,1016.2666666666669,1018.6,5.0
793,793,2017-03-04,11.0,6.6,16.0,,29.9,1002.5,17.2,63,0.4673592171580022,0.8840675099433636,-8.399999999999977,13.1,14.1,1010.9000000000001,1019.3,9.4
794,794,2017-03-05,11.2,5.9,16.4,0.0,17.2,1014.9,17.7,64,0.45207220393230435,0.8919813464595485,12.399999999999977,29.9,13.1,1009.4333333333334,1010.9,10.499999999999998
795,795,2017-03-06,16.5,10.0,24.1,0.0,17.7,1016.4,14.7,65,0.43665123195606403,0.8996308696522433,1.5,17.2,29.9,1011.2666666666668,1002.5,14.100000000000001
796,796,2017-03-07,13.9,10.5,18.7,0.0,14.7,1020.0,12.5,66,0.4211008707960896,0.9070138128026359,3.6000000000000227,17.7,17.2,1017.1,1014.9,8.2
797,797,2017-03-08,13.6,11.1,17.3,0.0,12.5,1025.1,7.8,67,0.40542572835999735,0.9141279881853337,5.099999999999909,14.7,17.7,1020.5,1016.4,6.200000000000001
798,798,2017-03-09,13.0,11.4,17.1,0.0,7.8,1024.2,12.5,68,0.38963044953078796,0.9209712877166346,-0.8999999999998636,12.5,14.7,1023.1,1020.0,5.700000000000001
799,799,2017-03-10,14.7,10.9,20.9,0.0,12.5,1020.6,9.2,69,0.37371971479046906,0.9275416835791966,-3.6000000000000227,7.8,12.5,1023.3000000000001,1025.1,9.999999999999998
800,800,2017-03-11,15.0,11.1,19.5,,9.2,1018.1,11.8,70,0.35769823883312546,0.9338372288229252,-2.5,12.5,7.8,1020.9666666666668,1024.2,8.4
801,801,2017-03-12,13.9,10.4,18.1,0.1,11.8,1015.3,23.6,71,0.3415707691678556,0.9398560579418954,-2.800000000000068,9.2,12.5,1018.0,1020.6,7.700000000000001
802,802,2017-03-13,14.9,12.0,19.3,0.0,23.6,1019.4,13.3,72,0.3253420847119801,0.9455963874271426,4.100000000000023,11.8,9.2,1017.6,1018.1,7.300000000000001
803,803,2017-03-14,14.1,10.2,21.9,0.0,13.3,1028.1,10.5,73,0.30901699437494745,0.9510565162951535,8.699999999999932,23.6,11.8,1020.9333333333334,1015.3,11.7
804,804,2017-03-15,13.3,9.8,19.4,0.0,10.5,1027.3,12.4,74,0.29260033563334836,0.9562348265919056,-0.7999999999999545,13.3,23.6,1024.9333333333334,1019.4,9.599999999999998
805,805,2017-03-16,12.8,9.4,17.7,0.0,12.4,1024.3,18.2,75,0.27609697309746883,0.9611297838723007,-3.0,10.5,13.3,1026.5666666666666,1028.1,8.299999999999999
806,806,2017-03-17,13.2,8.6,18.2,0.0,18.2,1022.4,8.9,76,0.2595117970697999,0.9657399376548549,-1.8999999999999773,12.4,10.5,1024.6666666666667,1027.3,9.6
807,807,2017-03-18,13.6,9.6,18.1,0.0,8.9,1020.6,11.7,77,0.2428497220959356,0.9700639218515071,-1.7999999999999545,18.2,12.4,1022.4333333333334,1024.3,8.500000000000002
808,808,2017-03-19,13.5,9.5,17.8,0.0,11.7,1017.8,8.1,78,0.22611568550828828,0.9741004551724205,-2.800000000000068,8.9,18.2,1020.2666666666668,1022.4,8.3
809,809,2017-03-20,13.9,10.8,19.3,0.0,8.1,1014.8,12.1,79,0.20931464596304847,0.9778483415056568,-3.0,11.7,8.9,1017.7333333333332,1020.6,8.5
810,810,2017-03-21,13.5,9.7,17.7,0.0,12.1,1014.4,13.8,80,0.19245158197082998,0.9813064702716093,-0.39999999999997726,8.1,11.7,1015.6666666666666,1017.8,8.0
811,811,2017-03-22,14.3,10.7,17.9,0.0,13.8,1012.4,16.4,81,0.1755314904214282,0.9844738167520922,-2.0,12.1,8.1,1013.8666666666667,1014.8,7.199999999999999
812,812,2017-03-23,13.0,9.8,17.2,0.0,16.4,1009.8,16.4,82,0.15855938510313475,0.9873494423939864,-2.6000000000000227,13.8,12.1,1012.1999999999999,1014.4,7.399999999999999
813,813,2017-03-24,9.6,6.9,12.4,64.7,16.4,1013.7,14.5,83,0.141540295217043,0.989932495087353,3.900000000000091,16.4,13.8,1011.9666666666666,1012.4,5.5
814,814,2017-03-25,10.3,6.4,16.4,0.0,14.5,1014.6,13.5,84,0.12447926388678915,0.9922222094179323,0.8999999999999773,16.4,16.4,1012.6999999999999,1009.8,9.999999999999998
815,815,2017-03-26,12.0,7.4,17.2,0.0,13.5,1019.0,18.5,85,0.10738134666416309,0.994217906893952,4.399999999999977,14.5,16.4,1015.7666666666668,1013.7,9.799999999999999
816,816,2017-03-27,12.3,9.4,16.8,2.1,18.5,1020.6,12.4,86,0.09025161003104117,0.995918996147179,1.6000000000000227,13.5,14.5,1018.0666666666666,1014.6,7.4
817,817,2017-03-28,12.3,8.4,16.8,0.0,12.4,1025.9,13.3,87,0.07309512989807777,0.9973249731081555,5.300000000000068,18.5,13.5,1021.8333333333334,1019.0,8.4
818,818,2017-03-29,14.4,10.3,20.4,0.0,13.3,1026.4,13.2,88,0.055916990100603484,0.9984354211555643,0.5,12.4,18.5,1024.3000000000002,1020.6,10.099999999999998
819,819,2017-03-30,14.6,10.9,19.1,0.0,13.2,1025.6,10.7,89,0.03872228089217446,0.9992500112396835,-0.8000000000001819,13.3,12.4,1025.9666666666665,1025.9,8.200000000000001
820,820,2017-03-31,13.7,10.6,18.0,0.9,10.7,1021.6,11.0,90,0.021516097436222254,0.9997685019798909,-3.9999999999998863,13.2,13.3,1024.5333333333335,1026.4,7.4
821,821,2017-04-01,12.5,9.5,15.9,4.6,11.0,1016.3,12.6,91,0.004303538296244289,0.9999907397361901,-5.300000000000068,10.7,13.2,1021.1666666666666,1025.6,6.4
822,822,2017-04-02,12.0,8.2,17.4,0.5,12.6,1017.4,18.2,92,-0.01291029607500882,0.9999166586547379,1.1000000000000227,11.0,10.7,1018.4333333333334,1021.6,9.2
823,823,2017-04-03,14.1,9.5,20.3,0.0,18.2,1021.2,16.0,93,-0.030120304846908114,0.9995462806873573,3.800000000000068,12.6,11.0,1018.3000000000001,1016.3,10.8
824,824,2017-04-04,15.4,10.5,22.3,0.0,16.0,1021.2,11.5,94,-0.04732138832243185,0.9988797155850336,0.0,18.2,12.6,1019.9333333333334,1017.4,11.8
825,825,2017-04-05,14.6,11.2,19.2,3.3,11.5,1019.9,13.5,95,-0.06450844944931623,0.9979171608653922,-1.3000000000000682,16.0,18.2,1020.7666666666668,1021.2,8.0
826,826,2017-04-06,14.2,9.6,20.6,0.0,13.5,1018.5,12.6,96,-0.08167639533042241,0.9966589017541702,-1.3999999999999773,11.5,16.0,1019.8666666666667,1021.2,11.000000000000002
827,827,2017-04-07,14.3,10.6,19.3,0.0,12.6,1020.6,15.2,97,-0.09882013873287143,0.9951053111006976,2.1000000000000227,13.5,11.5,1019.6666666666666,1019.9,8.700000000000001
828,828,2017-04-08,14.6,10.6,19.1,0.0,15.2,1021.7,12.3,98,-0.11593459959550041,0.9932568492674143,1.1000000000000227,12.6,13.5,1020.2666666666668,1018.5,8.500000000000002
829,829,2017-04-09,14.1,9.8,18.8,0.0,12.3,1024.5,19.1,99,-0.1330147065341959,0.9911140639934547,2.7999999999999545,15.2,12.6,1022.2666666666668,1020.6,9.0
830,830,2017-04-10,15.3,10.8,19.4,0.0,19.1,1023.9,12.4,100,-0.1500553983446526,0.9886775902323405,-0.6000000000000227,12.3,15.2,1023.3666666666667,1021.7,8.599999999999998
831,831,2017-04-11,16.1,12.5,20.5,0.0,12.4,1020.9,11.3,101,-0.16705162550211924,0.9859481499638304,-3.0,19.1,12.3,1023.0999999999999,1024.5,8.0
832,832,2017-04-12,15.9,12.7,20.8,0.0,11.3,1020.6,10.7,102,-0.18399835165768005,0.9829265519799822,-0.2999999999999545,12.4,19.1,1021.8000000000001,1023.9,8.100000000000001
833,833,2017-04-13,15.5,12.0,19.3,0.0,10.7,1017.0,8.4,103,-0.20089055513063506,0.9796136916454901,-3.6000000000000227,11.3,12.4,1019.5,1020.9,7.300000000000001
834,834,2017-04-14,16.8,13.0,21.4,,8.4,1016.6,11.7,104,-0.21772323039653177,0.9760105506323683,-0.39999999999997726,10.7,11.3,1018.0666666666666,1020.6,8.399999999999999
835,835,2017-04-15,16.1,14.2,19.3,0.2,11.7,1018.5,16.4,105,-0.23449138957040985,0.9721181966290613,1.8999999999999773,8.4,10.7,1017.3666666666668,1017.0,5.100000000000001
836,836,2017-04-16,15.9,12.0,20.5,0.0,16.4,1021.0,13.2,106,-0.25119006388481935,0.9679377830240642,2.5,11.7,8.4,1018.7000000000002,1016.6,8.5
837,837,2017-04-17,15.9,12.9,20.4,0.0,13.2,1018.9,10.9,107,-0.2678143051621742,0.9634705485641488,-2.1000000000000227,16.4,11.7,1019.4666666666667,1018.5,7.499999999999998
838,838,2017-04-18,16.3,13.0,20.0,0.0,10.9,1016.6,18.5,108,-0.2843591872810034,0.9587178169872964,-2.2999999999999545,13.2,16.4,1018.8333333333334,1021.0,7.0
839,839,2017-04-19,14.7,10.7,17.3,0.0,18.5,1021.0,16.5,109,-0.30081980763566735,0.9536809966304457,4.399999999999977,10.9,13.2,1018.8333333333334,1018.9,6.600000000000001
840,840,2017-04-20,12.4,8.6,17.3,0.0,16.5,1025.8,13.9,110,-0.3171912885891061,0.9483615800121715,4.7999999999999545,18.5,10.9,1021.1333333333332,1016.6,8.700000000000001
841,841,2017-04-21,12.2,6.9,17.3,0.0,13.9,1028.7,21.4,111,-0.3334687789181868,0.9427611433904207,2.900000000000091,16.5,18.5,1025.1666666666667,1021.0,10.4
842,842,2017-04-22,13.3,8.5,18.1,0.0,21.4,1025.3,11.9,112,-0.3496474552512284,0.9368813462954315,-3.400000000000091,13.9,16.5,1026.6000000000001,1025.8,9.600000000000001
843,843,2017-04-23,14.7,10.2,20.1,0.0,11.9,1019.0,12.5,113,-0.36572252349726897,0.9307239310379795,-6.2999999999999545,21.4,13.9,1024.3333333333333,1028.7,9.900000000000002
844,844,2017-04-24,14.9,10.8,19.2,0.0,12.5,1017.1,14.7,114,-0.3816892202666588,0.9242907221930933,-1.8999999999999773,11.9,21.4,1020.4666666666667,1025.3,8.399999999999999
845,845,2017-04-25,15.4,11.4,20.1,0.4,14.7,1011.3,15.0,115,-0.39754281428255595,0.9175836260593937,-5.800000000000068,12.5,11.9,1015.8000000000001,1019.0,8.700000000000001
846,846,2017-04-26,14.2,11.7,16.6,24.9,15.0,1008.4,11.4,116,-0.4132786077829042,0.9106046300942162,-2.8999999999999773,14.7,12.5,1012.2666666666668,1017.1,4.900000000000002
847,847,2017-04-27,9.1,7.5,11.7,6.2,11.4,1014.3,14.7,117,-0.4288919379124835,0.9033558023246845,5.899999999999977,15.0,14.7,1011.3333333333334,1011.3,4.199999999999999
848,848,2017-04-28,11.1,6.3,16.3,0.0,14.7,1017.6,17.4,118,-0.4443781781046132,0.895839290734909,3.300000000000068,11.4,15.0,1013.4333333333333,1008.4,10.0
849,849,2017-04-29,12.8,7.8,17.7,,17.4,1016.2,21.1,119,-0.45973273945210397,0.8880573226294932,-1.3999999999999773,14.7,11.4,1016.0333333333333,1014.3,9.899999999999999
850,850,2017-04-30,16.2,13.8,19.3,1.8,21.1,1011.4,15.4,120,-0.47495107206704995,0.8800122039735357,-4.800000000000068,17.4,14.7,1015.0666666666666,1017.6,5.5
851,851,2017-05-01,14.7,11.9,18.1,0.0,15.4,1017.3,17.9,121,-0.4900286664290592,0.8717063187093218,5.899999999999977,21.1,17.4,1014.9666666666667,1016.2,6.200000000000001
852,852,2017-05-02,14.8,10.5,18.8,0.0,17.9,1019.2,11.9,122,-0.5049610547215204,0.8631421280499114,1.900000000000091,15.4,21.1,1015.9666666666666,1011.4,8.3
853,853,2017-05-03,15.3,14.2,18.6,0.1,11.9,1018.4,12.1,123,-0.5197438121555155,0.854322169749827,-0.8000000000000682,17.9,15.4,1018.3000000000001,1017.3,4.400000000000002
854,854,2017-05-04,15.6,12.3,19.3,0.0,12.1,1014.6,26.2,124,-0.5343725582809786,0.8452490573530633,-3.7999999999999545,11.9,17.9,1017.4,1019.2,7.0
855,855,2017-05-05,17.1,15.0,21.7,0.0,26.2,1013.3,22.5,125,-0.548842958284719,0.8359254794186372,-1.3000000000000682,12.1,11.9,1015.4333333333334,1018.4,6.699999999999999
856,856,2017-05-06,19.3,15.4,26.6,0.0,22.5,1013.0,14.5,126,-0.5631507242749186,0.8263541987239096,-0.2999999999999545,26.2,12.1,1013.6333333333332,1014.6,11.200000000000001
857,857,2017-05-07,16.7,13.4,20.4,0.0,14.5,1019.8,11.0,127,-0.5772916165517272,0.8165380514459161,6.7999999999999545,22.5,26.2,1015.3666666666667,1013.3,6.999999999999998
858,858,2017-05-08,16.8,13.6,20.4,0.0,11.0,1017.8,13.1,128,-0.5912614448635781,0.8064799463209448,-2.0,14.5,22.5,1016.8666666666667,1013.0,6.799999999999999
859,859,2017-05-09,16.4,12.9,19.7,0.0,13.1,1012.2,13.9,129,-0.6050560696488488,0.7961828637826158,-5.599999999999909,11.0,14.5,1016.6,1019.8,6.799999999999999
860,860,2017-05-10,17.7,15.6,21.2,0.1,13.9,1006.3,17.7,130,-0.6186714032625031,0.7856498550787147,-5.900000000000091,13.1,11.0,1012.1,1017.8,5.6
861,861,2017-05-11,18.3,15.2,22.2,12.0,17.7,1001.6,18.6,131,-0.6321034111873487,0.7748840413670407,-4.699999999999932,13.9,13.1,1006.6999999999999,1012.2,7.0
862,862,2017-05-12,19.6,14.8,25.3,0.0,18.6,1005.5,19.6,132,-0.6453481132295501,0.7638886127905428,3.8999999999999773,17.7,13.9,1004.4666666666667,1006.3,10.5
863,863,2017-05-13,20.1,15.4,26.0,0.0,19.6,1013.9,12.4,133,-0.6584015846980488,0.7526668275320085,8.399999999999977,18.6,17.7,1007.0,1001.6,10.6
864,864,2017-05-14,19.7,16.8,23.3,0.0,12.4,1022.5,10.9,134,-0.6712599575675313,0.7412220108485958,8.600000000000023,19.6,18.6,1013.9666666666667,1005.5,6.5
865,865,2017-05-15,20.1,16.4,24.9,0.0,10.9,1027.0,10.7,135,-0.6839194216246106,0.7295575540864875,4.5,12.4,19.6,1021.1333333333333,1013.9,8.5
866,866,2017-05-16,20.8,17.8,25.8,0.0,10.7,1025.6,9.5,136,-0.6963762255968722,0.717676913675962,-1.400000000000091,10.9,12.4,1025.0333333333333,1022.5,8.0
867,867,2017-05-17,20.7,17.1,25.9,0.0,9.5,1021.1,12.6,137,-0.7086266782644596,0.705583610107178,-4.499999999999886,10.7,10.9,1024.5666666666666,1027.0,8.799999999999997
868,868,2017-05-18,18.9,14.8,23.3,0.4,12.6,1014.2,17.5,138,-0.7206671495538609,0.6932812268869777,-6.899999999999977,9.5,10.7,1020.3000000000001,1025.6,8.5
869,869,2017-05-19,16.8,12.3,21.1,0.0,17.5,1018.4,14.5,139,-0.7324940716135789,0.6807734094770161,4.199999999999932,12.6,9.5,1017.9,1021.1,8.8
870,870,2017-05-20,18.7,14.5,21.7,,14.5,1023.0,16.1,140,-0.7441039398713607,0.6680638642135335,4.600000000000023,17.5,12.6,1018.5333333333334,1014.2,7.199999999999999
871,871,2017-05-21,18.4,14.4,22.7,0.0,16.1,1022.0,11.3,141,-0.7554933140726803,0.6551563572090853,-1.0,14.5,17.5,1021.1333333333332,1018.4,8.299999999999999
872,872,2017-05-22,19.7,16.9,23.6,0.0,11.3,1018.0,14.4,142,-0.766658819300159,0.6420547132365637,-4.0,16.1,14.5,1021.0,1023.0,6.700000000000003
873,873,2017-05-23,20.5,16.9,24.7,0.0,14.4,1019.8,16.9,143,-0.7775971469736269,0.6287628145958344,1.7999999999999545,11.3,16.1,1019.9333333333334,1022.0,7.800000000000001
874,874,2017-05-24,22.2,18.0,27.0,0.0,16.9,1019.5,16.8,144,-0.7883050558305255,0.6152845999633276,-0.2999999999999545,14.4,11.3,1019.1,1018.0,9.0
875,875,2017-05-25,22.2,18.8,26.5,0.0,16.8,1015.3,15.8,145,-0.7987793728863649,0.6016240632249226,-4.2000000000000455,16.9,14.4,1018.1999999999999,1019.8,7.699999999999999
876,876,2017-05-26,20.1,18.3,22.7,0.0,15.8,1015.8,17.3,146,-0.8090169943749473,0.5877852522924732,0.5,16.8,16.9,1016.8666666666667,1019.5,4.399999999999999
877,877,2017-05-27,21.1,19.3,24.3,0.0,17.3,1018.9,11.3,147,-0.8190148866680801,0.5737722679043246,3.1000000000000227,15.8,16.8,1016.6666666666666,1015.3,5.0
878,878,2017-05-28,20.9,17.5,25.1,0.0,11.3,1019.8,11.1,148,-0.8287700871745038,0.5595892624101765,0.8999999999999773,17.3,15.8,1018.1666666666666,1015.8,7.600000000000001
879,879,2017-05-29,21.6,17.2,26.3,1.9,11.1,1016.8,13.5,149,-0.8382797052177744,0.545240438540651,-3.0,11.3,17.3,1018.5,1018.9,9.100000000000001
880,880,2017-05-30,20.8,16.9,24.2,1.0,13.5,1017.0,11.9,150,-0.8475409228928311,0.5307300481619334,0.20000000000004547,11.1,11.3,1017.8666666666667,1019.8,7.300000000000001
881,881,2017-05-31,21.1,17.0,25.5,0.0,11.9,1019.4,10.0,151,-0.8565509959010036,0.5160623910158528,2.3999999999999773,13.5,11.1,1017.7333333333332,1016.8,8.5
882,882,2017-06-01,21.4,18.1,25.2,0.0,10.0,1019.8,12.1,152,-0.865307254363206,0.5012418134457758,0.39999999999997726,11.9,13.5,1018.7333333333332,1017.0,7.099999999999998
883,883,2017-06-02,21.6,18.6,25.4,0.0,12.1,1018.3,13.9,153,-0.8738071036110808,0.48627270710868997,-1.5,10.0,11.9,1019.1666666666666,1019.4,6.799999999999997
884,884,2017-06-03,23.3,21.6,28.9,0.0,13.9,1016.0,12.7,154,-0.8820480249558537,0.4711595076738638,-2.2999999999999545,12.1,10.0,1018.0333333333333,1019.8,7.299999999999997
885,885,2017-06-04,21.1,19.3,25.8,8.9,12.7,1016.8,16.8,155,-0.8900275764346767,0.4559066935084588,0.7999999999999545,13.9,12.1,1017.0333333333333,1018.3,6.5
886,886,2017-06-05,19.7,17.4,24.2,0.0,16.8,1014.1,21.1,156,-0.8977433935342337,0.440518784350495,-2.699999999999932,12.7,13.9,1015.6333333333333,1016.0,6.800000000000001
887,887,2017-06-06,21.6,19.1,26.8,,21.1,1013.5,11.2,157,-0.9051931898913974,0.42500033996955416,-0.6000000000000227,16.8,12.7,1014.8000000000001,1016.8,7.699999999999999
888,888,2017-06-07,19.7,19.2,21.4,0.3,11.2,1020.9,14.9,158,-0.9123747579707273,0.4093559588156213,7.399999999999977,21.1,16.8,1016.1666666666666,1014.1,2.1999999999999993
889,889,2017-06-08,21.5,19.3,24.8,0.3,14.9,1018.5,9.4,159,-0.9192859697186104,0.39359027665646673,-2.3999999999999773,11.2,21.1,1017.6333333333333,1013.5,5.5
890,890,2017-06-09,21.6,19.4,25.3,0.0,9.4,1016.7,13.8,160,-0.9259247771938498,0.3777079652039649,-1.7999999999999545,14.9,11.2,1018.7000000000002,1020.9,5.900000000000002
891,891,2017-06-10,22.4,18.3,26.8,0.0,13.8,1018.2,13.0,161,-0.9322892131745133,0.36171373072976765,1.5,9.4,14.9,1017.8000000000001,1018.5,8.5
892,892,2017-06-11,23.7,19.9,28.2,0.0,13.0,1017.4,11.4,162,-0.9383773917408641,0.3456123126707335,-0.8000000000000682,13.8,9.4,1017.4333333333334,1016.7,8.3
893,893,2017-06-12,24.6,20.4,28.7,0.0,11.4,1017.0,12.0,163,-0.9441875088341993,0.3294084822245304,-0.39999999999997726,13.0,13.8,1017.5333333333333,1018.2,8.3
894,894,2017-06-13,25.4,21.4,29.7,0.0,12.0,1014.5,14.2,164,-0.9497178427914316,0.3131070409358269,-2.5,11.4,13.0,1016.3000000000001,1017.4,8.3
895,895,2017-06-14,25.6,21.7,30.8,0.0,14.2,1014.4,10.3,165,-0.9549667548552551,0.29671281927349075,-0.10000000000002274,12.0,11.4,1015.2999999999998,1017.0,9.100000000000001
896,896,2017-06-15,25.9,22.3,30.8,0.0,10.3,1016.1,13.7,166,-0.9599326896597447,0.28023067519921585,1.7000000000000455,14.2,12.0,1015.0,1014.5,8.5
897,897,2017-06-16,27.5,23.7,31.8,0.0,13.7,1019.0,11.7,167,-0.9646141756912435,0.26366549272800704,2.8999999999999773,10.3,14.2,1016.5,1014.4,8.100000000000001
898,898,2017-06-17,26.2,24.4,29.6,0.0,11.7,1017.2,12.1,168,-0.9690098257244062,0.24702218048093552,-1.7999999999999545,13.7,10.3,1017.4333333333334,1016.1,5.200000000000003
899,899,2017-06-18,25.8,22.4,29.8,0.0,12.1,1016.1,11.8,169,-0.9731183372332619,0.23030567023061221,-1.1000000000000227,11.7,13.7,1017.4333333333334,1019.0,7.400000000000002
900,900,2017-06-19,25.3,22.0,28.7,0.0,11.8,1019.3,15.7,170,-0.9769384927771817,0.21352091543979612,3.199999999999932,12.1,11.7,1017.5333333333334,1017.2,6.699999999999999
901,901,2017-06-20,26.1,22.8,29.8,0.0,15.7,1018.7,19.2,171,-0.980469160361632,0.19667288979357647,-0.599999999999909,11.8,12.1,1018.0333333333333,1016.1,7.0
902,902,2017-06-21,26.1,23.5,30.3,0.0,19.2,1016.4,18.5,172,-0.9837092937736097,0.1797665857255624,-2.300000000000068,15.7,11.8,1018.1333333333333,1019.3,6.800000000000001
903,903,2017-06-22,26.1,21.4,29.5,0.0,18.5,1017.6,21.0,173,-0.986657932891657,0.16280701293851715,1.2000000000000455,19.2,15.7,1017.5666666666666,1018.7,8.100000000000001
904,904,2017-06-23,25.9,22.7,29.7,0.0,21.0,1019.1,14.0,174,-0.9893142039703663,0.1457991969198751,1.5,18.5,19.2,1017.6999999999999,1016.4,7.0
905,905,2017-06-24,25.6,21.9,29.1,,14.0,1018.0,11.1,175,-0.99167731989929,0.12874817745258132,-1.1000000000000227,21.0,18.5,1018.2333333333332,1017.6,7.200000000000003
906,906,2017-06-25,24.9,22.3,27.8,,11.1,1016.3,9.4,176,-0.993746580436178,0.11165900712169512,-1.7000000000000455,14.0,21.0,1017.8000000000001,1019.1,5.5
907,907,2017-06-26,26.1,21.9,31.1,0.0,9.4,1011.0,12.4,177,-0.9955213724144752,0.09453674981719912,-5.2999999999999545,11.1,14.0,1015.1,1018.0,9.200000000000003
908,908,2017-06-27,25.7,24.2,28.6,0.0,12.4,1008.4,21.2,178,-0.9970011699250151,0.07738647923346301,-2.6000000000000227,9.4,11.1,1011.9,1016.3,4.400000000000002
909,909,2017-06-28,25.2,20.1,32.3,1.3,21.2,1005.0,18.2,179,-0.9981855344718586,0.06021327736579302,-3.3999999999999773,12.4,9.4,1008.1333333333332,1011.0,12.199999999999996
910,910,2017-06-29,22.8,18.6,28.6,1.3,18.2,1007.9,20.6,180,-0.99907411510223,0.04302223300453059,2.8999999999999773,21.2,12.4,1007.0999999999999,1008.4,10.0
911,911,2017-06-30,22.7,16.4,28.6,0.0,20.6,1012.9,15.3,181,-0.9996666485105112,0.02581844022713308,5.0,18.2,21.2,1008.6,1005.0,12.200000000000003
912,912,2017-07-01,21.1,18.4,25.2,0.0,15.3,1019.2,17.2,182,-0.9999629591162655,0.008606996888688698,6.300000000000068,20.6,18.2,1013.3333333333334,1007.9,6.800000000000001
913,913,2017-07-02,22.1,18.1,26.5,0.0,17.2,1021.9,16.5,183,-0.9999629591162655,-0.008606996888688009,2.699999999999932,15.3,20.6,1018.0,1012.9,8.399999999999999
914,914,2017-07-03,22.8,18.6,27.4,0.0,16.5,1022.0,13.4,184,-0.9996666485105112,-0.02581844022713239,0.10000000000002274,17.2,15.3,1021.0333333333333,1019.2,8.799999999999997
915,915,2017-07-04,23.6,19.8,27.5,0.0,13.4,1019.4,14.3,185,-0.99907411510223,-0.04302223300453034,-2.6000000000000227,16.5,17.2,1021.1,1021.9,7.699999999999999
916,916,2017-07-05,23.6,19.2,28.0,0.0,14.3,1017.7,13.5,186,-0.9981855344718586,-0.060213277365792774,-1.6999999999999318,13.4,16.5,1019.6999999999999,1022.0,8.8
917,917,2017-07-06,25.1,21.7,29.7,0.0,13.5,1017.9,19.0,187,-0.9970011699250151,-0.07738647923346322,0.1999999999999318,14.3,13.4,1018.3333333333334,1019.4,8.0
918,918,2017-07-07,25.6,22.6,29.1,0.0,19.0,1018.1,21.5,188,-0.9955213724144752,-0.09453674981719933,0.20000000000004547,13.5,14.3,1017.9,1017.7,6.5
919,919,2017-07-08,26.1,24.3,29.1,,21.5,1014.5,12.7,189,-0.9937465804361781,-0.11165900712169444,-3.6000000000000227,19.0,13.5,1016.8333333333334,1017.9,4.800000000000001
920,920,2017-07-09,25.3,22.6,29.7,0.0,12.7,1012.6,10.6,190,-0.99167731989929,-0.12874817745258066,-1.8999999999999773,21.5,19.0,1015.0666666666666,1018.1,7.099999999999998
921,921,2017-07-10,25.3,22.3,29.0,0.0,10.6,1014.1,15.8,191,-0.9893142039703664,-0.14579919691987442,1.5,12.7,21.5,1013.7333333333332,1014.5,6.699999999999999
922,922,2017-07-11,25.8,24.5,28.6,0.0,15.8,1015.5,15.1,192,-0.9866579328916572,-0.16280701293851646,1.3999999999999773,10.6,12.7,1014.0666666666666,1012.6,4.100000000000001
923,923,2017-07-12,26.1,22.8,29.8,0.0,15.1,1017.2,16.1,193,-0.9837092937736098,-0.17976658572556214,1.7000000000000455,15.8,10.6,1015.6,1014.1,7.0
924,924,2017-07-13,26.4,23.7,29.4,0.0,16.1,1018.2,12.3,194,-0.9804691603616321,-0.19667288979357622,1.0,15.1,15.8,1016.9666666666667,1015.5,5.699999999999999
925,925,2017-07-14,26.1,24.7,29.4,0.0,12.3,1017.8,13.7,195,-0.9769384927771817,-0.2135209154397959,-0.40000000000009095,16.1,15.1,1017.7333333333332,1017.2,4.699999999999999
926,926,2017-07-15,26.4,24.3,30.4,0.0,13.7,1018.0,11.3,196,-0.973118337233262,-0.23030567023061196,0.20000000000004547,12.3,16.1,1018.0,1018.2,6.099999999999998
927,927,2017-07-16,26.3,24.1,29.9,0.0,11.3,1019.6,12.0,197,-0.9690098257244063,-0.24702218048093527,1.6000000000000227,13.7,12.3,1018.4666666666667,1017.8,5.799999999999997
928,928,2017-07-17,26.3,23.7,29.5,0.0,12.0,1019.2,12.5,198,-0.9646141756912435,-0.2636654927280072,-0.39999999999997726,11.3,13.7,1018.9333333333334,1018.0,5.800000000000001
929,929,2017-07-18,26.3,23.0,30.1,0.0,12.5,1017.0,14.3,199,-0.9599326896597445,-0.2802306751992161,-2.2000000000000455,12.0,11.3,1018.6,1019.6,7.100000000000001
930,930,2017-07-19,26.3,23.3,30.1,0.0,14.3,1014.5,26.3,200,-0.9549667548552553,-0.2967128192734901,-2.5,12.5,12.0,1016.9000000000001,1019.2,6.800000000000001
931,931,2017-07-20,26.3,24.8,29.4,0.1,26.3,1012.4,11.7,201,-0.9497178427914317,-0.3131070409358267,-2.1000000000000227,14.3,12.5,1014.6333333333332,1017.0,4.599999999999998
932,932,2017-07-21,25.5,23.1,30.1,0.0,11.7,1011.9,13.8,202,-0.9441875088341994,-0.3294084822245302,-0.5,26.3,14.3,1012.9333333333333,1014.5,7.0
933,933,2017-07-22,25.7,22.3,29.7,0.0,13.8,1014.1,13.7,203,-0.9383773917408642,-0.3456123126707333,2.2000000000000455,11.7,26.3,1012.7999999999998,1012.4,7.399999999999999
934,934,2017-07-23,25.1,19.9,28.7,2.8,13.7,1017.6,16.8,204,-0.9322892131745134,-0.3617137307297674,3.5,13.8,11.7,1014.5333333333333,1011.9,8.8
935,935,2017-07-24,24.7,20.6,29.5,0.0,16.8,1015.2,19.2,205,-0.9259247771938499,-0.37770796520396466,-2.3999999999999773,13.7,13.8,1015.6333333333333,1014.1,8.899999999999999
936,936,2017-07-25,24.6,22.0,28.0,0.0,19.2,1014.8,14.0,206,-0.9192859697186105,-0.39359027665646645,-0.40000000000009095,16.8,13.7,1015.8666666666667,1017.6,6.0
937,937,2017-07-26,23.8,21.1,27.6,0.0,14.0,1014.1,15.2,207,-0.9123747579707274,-0.4093559588156211,-0.6999999999999318,19.2,16.8,1014.7000000000002,1015.2,6.5
938,938,2017-07-27,25.0,20.6,29.5,0.0,15.2,1014.3,12.1,208,-0.9051931898913975,-0.42500033996955394,0.1999999999999318,14.0,19.2,1014.4,1014.8,8.899999999999999
939,939,2017-07-28,26.2,23.7,29.9,0.0,12.1,1016.0,12.3,209,-0.8977433935342336,-0.4405187843504952,1.7000000000000455,15.2,14.0,1014.8000000000001,1014.1,6.199999999999999
940,940,2017-07-29,25.8,22.4,29.6,0.0,12.3,1016.2,13.2,210,-0.8900275764346766,-0.455906693508459,0.20000000000004547,12.1,15.2,1015.5,1014.3,7.200000000000003
941,941,2017-07-30,26.4,22.8,31.0,0.0,13.2,1013.4,24.1,211,-0.8820480249558535,-0.47115950767386394,-2.800000000000068,12.3,12.1,1015.1999999999999,1016.0,8.2
942,942,2017-07-31,26.6,25.1,29.7,0.0,24.1,1011.6,17.6,212,-0.8738071036110807,-0.4862727071086902,-1.7999999999999545,13.2,12.3,1013.7333333333332,1016.2,4.599999999999998
943,943,2017-08-01,26.6,25.8,29.7,0.1,17.6,1013.1,14.4,213,-0.8653072543632061,-0.5012418134457756,1.5,24.1,13.2,1012.6999999999999,1013.4,3.8999999999999986
944,944,2017-08-02,27.9,24.4,32.3,0.0,14.4,1017.5,14.7,214,-0.8565509959010037,-0.5160623910158526,4.399999999999977,17.6,24.1,1014.0666666666666,1011.6,7.899999999999999
945,945,2017-08-03,27.9,25.6,34.3,0.0,14.7,1015.6,11.8,215,-0.8475409228928312,-0.5307300481619331,-1.8999999999999773,14.4,17.6,1015.4,1013.1,8.699999999999996
946,946,2017-08-04,28.4,24.9,33.0,0.0,11.8,1014.5,13.9,216,-0.8382797052177745,-0.5452404385406507,-1.1000000000000227,14.7,14.4,1015.8666666666668,1017.5,8.100000000000001
947,947,2017-08-05,28.8,26.1,33.4,0.0,13.9,1014.9,12.3,217,-0.828770087174504,-0.5595892624101763,0.39999999999997726,11.8,14.7,1015.0,1015.6,7.299999999999997
948,948,2017-08-06,27.2,25.0,31.3,0.0,12.3,1016.5,12.8,218,-0.8190148866680802,-0.5737722679043243,1.6000000000000227,13.9,11.8,1015.3000000000001,1014.5,6.300000000000001
949,949,2017-08-07,26.9,24.0,30.8,0.0,12.8,1015.2,17.9,219,-0.8090169943749472,-0.5877852522924734,-1.2999999999999545,12.3,13.9,1015.5333333333333,1014.9,6.800000000000001
950,950,2017-08-08,26.4,22.0,30.2,1.2,17.9,1011.8,14.7,220,-0.7987793728863648,-0.6016240632249227,-3.400000000000091,12.8,12.3,1014.5,1016.5,8.2
951,951,2017-08-09,22.8,18.4,27.0,2.8,14.7,1016.6,18.2,221,-0.7883050558305253,-0.6152845999633277,4.800000000000068,17.9,12.8,1014.5333333333333,1015.2,8.600000000000001
952,952,2017-08-10,21.8,17.0,26.9,,18.2,1019.6,15.2,222,-0.7775971469736268,-0.6287628145958345,3.0,14.7,17.9,1016.0,1011.8,9.899999999999999
953,953,2017-08-11,22.2,18.4,26.1,0.6,15.2,1020.5,12.5,223,-0.7666588193001592,-0.6420547132365636,0.8999999999999773,18.2,14.7,1018.9,1016.6,7.700000000000003
954,954,2017-08-12,23.7,20.1,27.4,0.0,12.5,1021.2,13.2,224,-0.7554933140726804,-0.655156357209085,0.7000000000000455,15.2,18.2,1020.4333333333334,1019.6,7.299999999999997
955,955,2017-08-13,24.1,20.0,28.5,0.0,13.2,1019.1,13.3,225,-0.7441039398713608,-0.6680638642135333,-2.1000000000000227,12.5,15.2,1020.2666666666668,1020.5,8.5
956,956,2017-08-14,24.7,20.8,28.7,0.0,13.3,1018.2,14.1,226,-0.7324940716135792,-0.6807734094770159,-0.8999999999999773,13.2,12.5,1019.5,1021.2,7.899999999999999
957,957,2017-08-15,24.6,20.8,28.7,0.0,14.1,1018.8,15.8,227,-0.7206671495538615,-0.6932812268869771,0.599999999999909,13.3,13.2,1018.6999999999999,1019.1,7.899999999999999
958,958,2017-08-16,25.6,24.0,28.7,0.0,15.8,1019.0,13.9,228,-0.70862667826446,-0.7055836101071774,0.20000000000004547,14.1,13.3,1018.6666666666666,1018.2,4.699999999999999
959,959,2017-08-17,26.1,23.1,30.2,0.0,13.9,1018.9,15.0,229,-0.6963762255968726,-0.7176769136759615,-0.10000000000002274,15.8,14.1,1018.9,1018.8,7.099999999999998
960,960,2017-08-18,26.2,23.3,30.2,0.0,15.0,1016.5,12.0,230,-0.6839194216246105,-0.7295575540864876,-2.3999999999999773,13.9,15.8,1018.1333333333333,1019.0,6.899999999999999
961,961,2017-08-19,25.8,24.9,28.8,0.0,12.0,1018.4,11.3,231,-0.6712599575675315,-0.7412220108485957,1.8999999999999773,15.0,13.9,1017.9333333333334,1018.9,3.900000000000002
962,962,2017-08-20,25.2,23.7,28.2,0.5,11.3,1020.5,11.5,232,-0.6584015846980489,-0.7526668275320083,2.1000000000000227,12.0,15.0,1018.4666666666666,1016.5,4.5
963,963,2017-08-21,25.3,22.1,29.8,0.0,11.5,1019.8,16.5,233,-0.64534811322955,-0.7638886127905429,-0.7000000000000455,11.3,12.0,1019.5666666666666,1018.4,7.699999999999999
964,964,2017-08-22,25.4,22.6,29.6,0.0,16.5,1017.5,14.6,234,-0.6321034111873488,-0.7748840413670406,-2.2999999999999545,11.5,11.3,1019.2666666666668,1020.5,7.0
965,965,2017-08-23,25.3,21.8,29.7,0.0,14.6,1017.3,12.5,235,-0.6186714032625032,-0.7856498550787144,-0.20000000000004547,16.5,11.5,1018.1999999999999,1019.8,7.899999999999999
966,966,2017-08-24,26.0,22.8,30.5,0.0,12.5,1017.2,11.9,236,-0.6050560696488494,-0.7961828637826154,-0.09999999999990905,14.6,16.5,1017.3333333333334,1017.5,7.699999999999999
967,967,2017-08-25,25.5,21.5,30.3,0.0,11.9,1017.6,11.4,237,-0.5912614448635782,-0.8064799463209447,0.39999999999997726,12.5,14.6,1017.3666666666667,1017.3,8.8
968,968,2017-08-26,26.2,23.6,29.9,0.0,11.4,1016.8,12.2,238,-0.5772916165517278,-0.8165380514459157,-0.8000000000000682,11.9,12.5,1017.1999999999999,1017.2,6.299999999999997
969,969,2017-08-27,26.1,24.0,29.3,0.0,12.2,1016.1,10.2,239,-0.5631507242749187,-0.8263541987239094,-0.6999999999999318,11.4,11.9,1016.8333333333334,1017.6,5.300000000000001
970,970,2017-08-28,26.4,23.6,31.0,0.0,10.2,1014.9,12.3,240,-0.5488429582847199,-0.8359254794186365,-1.2000000000000455,12.2,11.4,1015.9333333333334,1016.8,7.399999999999999
971,971,2017-08-29,26.8,24.5,31.3,,12.3,1014.0,15.3,241,-0.5343725582809785,-0.8452490573530634,-0.8999999999999773,10.2,12.2,1015.0,1016.1,6.800000000000001
972,972,2017-08-30,24.8,23.0,28.0,0.9,15.3,1014.9,15.4,242,-0.5197438121555157,-0.8543221697498269,0.8999999999999773,12.3,10.2,1014.6,1014.9,5.0
973,973,2017-08-31,22.6,20.5,24.1,11.4,15.4,1016.8,14.0,243,-0.5049610547215202,-0.8631421280499115,1.8999999999999773,15.3,12.3,1015.2333333333332,1014.0,3.6000000000000014
974,974,2017-09-01,22.4,20.1,26.0,0.7,14.0,1018.4,16.9,244,-0.4900286664290594,-0.8717063187093217,1.6000000000000227,15.4,15.3,1016.6999999999999,1014.9,5.899999999999999
975,975,2017-09-02,22.5,17.5,26.7,0.0,16.9,1018.8,12.7,245,-0.4749510720670502,-0.8800122039735356,0.39999999999997726,14.0,15.4,1018.0,1016.8,9.2
976,976,2017-09-03,22.5,18.3,26.8,1.3,12.7,1015.9,15.6,246,-0.4597327394521046,-0.888057322629493,-2.8999999999999773,16.9,14.0,1017.6999999999999,1018.4,8.5
977,977,2017-09-04,23.6,20.8,27.6,1.0,15.6,1016.0,17.6,247,-0.4443781781046134,-0.8958392907349089,0.10000000000002274,12.7,16.9,1016.9,1018.8,6.800000000000001
978,978,2017-09-05,24.2,20.3,28.5,0.0,17.6,1020.8,12.4,248,-0.4288919379124841,-0.9033558023246842,4.7999999999999545,15.6,12.7,1017.5666666666666,1015.9,8.2
979,979,2017-09-06,24.8,22.3,28.8,13.6,12.4,1020.7,15.1,249,-0.41327860778290443,-0.9106046300942162,-0.09999999999990905,17.6,15.6,1019.1666666666666,1016.0,6.5
980,980,2017-09-07,22.4,19.5,26.0,0.0,15.1,1017.3,12.6,250,-0.3975428142825566,-0.9175836260593934,-3.400000000000091,12.4,17.6,1019.6,1020.8,6.5
981,981,2017-09-08,22.2,19.0,26.4,0.0,12.6,1014.2,15.3,251,-0.3816892202666586,-0.9242907221930934,-3.099999999999909,15.1,12.4,1017.4,1020.7,7.399999999999999
982,982,2017-09-09,20.9,16.9,27.0,3.1,15.3,1006.1,15.2,252,-0.3657225234972692,-0.9307239310379793,-8.100000000000023,12.6,15.1,1012.5333333333333,1017.3,10.100000000000001
983,983,2017-09-10,20.3,14.3,29.1,0.0,15.2,1007.4,15.4,253,-0.34964745525122826,-0.9368813462954315,1.2999999999999545,15.3,12.6,1009.2333333333332,1014.2,14.8
984,984,2017-09-11,22.4,18.0,26.8,11.7,15.4,1009.8,15.0,254,-0.33346877891818705,-0.9427611433904206,2.3999999999999773,15.2,15.3,1007.7666666666668,1006.1,8.8
985,985,2017-09-12,21.8,19.6,23.9,1.9,15.0,1015.5,19.3,255,-0.31719128858910595,-0.9483615800121716,5.7000000000000455,15.4,15.2,1010.9,1007.4,4.299999999999997
986,986,2017-09-13,22.7,18.4,27.3,0.0,19.3,1021.1,19.7,256,-0.300819807635668,-0.9536809966304455,5.600000000000023,15.0,15.4,1015.4666666666667,1009.8,8.900000000000002
987,987,2017-09-14,23.6,18.0,27.5,4.3,19.7,1016.7,15.6,257,-0.2843591872810036,-0.9587178169872964,-4.399999999999977,19.3,15.0,1017.7666666666668,1015.5,9.5
988,988,2017-09-15,15.4,13.1,18.1,4.4,15.6,1015.7,13.7,258,-0.26781430516217486,-0.9634705485641486,-1.0,19.7,19.3,1017.8333333333334,1021.1,5.000000000000002
989,989,2017-09-16,16.7,12.0,21.8,0.0,13.7,1014.0,18.7,259,-0.25119006388481957,-0.9679377830240642,-1.7000000000000455,15.6,19.7,1015.4666666666667,1016.7,9.8
990,990,2017-09-17,18.2,12.1,23.7,0.6,18.7,1017.4,17.8,260,-0.23449138957041052,-0.9721181966290612,3.3999999999999773,13.7,15.6,1015.6999999999999,1015.7,11.6
991,991,2017-09-18,19.8,18.3,22.0,4.9,17.8,1017.0,13.0,261,-0.21772323039653224,-0.9760105506323682,-0.39999999999997726,18.7,13.7,1016.1333333333333,1014.0,3.6999999999999993
992,992,2017-09-19,19.7,16.2,23.5,0.0,13.0,1019.8,13.8,262,-0.20089055513063528,-0.9796136916454901,2.7999999999999545,17.8,18.7,1018.0666666666666,1017.4,7.300000000000001
993,993,2017-09-20,19.3,15.1,24.5,0.0,13.8,1020.2,16.2,263,-0.18399835165767986,-0.9829265519799822,0.40000000000009095,13.0,17.8,1019.0,1017.0,9.4
994,994,2017-09-21,20.7,16.5,26.2,0.0,16.2,1018.1,12.8,264,-0.1670516255021195,-0.9859481499638303,-2.1000000000000227,13.8,13.0,1019.3666666666667,1019.8,9.7
995,995,2017-09-22,20.8,18.5,24.7,0.0,12.8,1020.3,14.4,265,-0.15005539834465262,-0.9886775902323404,2.199999999999932,16.2,13.8,1019.5333333333333,1020.2,6.199999999999999
996,996,2017-09-23,20.8,17.2,25.4,0.0,14.4,1020.6,14.3,266,-0.13301470653419636,-0.9911140639934546,0.3000000000000682,12.8,16.2,1019.6666666666666,1018.1,8.2
997,997,2017-09-24,21.7,18.6,26.0,0.0,14.3,1019.5,17.8,267,-0.11593459959550066,-0.9932568492674143,-1.1000000000000227,14.4,12.8,1020.1333333333333,1020.3,7.399999999999999
998,998,2017-09-25,21.5,18.1,26.0,1.8,17.8,1017.9,13.6,268,-0.09882013873287211,-0.9951053111006974,-1.6000000000000227,14.3,14.4,1019.3333333333334,1020.6,7.899999999999999
999,999,2017-09-26,21.1,17.8,25.1,0.0,13.6,1020.2,11.0,269,-0.08167639533042288,-0.99665890175417,2.300000000000068,17.8,14.3,1019.1999999999999,1019.5,7.300000000000001
1000,1000,2017-09-27,20.9,17.1,25.2,0.0,11.0,1022.0,11.4,270,-0.06450844944931625,-0.9979171608653922,1.7999999999999545,13.6,17.8,1020.0333333333333,1017.9,8.099999999999998
1001,1001,2017-09-28,20.9,18.0,25.5,0.0,11.4,1024.3,13.3,271,-0.04732138832243232,-0.9988797155850335,2.2999999999999545,11.0,13.6,1022.1666666666666,1020.2,7.5
1002,1002,2017-09-29,20.6,17.6,25.1,0.0,13.3,1022.7,13.9,272,-0.03012030484690836,-0.9995462806873573,-1.599999999999909,11.4,11.0,1023.0,1022.0,7.5
1003,1003,2017-09-30,20.4,17.3,24.2,15.6,13.9,1019.8,10.1,273,-0.012910296075008843,-0.9999166586547379,-2.900000000000091,13.3,11.4,1022.2666666666668,1024.3,6.899999999999999
1004,1004,2017-10-01,19.7,18.4,21.6,0.7,10.1,1021.0,10.0,274,0.004303538296243821,-0.9999907397361901,1.2000000000000455,13.9,13.3,1021.1666666666666,1022.7,3.200000000000003
1005,1005,2017-10-02,21.2,19.1,25.0,,10.0,1022.9,10.2,275,0.021516097436222233,-0.9997685019798909,1.8999999999999773,10.1,13.9,1021.2333333333332,1019.8,5.899999999999999
1006,1006,2017-10-03,21.7,19.5,25.5,0.0,10.2,1021.6,10.0,276,0.03872228089217399,-0.9992500112396835,-1.2999999999999545,10.0,10.1,1021.8333333333334,1021.0,6.0
1007,1007,2017-10-04,21.3,19.3,25.4,0.0,10.0,1023.9,15.9,277,0.05591699010060302,-0.9984354211555643,2.2999999999999545,10.2,10.0,1022.8000000000001,1022.9,6.099999999999998
1008,1008,2017-10-05,21.5,18.7,25.5,0.0,15.9,1021.1,13.0,278,0.07309512989807776,-0.9973249731081555,-2.7999999999999545,10.0,10.2,1022.1999999999999,1021.6,6.800000000000001
1009,1009,2017-10-06,21.7,19.3,26.0,0.0,13.0,1017.8,12.5,279,0.0902516100310407,-0.9959189961471792,-3.300000000000068,15.9,10.0,1020.9333333333334,1023.9,6.699999999999999
1010,1010,2017-10-07,19.8,16.6,22.8,0.0,12.5,1022.0,14.9,280,0.10738134666416306,-0.994217906893952,4.2000000000000455,13.0,15.9,1020.2999999999998,1021.1,6.199999999999999
1011,1011,2017-10-08,18.8,14.1,23.9,0.0,14.9,1020.0,14.5,281,0.12447926388678869,-0.9922222094179324,-2.0,12.5,13.0,1019.9333333333334,1017.8,9.799999999999999
1012,1012,2017-10-09,19.7,15.2,24.5,0.0,14.5,1019.9,11.4,282,0.141540295217043,-0.989932495087353,-0.10000000000002274,14.9,12.5,1020.6333333333333,1022.0,9.3
1013,1013,2017-10-10,20.3,17.0,25.1,0.0,11.4,1020.5,16.6,283,0.15855938510313475,-0.9873494423939864,0.6000000000000227,14.5,14.9,1020.1333333333333,1020.0,8.100000000000001
1014,1014,2017-10-11,20.7,17.4,25.1,0.0,16.6,1022.3,13.4,284,0.17553149042142777,-0.9844738167520923,1.7999999999999545,11.4,14.5,1020.9,1019.9,7.700000000000003
1015,1015,2017-10-12,20.9,17.9,25.5,0.0,13.4,1025.5,9.8,285,0.19245158197082995,-0.9813064702716093,3.2000000000000455,16.6,11.4,1022.7666666666665,1020.5,7.600000000000001
1016,1016,2017-10-13,20.8,18.2,25.3,0.0,9.8,1025.9,13.0,286,0.20931464596304888,-0.9778483415056567,0.40000000000009095,13.4,16.6,1024.5666666666666,1022.3,7.100000000000001
1017,1017,2017-10-14,20.8,18.5,24.9,0.0,13.0,1026.8,11.7,287,0.22611568550828803,-0.9741004551724206,0.8999999999998636,9.8,13.4,1026.0666666666666,1025.5,6.399999999999999
1018,1018,2017-10-15,20.5,17.2,25.0,0.0,11.7,1027.5,11.1,288,0.2428497220959358,-0.970063921851507,0.7000000000000455,13.0,9.8,1026.7333333333333,1025.9,7.800000000000001
1019,1019,2017-10-16,20.4,17.7,25.1,0.0,11.1,1026.6,11.5,289,0.25951179706979943,-0.965739937654855,-0.900000000000091,11.7,13.0,1026.9666666666665,1026.8,7.400000000000002
1020,1020,2017-10-17,19.7,16.3,24.8,0.0,11.5,1022.9,11.9,290,0.27609697309746883,-0.9611297838723007,-3.699999999999932,11.1,11.7,1025.6666666666665,1027.5,8.5
1021,1021,2017-10-18,19.3,16.1,24.3,37.5,11.9,1015.3,14.5,291,0.2926003356333479,-0.9562348265919058,-7.600000000000023,11.5,11.1,1021.6,1026.6,8.2
1022,1022,2017-10-19,16.8,15.8,21.1,,14.5,1009.7,10.2,292,0.30901699437494723,-0.9510565162951536,-5.599999999999909,11.9,11.5,1015.9666666666667,1022.9,5.300000000000001
1023,1023,2017-10-20,18.7,16.4,23.3,0.8,10.2,1016.9,11.8,293,0.3253420847119795,-0.9455963874271428,7.199999999999932,14.5,11.9,1013.9666666666666,1015.3,6.900000000000002
1024,1024,2017-10-21,19.3,15.0,24.1,0.1,11.8,1020.4,13.0,294,0.341570769167856,-0.9398560579418953,3.5,10.2,14.5,1015.6666666666666,1009.7,9.100000000000001
1025,1025,2017-10-22,18.4,15.3,22.5,0.0,13.0,1023.6,15.7,295,0.35769823883312546,-0.9338372288229252,3.2000000000000455,11.8,10.2,1020.2999999999998,1016.9,7.199999999999999
1026,1026,2017-10-23,16.6,13.1,21.3,0.0,15.7,1024.5,14.3,296,0.3737197147904692,-0.9275416835791965,0.8999999999999773,13.0,11.8,1022.8333333333334,1020.4,8.200000000000001
1027,1027,2017-10-24,17.2,12.7,22.8,0.0,14.3,1023.7,11.7,297,0.38963044953078774,-0.9209712877166347,-0.7999999999999545,15.7,13.0,1023.9333333333334,1023.6,10.100000000000001
1028,1028,2017-10-25,18.0,13.8,23.3,0.0,11.7,1024.2,11.9,298,0.4054257283599973,-0.9141279881853337,0.5,14.3,15.7,1024.1333333333334,1024.5,9.5
1029,1029,2017-10-26,18.3,14.8,23.5,0.0,11.9,1026.2,11.3,299,0.42110087079608916,-0.9070138128026362,2.0,11.7,14.3,1024.7,1023.7,8.7
1030,1030,2017-10-27,19.1,15.5,24.8,0.0,11.3,1024.7,13.3,300,0.4366512319560638,-0.8996308696522434,-1.5,11.9,11.7,1025.0333333333335,1024.2,9.3
1031,1031,2017-10-28,18.0,15.0,23.2,0.0,13.3,1023.6,14.7,301,0.45207220393230374,-0.8919813464595487,-1.1000000000000227,11.3,11.9,1024.8333333333333,1026.2,8.2
1032,1032,2017-10-29,17.3,13.2,24.4,0.0,14.7,1019.6,14.7,302,0.46735921715800205,-0.8840675099433637,-4.0,13.3,11.3,1022.6333333333336,1024.7,11.2
1033,1033,2017-10-30,16.2,12.4,21.3,4.4,14.7,1017.2,9.9,303,0.48250774176121763,-0.8758917051442433,-2.3999999999999773,14.7,13.3,1020.1333333333333,1023.6,8.9
1034,1034,2017-10-31,15.4,12.8,19.6,0.0,9.9,1022.3,14.6,304,0.4975132889071803,-0.8674563547295971,5.099999999999909,14.7,14.7,1019.7000000000002,1019.6,6.800000000000001
1035,1035,2017-11-01,15.1,10.9,20.9,0.4,14.6,1022.9,14.7,305,0.5123714121284235,-0.858763958275803,0.6000000000000227,9.9,14.7,1020.8000000000001,1017.2,9.999999999999998
1036,1036,2017-11-02,17.7,15.0,22.6,0.0,14.7,1019.7,11.5,306,0.5270777086423724,-0.8498170915275277,-3.199999999999932,14.6,9.9,1021.6333333333333,1022.3,7.600000000000001
1037,1037,2017-11-03,17.3,14.2,22.2,0.0,11.5,1015.0,11.8,307,0.5416278206559811,-0.8406184056344783,-4.7000000000000455,14.7,14.6,1019.1999999999999,1022.9,8.0
1038,1038,2017-11-04,17.5,15.6,23.2,4.9,11.8,1011.5,11.7,308,0.5560174366570446,-0.8311706263658079,-3.5,11.5,14.7,1015.4,1019.7,7.6
1039,1039,2017-11-05,16.4,12.2,21.2,0.0,11.7,1013.5,19.0,309,0.5702422926917867,-0.8214765533024145,2.0,11.8,11.5,1013.3333333333334,1015.0,9.0
1040,1040,2017-11-06,13.1,8.8,18.2,0.0,19.0,1016.2,15.5,310,0.5842981736283683,-0.8115390590073611,2.7000000000000455,11.7,11.8,1013.7333333333335,1011.5,9.399999999999999
1041,1041,2017-11-07,10.4,6.2,17.2,0.0,15.5,1016.4,17.4,311,0.5981809144059158,-0.801361088174677,0.1999999999999318,19.0,11.7,1015.3666666666668,1013.5,11.0
1042,1042,2017-11-08,10.0,6.0,15.5,0.0,17.4,1019.2,15.6,312,0.6118864012687242,-0.7909456567567774,2.800000000000068,15.5,19.0,1017.2666666666668,1016.2,9.5
1043,1043,2017-11-09,10.3,6.5,17.0,0.0,15.6,1021.9,14.5,313,0.6254105729852457,-0.780295851070776,2.699999999999932,17.4,15.5,1019.1666666666666,1016.4,10.5
1044,1044,2017-11-10,10.7,6.1,17.2,0.0,14.5,1024.2,14.5,314,0.6387494220515268,-0.7694148268839381,2.300000000000068,15.6,17.4,1021.7666666666668,1019.2,11.1
1045,1045,2017-11-11,11.9,8.8,17.2,0.0,14.5,1021.5,13.6,315,0.6518989958787125,-0.7583058084785625,-2.7000000000000455,14.5,15.6,1022.5333333333333,1021.9,8.399999999999999
1046,1046,2017-11-12,14.1,10.7,20.2,0.0,13.6,1015.9,16.5,316,0.6648553979642866,-0.7469720876965551,-5.600000000000023,14.5,14.5,1020.5333333333333,1024.2,9.5
1047,1047,2017-11-13,13.7,9.4,18.0,0.0,16.5,1012.5,14.4,317,0.6776147890466887,-0.7354170229639858,-3.3999999999999773,13.6,14.5,1016.6333333333333,1021.5,8.6
1048,1048,2017-11-14,10.4,6.7,17.4,0.0,14.4,1017.7,15.4,318,0.690173388242972,-0.7236440382959124,5.2000000000000455,16.5,13.6,1015.3666666666667,1015.9,10.7
1049,1049,2017-11-15,9.3,4.7,17.2,0.0,15.4,1019.5,14.6,319,0.7025274741691566,-0.711656622281775,1.7999999999999545,14.4,16.5,1016.5666666666666,1012.5,12.5
1050,1050,2017-11-16,10.2,5.3,17.8,0.0,14.6,1020.4,15.5,320,0.7146733860429608,-0.6994583270516471,0.8999999999999773,15.4,14.4,1019.1999999999999,1017.7,12.5
1051,1051,2017-11-17,11.5,6.1,19.2,0.0,15.5,1019.6,14.7,321,0.7266075247685652,-0.6870527672236675,-0.7999999999999545,14.6,15.4,1019.8333333333334,1019.5,13.1
1052,1052,2017-11-18,11.9,7.5,20.2,0.0,14.7,1019.9,16.0,322,0.7383263540031063,-0.6744436188329457,0.2999999999999545,15.5,14.6,1019.9666666666667,1020.4,12.7
1053,1053,2017-11-19,11.3,7.2,18.3,0.0,16.0,1021.1,15.4,323,0.749826401204568,-0.661634618242279,1.2000000000000455,14.7,15.5,1020.1999999999999,1019.6,11.100000000000001
1054,1054,2017-11-20,11.3,6.6,19.2,0.0,15.4,1022.9,13.4,324,0.7611042586607742,-0.6486295610349818,1.7999999999999545,16.0,14.7,1021.3000000000001,1019.9,12.6
1055,1055,2017-11-21,12.1,7.6,19.9,0.0,13.4,1020.8,13.2,325,0.7721565844991641,-0.6354323008901775,-2.1000000000000227,15.4,16.0,1021.6,1021.1,12.299999999999999
1056,1056,2017-11-22,12.1,7.3,19.2,0.0,13.2,1017.0,18.0,326,0.7829801036770624,-0.622046748440868,-3.7999999999999545,13.4,15.4,1020.2333333333332,1022.9,11.899999999999999
1057,1057,2017-11-23,13.2,9.6,19.4,0.0,18.0,1017.3,11.0,327,0.7935716089521472,-0.6084768701151264,0.2999999999999545,13.2,13.4,1018.3666666666667,1020.8,9.799999999999999
1058,1058,2017-11-24,14.4,10.0,21.0,0.0,11.0,1018.1,7.0,328,0.8039279618328208,-0.594726686960764,0.8000000000000682,18.0,13.2,1017.4666666666667,1017.0,11.0
1059,1059,2017-11-25,13.7,9.8,17.6,0.0,7.0,1017.5,13.8,329,0.8140460935082175,-0.5808002734538013,-0.6000000000000227,11.0,18.0,1017.6333333333333,1017.3,7.800000000000001
1060,1060,2017-11-26,10.1,7.1,15.8,0.0,13.8,1026.4,15.1,330,0.8239230057575536,-0.5667017562911184,8.900000000000091,7.0,11.0,1020.6666666666666,1018.1,8.700000000000001
1061,1061,2017-11-27,8.7,4.9,14.5,0.0,15.1,1028.4,14.2,331,0.8335557718385695,-0.5524353131676203,2.0,13.8,7.0,1024.1000000000001,1017.5,9.6
1062,1062,2017-11-28,9.1,5.1,16.6,0.0,14.2,1016.7,17.2,332,0.8429415373547832,-0.5380051715382992,-11.700000000000045,15.1,13.8,1023.8333333333335,1026.4,11.500000000000002
1063,1063,2017-11-29,8.4,4.4,14.3,0.0,17.2,1008.0,15.6,333,0.8520775211013093,-0.5234156073655503,-8.700000000000045,14.2,15.1,1017.7000000000002,1028.4,9.9
1064,1064,2017-11-30,7.5,3.6,14.6,0.0,15.6,1012.4,12.6,334,0.8609610158889945,-0.5086709438521042,4.399999999999977,17.2,14.2,1012.3666666666668,1016.7,11.0
1065,1065,2017-12-01,6.2,2.7,8.6,0.3,12.6,1012.6,18.4,335,0.8695893893466109,-0.49377555015997737,0.20000000000004547,15.6,17.2,1011.0,1008.0,5.8999999999999995
1066,1066,2017-12-02,6.3,1.9,11.6,0.0,18.4,1014.2,17.5,336,0.8779600847008883,-0.4787338401157883,1.6000000000000227,12.6,15.6,1013.0666666666667,1012.4,9.7
1067,1067,2017-12-03,7.1,3.2,13.5,0.0,17.5,1023.1,18.4,337,0.8860706215341378,-0.4635502709028512,8.899999999999977,18.4,12.6,1016.6333333333333,1012.6,10.3
1068,1068,2017-12-04,6.9,1.9,15.1,0.0,18.4,1032.4,16.7,338,0.893918596519257,-0.4482293417404106,9.300000000000068,17.5,18.4,1023.2333333333335,1014.2,13.2
1069,1069,2017-12-05,6.9,2.7,14.0,0.0,16.7,1035.5,17.0,339,0.9015016841318838,-0.4327755925504317,3.099999999999909,18.4,17.5,1030.3333333333333,1023.1,11.3
1070,1070,2017-12-06,7.2,2.5,15.1,0.0,17.0,1034.1,16.6,340,0.9088176373395028,-0.41719360261231697,-1.400000000000091,16.7,18.4,1034.0,1032.4,12.6
1071,1071,2017-12-07,8.7,4.2,15.3,0.0,16.6,1030.2,17.6,341,0.9158642882672868,-0.4014879892059737,-3.8999999999998636,17.0,16.7,1033.2666666666667,1035.5,11.100000000000001
1072,1072,2017-12-08,8.1,5.6,12.1,0.0,17.6,1023.1,14.1,342,0.9226395488404875,-0.38566340624360745,-7.100000000000023,16.6,17.0,1029.1333333333334,1034.1,6.5
1073,1073,2017-12-09,7.7,5.1,13.0,0.0,14.1,1021.8,15.7,343,0.9291414114031743,-0.3697245428906732,-1.3000000000000682,17.6,16.6,1025.0333333333333,1030.2,7.9
1074,1074,2017-12-10,12.9,8.4,18.2,0.7,15.7,1009.7,25.1,344,0.935367949313148,-0.3536761221763721,-12.099999999999909,14.1,17.6,1018.1999999999999,1023.1,9.799999999999999
1075,1075,2017-12-11,13.8,8.0,17.0,1.1,25.1,993.6,12.6,345,0.941317317512847,-0.33752289959411347,-16.100000000000023,15.7,14.1,1008.3666666666668,1021.8,9.0
1076,1076,2017-12-12,8.3,5.0,12.0,0.0,12.6,1012.8,18.6,346,0.9469877530760751,-0.32126966169236515,19.199999999999932,25.1,15.7,1005.3666666666667,1009.7,7.0
1077,1077,2017-12-13,7.7,3.3,14.1,0.0,18.6,1022.6,12.1,347,0.9523775757303973,-0.3049212246562894,9.800000000000068,12.6,25.1,1009.6666666666666,993.6,10.8
1078,1078,2017-12-14,12.1,10.4,16.4,,12.1,,11.3,348,0.9574851883550389,-0.2884824328806098,,18.6,12.6,,1012.8,5.999999999999998
1079,1079,2017-12-15,12.4,7.7,17.2,0.0,11.3,1007.2,17.3,349,0.9623090774541487,-0.27195815753410524,,12.1,18.6,,1022.6,9.5
1080,1080,2017-12-16,8.9,4.2,14.9,0.0,17.3,1015.5,13.4,350,0.9668478136052773,-0.2553532951161881,8.299999999999955,11.3,12.1,,,10.7
1081,1081,2017-12-17,7.6,4.1,15.3,0.0,13.4,1026.3,15.7,351,0.9711000518829505,-0.23867276600594997,10.799999999999955,17.3,11.3,1016.3333333333334,1007.2,11.200000000000001
1082,1082,2017-12-18,7.1,4.5,10.0,0.0,15.7,1026.4,16.6,352,0.9750645322571945,-0.22192151300416674,0.10000000000013642,13.4,17.3,1022.7333333333332,1015.5,5.5
1083,1083,2017-12-19,7.7,2.8,12.7,0.0,16.6,1029.9,16.2,353,0.9787400799669153,-0.20510449986861926,3.5,15.7,13.4,1027.5333333333335,1026.3,9.899999999999999
1084,1084,2017-12-20,7.9,3.6,13.4,0.0,16.2,1031.8,11.2,354,0.9821256058680006,-0.1882267098432439,1.8999999999998636,16.6,15.7,1029.3666666666666,1026.4,9.8
1085,1085,2017-12-21,9.6,7.4,16.2,0.0,11.2,1035.3,17.1,355,0.9852201067560606,-0.1712931441814778,3.5,16.2,16.6,1032.3333333333333,1029.9,8.799999999999999
1086,1086,2017-12-22,10.4,7.2,16.1,0.0,17.1,1032.2,16.7,356,0.9880226656636976,-0.154308820664281,-3.099999999999909,11.2,16.2,1033.1000000000001,1031.8,8.900000000000002
1087,1087,2017-12-23,9.2,6.4,14.9,0.0,16.7,1034.0,18.8,357,0.9905324521322227,-0.13727877211326517,1.7999999999999545,17.1,11.2,1033.8333333333333,1035.3,8.5
1088,1088,2017-12-24,8.4,4.5,15.2,0.0,18.8,1031.7,12.7,358,0.9927487224577402,-0.12020804489935275,-2.2999999999999545,16.7,17.1,1032.6333333333332,1032.2,10.7
1089,1089,2017-12-25,9.1,5.9,16.1,0.0,12.7,1025.2,9.1,359,0.9946708199115211,-0.10310169744743544,-6.5,18.8,16.7,1030.3,1034.0,10.200000000000001
1090,1090,2017-12-26,9.2,6.2,15.3,1.0,9.1,1015.6,27.6,360,0.9962981749346077,-0.0859647987374467,-9.600000000000023,12.7,18.8,1024.1666666666667,1031.7,9.100000000000001
1091,1091,2017-12-27,10.6,7.3,14.7,,27.6,1001.7,11.7,361,0.9976303053065857,-0.06880242680232064,-13.899999999999977,9.1,12.7,1014.1666666666666,1025.2,7.3999999999999995
1092,1092,2017-12-28,8.5,4.4,13.6,0.0,11.7,1008.1,10.7,362,0.9986668162884759,-0.05161966722325418,6.399999999999977,27.6,9.1,1008.4666666666667,1015.6,9.2
1093,1093,2017-12-29,8.4,4.6,16.0,0.1,10.7,1017.4,11.9,363,0.9994074007397048,-0.034421611622745804,9.299999999999955,11.7,27.6,1009.0666666666667,1001.7,11.4
1094,1094,2017-12-30,14.3,8.6,21.9,0.0,11.9,1021.9,18.0,364,0.9998518392091162,-0.01721335615583528,4.5,10.7,11.7,1015.7999999999998,1008.1,13.299999999999999
1095,1095,2017-12-31,12.3,7.7,18.3,0.0,18.0,1019.9,24.4,365,1.0,6.432490598706546e-16,-2.0,11.9,10.7,1019.7333333333332,1017.4,10.600000000000001
1096,1096,2018-01-01,13.3,9.7,16.6,0.0,24.4,1023.0,8.2,1,0.9998518392091162,0.017213356155834685,3.1000000000000227,18.0,11.9,1021.5999999999999,1021.9,6.900000000000002
1097,1097,2018-01-02,13.2,8.3,18.9,0.0,8.2,1023.9,18.2,2,0.9994074007397048,0.03442161162274574,0.8999999999999773,24.4,18.0,1022.2666666666668,1019.9,10.599999999999998
1098,1098,2018-01-03,17.4,10.6,22.9,0.0,18.2,1022.1,18.9,3,0.998666816288476,0.051619667223253764,-1.7999999999999545,8.2,24.4,1023.0,1023.0,12.299999999999999
1099,1099,2018-01-04,19.1,14.3,23.5,0.0,18.9,1017.9,16.2,4,0.9976303053065857,0.06880242680231986,-4.2000000000000455,18.2,8.2,1021.2999999999998,1023.9,9.2
1100,1100,2018-01-05,14.8,10.0,20.0,0.0,16.2,1010.1,22.6,5,0.9962981749346078,0.08596479873744647,-7.7999999999999545,18.9,18.2,1016.6999999999999,1022.1,10.0
1101,1101,2018-01-06,11.8,7.5,16.0,0.1,22.6,1001.9,12.8,6,0.9946708199115211,0.10310169744743485,-8.200000000000045,16.2,18.9,1009.9666666666667,1017.9,8.5
1102,1102,2018-01-07,11.9,6.7,15.8,6.8,12.8,1002.9,17.8,7,0.9927487224577402,0.1202080448993527,1.0,22.6,16.2,1004.9666666666667,1010.1,9.100000000000001
1103,1103,2018-01-08,8.2,5.5,13.9,0.0,17.8,1010.0,13.6,8,0.9905324521322229,0.13727877211326478,7.100000000000023,12.8,22.6,1004.9333333333334,1001.9,8.4
1104,1104,2018-01-09,8.7,4.6,14.6,0.0,13.6,1016.3,13.9,9,0.9880226656636976,0.15430882066428117,6.2999999999999545,17.8,12.8,1009.7333333333332,1002.9,10.0
1105,1105,2018-01-10,9.8,6.4,14.9,0.0,13.9,1015.3,14.8,10,0.9852201067560606,0.1712931441814776,-1.0,13.6,17.8,1013.8666666666667,1010.0,8.5
1106,1106,2018-01-11,10.7,7.8,14.3,0.0,14.8,1015.0,13.6,11,0.9821256058680006,0.1882267098432442,-0.2999999999999545,13.9,13.6,1015.5333333333333,1016.3,6.500000000000001
1107,1107,2018-01-12,7.8,5.0,13.3,0.0,13.6,1021.7,16.6,12,0.9787400799669153,0.2051044998686192,6.7000000000000455,14.8,13.9,1017.3333333333334,1015.3,8.3
1108,1108,2018-01-13,8.1,2.8,14.0,10.3,16.6,1020.2,15.0,13,0.9750645322571948,0.2219215130041655,-1.5,13.6,14.8,1018.9666666666667,1015.0,11.2
1109,1109,2018-01-14,9.0,6.5,12.2,0.0,15.0,1016.2,15.3,14,0.9711000518829505,0.2386727660059501,-4.0,16.6,13.6,1019.3666666666667,1021.7,5.699999999999999
1110,1110,2018-01-15,8.2,4.8,13.8,0.0,15.3,1023.2,14.2,15,0.9668478136052775,0.255353295116187,7.0,15.0,16.6,1019.8666666666668,1020.2,9.0
1111,1111,2018-01-16,12.6,8.0,18.7,0.0,14.2,1020.3,17.8,16,0.9623090774541486,0.2719581575341055,-2.900000000000091,15.3,15.0,1019.9,1016.2,10.7
1112,1112,2018-01-17,14.6,10.7,18.1,1.4,17.8,1019.1,16.1,17,0.9574851883550393,0.288482432880609,-1.1999999999999318,14.2,15.3,1020.8666666666668,1023.2,7.400000000000002
1113,1113,2018-01-18,10.1,6.4,15.1,0.0,16.1,1023.6,15.6,18,0.9523775757303974,0.30492122465628907,4.5,17.8,14.2,1021.0,1020.3,8.7
1114,1114,2018-01-19,8.6,5.7,13.6,0.0,15.6,1019.1,17.8,19,0.9469877530760753,0.3212696616923644,-4.5,16.1,17.8,1020.6,1019.1,7.8999999999999995
1115,1115,2018-01-20,11.2,5.9,16.6,0.0,17.8,1019.6,23.3,20,0.9413173175128471,0.3375228995941133,0.5,15.6,16.1,1020.7666666666668,1023.6,10.700000000000001
1116,1116,2018-01-21,17.4,15.0,23.8,0.0,23.3,1018.3,15.1,21,0.9353679493131483,0.3536761221763716,-1.3000000000000682,17.8,15.6,1019.0,1019.1,8.8
1117,1117,2018-01-22,15.4,11.4,21.5,0.0,15.1,1021.7,12.1,22,0.9291414114031743,0.3697245428906731,3.400000000000091,23.3,17.8,1019.8666666666667,1019.6,10.1
1118,1118,2018-01-23,12.3,9.4,18.2,0.0,12.1,1026.2,14.9,23,0.9226395488404876,0.38566340624360707,4.5,15.1,23.3,1022.0666666666667,1018.3,8.799999999999999
1119,1119,2018-01-24,11.2,7.4,16.9,0.0,14.9,1027.4,9.9,24,0.9158642882672872,0.401487989205973,1.2000000000000455,12.1,15.1,1025.1000000000001,1021.7,9.499999999999998
1120,1120,2018-01-25,12.1,9.8,14.7,2.2,9.9,1020.5,13.5,25,0.9088176373395029,0.4171936026123168,-6.900000000000091,14.9,12.1,1024.7,1026.2,4.899999999999999
1121,1121,2018-01-26,9.0,6.8,13.9,33.6,13.5,1015.4,14.6,26,0.901501684131884,0.4327755925504312,-5.100000000000023,9.9,14.9,1021.1,1027.4,7.1000000000000005
1122,1122,2018-01-27,9.5,6.2,13.2,0.0,14.6,1026.5,13.2,27,0.893918596519257,0.4482293417404106,11.100000000000023,13.5,9.9,1020.8000000000001,1020.5,6.999999999999999
1123,1123,2018-01-28,11.4,8.2,15.7,0.0,13.2,1035.6,13.8,28,0.886070621534138,0.4635502709028509,9.099999999999909,14.6,13.5,1025.8333333333333,1015.4,7.5
1124,1124,2018-01-29,10.2,6.7,16.5,0.0,13.8,1034.6,14.6,29,0.8779600847008882,0.47873384011578846,-1.0,13.2,14.6,1032.2333333333333,1026.5,9.8
1125,1125,2018-01-30,9.8,6.1,15.2,0.0,14.6,1029.9,17.3,30,0.869589389346611,0.49377555015997715,-4.699999999999818,13.8,13.2,1033.3666666666666,1035.6,9.1
1126,1126,2018-01-31,9.5,4.7,14.7,0.0,17.3,1023.9,13.4,31,0.8609610158889943,0.5086709438521044,-6.000000000000114,14.6,13.8,1029.4666666666667,1034.6,10.0
1127,1127,2018-02-01,8.2,5.8,11.5,3.7,13.4,1010.6,11.8,32,0.8520775211013093,0.5234156073655503,-13.299999999999955,17.3,14.6,1021.4666666666667,1029.9,5.7
1128,1128,2018-02-02,7.2,4.3,12.2,0.0,11.8,1006.9,16.2,33,0.8429415373547828,0.5380051715382996,-3.7000000000000455,13.4,17.3,1013.8000000000001,1023.9,7.8999999999999995
1129,1129,2018-02-03,7.9,3.6,12.9,0.0,16.2,1010.7,20.5,34,0.8335557718385699,0.5524353131676196,3.800000000000068,11.8,13.4,1009.4,1010.6,9.3
1130,1130,2018-02-04,7.8,6.5,10.6,51.9,20.5,1011.2,17.4,35,0.8239230057575542,0.5667017562911176,0.5,16.2,11.8,1009.6,1006.9,4.1
1131,1131,2018-02-05,8.7,6.4,10.4,27.2,17.4,1008.4,11.7,36,0.8140460935082178,0.5808002734538009,-2.800000000000068,20.5,16.2,1010.1,1010.7,4.0
1132,1132,2018-02-06,8.7,7.3,11.2,3.8,11.7,1007.3,11.8,37,0.8039279618328213,0.5947266869607634,-1.1000000000000227,17.4,20.5,1008.9666666666667,1011.2,3.8999999999999995
1133,1133,2018-02-07,6.6,3.6,11.7,0.0,11.8,1011.6,17.6,38,0.7935716089521474,0.6084768701151261,4.300000000000068,11.7,17.4,1009.0999999999999,1008.4,8.1
1134,1134,2018-02-08,4.4,2.4,8.9,0.4,17.6,1018.0,14.4,39,0.7829801036770629,0.6220467484408675,6.399999999999977,11.8,11.7,1012.3000000000001,1007.3,6.5
1135,1135,2018-02-09,5.0,0.6,10.3,0.0,14.4,1018.2,13.1,40,0.7721565844991642,0.6354323008901774,0.20000000000004547,17.6,11.8,1015.9333333333334,1011.6,9.700000000000001
1136,1136,2018-02-10,6.9,2.8,13.5,0.0,13.1,1016.9,19.6,41,0.7611042586607747,0.6486295610349814,-1.3000000000000682,14.4,17.6,1017.7000000000002,1018.0,10.7
1137,1137,2018-02-11,8.4,2.4,14.8,1.4,19.6,1016.2,13.0,42,0.7498264012045686,0.6616346182422783,-0.6999999999999318,13.1,14.4,1017.1,1018.2,12.4
1138,1138,2018-02-12,8.7,3.2,12.6,11.8,13.0,1016.6,19.0,43,0.7383263540031065,0.6744436188329455,0.39999999999997726,19.6,13.1,1016.5666666666666,1016.9,9.399999999999999
1139,1139,2018-02-13,5.6,1.5,11.8,0.0,19.0,1017.4,11.2,44,0.7266075247685656,0.6870527672236669,0.7999999999999545,13.0,19.6,1016.7333333333332,1016.2,10.3
1140,1140,2018-02-14,7.3,4.1,11.8,0.0,11.2,1017.1,12.0,45,0.7146733860429609,0.699458327051647,-0.2999999999999545,19.0,13.0,1017.0333333333333,1016.6,7.700000000000001
1141,1141,2018-02-15,10.8,6.7,17.0,0.0,12.0,1022.0,12.1,46,0.7025274741691571,0.7116566222817746,4.899999999999977,11.2,19.0,1018.8333333333334,1017.4,10.3
1142,1142,2018-02-16,12.2,10.4,16.1,0.0,12.1,1023.1,11.9,47,0.6901733882429719,0.7236440382959124,1.1000000000000227,12.0,11.2,1020.7333333333332,1017.1,5.700000000000001
1143,1143,2018-02-17,11.8,8.6,15.7,0.3,11.9,1020.9,12.8,48,0.6776147890466889,0.7354170229639855,-2.2000000000000455,12.1,12.0,1022.0,1022.0,7.1
1144,1144,2018-02-18,10.9,7.0,15.2,0.0,12.8,1021.2,12.1,49,0.6648553979642865,0.7469720876965552,0.3000000000000682,11.9,12.1,1021.7333333333335,1023.1,8.2
1145,1145,2018-02-19,10.0,6.7,13.5,0.0,12.1,1017.2,9.7,50,0.6518989958787126,0.7583058084785624,-4.0,12.8,11.9,1019.7666666666668,1020.9,6.8
1146,1146,2018-02-20,11.8,9.2,15.4,0.0,9.7,1011.3,16.4,51,0.6387494220515272,0.7694148268839378,-5.900000000000091,12.1,12.8,1016.5666666666666,1021.2,6.200000000000001
1147,1147,2018-02-21,9.8,5.6,14.7,0.1,16.4,1007.6,14.5,52,0.6254105729852463,0.7802958510707755,-3.699999999999932,9.7,12.1,1012.0333333333334,1017.2,9.1
1148,1148,2018-02-22,6.7,2.3,11.0,0.3,14.5,1006.8,12.2,53,0.6118864012687243,0.7909456567567772,-0.8000000000000682,16.4,9.7,1008.5666666666666,1011.3,8.7
1149,1149,2018-02-23,7.1,4.7,11.0,0.0,12.2,1007.1,15.0,54,0.5981809144059165,0.8013610881746766,0.3000000000000682,14.5,16.4,1007.1666666666666,1007.6,6.3
1150,1150,2018-02-24,7.0,2.3,12.6,0.0,15.0,1008.4,12.0,55,0.5842981736283684,0.8115390590073611,1.2999999999999545,12.2,14.5,1007.4333333333334,1006.8,10.3
1151,1151,2018-02-25,9.2,4.8,15.3,0.0,12.0,1009.2,19.2,56,0.5702422926917871,0.8214765533024142,0.8000000000000682,15.0,12.2,1008.2333333333332,1007.1,10.5
1152,1152,2018-02-26,7.2,3.8,11.9,0.3,19.2,1008.7,14.2,57,0.5560174366570446,0.8311706263658079,-0.5,12.0,15.0,1008.7666666666668,1008.4,8.100000000000001
1153,1153,2018-02-27,3.0,1.7,5.1,3.7,14.2,1009.8,19.1,58,0.5416278206559814,0.8406184056344782,1.099999999999909,19.2,12.0,1009.2333333333332,1009.2,3.3999999999999995
1154,1154,2018-02-28,4.2,0.7,7.2,9.4,19.1,1003.9,13.9,59,0.5270777086423722,0.8498170915275278,-5.899999999999977,14.2,19.2,1007.4666666666667,1008.7,6.5
1155,1155,2018-03-01,10.5,6.8,15.3,1.1,13.9,993.4,24.3,60,0.5123714121284237,0.8587639582758029,-10.5,19.1,14.2,1002.3666666666667,1009.8,8.5
1156,1156,2018-03-02,12.0,10.1,15.3,2.6,24.3,998.2,18.0,61,0.49751328890718066,0.8674563547295969,4.800000000000068,13.9,19.1,998.5,1003.9,5.200000000000001
1157,1157,2018-03-03,13.3,9.1,19.7,0.0,18.0,998.6,9.3,62,0.48250774176121847,0.8758917051442429,0.39999999999997726,24.3,13.9,996.7333333333332,993.4,10.6
1158,1158,2018-03-04,12.1,9.1,16.2,0.0,9.3,997.6,16.1,63,0.4673592171580022,0.8840675099433636,-1.0,18.0,24.3,998.1333333333333,998.2,7.1
1159,1159,2018-03-05,11.3,8.1,16.8,2.1,16.1,993.5,15.7,64,0.45207220393230435,0.8919813464595485,-4.100000000000023,9.3,18.0,996.5666666666666,998.6,8.700000000000001
1160,1160,2018-03-06,12.2,8.9,17.7,0.0,15.7,996.6,16.4,65,0.43665123195606403,0.8996308696522433,3.1000000000000227,16.1,9.3,995.9000000000001,997.6,8.799999999999999
1161,1161,2018-03-07,11.3,6.4,17.6,0.0,16.4,1006.2,15.9,66,0.4211008707960896,0.9070138128026359,9.600000000000023,15.7,16.1,998.7666666666668,993.5,11.200000000000001
1162,1162,2018-03-08,10.6,7.2,15.4,0.1,15.9,1010.6,11.2,67,0.40542572835999735,0.9141279881853337,4.399999999999977,16.4,15.7,1004.4666666666667,996.6,8.2
1163,1163,2018-03-09,11.6,7.4,16.0,0.0,11.2,1012.2,14.7,68,0.38963044953078796,0.9209712877166346,1.6000000000000227,15.9,16.4,1009.6666666666666,1006.2,8.6
1164,1164,2018-03-10,14.3,11.4,18.2,0.8,14.7,1006.8,18.4,69,0.37371971479046906,0.9275416835791966,-5.400000000000091,11.2,15.9,1009.8666666666667,1010.6,6.799999999999999
1165,1165,2018-03-11,13.8,10.8,17.9,0.2,18.4,1001.0,20.2,70,0.35769823883312546,0.9338372288229252,-5.7999999999999545,14.7,11.2,1006.6666666666666,1012.2,7.099999999999998
1166,1166,2018-03-12,15.0,11.0,20.5,0.0,20.2,1008.5,13.3,71,0.3415707691678556,0.9398560579418954,7.5,18.4,14.7,1005.4333333333334,1006.8,9.5
1167,1167,2018-03-13,11.5,8.3,16.6,0.0,13.3,1015.2,12.1,72,0.3253420847119801,0.9455963874271426,6.7000000000000455,20.2,18.4,1008.2333333333332,1001.0,8.3
1168,1168,2018-03-14,11.7,7.7,15.9,0.1,12.1,1010.8,15.4,73,0.30901699437494745,0.9510565162951535,-4.400000000000091,13.3,20.2,1011.5,1008.5,8.2
1169,1169,2018-03-15,14.3,12.1,19.7,,15.4,999.8,13.8,74,0.29260033563334836,0.9562348265919056,-11.0,12.1,13.3,1008.6,1015.2,7.6
1170,1170,2018-03-16,12.8,9.2,17.7,0.0,13.8,1002.9,14.0,75,0.27609697309746883,0.9611297838723007,3.1000000000000227,15.4,12.1,1004.5,1010.8,8.5
1171,1171,2018-03-17,10.4,6.7,15.4,2.0,14.0,999.7,12.9,76,0.2595117970697999,0.9657399376548549,-3.199999999999932,13.8,15.4,1000.8000000000001,999.8,8.7
1172,1172,2018-03-18,9.3,5.4,15.0,0.0,12.9,1000.2,18.8,77,0.2428497220959356,0.9700639218515071,0.5,14.0,13.8,1000.9333333333334,1002.9,9.6
1173,1173,2018-03-19,10.1,6.3,15.7,29.7,18.8,1004.3,13.8,78,0.22611568550828828,0.9741004551724205,4.099999999999909,12.9,14.0,1001.4,999.7,9.399999999999999
1174,1174,2018-03-20,7.7,2.6,13.9,0.0,13.8,1006.0,13.2,79,0.20931464596304847,0.9778483415056568,1.7000000000000455,18.8,12.9,1003.5,1000.2,11.3
1175,1175,2018-03-21,9.1,4.1,14.9,0.0,13.2,1017.3,14.8,80,0.19245158197082998,0.9813064702716093,11.299999999999955,13.8,18.8,1009.1999999999999,1004.3,10.8
1176,1176,2018-03-22,9.8,3.6,17.5,0.0,14.8,1017.7,14.8,81,0.1755314904214282,0.9844738167520922,0.40000000000009095,13.2,13.8,1013.6666666666666,1006.0,13.9
1177,1177,2018-03-23,11.1,6.6,17.1,3.3,14.8,1008.2,18.2,82,0.15855938510313475,0.9873494423939864,-9.5,14.8,13.2,1014.4000000000001,1017.3,10.500000000000002
1178,1178,2018-03-24,8.5,7.1,10.0,28.5,18.2,996.6,12.4,83,0.141540295217043,0.989932495087353,-11.600000000000023,14.8,14.8,1007.5,1017.7,2.9000000000000004
1179,1179,2018-03-25,10.4,8.5,14.0,0.0,12.4,1007.0,15.4,84,0.12447926388678915,0.9922222094179323,10.399999999999977,18.2,14.8,1003.9333333333334,1008.2,5.5
1180,1180,2018-03-26,11.2,6.6,17.5,0.0,15.4,1015.4,15.9,85,0.10738134666416309,0.994217906893952,8.399999999999977,12.4,18.2,1006.3333333333334,996.6,10.9
1181,1181,2018-03-27,11.7,7.7,16.1,0.0,15.9,1020.1,14.9,86,0.09025161003104117,0.995918996147179,4.7000000000000455,15.4,12.4,1014.1666666666666,1007.0,8.400000000000002
1182,1182,2018-03-28,14.6,11.3,19.7,0.0,14.9,1015.1,12.4,87,0.07309512989807777,0.9973249731081555,-5.0,15.9,15.4,1016.8666666666667,1015.4,8.399999999999999
1183,1183,2018-03-29,13.5,11.7,17.1,0.0,12.4,1009.7,17.4,88,0.055916990100603484,0.9984354211555643,-5.399999999999977,14.9,15.9,1014.9666666666667,1020.1,5.400000000000002
1184,1184,2018-03-30,13.3,10.4,19.3,,17.4,1004.0,25.6,89,0.03872228089217446,0.9992500112396835,-5.7000000000000455,12.4,14.9,1009.6,1015.1,8.9
1185,1185,2018-03-31,13.2,10.1,18.6,0.0,25.6,1004.4,14.6,90,0.021516097436222254,0.9997685019798909,0.39999999999997726,17.4,12.4,1006.0333333333334,1009.7,8.500000000000002
1186,1186,2018-04-01,11.6,7.5,17.0,0.0,14.6,1016.6,13.2,91,0.004303538296244289,0.9999907397361901,12.200000000000045,25.6,17.4,1008.3333333333334,1004.0,9.5
1187,1187,2018-04-02,12.8,8.4,18.6,0.0,13.2,1012.1,16.3,92,-0.01291029607500882,0.9999166586547379,-4.5,14.6,25.6,1011.0333333333333,1004.4,10.200000000000001
1188,1188,2018-04-03,13.9,11.7,16.9,0.0,16.3,1008.7,18.5,93,-0.030120304846908114,0.9995462806873573,-3.3999999999999773,13.2,14.6,1012.4666666666667,1016.6,5.199999999999999
1189,1189,2018-04-04,16.4,12.6,23.5,0.0,18.5,1010.1,10.4,94,-0.04732138832243185,0.9988797155850336,1.3999999999999773,16.3,13.2,1010.3000000000001,1012.1,10.9
1190,1190,2018-04-05,14.7,11.3,19.5,0.0,10.4,1018.6,15.2,95,-0.06450844944931623,0.9979171608653922,8.5,18.5,16.3,1012.4666666666667,1008.7,8.2
1191,1191,2018-04-06,13.3,9.5,17.4,0.0,15.2,1016.3,37.1,96,-0.08167639533042241,0.9966589017541702,-2.300000000000068,10.4,18.5,1015.0,1010.1,7.899999999999999
1192,1192,2018-04-07,14.8,13.6,17.8,4.2,37.1,1010.5,20.5,97,-0.09882013873287143,0.9951053111006976,-5.7999999999999545,15.2,10.4,1015.1333333333333,1018.6,4.200000000000001
1193,1193,2018-04-08,13.6,12.4,15.6,1.3,20.5,1004.6,11.6,98,-0.11593459959550041,0.9932568492674143,-5.899999999999977,37.1,15.2,1010.4666666666667,1016.3,3.1999999999999993
1194,1194,2018-04-09,12.9,9.7,17.2,0.0,11.6,1007.1,12.2,99,-0.1330147065341959,0.9911140639934547,2.5,20.5,37.1,1007.4,1010.5,7.5
1195,1195,2018-04-10,12.2,7.3,16.8,23.1,12.2,1004.5,19.8,100,-0.1500553983446526,0.9886775902323405,-2.6000000000000227,11.6,20.5,1005.4,1004.6,9.5
1196,1196,2018-04-11,12.4,9.3,15.7,5.7,19.8,994.4,14.9,101,-0.16705162550211924,0.9859481499638304,-10.100000000000023,12.2,11.6,1002.0,1007.1,6.399999999999999
1197,1197,2018-04-12,12.1,8.1,16.8,0.0,14.9,1000.4,13.8,102,-0.18399835165768005,0.9829265519799822,6.0,19.8,12.2,999.7666666666668,1004.5,8.700000000000001
1198,1198,2018-04-13,13.3,10.6,16.3,5.8,13.8,1008.3,16.1,103,-0.20089055513063506,0.9796136916454901,7.899999999999977,14.9,19.8,1001.0333333333333,994.4,5.700000000000001
1199,1199,2018-04-14,13.3,12.8,15.0,8.1,16.1,1015.7,17.5,104,-0.21772323039653177,0.9760105506323683,7.400000000000091,13.8,14.9,1008.1333333333332,1000.4,2.1999999999999993
1200,1200,2018-04-15,15.4,13.0,19.2,0.0,17.5,1013.6,12.8,105,-0.23449138957040985,0.9721181966290613,-2.1000000000000227,16.1,13.8,1012.5333333333333,1008.3,6.199999999999999
1201,1201,2018-04-16,14.5,11.4,17.1,0.6,12.8,1014.4,14.0,106,-0.25119006388481935,0.9679377830240642,0.7999999999999545,17.5,16.1,1014.5666666666666,1015.7,5.700000000000001
1202,1202,2018-04-17,16.2,11.0,22.6,0.0,14.0,1022.0,14.0,107,-0.2678143051621742,0.9634705485641488,7.600000000000023,12.8,17.5,1016.6666666666666,1013.6,11.600000000000001
1203,1203,2018-04-18,18.1,14.0,23.5,0.0,14.0,1025.3,15.7,108,-0.2843591872810034,0.9587178169872964,3.2999999999999545,14.0,12.8,1020.5666666666666,1014.4,9.5
1204,1204,2018-04-19,17.3,13.8,22.1,0.0,15.7,1025.2,11.3,109,-0.30081980763566735,0.9536809966304457,-0.09999999999990905,14.0,14.0,1024.1666666666667,1022.0,8.3
1205,1205,2018-04-20,16.4,12.7,21.0,0.0,11.3,1023.4,12.1,110,-0.3171912885891061,0.9483615800121715,-1.8000000000000682,15.7,14.0,1024.6333333333334,1025.3,8.3
1206,1206,2018-04-21,17.1,13.1,23.0,0.0,12.1,1020.6,13.5,111,-0.3334687789181868,0.9427611433904207,-2.7999999999999545,11.3,15.7,1023.0666666666667,1025.2,9.9
1207,1207,2018-04-22,17.3,14.4,22.5,0.0,13.5,1018.4,8.0,112,-0.3496474552512284,0.9368813462954315,-2.2000000000000455,12.1,11.3,1020.8000000000001,1023.4,8.1
1208,1208,2018-04-23,18.0,14.7,23.4,0.0,8.0,1019.3,9.1,113,-0.36572252349726897,0.9307239310379795,0.8999999999999773,13.5,12.1,1019.4333333333333,1020.6,8.7
1209,1209,2018-04-24,18.8,15.2,24.8,0.0,9.1,1019.1,15.4,114,-0.3816892202666588,0.9242907221930933,-0.1999999999999318,8.0,13.5,1018.9333333333334,1018.4,9.600000000000001
1210,1210,2018-04-25,19.1,15.5,25.5,0.0,15.4,1017.7,11.8,115,-0.39754281428255595,0.9175836260593937,-1.3999999999999773,9.1,8.0,1018.6999999999999,1019.3,10.0
1211,1211,2018-04-26,17.8,15.4,21.4,0.0,11.8,1016.6,12.7,116,-0.4132786077829042,0.9106046300942162,-1.1000000000000227,15.4,9.1,1017.8000000000001,1019.1,5.999999999999998
1212,1212,2018-04-27,17.7,14.7,22.6,0.0,12.7,1012.8,9.2,117,-0.4288919379124835,0.9033558023246845,-3.800000000000068,11.8,15.4,1015.6999999999999,1017.7,7.900000000000002
1213,1213,2018-04-28,17.8,15.8,21.1,0.4,9.2,1011.4,18.1,118,-0.4443781781046132,0.895839290734909,-1.3999999999999773,12.7,11.8,1013.6,1016.6,5.300000000000001
1214,1214,2018-04-29,16.3,12.8,20.1,0.2,18.1,1006.9,15.6,119,-0.45973273945210397,0.8880573226294932,-4.5,9.2,12.7,1010.3666666666667,1012.8,7.300000000000001
1215,1215,2018-04-30,14.5,10.0,19.4,25.8,15.6,1012.5,10.6,120,-0.47495107206704995,0.8800122039735357,5.600000000000023,18.1,9.2,1010.2666666666665,1011.4,9.399999999999999
1216,1216,2018-05-01,11.8,9.3,16.8,7.2,10.6,1013.8,17.0,121,-0.4900286664290592,0.8717063187093218,1.2999999999999545,15.6,18.1,1011.0666666666666,1006.9,7.5
1217,1217,2018-05-02,13.3,7.2,19.1,0.0,17.0,1011.6,12.8,122,-0.5049610547215204,0.8631421280499114,-2.199999999999932,10.6,15.6,1012.6333333333332,1012.5,11.900000000000002
1218,1218,2018-05-03,16.1,11.6,23.6,1.5,12.8,1009.3,15.3,123,-0.5197438121555155,0.854322169749827,-2.300000000000068,17.0,10.6,1011.5666666666666,1013.8,12.000000000000002
1219,1219,2018-05-04,15.2,13.1,17.6,0.1,15.3,1011.6,13.9,124,-0.5343725582809786,0.8452490573530633,2.300000000000068,12.8,17.0,1010.8333333333334,1011.6,4.500000000000002
1220,1220,2018-05-05,16.4,14.7,21.3,1.4,13.9,1015.3,14.3,125,-0.548842958284719,0.8359254794186372,3.699999999999932,15.3,12.8,1012.0666666666666,1009.3,6.600000000000001
1221,1221,2018-05-06,16.6,14.8,22.5,2.6,14.3,1017.2,12.8,126,-0.5631507242749186,0.8263541987239096,1.900000000000091,13.9,15.3,1014.6999999999999,1011.6,7.699999999999999
1222,1222,2018-05-07,17.1,15.7,22.8,0.0,12.8,1015.3,11.9,127,-0.5772916165517272,0.8165380514459161,-1.900000000000091,14.3,13.9,1015.9333333333334,1015.3,7.100000000000001
1223,1223,2018-05-08,16.9,15.3,22.0,0.5,11.9,1011.6,10.0,128,-0.5912614448635781,0.8064799463209448,-3.699999999999932,12.8,14.3,1014.6999999999999,1017.2,6.699999999999999
1224,1224,2018-05-09,17.2,14.7,21.9,,10.0,1009.6,11.0,129,-0.6050560696488488,0.7961828637826158,-2.0,11.9,12.8,1012.1666666666666,1015.3,7.199999999999999
1225,1225,2018-05-10,17.7,16.0,20.9,0.0,11.0,1014.2,19.3,130,-0.6186714032625031,0.7856498550787147,4.600000000000023,10.0,11.9,1011.8000000000001,1011.6,4.899999999999999
1226,1226,2018-05-11,17.5,14.3,21.1,0.0,19.3,1017.7,11.0,131,-0.6321034111873487,0.7748840413670407,3.5,11.0,10.0,1013.8333333333334,1009.6,6.800000000000001
1227,1227,2018-05-12,17.1,14.7,20.6,6.0,11.0,1014.8,16.6,132,-0.6453481132295501,0.7638886127905428,-2.900000000000091,19.3,11.0,1015.5666666666667,1014.2,5.900000000000002
1228,1228,2018-05-13,14.3,10.1,19.8,0.0,16.6,1015.6,15.8,133,-0.6584015846980488,0.7526668275320085,0.8000000000000682,11.0,19.3,1016.0333333333333,1017.7,9.700000000000001
1229,1229,2018-05-14,14.3,10.5,19.6,0.0,15.8,1016.1,19.4,134,-0.6712599575675313,0.7412220108485958,0.5,16.6,11.0,1015.5,1014.8,9.100000000000001
1230,1230,2018-05-15,15.7,11.0,23.3,0.0,19.4,1016.3,12.3,135,-0.6839194216246106,0.7295575540864875,0.1999999999999318,15.8,16.6,1016.0,1015.6,12.3
1231,1231,2018-05-16,17.2,13.5,22.2,0.0,12.3,1016.6,9.7,136,-0.6963762255968722,0.717676913675962,0.3000000000000682,19.4,15.8,1016.3333333333334,1016.1,8.7
1232,1232,2018-05-17,18.6,15.4,23.5,0.0,9.7,1016.3,10.0,137,-0.7086266782644596,0.705583610107178,-0.3000000000000682,12.3,19.4,1016.4,1016.3,8.1
1233,1233,2018-05-18,18.8,16.6,21.8,0.0,10.0,1017.0,10.9,138,-0.7206671495538609,0.6932812268869777,0.7000000000000455,9.7,12.3,1016.6333333333332,1016.6,5.199999999999999
1234,1234,2018-05-19,19.2,15.0,24.1,0.0,10.9,1016.5,14.1,139,-0.7324940716135789,0.6807734094770161,-0.5,10.0,9.7,1016.6,1016.3,9.100000000000001
1235,1235,2018-05-20,19.3,16.6,24.3,0.0,14.1,1014.8,10.9,140,-0.7441039398713607,0.6680638642135335,-1.7000000000000455,10.9,10.0,1016.1,1017.0,7.699999999999999
1236,1236,2018-05-21,18.2,15.6,21.8,0.0,10.9,1012.5,10.4,141,-0.7554933140726803,0.6551563572090853,-2.2999999999999545,14.1,10.9,1014.6,1016.5,6.200000000000001
1237,1237,2018-05-22,19.1,16.7,22.6,0.0,10.4,1013.8,15.1,142,-0.766658819300159,0.6420547132365637,1.2999999999999545,10.9,14.1,1013.6999999999999,1014.8,5.900000000000002
1238,1238,2018-05-23,18.9,15.9,23.0,0.0,15.1,1017.5,8.9,143,-0.7775971469736269,0.6287628145958344,3.7000000000000455,10.4,10.9,1014.6,1012.5,7.1
1239,1239,2018-05-24,20.1,17.3,24.6,,8.9,1017.3,25.9,144,-0.7883050558305255,0.6152845999633276,-0.20000000000004547,15.1,10.4,1016.1999999999999,1013.8,7.300000000000001
1240,1240,2018-05-25,20.7,17.3,25.2,0.9,25.9,1015.2,29.9,145,-0.7987793728863649,0.6016240632249226,-2.099999999999909,8.9,15.1,1016.6666666666666,1017.5,7.899999999999999
1241,1241,2018-05-26,20.5,18.7,23.6,0.0,29.9,1014.8,28.4,146,-0.8090169943749473,0.5877852522924732,-0.40000000000009095,25.9,8.9,1015.7666666666668,1017.3,4.900000000000002
1242,1242,2018-05-27,21.1,19.8,24.2,0.0,28.4,1012.6,16.2,147,-0.8190148866680801,0.5737722679043246,-2.199999999999932,29.9,25.9,1014.1999999999999,1015.2,4.399999999999999
1243,1243,2018-05-28,20.6,19.6,23.6,0.0,16.2,1013.4,15.5,148,-0.8287700871745038,0.5595892624101765,0.7999999999999545,28.4,29.9,1013.6,1014.8,4.0
1244,1244,2018-05-29,20.7,19.5,23.8,0.9,15.5,1014.9,10.3,149,-0.8382797052177744,0.545240438540651,1.5,16.2,28.4,1013.6333333333333,1012.6,4.300000000000001
1245,1245,2018-05-30,20.2,18.3,23.5,0.0,10.3,1013.2,10.6,150,-0.8475409228928311,0.5307300481619334,-1.6999999999999318,15.5,16.2,1013.8333333333334,1013.4,5.199999999999999
1246,1246,2018-05-31,20.0,16.2,23.8,0.0,10.6,1016.7,10.8,151,-0.8565509959010036,0.5160623910158528,3.5,10.3,15.5,1014.9333333333334,1014.9,7.600000000000001
1247,1247,2018-06-01,20.7,18.3,24.4,0.0,10.8,1019.4,10.0,152,-0.865307254363206,0.5012418134457758,2.699999999999932,10.6,10.3,1016.4333333333334,1013.2,6.099999999999998
1248,1248,2018-06-02,20.4,18.3,24.1,0.0,10.0,1018.1,14.4,153,-0.8738071036110808,0.48627270710868997,-1.2999999999999545,10.8,10.6,1018.0666666666667,1016.7,5.800000000000001
1249,1249,2018-06-03,18.7,16.6,21.1,33.9,14.4,1014.8,13.0,154,-0.8820480249558537,0.4711595076738638,-3.300000000000068,10.0,10.8,1017.4333333333333,1019.4,4.5
1250,1250,2018-06-04,19.2,15.3,23.0,0.0,13.0,1012.3,11.7,155,-0.8900275764346767,0.4559066935084588,-2.5,14.4,10.0,1015.0666666666666,1018.1,7.699999999999999
1251,1251,2018-06-05,20.5,17.6,23.9,0.1,11.7,1010.5,12.9,156,-0.8977433935342337,0.440518784350495,-1.7999999999999545,13.0,14.4,1012.5333333333333,1014.8,6.299999999999997
1252,1252,2018-06-06,18.9,16.3,23.5,,12.9,1012.6,11.0,157,-0.9051931898913974,0.42500033996955416,2.1000000000000227,11.7,13.0,1011.7999999999998,1012.3,7.199999999999999
1253,1253,2018-06-07,19.2,16.9,24.2,1.8,11.0,1015.3,14.0,158,-0.9123747579707273,0.4093559588156213,2.699999999999932,12.9,11.7,1012.8000000000001,1010.5,7.300000000000001
1254,1254,2018-06-08,20.1,16.4,24.1,0.0,14.0,1014.5,9.1,159,-0.9192859697186104,0.39359027665646673,-0.7999999999999545,11.0,12.9,1014.1333333333333,1012.6,7.700000000000003
1255,1255,2018-06-09,21.7,18.0,26.0,0.0,9.1,1013.5,17.5,160,-0.9259247771938498,0.3777079652039649,-1.0,14.0,11.0,1014.4333333333334,1015.3,8.0
1256,1256,2018-06-10,22.8,19.7,28.5,0.1,17.5,1011.2,18.9,161,-0.9322892131745133,0.36171373072976765,-2.2999999999999545,9.1,14.0,1013.0666666666666,1014.5,8.8
1257,1257,2018-06-11,23.2,20.7,26.6,,18.9,1009.5,17.7,162,-0.9383773917408641,0.3456123126707335,-1.7000000000000455,17.5,9.1,1011.4,1013.5,5.900000000000002
1258,1258,2018-06-12,23.2,20.8,28.6,0.0,17.7,1010.7,15.0,163,-0.9441875088341993,0.3294084822245304,1.2000000000000455,18.9,17.5,1010.4666666666667,1011.2,7.800000000000001
1259,1259,2018-06-13,22.6,18.2,31.3,0.0,15.0,1011.9,15.5,164,-0.9497178427914316,0.3131070409358269,1.1999999999999318,17.7,18.9,1010.6999999999999,1009.5,13.100000000000001
1260,1260,2018-06-14,21.2,18.4,25.0,0.0,15.5,1013.6,12.1,165,-0.9549667548552551,0.29671281927349075,1.7000000000000455,15.0,17.7,1012.0666666666666,1010.7,6.600000000000001
1261,1261,2018-06-15,21.2,17.6,26.0,0.4,12.1,1014.8,13.9,166,-0.9599326896597447,0.28023067519921585,1.1999999999999318,15.5,15.0,1013.4333333333334,1011.9,8.399999999999999
1262,1262,2018-06-16,21.7,18.4,25.1,0.0,13.9,1015.9,9.3,167,-0.9646141756912435,0.26366549272800704,1.1000000000000227,12.1,15.5,1014.7666666666665,1013.6,6.700000000000003
1263,1263,2018-06-17,22.2,19.6,25.8,0.0,9.3,1018.8,13.5,168,-0.9690098257244062,0.24702218048093552,2.8999999999999773,13.9,12.1,1016.5,1014.8,6.199999999999999
1264,1264,2018-06-18,22.3,19.0,26.3,0.0,13.5,1020.3,15.7,169,-0.9731183372332619,0.23030567023061221,1.5,9.3,13.9,1018.3333333333334,1015.9,7.300000000000001
1265,1265,2018-06-19,22.8,19.4,27.6,0.0,15.7,1020.6,10.1,170,-0.9769384927771817,0.21352091543979612,0.3000000000000682,13.5,9.3,1019.9,1018.8,8.200000000000003
1266,1266,2018-06-20,23.8,20.8,28.1,0.0,10.1,1019.2,12.4,171,-0.980469160361632,0.19667288979357647,-1.3999999999999773,15.7,13.5,1020.0333333333334,1020.3,7.300000000000001
1267,1267,2018-06-21,24.1,20.7,28.6,0.0,12.4,1017.6,11.5,172,-0.9837092937736097,0.1797665857255624,-1.6000000000000227,10.1,15.7,1019.1333333333333,1020.6,7.900000000000002
1268,1268,2018-06-22,25.2,23.2,28.7,0.0,11.5,1016.7,10.3,173,-0.986657932891657,0.16280701293851715,-0.8999999999999773,12.4,10.1,1017.8333333333334,1019.2,5.5
1269,1269,2018-06-23,23.5,21.7,25.7,0.0,10.3,1018.5,12.1,174,-0.9893142039703663,0.1457991969198751,1.7999999999999545,11.5,12.4,1017.6,1017.6,4.0
1270,1270,2018-06-24,23.3,21.1,27.1,0.0,12.1,1017.4,11.6,175,-0.99167731989929,0.12874817745258132,-1.1000000000000227,10.3,11.5,1017.5333333333334,1016.7,6.0
1271,1271,2018-06-25,23.7,22.0,27.2,0.0,11.6,1016.7,9.4,176,-0.993746580436178,0.11165900712169512,-0.6999999999999318,12.1,10.3,1017.5333333333333,1018.5,5.199999999999999
1272,1272,2018-06-26,24.3,22.2,27.3,0.0,9.4,1017.8,16.2,177,-0.9955213724144752,0.09453674981719912,1.099999999999909,11.6,12.1,1017.2999999999998,1017.4,5.100000000000001
1273,1273,2018-06-27,24.6,21.3,28.7,0.0,16.2,1016.0,13.2,178,-0.9970011699250151,0.07738647923346301,-1.7999999999999545,9.4,11.6,1016.8333333333334,1016.7,7.399999999999999
1274,1274,2018-06-28,24.3,21.8,28.6,0.2,13.2,1012.1,14.4,179,-0.9981855344718586,0.06021327736579302,-3.8999999999999773,16.2,9.4,1015.3000000000001,1017.8,6.800000000000001
1275,1275,2018-06-29,23.8,21.0,27.5,0.0,14.4,1011.5,16.7,180,-0.99907411510223,0.04302223300453059,-0.6000000000000227,13.2,16.2,1013.1999999999999,1016.0,6.5
1276,1276,2018-06-30,24.4,20.9,28.1,0.0,16.7,1010.8,14.6,181,-0.9996666485105112,0.02581844022713308,-0.7000000000000455,14.4,13.2,1011.4666666666667,1012.1,7.200000000000003
1277,1277,2018-07-01,24.2,20.2,28.0,0.0,14.6,1010.0,9.0,182,-0.9999629591162655,0.008606996888688698,-0.7999999999999545,16.7,14.4,1010.7666666666668,1011.5,7.800000000000001
1278,1278,2018-07-02,24.8,22.2,28.2,0.0,9.0,1012.0,12.4,183,-0.9999629591162655,-0.008606996888688009,2.0,14.6,16.7,1010.9333333333334,1010.8,6.0
1279,1279,2018-07-03,25.6,23.1,29.9,0.0,12.4,1015.3,12.1,184,-0.9996666485105112,-0.02581844022713239,3.2999999999999545,9.0,14.6,1012.4333333333333,1010.0,6.799999999999997
1280,1280,2018-07-04,24.8,20.9,28.8,0.0,12.1,1014.9,16.8,185,-0.99907411510223,-0.04302223300453034,-0.39999999999997726,12.4,9.0,1014.0666666666666,1012.0,7.900000000000002
1281,1281,2018-07-05,25.3,23.9,28.7,0.0,16.8,1016.5,14.2,186,-0.9981855344718586,-0.060213277365792774,1.6000000000000227,12.1,12.4,1015.5666666666666,1015.3,4.800000000000001
1282,1282,2018-07-06,25.4,23.2,28.5,0.0,14.2,1019.9,13.1,187,-0.9970011699250151,-0.07738647923346322,3.3999999999999773,16.8,12.1,1017.1,1014.9,5.300000000000001
1283,1283,2018-07-07,25.4,23.0,28.8,0.0,13.1,1019.3,13.9,188,-0.9955213724144752,-0.09453674981719933,-0.6000000000000227,14.2,16.8,1018.5666666666666,1016.5,5.800000000000001
1284,1284,2018-07-08,26.2,22.2,31.0,0.0,13.9,1018.3,15.8,189,-0.9937465804361781,-0.11165900712169444,-1.0,13.1,14.2,1019.1666666666666,1019.9,8.8
1285,1285,2018-07-09,26.7,23.3,30.1,,15.8,1017.1,15.2,190,-0.99167731989929,-0.12874817745258066,-1.1999999999999318,13.9,13.1,1018.2333333333332,1019.3,6.800000000000001
1286,1286,2018-07-10,26.3,23.1,29.8,0.0,15.2,1015.8,10.2,191,-0.9893142039703664,-0.14579919691987442,-1.3000000000000682,15.8,13.9,1017.0666666666666,1018.3,6.699999999999999
1287,1287,2018-07-11,25.9,23.2,30.1,0.1,10.2,1014.3,19.6,192,-0.9866579328916572,-0.16280701293851646,-1.5,15.2,15.8,1015.7333333333332,1017.1,6.900000000000002
1288,1288,2018-07-12,25.7,22.7,29.4,0.0,19.6,1014.9,16.0,193,-0.9837092937736098,-0.17976658572556214,0.6000000000000227,10.2,15.2,1015.0,1015.8,6.699999999999999
1289,1289,2018-07-13,25.3,21.8,30.8,0.0,16.0,1017.1,14.2,194,-0.9804691603616321,-0.19667288979357622,2.2000000000000455,19.6,10.2,1015.4333333333334,1014.3,9.0
1290,1290,2018-07-14,25.9,22.5,30.4,0.0,14.2,1016.0,11.0,195,-0.9769384927771817,-0.2135209154397959,-1.1000000000000227,16.0,19.6,1016.0,1014.9,7.899999999999999
1291,1291,2018-07-15,25.9,22.2,29.8,2.1,11.0,1014.4,13.0,196,-0.973118337233262,-0.23030567023061196,-1.6000000000000227,14.2,16.0,1015.8333333333334,1017.1,7.600000000000001
1292,1292,2018-07-16,25.6,23.4,30.4,13.8,13.0,1012.1,14.1,197,-0.9690098257244063,-0.24702218048093527,-2.2999999999999545,11.0,14.2,1014.1666666666666,1016.0,7.0
1293,1293,2018-07-17,25.9,22.8,29.7,0.0,14.1,1017.1,12.6,198,-0.9646141756912435,-0.2636654927280072,5.0,13.0,11.0,1014.5333333333333,1014.4,6.899999999999999
1294,1294,2018-07-18,25.3,21.9,29.9,0.0,12.6,1015.7,12.0,199,-0.9599326896597445,-0.2802306751992161,-1.3999999999999773,14.1,13.0,1014.9666666666667,1012.1,8.0
1295,1295,2018-07-19,25.6,22.3,29.4,0.0,12.0,1015.0,11.6,200,-0.9549667548552553,-0.2967128192734901,-0.7000000000000455,12.6,14.1,1015.9333333333334,1017.1,7.099999999999998
1296,1296,2018-07-20,25.7,21.7,30.3,0.0,11.6,1013.2,15.7,201,-0.9497178427914317,-0.3131070409358267,-1.7999999999999545,12.0,12.6,1014.6333333333333,1015.7,8.600000000000001
1297,1297,2018-07-21,25.6,23.9,29.4,0.4,15.7,1013.4,12.0,202,-0.9441875088341994,-0.3294084822245302,0.1999999999999318,11.6,12.0,1013.8666666666667,1015.0,5.5
1298,1298,2018-07-22,23.9,21.4,27.2,1.1,12.0,1015.1,16.7,203,-0.9383773917408642,-0.3456123126707333,1.7000000000000455,15.7,11.6,1013.9,1013.2,5.800000000000001
1299,1299,2018-07-23,24.3,20.1,29.0,0.0,16.7,1015.9,11.3,204,-0.9322892131745134,-0.3617137307297674,0.7999999999999545,12.0,15.7,1014.8000000000001,1013.4,8.899999999999999
1300,1300,2018-07-24,25.9,23.3,29.6,0.0,11.3,1014.0,12.9,205,-0.9259247771938499,-0.37770796520396466,-1.8999999999999773,16.7,12.0,1015.0,1015.1,6.300000000000001
1301,1301,2018-07-25,26.1,21.7,31.3,0.0,12.9,1014.5,16.2,206,-0.9192859697186105,-0.39359027665646645,0.5,11.3,16.7,1014.8000000000001,1015.9,9.600000000000001
1302,1302,2018-07-26,26.3,23.1,31.1,0.0,16.2,1012.8,17.3,207,-0.9123747579707274,-0.4093559588156211,-1.7000000000000455,12.9,11.3,1013.7666666666668,1014.0,8.0
1303,1303,2018-07-27,26.1,22.8,30.0,0.0,17.3,1012.3,12.7,208,-0.9051931898913975,-0.42500033996955394,-0.5,16.2,12.9,1013.1999999999999,1014.5,7.199999999999999
1304,1304,2018-07-28,26.2,23.5,30.0,0.0,12.7,1012.4,14.5,209,-0.8977433935342336,-0.4405187843504952,0.10000000000002274,17.3,16.2,1012.5,1012.8,6.5
1305,1305,2018-07-29,26.4,23.9,30.1,0.0,14.5,1013.7,9.7,210,-0.8900275764346766,-0.455906693508459,1.3000000000000682,12.7,17.3,1012.8000000000001,1012.3,6.200000000000003
1306,1306,2018-07-30,27.0,24.6,31.0,0.0,9.7,1014.9,8.2,211,-0.8820480249558535,-0.47115950767386394,1.1999999999999318,14.5,12.7,1013.6666666666666,1012.4,6.399999999999999
1307,1307,2018-07-31,27.1,23.7,31.7,0.0,8.2,1015.3,12.6,212,-0.8738071036110807,-0.4862727071086902,0.39999999999997726,9.7,14.5,1014.6333333333332,1013.7,8.0
1308,1308,2018-08-01,28.3,24.1,33.9,0.0,12.6,1016.4,12.4,213,-0.8653072543632061,-0.5012418134457756,1.1000000000000227,8.2,9.7,1015.5333333333333,1014.9,9.799999999999997
1309,1309,2018-08-02,29.1,25.9,33.7,0.0,12.4,1017.0,11.0,214,-0.8565509959010037,-0.5160623910158526,0.6000000000000227,12.6,8.2,1016.2333333333332,1015.3,7.800000000000004
1310,1310,2018-08-03,29.9,26.7,35.1,0.0,11.0,1016.3,14.1,215,-0.8475409228928312,-0.5307300481619331,-0.7000000000000455,12.4,12.6,1016.5666666666666,1016.4,8.400000000000002
1311,1311,2018-08-04,30.3,27.2,37.0,0.0,14.1,1015.7,12.1,216,-0.8382797052177745,-0.5452404385406507,-0.599999999999909,11.0,12.4,1016.3333333333334,1017.0,9.8
1312,1312,2018-08-05,30.2,27.3,36.6,0.0,12.1,1015.2,11.5,217,-0.828770087174504,-0.5595892624101763,-0.5,14.1,11.0,1015.7333333333332,1016.3,9.3
1313,1313,2018-08-06,28.6,25.9,32.4,0.0,11.5,1014.9,14.5,218,-0.8190148866680802,-0.5737722679043243,-0.3000000000000682,12.1,14.1,1015.2666666666668,1015.7,6.5
1314,1314,2018-08-07,28.4,26.1,32.2,0.1,14.5,1013.2,12.7,219,-0.8090169943749472,-0.5877852522924734,-1.6999999999999318,11.5,12.1,1014.4333333333334,1015.2,6.100000000000001
1315,1315,2018-08-08,27.9,26.0,31.6,,12.7,1014.0,13.6,220,-0.7987793728863648,-0.6016240632249227,0.7999999999999545,14.5,11.5,1014.0333333333334,1014.9,5.600000000000001
1316,1316,2018-08-09,26.6,22.8,32.3,2.0,13.6,1014.8,14.6,221,-0.7883050558305253,-0.6152845999633277,0.7999999999999545,12.7,14.5,1014.0,1013.2,9.499999999999996
1317,1317,2018-08-10,24.6,22.3,28.9,0.0,14.6,1022.2,12.5,222,-0.7775971469736268,-0.6287628145958345,7.400000000000091,13.6,12.7,1017.0,1014.0,6.599999999999998
1318,1318,2018-08-11,25.2,21.8,28.6,0.0,12.5,1022.0,13.7,223,-0.7666588193001592,-0.6420547132365636,-0.20000000000004547,14.6,13.6,1019.6666666666666,1014.8,6.800000000000001
1319,1319,2018-08-12,26.7,24.3,30.8,0.8,13.7,1016.9,15.0,224,-0.7554933140726804,-0.655156357209085,-5.100000000000023,12.5,14.6,1020.3666666666667,1022.2,6.5
1320,1320,2018-08-13,26.2,23.7,30.2,1.8,15.0,1013.2,14.7,225,-0.7441039398713608,-0.6680638642135333,-3.699999999999932,13.7,12.5,1017.3666666666667,1022.0,6.5
1321,1321,2018-08-14,25.1,22.4,28.5,0.0,14.7,1016.2,13.6,226,-0.7324940716135792,-0.6807734094770159,3.0,15.0,13.7,1015.4333333333334,1016.9,6.100000000000001
1322,1322,2018-08-15,25.7,23.5,29.5,0.0,13.6,1017.8,13.8,227,-0.7206671495538615,-0.6932812268869771,1.599999999999909,14.7,15.0,1015.7333333333332,1013.2,6.0
1323,1323,2018-08-16,26.1,23.7,30.0,0.0,13.8,1015.6,12.5,228,-0.70862667826446,-0.7055836101071774,-2.199999999999932,13.6,14.7,1016.5333333333334,1016.2,6.300000000000001
1324,1324,2018-08-17,23.7,20.8,29.8,2.7,12.5,1016.5,15.0,229,-0.6963762255968726,-0.7176769136759615,0.8999999999999773,13.8,13.6,1016.6333333333332,1017.8,9.0
1325,1325,2018-08-18,23.1,19.1,28.7,0.0,15.0,1019.0,15.0,230,-0.6839194216246105,-0.7295575540864876,2.5,12.5,13.8,1017.0333333333334,1015.6,9.599999999999998
1326,1326,2018-08-19,25.6,21.5,31.0,0.0,15.0,1019.4,14.4,231,-0.6712599575675315,-0.7412220108485957,0.39999999999997726,15.0,12.5,1018.3000000000001,1016.5,9.5
1327,1327,2018-08-20,26.4,22.4,31.5,0.0,14.4,1017.5,11.7,232,-0.6584015846980489,-0.7526668275320083,-1.8999999999999773,15.0,15.0,1018.6333333333333,1019.0,9.100000000000001
1328,1328,2018-08-21,26.7,23.4,32.1,0.0,11.7,1016.3,11.7,233,-0.64534811322955,-0.7638886127905429,-1.2000000000000455,14.4,15.0,1017.7333333333332,1019.4,8.700000000000003
1329,1329,2018-08-22,26.3,23.0,32.5,0.0,11.7,1016.0,14.1,234,-0.6321034111873488,-0.7748840413670406,-0.2999999999999545,11.7,14.4,1016.5999999999999,1017.5,9.5
1330,1330,2018-08-23,26.2,22.9,30.5,0.0,14.1,1015.7,13.7,235,-0.6186714032625032,-0.7856498550787144,-0.2999999999999545,11.7,11.7,1016.0,1016.3,7.600000000000001
1331,1331,2018-08-24,25.5,22.4,30.8,0.0,13.7,1015.2,17.0,236,-0.6050560696488494,-0.7961828637826154,-0.5,14.1,11.7,1015.6333333333333,1016.0,8.400000000000002
1332,1332,2018-08-25,23.9,22.5,26.9,0.0,17.0,1014.9,12.8,237,-0.5912614448635782,-0.8064799463209447,-0.3000000000000682,13.7,14.1,1015.2666666666668,1015.7,4.399999999999999
1333,1333,2018-08-26,23.8,20.8,27.2,0.0,12.8,1015.7,13.5,238,-0.5772916165517278,-0.8165380514459157,0.8000000000000682,17.0,13.7,1015.2666666666668,1015.2,6.399999999999999
1334,1334,2018-08-27,25.1,22.5,29.0,0.0,13.5,1016.2,15.5,239,-0.5631507242749187,-0.8263541987239094,0.5,12.8,17.0,1015.6,1014.9,6.5
1335,1335,2018-08-28,25.6,22.6,29.8,0.0,15.5,1016.7,13.0,240,-0.5488429582847199,-0.8359254794186365,0.5,13.5,12.8,1016.2000000000002,1015.7,7.199999999999999
1336,1336,2018-08-29,26.1,23.2,30.0,1.6,13.0,1016.6,17.0,241,-0.5343725582809785,-0.8452490573530634,-0.10000000000002274,15.5,13.5,1016.5,1016.2,6.800000000000001
1337,1337,2018-08-30,25.6,22.8,29.7,74.0,17.0,1018.7,12.2,242,-0.5197438121555157,-0.8543221697498269,2.1000000000000227,13.0,15.5,1017.3333333333334,1016.7,6.899999999999999
1338,1338,2018-08-31,23.7,21.3,26.1,0.4,12.2,1018.7,12.9,243,-0.5049610547215202,-0.8631421280499115,0.0,17.0,13.0,1018.0,1016.6,4.800000000000001
1339,1339,2018-09-01,24.2,22.4,26.2,1.0,12.9,1018.9,13.1,244,-0.4900286664290594,-0.8717063187093217,0.1999999999999318,12.2,17.0,1018.7666666666668,1018.7,3.8000000000000007
1340,1340,2018-09-02,24.8,22.5,28.0,0.0,13.1,1016.8,12.4,245,-0.4749510720670502,-0.8800122039735356,-2.1000000000000227,12.9,12.2,1018.1333333333332,1018.7,5.5
1341,1341,2018-09-03,25.3,23.3,28.8,1.5,12.4,1013.9,15.9,246,-0.4597327394521046,-0.888057322629493,-2.8999999999999773,13.1,12.9,1016.5333333333333,1018.9,5.5
1342,1342,2018-09-04,24.8,23.1,28.2,0.0,15.9,1013.0,15.8,247,-0.4443781781046134,-0.8958392907349089,-0.8999999999999773,12.4,13.1,1014.5666666666666,1016.8,5.099999999999998
1343,1343,2018-09-05,24.1,21.2,27.7,15.7,15.8,1014.0,15.4,248,-0.4288919379124841,-0.9033558023246842,1.0,15.9,12.4,1013.6333333333333,1013.9,6.5
1344,1344,2018-09-06,22.7,19.3,27.3,3.0,15.4,1013.3,14.8,249,-0.41327860778290443,-0.9106046300942162,-0.7000000000000455,15.8,15.9,1013.4333333333333,1013.0,8.0
1345,1345,2018-09-07,22.8,19.2,27.3,0.2,14.8,1016.0,11.2,250,-0.3975428142825566,-0.9175836260593934,2.7000000000000455,15.4,15.8,1014.4333333333333,1014.0,8.100000000000001
1346,1346,2018-09-08,23.7,21.0,28.1,0.0,11.2,1018.6,14.2,251,-0.3816892202666586,-0.9242907221930934,2.6000000000000227,14.8,15.4,1015.9666666666666,1013.3,7.100000000000001
1347,1347,2018-09-09,24.3,21.6,28.3,0.0,14.2,1019.6,9.8,252,-0.3657225234972692,-0.9307239310379793,1.0,11.2,14.8,1018.0666666666667,1016.0,6.699999999999999
1348,1348,2018-09-10,23.0,21.4,25.8,0.1,9.8,1022.1,12.7,253,-0.34964745525122826,-0.9368813462954315,2.5,14.2,11.2,1020.1,1018.6,4.400000000000002
1349,1349,2018-09-11,24.0,20.3,28.9,0.0,12.7,1023.6,14.1,254,-0.33346877891818705,-0.9427611433904206,1.5,9.8,14.2,1021.7666666666668,1019.6,8.599999999999998
1350,1350,2018-09-12,23.7,20.9,28.1,1.8,14.1,1021.4,16.6,255,-0.31719128858910595,-0.9483615800121716,-2.2000000000000455,12.7,9.8,1022.3666666666668,1022.1,7.200000000000003
1351,1351,2018-09-13,23.4,19.8,28.0,0.0,16.6,1018.3,12.5,256,-0.300819807635668,-0.9536809966304455,-3.1000000000000227,14.1,12.7,1021.1,1023.6,8.2
1352,1352,2018-09-14,24.1,21.3,28.4,0.0,12.5,1018.3,11.1,257,-0.2843591872810036,-0.9587178169872964,0.0,16.6,14.1,1019.3333333333334,1021.4,7.099999999999998
1353,1353,2018-09-15,23.6,21.8,27.2,0.9,11.1,1020.7,9.1,258,-0.26781430516217486,-0.9634705485641486,2.400000000000091,12.5,16.6,1019.1,1018.3,5.399999999999999
1354,1354,2018-09-16,23.8,21.2,27.9,0.3,9.1,1020.6,11.8,259,-0.25119006388481957,-0.9679377830240642,-0.10000000000002274,11.1,12.5,1019.8666666666667,1018.3,6.699999999999999
1355,1355,2018-09-17,23.3,20.9,27.6,4.1,11.8,1019.3,11.0,260,-0.23449138957041052,-0.9721181966290612,-1.3000000000000682,9.1,11.1,1020.1999999999999,1020.7,6.700000000000003
1356,1356,2018-09-18,22.8,20.3,26.1,1.3,11.0,1017.3,12.0,261,-0.21772323039653224,-0.9760105506323682,-2.0,11.8,9.1,1019.0666666666666,1020.6,5.800000000000001
1357,1357,2018-09-19,23.1,20.3,27.2,0.0,12.0,1020.0,14.1,262,-0.20089055513063528,-0.9796136916454901,2.7000000000000455,11.0,11.8,1018.8666666666667,1019.3,6.899999999999999
1358,1358,2018-09-20,24.4,21.0,29.7,0.0,14.1,1019.0,14.3,263,-0.18399835165767986,-0.9829265519799822,-1.0,12.0,11.0,1018.7666666666665,1017.3,8.7
1359,1359,2018-09-21,24.3,21.0,29.1,0.0,14.3,1017.2,14.3,264,-0.1670516255021195,-0.9859481499638303,-1.7999999999999545,14.1,12.0,1018.7333333333335,1020.0,8.100000000000001
1360,1360,2018-09-22,24.8,22.2,28.8,0.0,14.3,1021.2,15.3,265,-0.15005539834465262,-0.9886775902323404,4.0,14.3,14.1,1019.1333333333333,1019.0,6.600000000000001
1361,1361,2018-09-23,24.4,21.8,28.8,0.0,15.3,1021.2,13.3,266,-0.13301470653419636,-0.9911140639934546,0.0,14.3,14.3,1019.8666666666668,1017.2,7.0
1362,1362,2018-09-24,23.5,21.9,26.3,1.2,13.3,1020.9,22.2,267,-0.11593459959550066,-0.9932568492674143,-0.3000000000000682,15.3,14.3,1021.1,1021.2,4.400000000000002
1363,1363,2018-09-25,21.9,18.3,26.0,0.0,22.2,1025.1,30.9,268,-0.09882013873287211,-0.9951053111006974,4.199999999999932,13.3,15.3,1022.4,1021.2,7.699999999999999
1364,1364,2018-09-26,22.2,18.0,25.2,0.0,30.9,1030.2,12.5,269,-0.08167639533042288,-0.99665890175417,5.100000000000136,22.2,13.3,1025.3999999999999,1020.9,7.199999999999999
1365,1365,2018-09-27,19.6,15.8,24.2,0.0,12.5,1028.8,16.6,270,-0.06450844944931625,-0.9979171608653922,-1.400000000000091,30.9,22.2,1028.0333333333335,1025.1,8.399999999999999
1366,1366,2018-09-28,21.5,16.1,27.0,0.0,16.6,1019.8,14.9,271,-0.04732138832243232,-0.9988797155850335,-9.0,12.5,30.9,1026.2666666666667,1030.2,10.899999999999999
1367,1367,2018-09-29,22.2,18.6,27.5,0.0,14.9,1016.2,15.4,272,-0.03012030484690836,-0.9995462806873573,-3.599999999999909,16.6,12.5,1021.6,1028.8,8.899999999999999
1368,1368,2018-09-30,22.2,18.9,26.8,0.0,15.4,1017.0,16.0,273,-0.012910296075008843,-0.9999166586547379,0.7999999999999545,14.9,16.6,1017.6666666666666,1019.8,7.900000000000002
1369,1369,2018-10-01,20.8,18.2,25.2,0.0,16.0,1016.7,15.0,274,0.004303538296243821,-0.9999907397361901,-0.2999999999999545,15.4,14.9,1016.6333333333333,1016.2,7.0
1370,1370,2018-10-02,19.2,14.8,24.4,0.0,15.0,1019.5,15.4,275,0.021516097436222233,-0.9997685019798909,2.7999999999999545,16.0,15.4,1017.7333333333332,1017.0,9.599999999999998
1371,1371,2018-10-03,19.8,15.7,26.0,0.0,15.4,1021.2,13.8,276,0.03872228089217399,-0.9992500112396835,1.7000000000000455,15.0,16.0,1019.1333333333333,1016.7,10.3
1372,1372,2018-10-04,20.2,15.8,25.5,0.0,13.8,1020.8,14.0,277,0.05591699010060302,-0.9984354211555643,-0.40000000000009095,15.4,15.0,1020.5,1019.5,9.7
1373,1373,2018-10-05,20.4,16.0,25.1,0.0,14.0,1018.9,13.7,278,0.07309512989807776,-0.9973249731081555,-1.8999999999999773,13.8,15.4,1020.3000000000001,1021.2,9.100000000000001
1374,1374,2018-10-06,20.9,17.2,25.7,0.3,13.7,1015.6,13.8,279,0.0902516100310407,-0.9959189961471792,-3.2999999999999545,14.0,13.8,1018.4333333333334,1020.8,8.5
1375,1375,2018-10-07,18.9,15.4,23.5,6.9,13.8,1014.3,12.9,280,0.10738134666416306,-0.994217906893952,-1.3000000000000682,13.7,14.0,1016.2666666666668,1018.9,8.1
1376,1376,2018-10-08,16.8,15.0,21.8,5.1,12.9,1016.8,22.6,281,0.12447926388678869,-0.9922222094179324,2.5,13.8,13.7,1015.5666666666666,1015.6,6.800000000000001
1377,1377,2018-10-09,18.4,15.4,22.1,4.2,22.6,1014.6,16.3,282,0.141540295217043,-0.989932495087353,-2.199999999999932,12.9,13.8,1015.2333333333332,1014.3,6.700000000000001
1378,1378,2018-10-10,20.1,17.4,24.3,,16.3,1010.6,14.4,283,0.15855938510313475,-0.9873494423939864,-4.0,22.6,12.9,1014.0,1016.8,6.900000000000002
1379,1379,2018-10-11,20.4,17.1,25.3,0.0,14.4,1013.5,10.0,284,0.17553149042142777,-0.9844738167520923,2.8999999999999773,16.3,22.6,1012.9,1014.6,8.2
1380,1380,2018-10-12,20.9,17.8,25.5,0.0,10.0,1021.0,6.9,285,0.19245158197082995,-0.9813064702716093,7.5,14.4,16.3,1015.0333333333334,1010.6,7.699999999999999
1381,1381,2018-10-13,21.7,19.7,25.3,1.2,6.9,1019.6,17.1,286,0.20931464596304888,-0.9778483415056567,-1.3999999999999773,10.0,14.4,1018.0333333333333,1013.5,5.600000000000001
1382,1382,2018-10-14,21.3,18.5,26.0,18.2,17.1,1010.8,16.5,287,0.22611568550828803,-0.9741004551724206,-8.800000000000068,6.9,10.0,1017.1333333333333,1021.0,7.5
1383,1383,2018-10-15,19.6,16.4,23.7,0.0,16.5,1006.0,15.7,288,0.2428497220959358,-0.970063921851507,-4.7999999999999545,17.1,6.9,1012.1333333333333,1019.6,7.300000000000001
1384,1384,2018-10-16,18.3,15.1,23.0,0.0,15.7,1014.7,17.8,289,0.25951179706979943,-0.965739937654855,8.700000000000045,16.5,17.1,1010.5,1010.8,7.9
1385,1385,2018-10-17,18.8,16.1,22.9,0.0,17.8,1015.4,22.4,290,0.27609697309746883,-0.9611297838723007,0.6999999999999318,15.7,16.5,1012.0333333333333,1006.0,6.799999999999997
1386,1386,2018-10-18,19.2,16.6,22.8,10.1,22.4,1011.6,27.1,291,0.2926003356333479,-0.9562348265919058,-3.7999999999999545,17.8,15.7,1013.9,1014.7,6.199999999999999
1387,1387,2018-10-19,20.7,18.0,24.3,23.8,27.1,1014.6,16.2,292,0.30901699437494723,-0.9510565162951536,3.0,22.4,17.8,1013.8666666666668,1015.4,6.300000000000001
1388,1388,2018-10-20,19.4,17.2,23.8,0.0,16.2,1021.2,15.3,293,0.3253420847119795,-0.9455963874271428,6.600000000000023,27.1,22.4,1015.8000000000001,1011.6,6.600000000000001
1389,1389,2018-10-21,18.7,16.3,23.6,0.0,15.3,1021.0,12.8,294,0.341570769167856,-0.9398560579418953,-0.20000000000004547,16.2,27.1,1018.9333333333334,1014.6,7.300000000000001
1390,1390,2018-10-22,18.7,15.6,23.2,0.0,12.8,1020.6,14.7,295,0.35769823883312546,-0.9338372288229252,-0.39999999999997726,15.3,16.2,1020.9333333333334,1021.2,7.6
1391,1391,2018-10-23,16.8,14.0,22.7,0.0,14.7,1025.0,17.3,296,0.3737197147904692,-0.9275416835791965,4.399999999999977,12.8,15.3,1022.2000000000002,1021.0,8.7
1392,1392,2018-10-24,18.3,14.4,25.0,0.0,17.3,1020.5,13.2,297,0.38963044953078774,-0.9209712877166347,-4.5,14.7,12.8,1022.0333333333334,1020.6,10.6
1393,1393,2018-10-25,17.4,14.6,23.3,0.0,13.2,1017.2,12.6,298,0.4054257283599973,-0.9141279881853337,-3.2999999999999545,17.3,14.7,1020.9000000000001,1025.0,8.700000000000001
1394,1394,2018-10-26,17.0,12.9,23.2,0.5,12.6,1013.1,10.0,299,0.42110087079608916,-0.9070138128026362,-4.100000000000023,13.2,17.3,1016.9333333333334,1020.5,10.299999999999999
1395,1395,2018-10-27,14.5,10.5,17.9,21.4,10.0,1004.5,11.7,300,0.4366512319560638,-0.8996308696522434,-8.600000000000023,12.6,13.2,1011.6,1017.2,7.399999999999999
1396,1396,2018-10-28,9.9,9.0,13.1,4.0,11.7,999.5,17.1,301,0.45207220393230374,-0.8919813464595487,-5.0,10.0,12.6,1005.7000000000002,1013.1,4.1
1397,1397,2018-10-29,9.9,7.4,15.4,0.0,17.1,994.8,9.8,302,0.46735921715800205,-0.8840675099433637,-4.7000000000000455,11.7,10.0,999.6,1004.5,8.0
1398,1398,2018-10-30,11.0,5.4,17.6,24.1,9.8,1005.7,17.3,303,0.48250774176121763,-0.8758917051442433,10.900000000000091,17.1,11.7,1000.0000000000001,999.5,12.200000000000001
1399,1399,2018-10-31,13.9,10.8,17.8,20.5,17.3,1005.7,14.5,304,0.4975132889071803,-0.8674563547295971,0.0,9.8,17.1,1002.0666666666667,994.8,7.0
1400,1400,2018-11-01,12.4,9.3,17.9,0.0,14.5,1013.1,14.1,305,0.5123714121284235,-0.858763958275803,7.399999999999977,17.3,9.8,1008.1666666666666,1005.7,8.599999999999998
1401,1401,2018-11-02,12.9,9.8,19.8,0.0,14.1,1018.7,16.0,306,0.5270777086423724,-0.8498170915275277,5.600000000000023,14.5,17.3,1012.5000000000001,1005.7,10.0
1402,1402,2018-11-03,12.8,9.0,19.0,0.0,16.0,1019.8,15.3,307,0.5416278206559811,-0.8406184056344783,1.099999999999909,14.1,14.5,1017.2000000000002,1013.1,10.0
1403,1403,2018-11-04,14.7,10.6,21.4,0.0,15.3,1012.0,15.2,308,0.5560174366570446,-0.8311706263658079,-7.7999999999999545,16.0,14.1,1016.8333333333334,1018.7,10.799999999999999
1404,1404,2018-11-05,15.4,12.1,19.9,2.1,15.2,1005.9,15.9,309,0.5702422926917867,-0.8214765533024145,-6.100000000000023,15.3,16.0,1012.5666666666667,1019.8,7.799999999999999
1405,1405,2018-11-06,13.3,10.6,17.1,0.0,15.9,1009.7,11.3,310,0.5842981736283683,-0.8115390590073611,3.800000000000068,15.2,15.3,1009.2000000000002,1012.0,6.500000000000002
1406,1406,2018-11-07,13.9,9.5,19.6,0.0,11.3,1013.9,11.4,311,0.5981809144059158,-0.801361088174677,4.199999999999932,15.9,15.2,1009.8333333333334,1005.9,10.100000000000001
1407,1407,2018-11-08,13.8,11.2,18.1,18.9,11.4,1018.6,11.3,312,0.6118864012687242,-0.7909456567567774,4.7000000000000455,11.3,15.9,1014.0666666666667,1009.7,6.900000000000002
1408,1408,2018-11-09,14.1,10.9,16.9,0.5,11.3,1012.8,11.6,313,0.6254105729852457,-0.780295851070776,-5.800000000000068,11.4,11.3,1015.1,1013.9,5.999999999999998
1409,1409,2018-11-10,13.9,9.7,19.2,0.0,11.6,1013.2,8.0,314,0.6387494220515268,-0.7694148268839381,0.40000000000009095,11.3,11.4,1014.8666666666668,1018.6,9.5
1410,1410,2018-11-11,16.1,12.5,21.7,0.0,8.0,1014.6,16.2,315,0.6518989958787125,-0.7583058084785625,1.3999999999999773,11.6,11.3,1013.5333333333334,1012.8,9.2
1411,1411,2018-11-12,16.7,13.6,20.3,0.0,16.2,1018.5,19.9,316,0.6648553979642866,-0.7469720876965551,3.8999999999999773,8.0,11.6,1015.4333333333334,1013.2,6.700000000000001
1412,1412,2018-11-13,17.5,14.8,21.4,0.0,19.9,1024.1,17.2,317,0.6776147890466887,-0.7354170229639858,5.599999999999909,16.2,8.0,1019.0666666666667,1014.6,6.599999999999998
1413,1413,2018-11-14,17.2,15.1,19.8,0.2,17.2,1024.3,15.8,318,0.690173388242972,-0.7236440382959124,0.20000000000004547,19.9,16.2,1022.3000000000001,1018.5,4.700000000000001
1414,1414,2018-11-15,16.4,14.3,20.2,60.4,15.8,1020.6,16.1,319,0.7025274741691566,-0.711656622281775,-3.699999999999932,17.2,19.9,1023.0,1024.1,5.899999999999999
1415,1415,2018-11-16,15.3,13.2,17.6,0.0,16.1,1021.1,15.6,320,0.7146733860429608,-0.6994583270516471,0.5,15.8,17.2,1022.0,1024.3,4.400000000000002
1416,1416,2018-11-17,14.9,12.9,17.0,0.0,15.6,1017.5,27.8,321,0.7266075247685652,-0.6870527672236675,-3.6000000000000227,16.1,15.8,1019.7333333333335,1020.6,4.1
1417,1417,2018-11-18,13.2,12.3,15.3,12.3,27.8,1012.1,22.5,322,0.7383263540031063,-0.6744436188329457,-5.399999999999977,15.6,16.1,1016.9000000000001,1021.1,3.0
1418,1418,2018-11-19,13.4,10.8,16.2,0.0,22.5,1003.2,10.6,323,0.749826401204568,-0.661634618242279,-8.899999999999977,27.8,15.6,1010.9333333333334,1017.5,5.399999999999999
1419,1419,2018-11-20,12.2,10.0,16.4,4.9,10.6,1001.2,12.2,324,0.7611042586607742,-0.6486295610349818,-2.0,22.5,27.8,1005.5000000000001,1012.1,6.399999999999999
1420,1420,2018-11-21,12.3,9.2,18.3,0.0,12.2,1010.0,10.9,325,0.7721565844991641,-0.6354323008901775,8.799999999999955,10.6,22.5,1004.8000000000002,1003.2,9.100000000000001
1421,1421,2018-11-22,12.5,8.7,18.3,,10.9,1016.4,14.9,326,0.7829801036770624,-0.622046748440868,6.399999999999977,12.2,10.6,1009.2000000000002,1001.2,9.600000000000001
1422,1422,2018-11-23,10.7,7.5,12.6,3.0,14.9,1013.8,12.3,327,0.7935716089521472,-0.6084768701151264,-2.6000000000000227,10.9,12.2,1013.4000000000001,1010.0,5.1
1423,1423,2018-11-24,9.9,6.9,16.9,0.0,12.3,1015.2,12.0,328,0.8039279618328208,-0.594726686960764,1.400000000000091,14.9,10.9,1015.1333333333336,1016.4,9.999999999999998
1424,1424,2018-11-25,10.6,7.1,15.9,0.0,12.0,1008.8,13.8,329,0.8140460935082175,-0.5808002734538013,-6.400000000000091,12.3,14.9,1012.6,1013.8,8.8
1425,1425,2018-11-26,10.8,8.5,15.8,2.5,13.8,1007.2,11.2,330,0.8239230057575536,-0.5667017562911184,-1.599999999999909,12.0,12.3,1010.4000000000001,1015.2,7.300000000000001
1426,1426,2018-11-27,10.8,5.6,16.7,0.0,11.2,1018.0,13.4,331,0.8335557718385695,-0.5524353131676203,10.799999999999955,13.8,12.0,1011.3333333333334,1008.8,11.1
1427,1427,2018-11-28,10.8,6.7,17.1,0.0,13.4,1021.7,13.2,332,0.8429415373547832,-0.5380051715382992,3.7000000000000455,11.2,13.8,1015.6333333333336,1007.2,10.400000000000002
1428,1428,2018-11-29,10.4,7.0,16.5,0.0,13.2,1020.3,12.4,333,0.8520775211013093,-0.5234156073655503,-1.400000000000091,13.4,11.2,1020.0,1018.0,9.5
1429,1429,2018-11-30,11.6,9.4,15.8,0.0,12.4,1016.4,12.9,334,0.8609610158889945,-0.5086709438521042,-3.8999999999999773,13.2,13.4,1019.4666666666667,1021.7,6.4
1430,1430,2018-12-01,10.3,7.6,15.0,0.0,12.9,1020.7,15.2,335,0.8695893893466109,-0.49377555015997737,4.300000000000068,12.4,13.2,1019.1333333333333,1020.3,7.4
1431,1431,2018-12-02,12.1,8.2,17.8,0.0,15.2,1020.4,16.1,336,0.8779600847008883,-0.4787338401157883,-0.3000000000000682,12.9,12.4,1019.1666666666666,1016.4,9.600000000000001
1432,1432,2018-12-03,12.8,9.8,17.4,0.0,16.1,1019.9,17.7,337,0.8860706215341378,-0.4635502709028512,-0.5,15.2,12.9,1020.3333333333334,1020.7,7.599999999999998
1433,1433,2018-12-04,13.4,10.8,20.2,0.0,17.7,1022.9,16.2,338,0.893918596519257,-0.4482293417404106,3.0,16.1,15.2,1021.0666666666667,1020.4,9.399999999999999
1434,1434,2018-12-05,12.7,9.3,18.0,0.0,16.2,1023.8,17.6,339,0.9015016841318838,-0.4327755925504317,0.8999999999999773,17.7,16.1,1022.2000000000002,1019.9,8.7
1435,1435,2018-12-06,12.1,9.7,17.6,0.0,17.6,1025.6,17.6,340,0.9088176373395028,-0.41719360261231697,1.7999999999999545,16.2,17.7,1024.1000000000001,1022.9,7.900000000000002
1436,1436,2018-12-07,10.1,8.1,14.1,0.0,17.6,1024.7,12.9,341,0.9158642882672868,-0.4014879892059737,-0.8999999999998636,17.6,16.2,1024.7,1023.8,6.0
1437,1437,2018-12-08,10.9,8.2,15.3,0.0,12.9,1025.8,15.8,342,0.9226395488404875,-0.38566340624360745,1.099999999999909,17.6,17.6,1025.3666666666668,1025.6,7.100000000000001
1438,1438,2018-12-09,11.7,7.5,17.1,0.0,15.8,1024.3,13.1,343,0.9291414114031743,-0.3697245428906732,-1.5,12.9,17.6,1024.9333333333334,1024.7,9.600000000000001
1439,1439,2018-12-10,11.0,8.1,15.3,0.0,13.1,1027.9,15.0,344,0.935367949313148,-0.3536761221763721,3.6000000000001364,15.8,12.9,1026.0000000000002,1025.8,7.200000000000001
1440,1440,2018-12-11,9.1,5.3,15.5,0.0,15.0,1022.6,12.1,345,0.941317317512847,-0.33752289959411347,-5.300000000000068,13.1,15.8,1024.9333333333334,1024.3,10.2
1441,1441,2018-12-12,10.3,7.4,16.7,0.0,12.1,1018.7,10.4,346,0.9469877530760751,-0.32126966169236515,-3.8999999999999773,15.0,13.1,1023.0666666666667,1027.9,9.299999999999999
1442,1442,2018-12-13,10.3,9.7,11.7,4.3,10.4,1007.8,10.6,347,0.9523775757303973,-0.3049212246562894,-10.900000000000091,12.1,15.0,1016.3666666666668,1022.6,2.0
1443,1443,2018-12-14,10.7,8.3,15.5,0.0,10.6,1013.8,9.8,348,0.9574851883550389,-0.2884824328806098,6.0,10.4,12.1,1013.4333333333334,1018.7,7.199999999999999
1444,1444,2018-12-15,10.3,7.1,14.9,0.0,9.8,1020.9,10.2,349,0.9623090774541487,-0.27195815753410524,7.100000000000023,10.6,10.4,1014.1666666666666,1007.8,7.800000000000001
1445,1445,2018-12-16,12.6,10.5,15.2,0.0,10.2,1016.9,17.9,350,0.9668478136052773,-0.2553532951161881,-4.0,9.8,10.6,1017.2000000000002,1013.8,4.699999999999999
1446,1446,2018-12-17,10.9,7.9,15.2,0.0,17.9,1025.4,12.9,351,0.9711000518829505,-0.23867276600594997,8.500000000000114,10.2,9.8,1021.0666666666667,1020.9,7.299999999999999
1447,1447,2018-12-18,9.7,5.0,15.3,0.0,12.9,1024.8,13.3,352,0.9750645322571945,-0.22192151300416674,-0.6000000000001364,17.9,10.2,1022.3666666666668,1016.9,10.3
1448,1448,2018-12-19,12.1,8.6,18.3,0.0,13.3,1019.2,12.0,353,0.9787400799669153,-0.20510449986861926,-5.599999999999909,12.9,17.9,1023.1333333333336,1025.4,9.700000000000001
1449,1449,2018-12-20,10.0,7.0,16.3,0.0,12.0,1024.8,16.4,354,0.9821256058680006,-0.1882267098432439,5.599999999999909,13.3,12.9,1022.9333333333334,1024.8,9.3
1450,1450,2018-12-21,10.6,5.6,16.8,0.0,16.4,1029.1,12.7,355,0.9852201067560606,-0.1712931441814778,4.2999999999999545,12.0,13.3,1024.3666666666668,1019.2,11.200000000000001
1451,1451,2018-12-22,12.3,9.1,20.3,0.0,12.7,1028.9,14.5,356,0.9880226656636976,-0.154308820664281,-0.1999999999998181,16.4,12.0,1027.6000000000001,1024.8,11.200000000000001
1452,1452,2018-12-23,12.1,8.8,17.6,0.0,14.5,1029.0,16.0,357,0.9905324521322227,-0.13727877211326517,0.09999999999990905,12.7,16.4,1029.0,1029.1,8.8
1453,1453,2018-12-24,12.3,9.8,18.4,0.0,16.0,1026.6,12.6,358,0.9927487224577402,-0.12020804489935275,-2.400000000000091,14.5,12.7,1028.1666666666667,1028.9,8.599999999999998
1454,1454,2018-12-25,10.6,7.6,15.6,0.0,12.6,1029.3,12.3,359,0.9946708199115211,-0.10310169744743544,2.7000000000000455,16.0,14.5,1028.3,1029.0,8.0
1455,1455,2018-12-26,10.3,8.0,16.1,0.0,12.3,1029.8,14.3,360,0.9962981749346077,-0.0859647987374467,0.5,12.6,16.0,1028.5666666666666,1026.6,8.100000000000001
1456,1456,2018-12-27,10.3,7.6,15.6,0.0,14.3,1027.5,18.4,361,0.9976303053065857,-0.06880242680232064,-2.2999999999999545,12.3,12.6,1028.8666666666668,1029.3,8.0
1457,1457,2018-12-28,8.3,5.6,15.3,0.0,18.4,1028.0,20.8,362,0.9986668162884759,-0.05161966722325418,0.5,14.3,12.3,1028.4333333333334,1029.8,9.700000000000001
1458,1458,2018-12-29,7.7,5.5,12.9,0.0,20.8,1029.3,23.2,363,0.9994074007397048,-0.034421611622745804,1.2999999999999545,18.4,14.3,1028.2666666666667,1027.5,7.4
1459,1459,2018-12-30,7.9,3.9,15.0,0.0,23.2,1028.8,18.4,364,0.9998518392091162,-0.01721335615583528,-0.5,20.8,18.4,1028.7,1028.0,11.1
1460,1460,2018-12-31,9.6,5.7,16.6,0.0,18.4,1028.7,15.5,365,1.0,6.432490598706546e-16,-0.09999999999990905,23.2,20.8,1028.9333333333334,1029.3,10.900000000000002
1461,1461,2019-01-01,9.8,5.3,17.3,0.0,15.5,1029.1,23.5,1,0.9998518392091162,0.017213356155834685,0.3999999999998636,18.4,23.2,1028.8666666666666,1028.8,12.0
1462,1462,2019-01-02,7.9,5.0,13.0,0.0,23.5,1026.2,20.2,2,0.9994074007397048,0.03442161162274574,-2.8999999999998636,15.5,18.4,1028.0,1028.7,8.0
1463,1463,2019-01-03,6.7,3.2,14.2,0.0,20.2,1028.9,15.4,3,0.998666816288476,0.051619667223253764,2.7000000000000455,23.5,15.5,1028.0666666666668,1029.1,11.0
1464,1464,2019-01-04,6.2,2.2,12.9,0.0,15.4,1030.6,20.0,4,0.9976303053065857,0.06880242680231986,1.699999999999818,20.2,23.5,1028.5666666666666,1026.2,10.7
1465,1465,2019-01-05,7.5,3.5,13.4,0.0,20.0,1029.0,25.3,5,0.9962981749346078,0.08596479873744647,-1.599999999999909,15.4,20.2,1029.5,1028.9,9.9
1466,1466,2019-01-06,10.3,6.6,16.8,0.0,25.3,1025.7,18.7,6,0.9946708199115211,0.10310169744743485,-3.2999999999999545,20.0,15.4,1028.4333333333334,1030.6,10.200000000000001
1467,1467,2019-01-07,8.6,5.6,15.7,0.0,18.7,1028.3,19.3,7,0.9927487224577402,0.1202080448993527,2.599999999999909,25.3,20.0,1027.6666666666667,1029.0,10.1
1468,1468,2019-01-08,6.8,3.3,13.3,0.0,19.3,1026.5,15.1,8,0.9905324521322229,0.13727877211326478,-1.7999999999999545,18.7,25.3,1026.8333333333333,1025.7,10.0
1469,1469,2019-01-09,9.3,6.1,14.9,0.0,15.1,1016.2,14.0,9,0.9880226656636976,0.15430882066428117,-10.299999999999955,19.3,18.7,1023.6666666666669,1028.3,8.8
1470,1470,2019-01-10,7.1,3.0,12.8,0.0,14.0,1017.4,14.9,10,0.9852201067560606,0.1712931441814776,1.1999999999999318,15.1,19.3,1020.0333333333334,1026.5,9.8
1471,1471,2019-01-11,4.8,1.3,11.1,0.0,14.9,1023.6,15.0,11,0.9821256058680006,0.1882267098432442,6.2000000000000455,14.0,15.1,1019.0666666666667,1016.2,9.799999999999999
1472,1472,2019-01-12,6.2,2.3,13.7,0.0,15.0,1026.7,14.4,12,0.9787400799669153,0.2051044998686192,3.1000000000000227,14.9,14.0,1022.5666666666667,1017.4,11.399999999999999
1473,1473,2019-01-13,8.2,3.3,16.0,0.0,14.4,1023.1,14.6,13,0.9750645322571948,0.2219215130041655,-3.6000000000000227,15.0,14.9,1024.4666666666667,1023.6,12.7
1474,1474,2019-01-14,11.2,7.5,16.6,0.0,14.6,1018.2,14.9,14,0.9711000518829505,0.2386727660059501,-4.899999999999977,14.4,15.0,1022.6666666666669,1026.7,9.100000000000001
1475,1475,2019-01-15,8.8,5.3,14.9,0.0,14.9,1021.2,12.8,15,0.9668478136052775,0.255353295116187,3.0,14.6,14.4,1020.8333333333335,1023.1,9.600000000000001
1476,1476,2019-01-16,9.3,5.8,14.8,0.0,12.8,1018.4,13.3,16,0.9623090774541486,0.2719581575341055,-2.800000000000068,14.9,14.6,1019.2666666666668,1018.2,9.0
1477,1477,2019-01-17,9.9,7.8,15.8,12.0,13.3,1016.6,18.6,17,0.9574851883550393,0.288482432880609,-1.7999999999999545,12.8,14.9,1018.7333333333335,1021.2,8.0
1478,1478,2019-01-18,7.3,5.6,10.3,0.0,18.6,1017.7,15.2,18,0.9523775757303974,0.30492122465628907,1.1000000000000227,13.3,12.8,1017.5666666666667,1018.4,4.700000000000001
1479,1479,2019-01-19,6.9,3.2,13.3,7.1,15.2,1014.7,16.9,19,0.9469877530760753,0.3212696616923644,-3.0,18.6,13.3,1016.3333333333335,1016.6,10.100000000000001
1480,1480,2019-01-20,7.7,5.3,10.4,13.2,16.9,1010.6,14.5,20,0.9413173175128471,0.3375228995941133,-4.100000000000023,15.2,18.6,1014.3333333333335,1017.7,5.1000000000000005
1481,1481,2019-01-21,6.9,3.8,13.4,0.0,14.5,1016.3,14.7,21,0.9353679493131483,0.3536761221763716,5.699999999999932,16.9,15.2,1013.8666666666668,1014.7,9.600000000000001
1482,1482,2019-01-22,5.9,1.6,10.7,0.0,14.7,1012.2,12.5,22,0.9291414114031743,0.3697245428906731,-4.099999999999909,14.5,16.9,1013.0333333333334,1010.6,9.1
1483,1483,2019-01-23,7.7,3.4,14.1,,12.5,999.7,18.7,23,0.9226395488404876,0.38566340624360707,-12.5,14.7,14.5,1009.4000000000001,1016.3,10.7
1484,1484,2019-01-24,7.8,3.3,14.3,0.0,18.7,1003.7,11.4,24,0.9158642882672872,0.401487989205973,4.0,12.5,14.7,1005.2000000000002,1012.2,11.0
1485,1485,2019-01-25,7.3,1.8,14.6,0.0,11.4,1011.6,13.5,25,0.9088176373395029,0.4171936026123168,7.899999999999977,18.7,12.5,1005.0000000000001,999.7,12.799999999999999
1486,1486,2019-01-26,9.9,5.6,15.4,0.0,13.5,1016.1,18.3,26,0.901501684131884,0.4327755925504312,4.5,11.4,18.7,1010.4666666666668,1003.7,9.8
1487,1487,2019-01-27,10.2,6.0,17.2,0.0,18.3,1008.0,17.7,27,0.893918596519257,0.4482293417404106,-8.100000000000023,13.5,11.4,1011.9000000000001,1011.6,11.2
1488,1488,2019-01-28,9.9,6.3,15.6,0.0,17.7,1008.1,13.7,28,0.886070621534138,0.4635502709028509,0.10000000000002274,18.3,13.5,1010.7333333333335,1016.1,9.3
1489,1489,2019-01-29,7.9,5.8,10.8,0.0,13.7,1009.5,19.6,29,0.8779600847008882,0.47873384011578846,1.3999999999999773,17.7,18.3,1008.5333333333334,1008.0,5.000000000000001
1490,1490,2019-01-30,9.7,6.4,14.7,0.0,19.6,1006.6,12.8,30,0.869589389346611,0.49377555015997715,-2.8999999999999773,13.7,17.7,1008.0666666666667,1008.1,8.299999999999999
1491,1491,2019-01-31,11.2,7.2,15.6,0.3,12.8,999.2,19.7,31,0.8609610158889943,0.5086709438521044,-7.399999999999977,19.6,13.7,1005.1,1009.5,8.399999999999999
1492,1492,2019-02-01,13.0,9.0,15.8,0.1,19.7,991.1,20.0,32,0.8520775211013093,0.5234156073655503,-8.100000000000023,12.8,19.6,998.9666666666668,1006.6,6.800000000000001
1493,1493,2019-02-02,9.6,7.6,13.5,0.0,20.0,997.3,16.8,33,0.8429415373547828,0.5380051715382996,6.199999999999932,19.7,12.8,995.8666666666668,999.2,5.9
1494,1494,2019-02-03,8.7,5.0,14.6,0.0,16.8,1014.2,14.6,34,0.8335557718385699,0.5524353131676196,16.90000000000009,20.0,19.7,1000.8666666666668,991.1,9.6
1495,1495,2019-02-04,7.4,3.2,13.6,0.0,14.6,1025.2,12.5,35,0.8239230057575542,0.5667017562911176,11.0,16.8,20.0,1012.2333333333335,997.3,10.399999999999999
1496,1496,2019-02-05,9.8,6.5,15.0,0.0,12.5,1026.0,12.7,36,0.8140460935082178,0.5808002734538009,0.7999999999999545,14.6,16.8,1021.8000000000001,1014.2,8.5
1497,1497,2019-02-06,10.4,7.0,15.7,0.0,12.7,1024.3,9.2,37,0.8039279618328213,0.5947266869607634,-1.7000000000000455,12.5,14.6,1025.1666666666667,1025.2,8.7
1498,1498,2019-02-07,9.8,6.8,14.3,,9.2,1021.7,16.3,38,0.7935716089521474,0.6084768701151261,-2.599999999999909,12.7,12.5,1024.0,1026.0,7.500000000000001
1499,1499,2019-02-08,10.2,6.2,15.1,,16.3,1022.1,9.1,39,0.7829801036770629,0.6220467484408675,0.39999999999997726,9.2,12.7,1022.6999999999999,1024.3,8.899999999999999
1500,1500,2019-02-09,10.3,6.8,15.9,0.0,9.1,1021.5,17.3,40,0.7721565844991642,0.6354323008901774,-0.6000000000000227,16.3,9.2,1021.7666666666668,1021.7,9.100000000000001
1501,1501,2019-02-10,12.3,6.6,19.3,0.0,17.3,1017.4,12.3,41,0.7611042586607747,0.6486295610349814,-4.100000000000023,9.1,16.3,1020.3333333333334,1022.1,12.700000000000001
1502,1502,2019-02-11,11.6,8.4,17.0,0.0,12.3,1024.9,16.3,42,0.7498264012045686,0.6616346182422783,7.500000000000114,17.3,9.1,1021.2666666666668,1021.5,8.6
1503,1503,2019-02-12,9.6,5.4,15.4,0.0,16.3,1031.4,11.0,43,0.7383263540031065,0.6744436188329455,6.5,12.3,17.3,1024.5666666666668,1017.4,10.0
1504,1504,2019-02-13,8.8,4.2,14.7,0.0,11.0,1032.7,15.1,44,0.7266075247685656,0.6870527672236669,1.2999999999999545,16.3,12.3,1029.6666666666667,1024.9,10.5
1505,1505,2019-02-14,8.3,3.9,14.1,0.0,15.1,1034.5,13.3,45,0.7146733860429609,0.699458327051647,1.7999999999999545,11.0,16.3,1032.8666666666668,1031.4,10.2
1506,1506,2019-02-15,8.2,2.9,13.9,0.0,13.3,1031.0,12.2,46,0.7025274741691571,0.7116566222817746,-3.5,15.1,11.0,1032.7333333333333,1032.7,11.0
1507,1507,2019-02-16,8.7,3.6,16.6,0.0,12.2,1029.9,13.3,47,0.6901733882429719,0.7236440382959124,-1.099999999999909,13.3,15.1,1031.8000000000002,1034.5,13.000000000000002
1508,1508,2019-02-17,8.4,3.8,15.3,0.0,13.3,1027.2,14.5,48,0.6776147890466889,0.7354170229639855,-2.7000000000000455,12.2,13.3,1029.3666666666668,1031.0,11.5
1509,1509,2019-02-18,10.2,5.7,16.3,0.0,14.5,1023.4,11.8,49,0.6648553979642865,0.7469720876965552,-3.800000000000068,13.3,12.2,1026.8333333333335,1029.9,10.600000000000001
1510,1510,2019-02-19,10.8,7.8,15.3,0.0,11.8,1022.6,8.2,50,0.6518989958787126,0.7583058084785624,-0.7999999999999545,14.5,13.3,1024.4,1027.2,7.500000000000001
1511,1511,2019-02-20,11.4,7.5,16.9,0.0,8.2,1025.3,15.2,51,0.6387494220515272,0.7694148268839378,2.699999999999932,11.8,14.5,1023.7666666666668,1023.4,9.399999999999999
1512,1512,2019-02-21,9.4,5.0,14.8,0.0,15.2,1029.5,13.9,52,0.6254105729852463,0.7802958510707755,4.2000000000000455,8.2,11.8,1025.8,1022.6,9.8
1513,1513,2019-02-22,12.3,7.1,19.0,0.0,13.9,1028.4,15.7,53,0.6118864012687243,0.7909456567567772,-1.099999999999909,15.2,8.2,1027.7333333333333,1025.3,11.9
1514,1514,2019-02-23,12.9,8.8,19.3,0.0,15.7,1027.2,11.8,54,0.5981809144059165,0.8013610881746766,-1.2000000000000455,13.9,15.2,1028.3666666666666,1029.5,10.5
1515,1515,2019-02-24,11.0,7.2,15.8,0.0,11.8,1032.7,12.2,55,0.5842981736283684,0.8115390590073611,5.5,15.7,13.9,1029.4333333333334,1028.4,8.600000000000001
1516,1516,2019-02-25,10.3,6.5,15.8,0.0,12.2,1032.8,11.3,56,0.5702422926917871,0.8214765533024142,0.09999999999990905,11.8,15.7,1030.8999999999999,1027.2,9.3
1517,1517,2019-02-26,11.9,7.9,19.3,0.0,11.3,1030.1,10.5,57,0.5560174366570446,0.8311706263658079,-2.7000000000000455,12.2,11.8,1031.8666666666666,1032.7,11.4
1518,1518,2019-02-27,11.6,7.9,17.2,0.0,10.5,1025.9,9.4,58,0.5416278206559814,0.8406184056344782,-4.199999999999818,11.3,12.2,1029.6,1032.8,9.299999999999999
1519,1519,2019-02-28,12.6,8.8,19.1,0.0,9.4,1025.3,11.7,59,0.5270777086423722,0.8498170915275278,-0.6000000000001364,10.5,11.3,1027.1000000000001,1030.1,10.3
1520,1520,2019-03-01,11.8,8.4,17.2,0.0,11.7,1023.2,12.1,60,0.5123714121284237,0.8587639582758029,-2.099999999999909,9.4,10.5,1024.8,1025.9,8.799999999999999
1521,1521,2019-03-02,12.5,10.0,17.3,0.0,12.1,1022.6,18.9,61,0.49751328890718066,0.8674563547295969,-0.6000000000000227,11.7,9.4,1023.6999999999999,1025.3,7.300000000000001
1522,1522,2019-03-03,12.7,8.3,18.2,0.0,18.9,1021.1,17.6,62,0.48250774176121847,0.8758917051442429,-1.5,12.1,11.7,1022.3000000000001,1023.2,9.899999999999999
1523,1523,2019-03-04,15.8,10.9,22.4,0.0,17.6,1015.4,10.3,63,0.4673592171580022,0.8840675099433636,-5.7000000000000455,18.9,12.1,1019.6999999999999,1022.6,11.499999999999998
1524,1524,2019-03-05,12.9,10.0,17.1,0.0,10.3,1018.1,8.4,64,0.45207220393230435,0.8919813464595485,2.7000000000000455,17.6,18.9,1018.2000000000002,1021.1,7.100000000000001
1525,1525,2019-03-06,12.7,10.0,15.7,0.2,8.4,1010.6,15.1,65,0.43665123195606403,0.8996308696522433,-7.5,10.3,17.6,1014.6999999999999,1015.4,5.699999999999999
1526,1526,2019-03-07,13.9,10.7,19.8,0.0,15.1,1012.8,11.5,66,0.4211008707960896,0.9070138128026359,2.199999999999932,8.4,10.3,1013.8333333333334,1018.1,9.100000000000001
1527,1527,2019-03-08,11.9,6.8,18.8,0.0,11.5,1021.1,14.6,67,0.40542572835999735,0.9141279881853337,8.300000000000068,15.1,8.4,1014.8333333333334,1010.6,12.0
1528,1528,2019-03-09,12.2,7.0,18.0,0.0,14.6,1029.1,10.1,68,0.38963044953078796,0.9209712877166346,7.999999999999886,11.5,15.1,1021.0,1012.8,11.0
1529,1529,2019-03-10,13.6,9.9,18.3,0.0,10.1,1027.1,15.3,69,0.37371971479046906,0.9275416835791966,-2.0,14.6,11.5,1025.7666666666667,1021.1,8.4
1530,1530,2019-03-11,13.4,11.6,17.0,0.0,15.3,1028.3,14.8,70,0.35769823883312546,0.9338372288229252,1.2000000000000455,10.1,14.6,1028.1666666666667,1029.1,5.4
1531,1531,2019-03-12,13.3,10.7,16.9,0.0,14.8,1026.5,14.8,71,0.3415707691678556,0.9398560579418954,-1.7999999999999545,15.3,10.1,1027.3,1027.1,6.199999999999999
1532,1532,2019-03-13,11.7,9.9,14.1,0.0,14.8,1021.6,17.1,72,0.3253420847119801,0.9455963874271426,-4.899999999999977,14.8,15.3,1025.4666666666667,1028.3,4.199999999999999
1533,1533,2019-03-14,11.9,7.2,18.5,0.0,17.1,1025.0,15.3,73,0.30901699437494745,0.9510565162951535,3.3999999999999773,14.8,14.8,1024.3666666666668,1026.5,11.3
1534,1534,2019-03-15,13.6,10.4,19.4,0.0,15.3,1023.9,17.1,74,0.29260033563334836,0.9562348265919056,-1.1000000000000227,17.1,14.8,1023.5,1021.6,8.999999999999998
1535,1535,2019-03-16,12.9,9.1,17.4,0.0,17.1,1021.4,12.5,75,0.27609697309746883,0.9611297838723007,-2.5,15.3,17.1,1023.4333333333334,1025.0,8.299999999999999
1536,1536,2019-03-17,12.7,9.4,16.8,0.0,12.5,1015.3,11.6,76,0.2595117970697999,0.9657399376548549,-6.100000000000023,17.1,15.3,1020.2000000000002,1023.9,7.4
1537,1537,2019-03-18,11.4,8.4,15.7,0.0,11.6,1021.8,13.2,77,0.2428497220959356,0.9700639218515071,6.5,12.5,17.1,1019.5,1021.4,7.299999999999999
1538,1538,2019-03-19,11.9,9.7,15.5,0.0,13.2,1023.4,14.8,78,0.22611568550828828,0.9741004551724205,1.6000000000000227,11.6,12.5,1020.1666666666666,1015.3,5.800000000000001
1539,1539,2019-03-20,11.4,7.5,16.1,0.0,14.8,1027.8,17.3,79,0.20931464596304847,0.9778483415056568,4.399999999999977,13.2,11.6,1024.3333333333333,1021.8,8.600000000000001
1540,1540,2019-03-21,11.2,6.4,16.9,0.0,17.3,1028.1,19.3,80,0.19245158197082998,0.9813064702716093,0.2999999999999545,14.8,13.2,1026.4333333333334,1023.4,10.499999999999998
1541,1541,2019-03-22,13.2,8.3,20.3,0.0,19.3,1027.4,15.8,81,0.1755314904214282,0.9844738167520922,-0.6999999999998181,17.3,14.8,1027.7666666666667,1027.8,12.0
1542,1542,2019-03-23,14.4,8.9,21.4,0.0,15.8,1025.6,11.2,82,0.15855938510313475,0.9873494423939864,-1.800000000000182,19.3,17.3,1027.0333333333335,1028.1,12.499999999999998
1543,1543,2019-03-24,15.6,10.9,21.7,0.0,11.2,1023.0,18.5,83,0.141540295217043,0.989932495087353,-2.599999999999909,15.8,19.3,1025.3333333333333,1027.4,10.799999999999999
1544,1544,2019-03-25,15.1,10.7,21.8,0.0,18.5,1019.1,14.4,84,0.12447926388678915,0.9922222094179323,-3.8999999999999773,11.2,15.8,1022.5666666666667,1025.6,11.100000000000001
1545,1545,2019-03-26,13.7,10.0,20.9,0.0,14.4,1020.8,12.9,85,0.10738134666416309,0.994217906893952,1.6999999999999318,18.5,11.2,1020.9666666666667,1023.0,10.899999999999999
1546,1546,2019-03-27,11.3,6.0,17.3,0.0,12.9,1024.9,13.0,86,0.09025161003104117,0.995918996147179,4.100000000000136,14.4,18.5,1021.6,1019.1,11.3
1547,1547,2019-03-28,11.9,7.2,17.5,0.0,13.0,1027.8,14.4,87,0.07309512989807777,0.9973249731081555,2.8999999999998636,12.9,14.4,1024.5,1020.8,10.3
1548,1548,2019-03-29,12.2,7.9,16.8,0.0,14.4,1027.8,15.1,88,0.055916990100603484,0.9984354211555643,0.0,13.0,12.9,1026.8333333333333,1024.9,8.9
1549,1549,2019-03-30,11.8,6.7,16.6,0.0,15.1,1024.0,22.5,89,0.03872228089217446,0.9992500112396835,-3.7999999999999545,14.4,13.0,1026.5333333333333,1027.8,9.900000000000002
1550,1550,2019-03-31,13.0,10.2,16.7,0.0,22.5,1017.8,11.5,90,0.021516097436222254,0.9997685019798909,-6.2000000000000455,15.1,14.4,1023.2000000000002,1027.8,6.5
1551,1551,2019-04-01,13.8,10.8,18.1,0.0,11.5,1015.4,16.2,91,0.004303538296244289,0.9999907397361901,-2.3999999999999773,22.5,15.1,1019.0666666666666,1024.0,7.300000000000001
1552,1552,2019-04-02,13.9,10.9,17.9,0.0,16.2,1014.2,12.6,92,-0.01291029607500882,0.9999166586547379,-1.1999999999999318,11.5,22.5,1015.8000000000001,1017.8,6.999999999999998
1553,1553,2019-04-03,13.8,10.4,17.4,3.4,12.6,1006.5,13.7,93,-0.030120304846908114,0.9995462806873573,-7.7000000000000455,16.2,11.5,1012.0333333333333,1015.4,6.999999999999998
1554,1554,2019-04-04,10.8,6.0,16.0,0.0,13.7,1003.2,15.6,94,-0.04732138832243185,0.9988797155850336,-3.2999999999999545,12.6,16.2,1007.9666666666667,1014.2,10.0
1555,1555,2019-04-05,11.7,6.6,17.4,2.2,15.6,1002.1,18.1,95,-0.06450844944931623,0.9979171608653922,-1.1000000000000227,13.7,12.6,1003.9333333333334,1006.5,10.799999999999999
1556,1556,2019-04-06,12.7,8.5,18.7,0.7,18.1,1000.9,12.9,96,-0.08167639533042241,0.9966589017541702,-1.2000000000000455,15.6,13.7,1002.0666666666667,1003.2,10.2
1557,1557,2019-04-07,11.6,8.4,18.0,1.4,12.9,1006.9,18.8,97,-0.09882013873287143,0.9951053111006976,6.0,18.1,15.6,1003.2999999999998,1002.1,9.6
1558,1558,2019-04-08,12.7,7.6,17.9,1.8,18.8,1011.5,14.2,98,-0.11593459959550041,0.9932568492674143,4.600000000000023,12.9,18.1,1006.4333333333334,1000.9,10.299999999999999
1559,1559,2019-04-09,12.6,8.5,16.7,10.5,14.2,1009.9,14.4,99,-0.1330147065341959,0.9911140639934547,-1.6000000000000227,18.8,12.9,1009.4333333333333,1006.9,8.2
1560,1560,2019-04-10,12.6,9.2,18.8,1.1,14.4,1009.8,12.7,100,-0.1500553983446526,0.9886775902323405,-0.10000000000002274,14.2,18.8,1010.4,1011.5,9.600000000000001
1561,1561,2019-04-11,14.4,10.1,19.8,0.0,12.7,1012.6,14.3,101,-0.16705162550211924,0.9859481499638304,2.800000000000068,14.4,14.2,1010.7666666666668,1009.9,9.700000000000001
1562,1562,2019-04-12,14.6,12.0,18.5,0.0,14.3,1014.9,14.0,102,-0.18399835165768005,0.9829265519799822,2.2999999999999545,12.7,14.4,1012.4333333333333,1009.8,6.5
1563,1563,2019-04-13,14.1,10.0,19.5,0.0,14.0,1016.8,16.0,103,-0.20089055513063506,0.9796136916454901,1.8999999999999773,14.3,12.7,1014.7666666666668,1012.6,9.5
1564,1564,2019-04-14,12.9,9.2,17.3,0.0,16.0,1015.3,14.1,104,-0.21772323039653177,0.9760105506323683,-1.5,14.0,14.3,1015.6666666666666,1014.9,8.100000000000001
1565,1565,2019-04-15,13.7,11.4,16.3,0.0,14.1,1017.9,12.8,105,-0.23449138957040985,0.9721181966290613,2.6000000000000227,16.0,14.0,1016.6666666666666,1016.8,4.9
1566,1566,2019-04-16,13.9,11.2,18.4,0.0,12.8,1019.5,11.0,106,-0.25119006388481935,0.9679377830240642,1.6000000000000227,14.1,16.0,1017.5666666666666,1015.3,7.199999999999999
1567,1567,2019-04-17,14.1,11.1,18.0,0.0,11.0,1019.6,34.0,107,-0.2678143051621742,0.9634705485641488,0.10000000000002274,12.8,14.1,1019.0,1017.9,6.9
1568,1568,2019-04-18,15.6,14.3,18.5,0.0,34.0,1017.8,46.0,108,-0.2843591872810034,0.9587178169872964,-1.8000000000000682,11.0,12.8,1018.9666666666667,1019.5,4.199999999999999
1569,1569,2019-04-19,17.1,15.9,20.6,0.0,46.0,1020.7,39.0,109,-0.30081980763566735,0.9536809966304457,2.900000000000091,34.0,11.0,1019.3666666666667,1019.6,4.700000000000001
1570,1570,2019-04-20,16.8,13.5,18.9,0.1,39.0,1020.3,37.2,110,-0.3171912885891061,0.9483615800121715,-0.40000000000009095,46.0,34.0,1019.6,1017.8,5.399999999999999
1571,1571,2019-04-21,16.6,13.2,19.9,0.2,37.2,1012.2,32.0,111,-0.3334687789181868,0.9427611433904207,-8.099999999999909,39.0,46.0,1017.7333333333332,1020.7,6.699999999999999
1572,1572,2019-04-22,16.6,14.3,18.3,2.1,32.0,1001.3,11.2,112,-0.3496474552512284,0.9368813462954315,-10.900000000000091,37.2,39.0,1011.2666666666668,1020.3,4.0
1573,1573,2019-04-23,15.4,14.3,18.9,0.1,11.2,998.4,20.0,113,-0.36572252349726897,0.9307239310379795,-2.8999999999999773,32.0,37.2,1003.9666666666666,1012.2,4.599999999999998
1574,1574,2019-04-24,15.4,13.0,18.1,0.0,20.0,1006.9,15.8,114,-0.3816892202666588,0.9242907221930933,8.5,11.2,32.0,1002.1999999999999,1001.3,5.100000000000001
1575,1575,2019-04-25,15.7,13.1,18.1,0.4,15.8,1011.2,18.6,115,-0.39754281428255595,0.9175836260593937,4.300000000000068,20.0,11.2,1005.5,998.4,5.000000000000002
1576,1576,2019-04-26,16.7,12.4,24.5,0.0,18.6,1019.0,12.9,116,-0.4132786077829042,0.9106046300942162,7.7999999999999545,15.8,20.0,1012.3666666666667,1006.9,12.1
1577,1577,2019-04-27,14.7,10.3,19.5,0.0,12.9,1024.8,12.3,117,-0.4288919379124835,0.9033558023246845,5.7999999999999545,18.6,15.8,1018.3333333333334,1011.2,9.2
1578,1578,2019-04-28,13.9,10.9,17.0,0.0,12.3,1023.3,12.1,118,-0.4443781781046132,0.895839290734909,-1.5,12.9,18.6,1022.3666666666668,1019.0,6.1
1579,1579,2019-04-29,15.4,14.3,18.5,0.3,12.1,1020.0,17.0,119,-0.45973273945210397,0.8880573226294932,-3.2999999999999545,12.3,12.9,1022.7000000000002,1024.8,4.199999999999999
1580,1580,2019-04-30,16.1,14.9,19.1,0.0,17.0,1017.6,16.5,120,-0.47495107206704995,0.8800122039735357,-2.3999999999999773,12.1,12.3,1020.3000000000001,1023.3,4.200000000000001
1581,1581,2019-05-01,15.7,12.4,19.8,0.0,16.5,1015.7,8.9,121,-0.4900286664290592,0.8717063187093218,-1.8999999999999773,17.0,12.1,1017.7666666666668,1020.0,7.4
1582,1582,2019-05-02,15.4,12.2,19.4,0.2,8.9,1015.8,9.3,122,-0.5049610547215204,0.8631421280499114,0.09999999999990905,16.5,17.0,1016.3666666666667,1017.6,7.199999999999999
1583,1583,2019-05-03,13.2,11.1,16.0,29.0,9.3,1013.0,18.5,123,-0.5197438121555155,0.854322169749827,-2.7999999999999545,8.9,16.5,1014.8333333333334,1015.7,4.9
1584,1584,2019-05-04,14.1,9.2,20.3,0.0,18.5,1010.9,17.0,124,-0.5343725582809786,0.8452490573530633,-2.1000000000000227,9.3,8.9,1013.2333333333332,1015.8,11.100000000000001
1585,1585,2019-05-05,15.9,11.4,23.3,0.0,17.0,1013.2,17.1,125,-0.548842958284719,0.8359254794186372,2.300000000000068,18.5,9.3,1012.3666666666668,1013.0,11.9
1586,1586,2019-05-06,14.3,10.7,18.0,0.0,17.1,1018.7,11.8,126,-0.5631507242749186,0.8263541987239096,5.5,17.0,18.5,1014.2666666666668,1010.9,7.300000000000001
1587,1587,2019-05-07,14.5,11.6,17.9,0.0,11.8,1018.1,21.1,127,-0.5772916165517272,0.8165380514459161,-0.6000000000000227,17.1,17.0,1016.6666666666666,1013.2,6.299999999999999
1588,1588,2019-05-08,16.9,15.8,20.1,0.3,21.1,1009.6,14.4,128,-0.5912614448635781,0.8064799463209448,-8.5,11.8,17.1,1015.4666666666667,1018.7,4.300000000000001
1589,1589,2019-05-09,16.7,13.5,20.9,0.0,14.4,1011.2,11.0,129,-0.6050560696488488,0.7961828637826158,1.6000000000000227,21.1,11.8,1012.9666666666667,1018.1,7.399999999999999
1590,1590,2019-05-10,17.4,14.4,20.9,0.2,11.0,1012.7,12.7,130,-0.6186714032625031,0.7856498550787147,1.5,14.4,21.1,1011.1666666666666,1009.6,6.499999999999998
1591,1591,2019-05-11,17.3,15.0,21.3,0.0,12.7,1018.6,14.2,131,-0.6321034111873487,0.7748840413670407,5.899999999999977,11.0,14.4,1014.1666666666666,1011.2,6.300000000000001
1592,1592,2019-05-12,16.1,12.8,21.7,0.0,14.2,1022.5,13.9,132,-0.6453481132295501,0.7638886127905428,3.8999999999999773,12.7,11.0,1017.9333333333334,1012.7,8.899999999999999
1593,1593,2019-05-13,15.9,12.0,20.1,0.0,13.9,1020.7,17.1,133,-0.6584015846980488,0.7526668275320085,-1.7999999999999545,14.2,12.7,1020.6,1018.6,8.100000000000001
1594,1594,2019-05-14,15.9,11.8,20.0,0.0,17.1,1018.5,18.9,134,-0.6712599575675313,0.7412220108485958,-2.2000000000000455,13.9,14.2,1020.5666666666667,1022.5,8.2
1595,1595,2019-05-15,15.5,12.8,19.4,0.0,18.9,1014.1,15.3,135,-0.6839194216246106,0.7295575540864875,-4.399999999999977,17.1,13.9,1017.7666666666668,1020.7,6.599999999999998
1596,1596,2019-05-16,15.3,10.9,19.3,1.2,15.3,1012.2,12.7,136,-0.6963762255968722,0.717676913675962,-1.8999999999999773,18.9,17.1,1014.9333333333334,1018.5,8.4
1597,1597,2019-05-17,15.2,12.2,17.9,36.7,12.7,1004.6,15.7,137,-0.7086266782644596,0.705583610107178,-7.600000000000023,15.3,18.9,1010.3000000000001,1014.1,5.699999999999999
1598,1598,2019-05-18,15.0,12.5,19.9,,15.7,1007.9,11.0,138,-0.7206671495538609,0.6932812268869777,3.2999999999999545,12.7,15.3,1008.2333333333332,1012.2,7.399999999999999
1599,1599,2019-05-19,13.7,11.0,18.3,1.0,11.0,1009.2,14.5,139,-0.7324940716135789,0.6807734094770161,1.3000000000000682,15.7,12.7,1007.2333333333332,1004.6,7.300000000000001
1600,1600,2019-05-20,15.3,11.0,20.2,0.0,14.5,1012.3,15.4,140,-0.7441039398713607,0.6680638642135335,3.099999999999909,11.0,15.7,1009.8000000000001,1007.9,9.2
1601,1601,2019-05-21,16.5,11.9,20.6,0.0,15.4,1015.5,13.9,141,-0.7554933140726803,0.6551563572090853,3.2000000000000455,14.5,11.0,1012.3333333333334,1009.2,8.700000000000001
1602,1602,2019-05-22,17.3,14.8,21.0,0.0,13.9,1017.9,12.6,142,-0.766658819300159,0.6420547132365637,2.3999999999999773,15.4,14.5,1015.2333333333332,1012.3,6.199999999999999
1603,1603,2019-05-23,17.7,14.1,21.9,1.8,12.6,1017.4,6.9,143,-0.7775971469736269,0.6287628145958344,-0.5,13.9,15.4,1016.9333333333334,1015.5,7.799999999999999
1604,1604,2019-05-24,15.7,14.4,17.7,17.8,6.9,1015.6,9.4,144,-0.7883050558305255,0.6152845999633276,-1.7999999999999545,12.6,13.9,1016.9666666666667,1017.9,3.299999999999999
1605,1605,2019-05-25,17.5,14.3,22.6,,9.4,1015.6,15.2,145,-0.7987793728863649,0.6016240632249226,0.0,6.9,12.6,1016.1999999999999,1017.4,8.3
1606,1606,2019-05-26,18.9,15.7,24.4,0.0,15.2,1015.1,16.4,146,-0.8090169943749473,0.5877852522924732,-0.5,9.4,6.9,1015.4333333333334,1015.6,8.7
1607,1607,2019-05-27,18.3,15.7,23.1,1.0,16.4,1011.9,12.6,147,-0.8190148866680801,0.5737722679043246,-3.2000000000000455,15.2,9.4,1014.2000000000002,1015.6,7.400000000000002
1608,1608,2019-05-28,17.6,15.8,20.8,0.0,12.6,1013.7,13.9,148,-0.8287700871745038,0.5595892624101765,1.8000000000000682,16.4,15.2,1013.5666666666666,1015.1,5.0
1609,1609,2019-05-29,17.8,15.1,21.0,0.0,13.9,1019.8,13.0,149,-0.8382797052177744,0.545240438540651,6.099999999999909,12.6,16.4,1015.1333333333333,1011.9,5.9
1610,1610,2019-05-30,17.3,13.7,21.5,0.0,13.0,1024.6,16.1,150,-0.8475409228928311,0.5307300481619334,4.7999999999999545,13.9,12.6,1019.3666666666667,1013.7,7.800000000000001
1611,1611,2019-05-31,19.2,15.2,24.4,0.0,16.1,1024.2,18.3,151,-0.8565509959010036,0.5160623910158528,-0.3999999999998636,13.0,13.9,1022.8666666666667,1019.8,9.2
1612,1612,2019-06-01,19.7,16.7,23.9,0.0,18.3,1021.6,18.7,152,-0.865307254363206,0.5012418134457758,-2.6000000000000227,16.1,13.0,1023.4666666666667,1024.6,7.199999999999999
1613,1613,2019-06-02,19.7,16.8,24.0,0.0,18.7,1019.4,15.7,153,-0.8738071036110808,0.48627270710868997,-2.2000000000000455,18.3,16.1,1021.7333333333332,1024.2,7.199999999999999
1614,1614,2019-06-03,20.0,16.6,24.3,0.0,15.7,1017.7,9.8,154,-0.8820480249558537,0.4711595076738638,-1.6999999999999318,18.7,18.3,1019.5666666666666,1021.6,7.699999999999999
1615,1615,2019-06-04,20.0,16.4,23.9,0.0,9.8,1013.0,17.2,155,-0.8900275764346767,0.4559066935084588,-4.7000000000000455,15.7,18.7,1016.7000000000002,1019.4,7.5
1616,1616,2019-06-05,20.4,16.5,26.6,0.0,17.2,1007.9,13.7,156,-0.8977433935342337,0.440518784350495,-5.100000000000023,9.8,15.7,1012.8666666666667,1017.7,10.100000000000001
1617,1617,2019-06-06,18.8,17.0,21.8,0.0,13.7,1014.5,19.8,157,-0.9051931898913974,0.42500033996955416,6.600000000000023,17.2,9.8,1011.8000000000001,1013.0,4.800000000000001
1618,1618,2019-06-07,20.6,17.7,24.5,0.0,19.8,1013.4,17.6,158,-0.9123747579707273,0.4093559588156213,-1.1000000000000227,13.7,17.2,1011.9333333333334,1007.9,6.800000000000001
1619,1619,2019-06-08,19.8,15.6,23.2,0.0,17.6,1022.2,14.8,159,-0.9192859697186104,0.39359027665646673,8.800000000000068,19.8,13.7,1016.6999999999999,1014.5,7.6
1620,1620,2019-06-09,20.6,19.2,27.5,0.0,14.8,1015.5,16.8,160,-0.9259247771938498,0.3777079652039649,-6.7000000000000455,17.6,19.8,1017.0333333333333,1013.4,8.3
1621,1621,2019-06-10,21.3,17.1,26.8,6.7,16.8,1012.3,14.4,161,-0.9322892131745133,0.36171373072976765,-3.2000000000000455,14.8,17.6,1016.6666666666666,1022.2,9.7
1622,1622,2019-06-11,15.4,13.0,20.1,30.7,14.4,1012.7,13.7,162,-0.9383773917408641,0.3456123126707335,0.40000000000009095,16.8,14.8,1013.5,1015.5,7.100000000000001
1623,1623,2019-06-12,15.9,11.4,20.3,0.0,13.7,1015.3,18.4,163,-0.9441875088341993,0.3294084822245304,2.599999999999909,14.4,16.8,1013.4333333333334,1012.3,8.9
1624,1624,2019-06-13,17.8,13.0,21.5,0.0,18.4,1014.6,21.3,164,-0.9497178427914316,0.3131070409358269,-0.6999999999999318,13.7,14.4,1014.1999999999999,1012.7,8.5
1625,1625,2019-06-14,20.8,18.0,25.7,0.0,21.3,1010.1,12.9,165,-0.9549667548552551,0.29671281927349075,-4.5,18.4,13.7,1013.3333333333334,1015.3,7.699999999999999
1626,1626,2019-06-15,19.8,16.9,23.6,0.0,12.9,1016.2,14.2,166,-0.9599326896597447,0.28023067519921585,6.100000000000023,21.3,18.4,1013.6333333333333,1014.6,6.700000000000003
1627,1627,2019-06-16,19.9,16.1,24.4,0.0,14.2,1019.6,15.6,167,-0.9646141756912435,0.26366549272800704,3.3999999999999773,12.9,21.3,1015.3000000000001,1010.1,8.299999999999997
1628,1628,2019-06-17,20.4,16.3,25.2,0.0,15.6,1016.7,13.8,168,-0.9690098257244062,0.24702218048093552,-2.8999999999999773,14.2,12.9,1017.5,1016.2,8.899999999999999
1629,1629,2019-06-18,21.1,17.2,25.4,0.0,13.8,1015.3,11.3,169,-0.9731183372332619,0.23030567023061221,-1.400000000000091,15.6,14.2,1017.1999999999999,1019.6,8.2
1630,1630,2019-06-19,20.8,17.6,25.1,0.0,11.3,1013.3,14.4,170,-0.9769384927771817,0.21352091543979612,-2.0,13.8,15.6,1015.1,1016.7,7.5
1631,1631,2019-06-20,21.4,19.8,25.0,0.0,14.4,1013.7,11.0,171,-0.980469160361632,0.19667288979357647,0.40000000000009095,11.3,13.8,1014.0999999999999,1015.3,5.199999999999999
1632,1632,2019-06-21,21.9,20.0,26.7,0.0,11.0,1014.7,17.7,172,-0.9837092937736097,0.1797665857255624,1.0,14.4,11.3,1013.9000000000001,1013.3,6.699999999999999
1633,1633,2019-06-22,22.4,19.2,26.6,0.0,17.7,1015.8,15.7,173,-0.986657932891657,0.16280701293851715,1.099999999999909,11.0,14.4,1014.7333333333332,1013.7,7.400000000000002
1634,1634,2019-06-23,22.6,20.1,26.5,0.0,15.7,1014.9,23.1,174,-0.9893142039703663,0.1457991969198751,-0.8999999999999773,17.7,11.0,1015.1333333333333,1014.7,6.399999999999999
1635,1635,2019-06-24,23.3,20.5,28.5,0.0,23.1,1015.6,27.7,175,-0.99167731989929,0.12874817745258132,0.7000000000000455,15.7,17.7,1015.4333333333333,1015.8,8.0
1636,1636,2019-06-25,24.4,22.7,28.1,0.0,27.7,1017.2,27.8,176,-0.993746580436178,0.11165900712169512,1.6000000000000227,23.1,15.7,1015.9000000000001,1014.9,5.400000000000002
1637,1637,2019-06-26,26.8,24.2,31.4,0.0,27.8,1019.8,11.5,177,-0.9955213724144752,0.09453674981719912,2.599999999999909,27.7,23.1,1017.5333333333333,1015.6,7.199999999999999
1638,1638,2019-06-27,26.1,21.8,32.3,0.0,11.5,1019.9,17.4,178,-0.9970011699250151,0.07738647923346301,0.10000000000002274,27.8,27.7,1018.9666666666667,1017.2,10.499999999999996
1639,1639,2019-06-28,27.2,21.9,32.0,0.0,17.4,1015.6,8.9,179,-0.9981855344718586,0.06021327736579302,-4.2999999999999545,11.5,27.8,1018.4333333333333,1019.8,10.100000000000001
1640,1640,2019-06-29,27.7,24.2,35.0,0.0,8.9,1014.3,8.6,180,-0.99907411510223,0.04302223300453059,-1.3000000000000682,17.4,11.5,1016.6,1019.9,10.8
1641,1641,2019-06-30,24.6,21.9,28.6,0.0,8.6,1017.2,12.6,181,-0.9996666485105112,0.02581844022713308,2.900000000000091,8.9,17.4,1015.6999999999999,1015.6,6.700000000000003
1642,1642,2019-07-01,24.9,22.6,28.2,0.0,12.6,1017.2,10.7,182,-0.9999629591162655,0.008606996888688698,0.0,8.6,8.9,1016.2333333333335,1014.3,5.599999999999998
1643,1643,2019-07-02,25.5,22.7,28.9,0.0,10.7,1016.0,9.0,183,-0.9999629591162655,-0.008606996888688009,-1.2000000000000455,12.6,8.6,1016.8000000000001,1017.2,6.199999999999999
1644,1644,2019-07-03,25.9,22.2,30.6,0.0,9.0,1014.7,13.2,184,-0.9996666485105112,-0.02581844022713239,-1.2999999999999545,10.7,12.6,1015.9666666666667,1017.2,8.400000000000002
1645,1645,2019-07-04,26.2,23.5,30.3,0.0,13.2,1016.1,14.3,185,-0.99907411510223,-0.04302223300453034,1.3999999999999773,9.0,10.7,1015.6,1016.0,6.800000000000001
1646,1646,2019-07-05,26.1,23.0,30.7,0.0,14.3,1016.1,15.7,186,-0.9981855344718586,-0.060213277365792774,0.0,13.2,9.0,1015.6333333333333,1014.7,7.699999999999999
1647,1647,2019-07-06,26.1,23.8,29.9,0.5,15.7,1012.9,13.5,187,-0.9970011699250151,-0.07738647923346322,-3.2000000000000455,14.3,13.2,1015.0333333333334,1016.1,6.099999999999998
1648,1648,2019-07-07,26.7,24.8,30.6,2.3,13.5,1012.1,14.5,188,-0.9955213724144752,-0.09453674981719933,-0.7999999999999545,15.7,14.3,1013.6999999999999,1016.1,5.800000000000001
1649,1649,2019-07-08,25.9,23.0,29.9,4.2,14.5,1012.7,17.7,189,-0.9937465804361781,-0.11165900712169444,0.6000000000000227,13.5,15.7,1012.5666666666667,1012.9,6.899999999999999
1650,1650,2019-07-09,25.4,22.7,30.7,0.0,17.7,1011.1,18.3,190,-0.99167731989929,-0.12874817745258066,-1.6000000000000227,14.5,13.5,1011.9666666666667,1012.1,8.0
1651,1651,2019-07-10,24.8,20.8,29.7,,18.3,1014.0,20.8,191,-0.9893142039703664,-0.14579919691987442,2.8999999999999773,17.7,14.5,1012.6,1012.7,8.899999999999999
1652,1652,2019-07-11,25.3,21.9,29.3,0.0,20.8,1013.8,11.9,192,-0.9866579328916572,-0.16280701293851646,-0.20000000000004547,18.3,17.7,1012.9666666666666,1011.1,7.400000000000002
1653,1653,2019-07-12,25.3,22.3,29.1,0.0,11.9,1015.2,11.5,193,-0.9837092937736098,-0.17976658572556214,1.400000000000091,20.8,18.3,1014.3333333333334,1014.0,6.800000000000001
1654,1654,2019-07-13,25.9,22.2,30.6,0.0,11.5,1014.7,12.7,194,-0.9804691603616321,-0.19667288979357622,-0.5,11.9,20.8,1014.5666666666666,1013.8,8.400000000000002
1655,1655,2019-07-14,25.2,23.2,28.3,0.1,12.7,1011.2,14.0,195,-0.9769384927771817,-0.2135209154397959,-3.5,11.5,11.9,1013.7000000000002,1015.2,5.100000000000001
1656,1656,2019-07-15,25.5,22.8,28.8,0.0,14.0,1011.1,16.2,196,-0.973118337233262,-0.23030567023061196,-0.10000000000002274,12.7,11.5,1012.3333333333334,1014.7,6.0
1657,1657,2019-07-16,25.2,22.2,29.1,0.0,16.2,1015.6,15.6,197,-0.9690098257244063,-0.24702218048093527,4.5,14.0,12.7,1012.6333333333333,1011.2,6.900000000000002
1658,1658,2019-07-17,24.6,21.3,29.3,0.5,15.6,1014.4,14.2,198,-0.9646141756912435,-0.2636654927280072,-1.2000000000000455,16.2,14.0,1013.6999999999999,1011.1,8.0
1659,1659,2019-07-18,24.9,21.0,30.3,0.0,14.2,1014.5,11.3,199,-0.9599326896597445,-0.2802306751992161,0.10000000000002274,15.6,16.2,1014.8333333333334,1015.6,9.3
1660,1660,2019-07-19,25.6,22.6,29.4,0.0,11.3,1016.3,12.8,200,-0.9549667548552553,-0.2967128192734901,1.7999999999999545,14.2,15.6,1015.0666666666666,1014.4,6.799999999999997
1661,1661,2019-07-20,25.9,22.7,30.3,0.0,12.8,1016.3,12.6,201,-0.9497178427914317,-0.3131070409358267,0.0,11.3,14.2,1015.6999999999999,1014.5,7.600000000000001
1662,1662,2019-07-21,26.1,23.6,30.5,0.0,12.6,1020.3,10.5,202,-0.9441875088341994,-0.3294084822245302,4.0,12.8,11.3,1017.6333333333332,1016.3,6.899999999999999
1663,1663,2019-07-22,26.5,22.9,31.1,0.0,10.5,1021.1,13.4,203,-0.9383773917408642,-0.3456123126707333,0.8000000000000682,12.6,12.8,1019.2333333333332,1016.3,8.200000000000003
1664,1664,2019-07-23,27.1,23.3,31.4,0.0,13.4,1017.7,9.7,204,-0.9322892131745134,-0.3617137307297674,-3.3999999999999773,10.5,12.6,1019.6999999999999,1020.3,8.099999999999998
1665,1665,2019-07-24,26.7,23.2,30.8,0.0,9.7,1016.2,10.2,205,-0.9259247771938499,-0.37770796520396466,-1.5,13.4,10.5,1018.3333333333334,1021.1,7.600000000000001
1666,1666,2019-07-25,26.5,23.5,30.5,0.0,10.2,1014.6,12.0,206,-0.9192859697186105,-0.39359027665646645,-1.6000000000000227,9.7,13.4,1016.1666666666666,1017.7,7.0
1667,1667,2019-07-26,27.2,23.5,31.8,1.2,12.0,1011.0,14.4,207,-0.9123747579707274,-0.4093559588156211,-3.6000000000000227,10.2,9.7,1013.9333333333334,1016.2,8.3
1668,1668,2019-07-27,24.6,19.8,28.0,44.3,14.4,1005.5,13.1,208,-0.9051931898913975,-0.42500033996955394,-5.5,12.0,10.2,1010.3666666666667,1014.6,8.2
1669,1669,2019-07-28,24.0,19.7,28.4,0.0,13.1,1008.4,15.7,209,-0.8977433935342336,-0.4405187843504952,2.8999999999999773,14.4,12.0,1008.3000000000001,1011.0,8.7
1670,1670,2019-07-29,24.8,20.4,29.4,0.0,15.7,1010.6,11.8,210,-0.8900275764346766,-0.455906693508459,2.2000000000000455,13.1,14.4,1008.1666666666666,1005.5,9.0
1671,1671,2019-07-30,26.0,24.3,29.9,0.0,11.8,1014.2,12.3,211,-0.8820480249558535,-0.47115950767386394,3.6000000000000227,15.7,13.1,1011.0666666666667,1008.4,5.599999999999998
1672,1672,2019-07-31,25.0,23.4,27.3,0.0,12.3,1017.3,19.0,212,-0.8738071036110807,-0.4862727071086902,3.099999999999909,11.8,15.7,1014.0333333333333,1010.6,3.900000000000002
1673,1673,2019-08-01,25.6,21.9,30.8,0.0,19.0,1014.0,15.4,213,-0.8653072543632061,-0.5012418134457756,-3.2999999999999545,12.3,11.8,1015.1666666666666,1014.2,8.900000000000002
1674,1674,2019-08-02,25.9,22.4,31.0,0.0,15.4,1014.4,14.9,214,-0.8565509959010037,-0.5160623910158526,0.39999999999997726,19.0,12.3,1015.2333333333332,1017.3,8.600000000000001
1675,1675,2019-08-03,25.9,22.9,30.3,0.0,14.9,1014.7,13.8,215,-0.8475409228928312,-0.5307300481619331,0.3000000000000682,15.4,19.0,1014.3666666666668,1014.0,7.400000000000002
1676,1676,2019-08-04,26.0,22.9,29.8,0.0,13.8,1014.3,11.0,216,-0.8382797052177745,-0.5452404385406507,-0.40000000000009095,14.9,15.4,1014.4666666666667,1014.4,6.900000000000002
1677,1677,2019-08-05,26.9,22.9,31.9,0.0,11.0,1014.4,12.9,217,-0.828770087174504,-0.5595892624101763,0.10000000000002274,13.8,14.9,1014.4666666666667,1014.7,9.0
1678,1678,2019-08-06,26.6,23.9,30.6,0.0,12.9,1012.2,13.4,218,-0.8190148866680802,-0.5737722679043243,-2.199999999999932,11.0,13.8,1013.6333333333333,1014.3,6.700000000000003
1679,1679,2019-08-07,26.6,26.0,29.4,0.0,13.4,1010.9,15.6,219,-0.8090169943749472,-0.5877852522924734,-1.3000000000000682,12.9,11.0,1012.5,1014.4,3.3999999999999986
1680,1680,2019-08-08,27.3,25.4,31.0,0.0,15.6,1011.8,14.5,220,-0.7987793728863648,-0.6016240632249227,0.8999999999999773,13.4,12.9,1011.6333333333332,1012.2,5.600000000000001
1681,1681,2019-08-09,27.3,24.3,31.3,0.0,14.5,1011.7,14.5,221,-0.7883050558305253,-0.6152845999633277,-0.09999999999990905,15.6,13.4,1011.4666666666667,1010.9,7.0
1682,1682,2019-08-10,27.2,26.0,30.9,0.0,14.5,1015.4,13.8,222,-0.7775971469736268,-0.6287628145958345,3.699999999999932,14.5,15.6,1012.9666666666667,1011.8,4.899999999999999
1683,1683,2019-08-11,26.6,24.1,30.1,52.5,13.8,1013.9,14.8,223,-0.7666588193001592,-0.6420547132365636,-1.5,14.5,14.5,1013.6666666666666,1011.7,6.0
1684,1684,2019-08-12,24.8,19.6,28.8,0.0,14.8,1015.2,19.2,224,-0.7554933140726804,-0.655156357209085,1.3000000000000682,13.8,14.5,1014.8333333333334,1015.4,9.2
1685,1685,2019-08-13,23.6,20.8,27.8,0.0,19.2,1018.2,13.1,225,-0.7441039398713608,-0.6680638642135333,3.0,14.8,13.8,1015.7666666666668,1013.9,7.0
1686,1686,2019-08-14,24.1,20.1,28.5,,13.1,1018.1,13.9,226,-0.7324940716135792,-0.6807734094770159,-0.10000000000002274,19.2,14.8,1017.1666666666666,1015.2,8.399999999999999
1687,1687,2019-08-15,25.4,22.4,29.7,25.7,13.9,1018.2,14.4,227,-0.7206671495538615,-0.6932812268869771,0.10000000000002274,13.1,19.2,1018.1666666666666,1018.2,7.300000000000001
1688,1688,2019-08-16,24.8,22.6,28.7,1.9,14.4,1018.0,13.2,228,-0.70862667826446,-0.7055836101071774,-0.20000000000004547,13.9,13.1,1018.1,1018.1,6.099999999999998
1689,1689,2019-08-17,25.4,22.4,29.7,0.0,13.2,1015.8,13.0,229,-0.6963762255968726,-0.7176769136759615,-2.2000000000000455,14.4,13.9,1017.3333333333334,1018.2,7.300000000000001
1690,1690,2019-08-18,25.9,22.8,30.0,0.0,13.0,1013.0,24.4,230,-0.6839194216246105,-0.7295575540864876,-2.7999999999999545,13.2,14.4,1015.5999999999999,1018.0,7.199999999999999
1691,1691,2019-08-19,25.9,24.9,28.9,0.0,24.4,1015.7,20.5,231,-0.6712599575675315,-0.7412220108485957,2.7000000000000455,13.0,13.2,1014.8333333333334,1015.8,4.0
1692,1692,2019-08-20,25.6,23.6,28.3,0.0,20.5,1018.5,14.3,232,-0.6584015846980489,-0.7526668275320083,2.7999999999999545,24.4,13.0,1015.7333333333335,1013.0,4.699999999999999
1693,1693,2019-08-21,24.2,20.3,28.5,0.0,14.3,1019.8,12.8,233,-0.64534811322955,-0.7638886127905429,1.2999999999999545,20.5,24.4,1018.0,1015.7,8.2
1694,1694,2019-08-22,25.6,23.2,29.2,0.0,12.8,1019.6,11.2,234,-0.6321034111873488,-0.7748840413670406,-0.1999999999999318,14.3,20.5,1019.2999999999998,1018.5,6.0
1695,1695,2019-08-23,24.7,21.4,29.1,0.0,11.2,1019.8,10.1,235,-0.6186714032625032,-0.7856498550787144,0.1999999999999318,12.8,14.3,1019.7333333333332,1019.8,7.700000000000003
1696,1696,2019-08-24,25.1,21.7,29.3,0.0,10.1,1018.7,11.9,236,-0.6050560696488494,-0.7961828637826154,-1.099999999999909,11.2,12.8,1019.3666666666668,1019.6,7.600000000000001
1697,1697,2019-08-25,25.4,22.6,29.3,0.0,11.9,1017.5,10.4,237,-0.5912614448635782,-0.8064799463209447,-1.2000000000000455,10.1,11.2,1018.6666666666666,1019.8,6.699999999999999
1698,1698,2019-08-26,24.9,21.4,29.9,0.0,10.4,1016.7,12.6,238,-0.5772916165517278,-0.8165380514459157,-0.7999999999999545,11.9,10.1,1017.6333333333333,1018.7,8.5
1699,1699,2019-08-27,24.5,23.2,27.5,0.6,12.6,1016.1,12.1,239,-0.5631507242749187,-0.8263541987239094,-0.6000000000000227,10.4,11.9,1016.7666666666668,1017.5,4.300000000000001
1700,1700,2019-08-28,25.1,21.9,29.3,0.0,12.1,1016.6,12.4,240,-0.5488429582847199,-0.8359254794186365,0.5,12.6,10.4,1016.4666666666667,1016.7,7.400000000000002
1701,1701,2019-08-29,25.9,22.3,31.0,0.0,12.4,1018.7,9.1,241,-0.5343725582809785,-0.8452490573530634,2.1000000000000227,12.1,12.6,1017.1333333333333,1016.1,8.7
1702,1702,2019-08-30,26.4,23.0,31.6,0.0,9.1,1019.1,11.1,242,-0.5197438121555157,-0.8543221697498269,0.39999999999997726,12.4,12.1,1018.1333333333333,1016.6,8.600000000000001
1703,1703,2019-08-31,26.4,23.6,31.0,0.0,11.1,1015.5,12.8,243,-0.5049610547215202,-0.8631421280499115,-3.6000000000000227,9.1,12.4,1017.7666666666668,1018.7,7.399999999999999
1704,1704,2019-09-01,25.3,21.6,30.6,0.0,12.8,1014.6,12.4,244,-0.4900286664290594,-0.8717063187093217,-0.8999999999999773,11.1,9.1,1016.4,1019.1,9.0
1705,1705,2019-09-02,25.2,20.6,29.1,72.9,12.4,1017.5,12.1,245,-0.4749510720670502,-0.8800122039735356,2.8999999999999773,12.8,11.1,1015.8666666666668,1015.5,8.5
1706,1706,2019-09-03,23.8,20.2,28.0,0.0,12.1,1020.4,14.3,246,-0.4597327394521046,-0.888057322629493,2.8999999999999773,12.4,12.8,1017.5,1014.6,7.800000000000001
1707,1707,2019-09-04,23.7,19.8,28.3,0.0,14.3,1018.5,14.5,247,-0.4443781781046134,-0.8958392907349089,-1.8999999999999773,12.1,12.4,1018.8000000000001,1017.5,8.5
1708,1708,2019-09-05,23.2,21.4,27.4,0.0,14.5,1017.3,15.0,248,-0.4288919379124841,-0.9033558023246842,-1.2000000000000455,14.3,12.1,1018.7333333333332,1020.4,6.0
1709,1709,2019-09-06,22.5,19.5,26.6,11.3,15.0,1019.0,14.2,249,-0.41327860778290443,-0.9106046300942162,1.7000000000000455,14.5,14.3,1018.2666666666665,1018.5,7.100000000000001
1710,1710,2019-09-07,21.4,17.9,26.1,0.0,14.2,1019.6,15.7,250,-0.3975428142825566,-0.9175836260593934,0.6000000000000227,15.0,14.5,1018.6333333333332,1017.3,8.200000000000003
1711,1711,2019-09-08,21.8,17.8,26.6,2.4,15.7,1017.6,16.0,251,-0.3816892202666586,-0.9242907221930934,-2.0,14.2,15.0,1018.7333333333335,1019.0,8.8
1712,1712,2019-09-09,22.3,19.7,25.5,16.5,16.0,1015.6,17.4,252,-0.3657225234972692,-0.9307239310379793,-2.0,15.7,14.2,1017.6,1019.6,5.800000000000001
1713,1713,2019-09-10,17.8,15.2,25.0,41.2,17.4,1010.0,28.7,253,-0.34964745525122826,-0.9368813462954315,-5.600000000000023,16.0,15.7,1014.4,1017.6,9.8
1714,1714,2019-09-11,20.9,15.2,26.3,1.7,28.7,1017.8,20.1,254,-0.33346877891818705,-0.9427611433904206,7.7999999999999545,17.4,16.0,1014.4666666666667,1015.6,11.100000000000001
1715,1715,2019-09-12,22.4,18.5,28.1,0.0,20.1,1026.0,19.1,255,-0.31719128858910595,-0.9483615800121716,8.200000000000045,28.7,17.4,1017.9333333333334,1010.0,9.600000000000001
1716,1716,2019-09-13,22.1,17.9,27.5,0.8,19.1,1026.9,21.8,256,-0.300819807635668,-0.9536809966304455,0.900000000000091,20.1,28.7,1023.5666666666666,1017.8,9.600000000000001
1717,1717,2019-09-14,23.6,20.2,28.1,0.0,21.8,1024.6,24.0,257,-0.2843591872810036,-0.9587178169872964,-2.300000000000182,19.1,20.1,1025.8333333333333,1026.0,7.900000000000002
1718,1718,2019-09-15,23.9,20.3,27.9,0.0,24.0,1022.2,13.4,258,-0.26781430516217486,-0.9634705485641486,-2.3999999999998636,21.8,19.1,1024.5666666666666,1026.9,7.599999999999998
1719,1719,2019-09-16,23.1,20.3,27.4,0.0,13.4,1019.1,9.8,259,-0.25119006388481957,-0.9679377830240642,-3.1000000000000227,24.0,21.8,1021.9666666666667,1024.6,7.099999999999998
1720,1720,2019-09-17,22.6,19.0,28.6,0.0,9.8,1016.3,10.4,260,-0.23449138957041052,-0.9721181966290612,-2.800000000000068,13.4,24.0,1019.1999999999999,1022.2,9.600000000000001
1721,1721,2019-09-18,23.5,19.8,29.4,,10.4,1014.9,12.2,261,-0.21772323039653224,-0.9760105506323682,-1.3999999999999773,9.8,13.4,1016.7666666666668,1019.1,9.599999999999998
1722,1722,2019-09-19,22.7,20.4,27.3,0.0,12.2,1017.4,17.0,262,-0.20089055513063528,-0.9796136916454901,2.5,10.4,9.8,1016.1999999999999,1016.3,6.900000000000002
1723,1723,2019-09-20,22.2,19.2,25.7,0.2,17.0,1018.8,20.3,263,-0.18399835165767986,-0.9829265519799822,1.3999999999999773,12.2,10.4,1017.0333333333333,1014.9,6.5
1724,1724,2019-09-21,21.9,19.9,23.8,11.2,20.3,1014.3,15.8,264,-0.1670516255021195,-0.9859481499638303,-4.5,17.0,12.2,1016.8333333333334,1017.4,3.900000000000002
1725,1725,2019-09-22,22.2,19.5,26.7,0.4,15.8,1012.1,15.9,265,-0.15005539834465262,-0.9886775902323404,-2.199999999999932,20.3,17.0,1015.0666666666666,1018.8,7.199999999999999
1726,1726,2019-09-23,21.7,18.8,25.1,,15.9,1018.0,16.6,266,-0.13301470653419636,-0.9911140639934546,5.899999999999977,15.8,20.3,1014.8000000000001,1014.3,6.300000000000001
1727,1727,2019-09-24,22.4,18.1,27.2,0.0,16.6,1015.0,12.9,267,-0.11593459959550066,-0.9932568492674143,-3.0,15.9,15.8,1015.0333333333333,1012.1,9.099999999999998
1728,1728,2019-09-25,22.3,21.7,25.4,0.0,12.9,1015.3,14.0,268,-0.09882013873287211,-0.9951053111006974,0.2999999999999545,16.6,15.9,1016.1,1018.0,3.6999999999999993
1729,1729,2019-09-26,22.3,19.4,26.3,0.0,14.0,1018.1,11.7,269,-0.08167639533042288,-0.99665890175417,2.800000000000068,12.9,16.6,1016.1333333333333,1015.0,6.900000000000002
1730,1730,2019-09-27,22.6,20.1,26.9,0.0,11.7,1017.9,11.1,270,-0.06450844944931625,-0.9979171608653922,-0.20000000000004547,14.0,12.9,1017.1,1015.3,6.799999999999997
1731,1731,2019-09-28,22.7,20.9,25.7,0.0,11.1,1020.2,19.4,271,-0.04732138832243232,-0.9988797155850335,2.300000000000068,11.7,14.0,1018.7333333333332,1018.1,4.800000000000001
1732,1732,2019-09-29,22.5,19.2,26.6,0.0,19.4,1016.6,11.5,272,-0.03012030484690836,-0.9995462806873573,-3.6000000000000227,11.1,11.7,1018.2333333333335,1017.9,7.400000000000002
1733,1733,2019-09-30,22.4,19.9,26.4,0.0,11.5,1016.7,15.7,273,-0.012910296075008843,-0.9999166586547379,0.10000000000002274,19.4,11.1,1017.8333333333334,1020.2,6.5
1734,1734,2019-10-01,22.3,19.2,26.8,0.0,15.7,1011.2,13.2,274,0.004303538296243821,-0.9999907397361901,-5.5,11.5,19.4,1014.8333333333334,1016.6,7.600000000000001
1735,1735,2019-10-02,22.2,19.1,26.4,0.0,13.2,1012.2,14.8,275,0.021516097436222233,-0.9997685019798909,1.0,15.7,11.5,1013.3666666666668,1016.7,7.299999999999997
1736,1736,2019-10-03,20.1,16.7,25.1,0.0,14.8,1015.8,14.0,276,0.03872228089217399,-0.9992500112396835,3.599999999999909,13.2,15.7,1013.0666666666666,1011.2,8.400000000000002
1737,1737,2019-10-04,20.3,16.4,25.6,0.0,14.0,1015.9,11.8,277,0.05591699010060302,-0.9984354211555643,0.10000000000002274,14.8,13.2,1014.6333333333333,1012.2,9.200000000000003
1738,1738,2019-10-05,20.2,17.3,24.1,0.0,11.8,1015.9,11.5,278,0.07309512989807776,-0.9973249731081555,0.0,14.0,14.8,1015.8666666666667,1015.8,6.800000000000001
1739,1739,2019-10-06,20.8,18.6,24.1,0.0,11.5,1017.0,13.9,279,0.0902516100310407,-0.9959189961471792,1.1000000000000227,11.8,14.0,1016.2666666666668,1015.9,5.5
1740,1740,2019-10-07,20.3,17.5,24.7,0.0,13.9,1015.8,17.8,280,0.10738134666416306,-0.994217906893952,-1.2000000000000455,11.5,11.8,1016.2333333333332,1015.9,7.199999999999999
1741,1741,2019-10-08,20.7,17.1,25.5,0.0,17.8,1018.6,14.1,281,0.12447926388678869,-0.9922222094179324,2.800000000000068,13.9,11.5,1017.1333333333332,1017.0,8.399999999999999
1742,1742,2019-10-09,20.8,19.1,25.6,0.6,14.1,1017.8,8.5,282,0.141540295217043,-0.989932495087353,-0.8000000000000682,17.8,13.9,1017.4,1015.8,6.5
1743,1743,2019-10-10,19.6,18.7,21.6,0.0,8.5,1021.9,10.7,283,0.15855938510313475,-0.9873494423939864,4.100000000000023,14.1,17.8,1019.4333333333334,1018.6,2.900000000000002
1744,1744,2019-10-11,20.7,18.7,23.9,0.0,10.7,1021.3,8.7,284,0.17553149042142777,-0.9844738167520923,-0.6000000000000227,8.5,14.1,1020.3333333333334,1017.8,5.199999999999999
1745,1745,2019-10-12,21.3,19.2,25.4,0.0,8.7,1019.8,16.9,285,0.19245158197082995,-0.9813064702716093,-1.5,10.7,8.5,1021.0,1021.9,6.199999999999999
1746,1746,2019-10-13,22.5,21.0,25.4,0.0,16.9,1018.0,16.5,286,0.20931464596304888,-0.9778483415056567,-1.7999999999999545,8.7,10.7,1019.6999999999999,1021.3,4.399999999999999
1747,1747,2019-10-14,21.9,18.8,25.4,25.5,16.5,1014.3,13.4,287,0.22611568550828803,-0.9741004551724206,-3.7000000000000455,16.9,8.7,1017.3666666666667,1019.8,6.599999999999998
1748,1748,2019-10-15,18.1,14.4,22.6,0.0,13.4,1014.5,14.1,288,0.2428497220959358,-0.970063921851507,0.20000000000004547,16.5,16.9,1015.5999999999999,1018.0,8.200000000000001
1749,1749,2019-10-16,17.5,11.8,23.3,0.0,14.1,1018.0,12.1,289,0.25951179706979943,-0.965739937654855,3.5,13.4,16.5,1015.5999999999999,1014.3,11.5
1750,1750,2019-10-17,18.6,13.1,24.4,0.0,12.1,1016.1,10.2,290,0.27609697309746883,-0.9611297838723007,-1.8999999999999773,14.1,13.4,1016.2000000000002,1014.5,11.299999999999999
1751,1751,2019-10-18,19.1,14.9,24.0,0.0,10.2,1014.8,14.3,291,0.2926003356333479,-0.9562348265919058,-1.3000000000000682,12.1,14.1,1016.3000000000001,1018.0,9.1
1752,1752,2019-10-19,20.2,16.4,24.9,1.2,14.3,1009.5,19.0,292,0.30901699437494723,-0.9510565162951536,-5.2999999999999545,10.2,12.1,1013.4666666666667,1016.1,8.5
1753,1753,2019-10-20,21.4,16.7,24.9,0.0,19.0,1007.8,13.7,293,0.3253420847119795,-0.9455963874271428,-1.7000000000000455,14.3,10.2,1010.6999999999999,1014.8,8.2
1754,1754,2019-10-21,16.4,14.9,18.8,9.2,13.7,1016.7,30.4,294,0.341570769167856,-0.9398560579418953,8.900000000000091,19.0,14.3,1011.3333333333334,1009.5,3.9000000000000004
1755,1755,2019-10-22,18.1,14.7,21.4,43.6,30.4,1011.9,17.9,295,0.35769823883312546,-0.9338372288229252,-4.800000000000068,13.7,19.0,1012.1333333333333,1007.8,6.699999999999999
1756,1756,2019-10-23,17.5,13.8,20.3,0.5,17.9,1006.7,16.4,296,0.3737197147904692,-0.9275416835791965,-5.199999999999932,30.4,13.7,1011.7666666666668,1016.7,6.5
1757,1757,2019-10-24,15.9,12.2,21.1,0.0,16.4,1014.0,13.7,297,0.38963044953078774,-0.9209712877166347,7.2999999999999545,17.9,30.4,1010.8666666666667,1011.9,8.900000000000002
1758,1758,2019-10-25,16.1,12.6,21.9,0.0,13.7,1021.1,13.6,298,0.4054257283599973,-0.9141279881853337,7.100000000000023,16.4,17.9,1013.9333333333334,1006.7,9.299999999999999
1759,1759,2019-10-26,16.4,12.0,23.3,0.0,13.6,1021.8,13.3,299,0.42110087079608916,-0.9070138128026362,0.6999999999999318,13.7,16.4,1018.9666666666667,1014.0,11.3
1760,1760,2019-10-27,16.8,12.8,21.7,0.0,13.3,1021.4,11.8,300,0.4366512319560638,-0.8996308696522434,-0.39999999999997726,13.6,13.7,1021.4333333333334,1021.1,8.899999999999999
1761,1761,2019-10-28,17.1,13.9,21.3,0.0,11.8,1017.7,11.8,301,0.45207220393230374,-0.8919813464595487,-3.699999999999932,13.3,13.6,1020.3000000000001,1021.8,7.4
1762,1762,2019-10-29,17.0,13.5,22.3,,11.8,1016.6,11.7,302,0.46735921715800205,-0.8840675099433637,-1.1000000000000227,11.8,13.3,1018.5666666666666,1021.4,8.8
1763,1763,2019-10-30,17.9,14.1,23.9,0.0,11.7,1019.2,8.9,303,0.48250774176121763,-0.8758917051442433,2.6000000000000227,11.8,11.8,1017.8333333333334,1017.7,9.799999999999999
1764,1764,2019-10-31,18.0,15.5,22.9,0.1,8.9,1018.7,10.1,304,0.4975132889071803,-0.8674563547295971,-0.5,11.7,11.8,1018.1666666666666,1016.6,7.399999999999999
1765,1765,2019-11-01,16.9,13.4,22.3,,10.1,1016.2,13.2,305,0.5123714121284235,-0.858763958275803,-2.5,8.9,11.7,1018.0333333333334,1019.2,8.9
1766,1766,2019-11-02,18.8,14.9,24.0,0.6,13.2,1006.2,22.6,306,0.5270777086423724,-0.8498170915275277,-10.0,10.1,8.9,1013.7000000000002,1018.7,9.1
1767,1767,2019-11-03,18.4,16.1,21.4,0.6,22.6,998.9,20.3,307,0.5416278206559811,-0.8406184056344783,-7.300000000000068,13.2,10.1,1007.1,1016.2,5.299999999999997
1768,1768,2019-11-04,18.8,14.9,24.7,0.0,20.3,1004.5,20.5,308,0.5560174366570446,-0.8311706263658079,5.600000000000023,22.6,13.2,1003.1999999999999,1006.2,9.799999999999999
1769,1769,2019-11-05,16.5,12.9,19.6,0.0,20.5,1004.1,13.3,309,0.5702422926917867,-0.8214765533024145,-0.39999999999997726,20.3,22.6,1002.5,998.9,6.700000000000001
1770,1770,2019-11-06,14.6,10.7,20.1,0.0,13.3,1009.4,12.0,310,0.5842981736283683,-0.8115390590073611,5.2999999999999545,20.5,20.3,1006.0,1004.5,9.400000000000002
1771,1771,2019-11-07,13.1,9.1,20.1,0.0,12.0,1007.6,17.9,311,0.5981809144059158,-0.801361088174677,-1.7999999999999545,13.3,20.5,1007.0333333333333,1004.1,11.000000000000002
1772,1772,2019-11-08,11.7,9.2,16.2,0.0,17.9,1007.8,13.0,312,0.6118864012687242,-0.7909456567567774,0.1999999999999318,12.0,13.3,1008.2666666666668,1009.4,7.0
1773,1773,2019-11-09,12.1,7.4,17.5,5.6,13.0,1013.0,11.6,313,0.6254105729852457,-0.780295851070776,5.2000000000000455,17.9,12.0,1009.4666666666666,1007.6,10.1
1774,1774,2019-11-10,11.6,7.9,16.4,0.2,11.6,1009.3,19.2,314,0.6387494220515268,-0.7694148268839381,-3.7000000000000455,13.0,17.9,1010.0333333333333,1007.8,8.499999999999998
1775,1775,2019-11-11,10.3,6.6,16.6,0.2,19.2,1010.8,12.3,315,0.6518989958787125,-0.7583058084785625,1.5,11.6,13.0,1011.0333333333333,1013.0,10.000000000000002
1776,1776,2019-11-12,12.7,8.6,18.9,0.0,12.3,1008.5,11.0,316,0.6648553979642866,-0.7469720876965551,-2.2999999999999545,19.2,11.6,1009.5333333333333,1009.3,10.299999999999999
1777,1777,2019-11-13,10.6,8.4,15.1,4.7,11.0,1006.8,11.0,317,0.6776147890466887,-0.7354170229639858,-1.7000000000000455,12.3,19.2,1008.6999999999999,1010.8,6.699999999999999
1778,1778,2019-11-14,9.8,5.1,16.2,5.0,11.0,1000.2,15.6,318,0.690173388242972,-0.7236440382959124,-6.599999999999909,11.0,12.3,1005.1666666666666,1008.5,11.1
1779,1779,2019-11-15,8.3,5.1,14.1,0.0,15.6,1001.1,16.4,319,0.7025274741691566,-0.711656622281775,0.8999999999999773,11.0,11.0,1002.6999999999999,1006.8,9.0
1780,1780,2019-11-16,8.5,5.3,14.7,0.0,16.4,1009.8,11.0,320,0.7146733860429608,-0.6994583270516471,8.699999999999932,15.6,11.0,1003.6999999999999,1000.2,9.399999999999999
1781,1781,2019-11-17,9.2,4.4,15.4,0.0,11.0,1009.1,12.6,321,0.7266075247685652,-0.6870527672236675,-0.6999999999999318,16.4,15.6,1006.6666666666666,1001.1,11.0
1782,1782,2019-11-18,10.3,7.4,15.9,0.0,12.6,1010.1,13.3,322,0.7383263540031063,-0.6744436188329457,1.0,11.0,16.4,1009.6666666666666,1009.8,8.5
1783,1783,2019-11-19,8.2,5.0,14.2,0.0,13.3,1015.4,15.7,323,0.749826401204568,-0.661634618242279,5.2999999999999545,12.6,11.0,1011.5333333333333,1009.1,9.2
1784,1784,2019-11-20,7.8,3.2,14.1,0.0,15.7,1012.4,15.6,324,0.7611042586607742,-0.6486295610349818,-3.0,13.3,12.6,1012.6333333333333,1010.1,10.899999999999999
1785,1785,2019-11-21,10.3,6.8,17.0,0.3,15.6,1007.9,18.4,325,0.7721565844991641,-0.6354323008901775,-4.5,15.7,13.3,1011.9,1015.4,10.2
1786,1786,2019-11-22,12.3,7.8,17.2,8.3,18.4,1002.6,19.0,326,0.7829801036770624,-0.622046748440868,-5.2999999999999545,15.6,15.7,1007.6333333333333,1012.4,9.399999999999999
1787,1787,2019-11-23,13.9,11.6,17.0,0.0,19.0,993.1,14.9,327,0.7935716089521472,-0.6084768701151264,-9.5,18.4,15.6,1001.1999999999999,1007.9,5.4
1788,1788,2019-11-24,12.3,9.3,17.7,0.0,14.9,1006.8,10.3,328,0.8039279618328208,-0.594726686960764,13.699999999999932,19.0,18.4,1000.8333333333334,1002.6,8.399999999999999
1789,1789,2019-11-25,11.7,8.7,17.6,0.0,10.3,1011.3,16.3,329,0.8140460935082175,-0.5808002734538013,4.5,14.9,19.0,1003.7333333333332,993.1,8.900000000000002
1790,1790,2019-11-26,12.7,8.0,18.5,,16.3,1010.7,12.6,330,0.8239230057575536,-0.5667017562911184,-0.599999999999909,10.3,14.9,1009.6,1006.8,10.5
1791,1791,2019-11-27,15.7,11.6,20.1,0.0,12.6,1007.1,19.8,331,0.8335557718385695,-0.5524353131676203,-3.6000000000000227,16.3,10.3,1009.6999999999999,1011.3,8.500000000000002
1792,1792,2019-11-28,15.1,10.0,19.1,,19.8,1011.8,9.0,332,0.8429415373547832,-0.5380051715382992,4.699999999999932,12.6,16.3,1009.8666666666667,1010.7,9.100000000000001
1793,1793,2019-11-29,14.5,11.8,19.5,0.0,9.0,1016.9,13.9,333,0.8520775211013093,-0.5234156073655503,5.100000000000023,19.8,12.6,1011.9333333333334,1007.1,7.699999999999999
1794,1794,2019-11-30,13.3,10.0,17.6,0.0,13.9,1018.0,10.3,334,0.8609610158889945,-0.5086709438521042,1.1000000000000227,9.0,19.8,1015.5666666666666,1011.8,7.600000000000001
1795,1795,2019-12-01,13.6,11.2,18.2,0.0,10.3,1012.3,12.5,335,0.8695893893466109,-0.49377555015997737,-5.7000000000000455,13.9,9.0,1015.7333333333332,1016.9,7.0
1796,1796,2019-12-02,10.6,8.3,15.1,0.0,12.5,1016.3,23.6,336,0.8779600847008883,-0.4787338401157883,4.0,10.3,13.9,1015.5333333333333,1018.0,6.799999999999999
1797,1797,2019-12-03,10.8,7.5,14.7,,23.6,1017.6,42.8,337,0.8860706215341378,-0.4635502709028512,1.3000000000000682,12.5,10.3,1015.4,1012.3,7.199999999999999
1798,1798,2019-12-04,12.7,10.7,14.7,68.9,42.8,1010.3,19.9,338,0.893918596519257,-0.4482293417404106,-7.300000000000068,23.6,12.5,1014.7333333333332,1016.3,4.0
1799,1799,2019-12-05,12.5,11.2,15.3,7.4,19.9,1017.4,13.1,339,0.9015016841318838,-0.4327755925504317,7.100000000000023,42.8,23.6,1015.1,1017.6,4.100000000000001
1800,1800,2019-12-06,12.3,9.8,16.7,0.0,13.1,1023.1,12.7,340,0.9088176373395028,-0.41719360261231697,5.7000000000000455,19.9,42.8,1016.9333333333334,1010.3,6.899999999999999
1801,1801,2019-12-07,11.3,7.8,16.6,0.0,12.7,1022.9,18.1,341,0.9158642882672868,-0.4014879892059737,-0.20000000000004547,13.1,19.9,1021.1333333333332,1017.4,8.8
1802,1802,2019-12-08,9.6,6.6,15.0,0.0,18.1,1022.0,17.0,342,0.9226395488404875,-0.38566340624360745,-0.8999999999999773,12.7,13.1,1022.6666666666666,1023.1,8.4
1803,1803,2019-12-09,12.3,8.3,16.9,0.0,17.0,1020.3,10.1,343,0.9291414114031743,-0.3697245428906732,-1.7000000000000455,18.1,12.7,1021.7333333333332,1022.9,8.599999999999998
1804,1804,2019-12-10,9.8,5.9,14.7,0.0,10.1,1023.3,13.5,344,0.935367949313148,-0.3536761221763721,3.0,17.0,18.1,1021.8666666666667,1022.0,8.799999999999999
1805,1805,2019-12-11,9.3,6.1,15.3,0.2,13.5,1018.1,18.9,345,0.941317317512847,-0.33752289959411347,-5.199999999999932,10.1,17.0,1020.5666666666666,1020.3,9.200000000000001
1806,1806,2019-12-12,11.5,9.1,14.5,0.0,18.9,1012.1,25.8,346,0.9469877530760751,-0.32126966169236515,-6.0,13.5,10.1,1017.8333333333334,1023.3,5.4
1807,1807,2019-12-13,16.8,12.2,21.0,0.0,25.8,1001.8,21.0,347,0.9523775757303973,-0.3049212246562894,-10.300000000000068,18.9,13.5,1010.6666666666666,1018.1,8.8
1808,1808,2019-12-14,16.2,10.8,20.6,0.0,21.0,1011.5,12.0,348,0.9574851883550389,-0.2884824328806098,9.700000000000045,25.8,18.9,1008.4666666666667,1012.1,9.8
1809,1809,2019-12-15,12.1,7.7,17.4,0.0,12.0,1013.2,13.8,349,0.9623090774541487,-0.27195815753410524,1.7000000000000455,21.0,25.8,1008.8333333333334,1001.8,9.7
1810,1810,2019-12-16,11.1,8.2,15.1,0.0,13.8,1010.3,12.7,350,0.9668478136052773,-0.2553532951161881,-2.900000000000091,12.0,21.0,1011.6666666666666,1011.5,6.9
1811,1811,2019-12-17,13.9,11.8,17.0,0.0,12.7,1007.5,12.6,351,0.9711000518829505,-0.23867276600594997,-2.7999999999999545,13.8,12.0,1010.3333333333334,1013.2,5.199999999999999
1812,1812,2019-12-18,13.6,11.4,18.0,0.0,12.6,1015.8,12.7,352,0.9750645322571945,-0.22192151300416674,8.299999999999955,12.7,13.8,1011.1999999999999,1010.3,6.6
1813,1813,2019-12-19,12.0,8.9,16.2,7.4,12.7,1015.1,18.6,353,0.9787400799669153,-0.20510449986861926,-0.6999999999999318,12.6,12.7,1012.8000000000001,1007.5,7.299999999999999
1814,1814,2019-12-20,14.9,12.9,17.0,6.2,18.6,1001.3,15.9,354,0.9821256058680006,-0.1882267098432439,-13.800000000000068,12.7,12.6,1010.7333333333332,1015.8,4.1
1815,1815,2019-12-21,15.7,13.2,19.1,0.3,15.9,999.1,41.0,355,0.9852201067560606,-0.1712931441814778,-2.199999999999932,18.6,12.7,1005.1666666666666,1015.1,5.900000000000002
1816,1816,2019-12-22,16.7,13.4,19.2,0.0,41.0,1006.2,16.8,356,0.9880226656636976,-0.154308820664281,7.100000000000023,15.9,18.6,1002.2000000000002,1001.3,5.799999999999999
1817,1817,2019-12-23,13.3,8.5,17.6,0.0,16.8,1021.4,13.5,357,0.9905324521322227,-0.13727877211326517,15.199999999999932,41.0,15.9,1008.9,999.1,9.100000000000001
1818,1818,2019-12-24,11.7,7.4,18.2,0.0,13.5,1025.4,15.4,358,0.9927487224577402,-0.12020804489935275,4.000000000000114,16.8,41.0,1017.6666666666666,1006.2,10.799999999999999
1819,1819,2019-12-25,12.2,8.8,18.0,0.0,15.4,1023.8,14.3,359,0.9946708199115211,-0.10310169744743544,-1.6000000000001364,13.5,16.8,1023.5333333333333,1021.4,9.2
1820,1820,2019-12-26,11.9,9.4,17.1,0.0,14.3,1024.3,18.3,360,0.9962981749346077,-0.0859647987374467,0.5,15.4,13.5,1024.5,1025.4,7.700000000000001
1821,1821,2019-12-27,10.1,6.9,15.3,0.0,18.3,1028.7,14.0,361,0.9976303053065857,-0.06880242680232064,4.400000000000091,14.3,15.4,1025.6,1023.8,8.4
1822,1822,2019-12-28,9.1,4.8,15.7,0.0,14.0,1030.4,11.0,362,0.9986668162884759,-0.05161966722325418,1.7000000000000455,18.3,14.3,1027.8,1024.3,10.899999999999999
1823,1823,2019-12-29,10.4,8.2,14.6,0.0,11.0,1032.3,13.3,363,0.9994074007397048,-0.034421611622745804,1.8999999999998636,14.0,18.3,1030.4666666666665,1028.7,6.4
1824,1824,2019-12-30,10.5,7.0,14.9,0.0,13.3,1032.8,19.1,364,0.9998518392091162,-0.01721335615583528,0.5,11.0,14.0,1031.8333333333333,1030.4,7.9
1825,1825,2019-12-31,8.8,6.3,14.8,0.0,19.1,1032.7,12.2,365,1.0,6.432490598706546e-16,-0.09999999999990905,13.3,11.0,1032.5999999999997,1032.3,8.5
1826,1826,2020-01-01,7.9,4.9,13.4,0.0,12.2,1032.1,14.7,1,0.9998518392091162,0.017213356155834685,-0.6000000000001364,19.1,13.3,1032.533333333333,1032.8,8.5
1827,1827,2020-01-02,7.8,4.1,14.7,0.0,14.7,1031.8,17.6,2,0.9994074007397048,0.03442161162274574,-0.2999999999999545,12.2,19.1,1032.1999999999998,1032.7,10.6
1828,1828,2020-01-03,7.1,4.5,11.0,0.0,17.6,1030.9,20.6,3,0.998666816288476,0.051619667223253764,-0.8999999999998636,14.7,12.2,1031.6,1032.1,6.5
1829,1829,2020-01-04,7.9,3.9,14.8,0.0,20.6,1031.4,21.3,4,0.9976303053065857,0.06880242680231986,0.5,17.6,14.7,1031.3666666666666,1031.8,10.9
1830,1830,2020-01-05,8.5,4.9,15.1,0.0,21.3,1028.6,14.2,5,0.9962981749346078,0.08596479873744647,-2.800000000000182,20.6,17.6,1030.3,1030.9,10.2
1831,1831,2020-01-06,8.3,4.1,16.0,0.0,14.2,1029.4,17.4,6,0.9946708199115211,0.10310169744743485,0.8000000000001819,21.3,20.6,1029.8,1031.4,11.9
1832,1832,2020-01-07,8.2,4.6,15.3,0.0,17.4,1029.8,13.2,7,0.9927487224577402,0.1202080448993527,0.3999999999998636,14.2,21.3,1029.2666666666667,1028.6,10.700000000000001
1833,1833,2020-01-08,9.1,4.7,16.7,0.0,13.2,1030.2,14.8,8,0.9905324521322229,0.13727877211326478,0.40000000000009095,17.4,14.2,1029.8,1029.4,12.0
1834,1834,2020-01-09,9.5,5.7,14.7,4.9,14.8,1027.5,11.7,9,0.9880226656636976,0.15430882066428117,-2.7000000000000455,13.2,17.4,1029.1666666666667,1029.8,9.0
1835,1835,2020-01-10,9.3,6.8,12.5,16.2,11.7,1025.7,16.8,10,0.9852201067560606,0.1712931441814776,-1.7999999999999545,14.8,13.2,1027.8,1030.2,5.7
1836,1836,2020-01-11,7.2,4.2,12.3,0.0,16.8,1030.1,15.3,11,0.9821256058680006,0.1882267098432442,4.399999999999864,11.7,14.8,1027.7666666666667,1027.5,8.100000000000001
1837,1837,2020-01-12,6.4,2.4,14.7,0.0,15.3,1029.9,15.7,12,0.9787400799669153,0.2051044998686192,-0.1999999999998181,16.8,11.7,1028.5666666666666,1025.7,12.299999999999999
1838,1838,2020-01-13,7.2,2.9,12.9,0.0,15.7,1025.0,14.6,13,0.9750645322571948,0.2219215130041655,-4.900000000000091,15.3,16.8,1028.3333333333333,1030.1,10.0
1839,1839,2020-01-14,7.8,2.7,14.4,0.0,14.6,1022.0,15.8,14,0.9711000518829505,0.2386727660059501,-3.0,15.7,15.3,1025.6333333333332,1029.9,11.7
1840,1840,2020-01-15,7.8,3.2,14.3,0.0,15.8,1024.4,15.0,15,0.9668478136052775,0.255353295116187,2.400000000000091,14.6,15.7,1023.7999999999998,1025.0,11.100000000000001
1841,1841,2020-01-16,9.0,4.8,14.8,0.0,15.0,1027.7,12.6,16,0.9623090774541486,0.2719581575341055,3.2999999999999545,15.8,14.6,1024.7,1022.0,10.0
1842,1842,2020-01-17,12.3,6.9,19.0,0.0,12.6,1026.2,15.0,17,0.9574851883550393,0.288482432880609,-1.5,15.0,15.8,1026.1000000000001,1024.4,12.1
1843,1843,2020-01-18,9.9,7.2,14.7,0.2,15.0,1027.1,35.4,18,0.9523775757303974,0.30492122465628907,0.8999999999998636,12.6,15.0,1027.0,1027.7,7.499999999999999
1844,1844,2020-01-19,10.7,9.3,12.5,0.0,35.4,1020.5,53.9,19,0.9469877530760753,0.3212696616923644,-6.599999999999909,15.0,12.6,1024.6000000000001,1026.2,3.1999999999999993
1845,1845,2020-01-20,9.7,7.3,11.4,54.1,53.9,1024.9,60.2,20,0.9413173175128471,0.3375228995941133,4.400000000000091,35.4,15.0,1024.1666666666667,1027.1,4.1000000000000005
1846,1846,2020-01-21,10.4,7.6,12.8,87.9,60.2,1023.4,26.4,21,0.9353679493131483,0.3536761221763716,-1.5000000000001137,53.9,35.4,1022.9333333333333,1020.5,5.200000000000001
1847,1847,2020-01-22,12.6,10.0,14.9,10.4,26.4,1020.8,16.1,22,0.9291414114031743,0.3697245428906731,-2.6000000000000227,60.2,53.9,1023.0333333333333,1024.9,4.9
1848,1848,2020-01-23,12.2,8.5,14.7,0.1,16.1,1020.9,14.4,23,0.9226395488404876,0.38566340624360707,0.10000000000002274,26.4,60.2,1021.6999999999998,1023.4,6.199999999999999
1849,1849,2020-01-24,9.7,6.2,15.4,0.0,14.4,1022.1,12.8,24,0.9158642882672872,0.401487989205973,1.2000000000000455,16.1,26.4,1021.2666666666665,1020.8,9.2
1850,1850,2020-01-25,10.7,7.8,14.3,0.0,12.8,1020.5,12.3,25,0.9088176373395029,0.4171936026123168,-1.6000000000000227,14.4,16.1,1021.1666666666666,1020.9,6.500000000000001
1851,1851,2020-01-26,11.4,8.2,17.4,0.0,12.3,1019.9,13.2,26,0.901501684131884,0.4327755925504312,-0.6000000000000227,12.8,14.4,1020.8333333333334,1022.1,9.2
1852,1852,2020-01-27,10.4,6.1,15.4,0.0,13.2,1020.7,23.7,27,0.893918596519257,0.4482293417404106,0.8000000000000682,12.3,12.8,1020.3666666666667,1020.5,9.3
1853,1853,2020-01-28,13.6,10.1,17.7,0.0,23.7,1017.7,9.2,28,0.886070621534138,0.4635502709028509,-3.0,13.2,12.3,1019.4333333333334,1019.9,7.6
1854,1854,2020-01-29,11.2,8.2,16.4,0.0,9.2,1021.0,9.1,29,0.8779600847008882,0.47873384011578846,3.2999999999999545,23.7,13.2,1019.7999999999998,1020.7,8.2
1855,1855,2020-01-30,12.3,8.7,18.8,0.0,9.1,1020.4,12.0,30,0.869589389346611,0.49377555015997715,-0.6000000000000227,9.2,23.7,1019.6999999999999,1017.7,10.100000000000001
1856,1856,2020-01-31,13.1,10.5,19.2,0.0,12.0,1020.9,6.4,31,0.8609610158889943,0.5086709438521044,0.5,9.1,9.2,1020.7666666666665,1021.0,8.7
1857,1857,2020-02-01,13.4,8.9,21.4,0.0,6.4,1021.2,10.0,32,0.8520775211013093,0.5234156073655503,0.3000000000000682,12.0,9.1,1020.8333333333334,1020.4,12.499999999999998
1858,1858,2020-02-02,14.6,10.0,20.7,0.0,10.0,1025.9,11.5,33,0.8429415373547828,0.5380051715382996,4.7000000000000455,6.4,12.0,1022.6666666666666,1020.9,10.7
1859,1859,2020-02-03,15.4,11.7,21.5,0.0,11.5,1026.4,11.5,34,0.8335557718385699,0.5524353131676196,0.5,10.0,6.4,1024.5,1021.2,9.8
1860,1860,2020-02-04,14.7,10.3,21.3,0.0,11.5,1022.5,14.6,35,0.8239230057575542,0.5667017562911176,-3.900000000000091,11.5,10.0,1024.9333333333334,1025.9,11.0
1861,1861,2020-02-05,10.4,7.0,14.8,0.0,14.6,1028.6,15.8,36,0.8140460935082178,0.5808002734538009,6.099999999999909,11.5,11.5,1025.8333333333333,1026.4,7.800000000000001
1862,1862,2020-02-06,9.5,4.8,14.8,0.0,15.8,1027.6,11.9,37,0.8039279618328213,0.5947266869607634,-1.0,14.6,11.5,1026.2333333333331,1022.5,10.0
1863,1863,2020-02-07,9.9,6.5,14.7,0.0,11.9,1025.4,8.7,38,0.7935716089521474,0.6084768701151261,-2.199999999999818,15.8,14.6,1027.2,1028.6,8.2
1864,1864,2020-02-08,10.3,6.7,14.1,0.0,8.7,1025.2,18.6,39,0.7829801036770629,0.6220467484408675,-0.20000000000004547,11.9,15.8,1026.0666666666666,1027.6,7.3999999999999995
1865,1865,2020-02-09,11.1,7.2,15.1,0.0,18.6,1028.6,19.6,40,0.7721565844991642,0.6354323008901774,3.3999999999998636,8.7,11.9,1026.3999999999999,1025.4,7.8999999999999995
1866,1866,2020-02-10,14.6,11.2,21.6,0.0,19.6,1026.4,10.8,41,0.7611042586607747,0.6486295610349814,-2.199999999999818,18.6,8.7,1026.7333333333333,1025.2,10.400000000000002
1867,1867,2020-02-11,13.7,10.7,17.3,0.0,10.8,1023.9,14.3,42,0.7498264012045686,0.6616346182422783,-2.5000000000001137,19.6,18.6,1026.3,1028.6,6.600000000000001
1868,1868,2020-02-12,12.3,11.4,13.5,0.0,14.3,1025.1,18.7,43,0.7383263540031065,0.6744436188329455,1.1999999999999318,10.8,19.6,1025.1333333333332,1026.4,2.0999999999999996
1869,1869,2020-02-13,12.8,9.5,16.3,0.0,18.7,1021.4,10.5,44,0.7266075247685656,0.6870527672236669,-3.699999999999932,14.3,10.8,1023.4666666666666,1023.9,6.800000000000001
1870,1870,2020-02-14,12.1,9.2,16.2,0.0,10.5,1024.7,14.3,45,0.7146733860429609,0.699458327051647,3.300000000000068,18.7,14.3,1023.7333333333331,1025.1,7.0
1871,1871,2020-02-15,12.3,9.9,15.6,0.0,14.3,1026.2,21.2,46,0.7025274741691571,0.7116566222817746,1.5,10.5,18.7,1024.0999999999997,1021.4,5.699999999999999
1872,1872,2020-02-16,13.8,13.2,15.8,0.0,21.2,1026.3,16.3,47,0.6901733882429719,0.7236440382959124,0.09999999999990905,14.3,10.5,1025.7333333333331,1024.7,2.6000000000000014
1873,1873,2020-02-17,13.9,13.3,15.9,1.1,16.3,1025.2,12.2,48,0.6776147890466889,0.7354170229639855,-1.099999999999909,21.2,14.3,1025.8999999999999,1026.2,2.5999999999999996
1874,1874,2020-02-18,11.7,7.9,15.1,0.0,12.2,1031.1,14.1,49,0.6648553979642865,0.7469720876965552,5.899999999999864,16.3,21.2,1027.533333333333,1026.3,7.199999999999999
1875,1875,2020-02-19,9.9,6.8,16.7,0.0,14.1,1030.7,18.5,50,0.6518989958787126,0.7583058084785624,-0.3999999999998636,12.2,16.3,1028.9999999999998,1025.2,9.899999999999999
1876,1876,2020-02-20,10.2,5.2,15.6,0.0,18.5,1026.1,16.3,51,0.6387494220515272,0.7694148268839378,-4.600000000000136,14.1,12.2,1029.2999999999997,1031.1,10.399999999999999
1877,1877,2020-02-21,11.3,6.8,17.0,0.0,16.3,1029.1,13.9,52,0.6254105729852463,0.7802958510707755,3.0,18.5,14.1,1028.633333333333,1030.7,10.2
1878,1878,2020-02-22,11.5,7.5,16.4,0.0,13.9,1031.9,16.6,53,0.6118864012687243,0.7909456567567772,2.800000000000182,16.3,18.5,1029.033333333333,1026.1,8.899999999999999
1879,1879,2020-02-23,12.3,8.2,17.6,0.0,16.6,1031.9,16.8,54,0.5981809144059165,0.8013610881746766,0.0,13.9,16.3,1030.9666666666665,1029.1,9.400000000000002
1880,1880,2020-02-24,12.9,8.8,18.4,0.0,16.8,1025.1,10.6,55,0.5842981736283684,0.8115390590073611,-6.800000000000182,16.6,13.9,1029.6333333333332,1031.9,9.599999999999998
1881,1881,2020-02-25,11.8,8.2,16.1,0.0,10.6,1016.2,18.0,56,0.5702422926917871,0.8214765533024142,-8.899999999999864,16.8,16.6,1024.3999999999999,1031.9,7.900000000000002
1882,1882,2020-02-26,13.5,9.1,19.8,0.0,18.0,1014.8,21.2,57,0.5560174366570446,0.8311706263658079,-1.400000000000091,10.6,16.8,1018.6999999999998,1025.1,10.700000000000001
1883,1883,2020-02-27,14.4,9.1,19.7,0.0,21.2,1016.5,11.4,58,0.5416278206559814,0.8406184056344782,1.7000000000000455,18.0,10.6,1015.8333333333331,1016.2,10.6
1884,1884,2020-02-28,13.4,10.5,16.4,0.0,11.4,1020.4,16.6,59,0.5270777086423722,0.8498170915275278,3.8999999999999773,21.2,18.0,1017.2333333333331,1014.8,5.899999999999999
1885,1885,2020-02-29,13.8,11.2,17.0,0.0,16.6,1011.8,20.2,60,0.5123714121284237,0.8587639582758029,-8.600000000000023,11.4,21.2,1016.2333333333331,1016.5,5.800000000000001
1886,1886,2020-03-01,15.6,13.0,20.9,0.9,20.2,1009.3,38.6,61,0.49751328890718066,0.8674563547295969,-2.5,16.6,11.4,1013.8333333333331,1020.4,7.899999999999999
1887,1887,2020-03-02,14.9,9.7,19.1,1.4,38.6,1000.1,23.9,62,0.48250774176121847,0.8758917051442429,-9.199999999999932,20.2,16.6,1007.0666666666665,1011.8,9.400000000000002
1888,1888,2020-03-03,12.4,8.2,18.0,0.0,23.9,1009.6,9.6,63,0.4673592171580022,0.8840675099433636,9.5,38.6,20.2,1006.3333333333331,1009.3,9.8
1889,1889,2020-03-04,12.7,9.8,18.0,0.0,9.6,1015.4,20.5,64,0.45207220393230435,0.8919813464595485,5.7999999999999545,23.9,38.6,1008.3666666666664,1000.1,8.2
1890,1890,2020-03-05,14.7,9.8,20.0,0.0,20.5,1007.6,23.0,65,0.43665123195606403,0.8996308696522433,-7.7999999999999545,9.6,23.9,1010.8666666666664,1009.6,10.2
1891,1891,2020-03-06,12.3,8.3,17.9,0.0,23.0,1008.9,14.9,66,0.4211008707960896,0.9070138128026359,1.2999999999999545,20.5,9.6,1010.6333333333332,1015.4,9.599999999999998
1892,1892,2020-03-07,11.9,6.3,18.8,0.0,14.9,1018.8,15.4,67,0.40542572835999735,0.9141279881853337,9.899999999999977,23.0,20.5,1011.7666666666664,1007.6,12.5
1893,1893,2020-03-08,12.6,8.2,17.0,0.0,15.4,1022.4,17.0,68,0.38963044953078796,0.9209712877166346,3.6000000000000227,14.9,23.0,1016.6999999999998,1008.9,8.8
1894,1894,2020-03-09,13.0,9.1,21.1,0.0,17.0,1019.5,15.7,69,0.37371971479046906,0.9275416835791966,-2.8999999999999773,15.4,14.9,1020.2333333333331,1018.8,12.000000000000002
1895,1895,2020-03-10,12.5,9.3,15.9,0.0,15.7,1023.8,10.7,70,0.35769823883312546,0.9338372288229252,4.2999999999999545,17.0,15.4,1021.8999999999997,1022.4,6.6
1896,1896,2020-03-11,12.6,8.7,16.8,0.0,10.7,1023.1,10.4,71,0.3415707691678556,0.9398560579418954,-0.6999999999999318,15.7,17.0,1022.1333333333332,1019.5,8.100000000000001
1897,1897,2020-03-12,12.7,10.4,17.0,0.0,10.4,1020.6,17.0,72,0.3253420847119801,0.9455963874271426,-2.5,10.7,15.7,1022.4999999999999,1023.8,6.6
1898,1898,2020-03-13,13.7,10.2,17.5,0.0,17.0,1019.5,10.9,73,0.30901699437494745,0.9510565162951535,-1.1000000000000227,10.4,10.7,1021.0666666666666,1023.1,7.300000000000001
1899,1899,2020-03-14,14.2,10.2,18.4,0.0,10.9,1019.9,12.8,74,0.29260033563334836,0.9562348265919056,0.39999999999997726,17.0,10.4,1019.9999999999999,1020.6,8.2
1900,1900,2020-03-15,12.7,8.9,17.3,0.0,12.8,1018.9,31.5,75,0.27609697309746883,0.9611297838723007,-1.0,10.9,17.0,1019.4333333333333,1019.5,8.4
1901,1901,2020-03-16,13.7,13.4,15.2,18.3,31.5,1017.3,30.4,76,0.2595117970697999,0.9657399376548549,-1.6000000000000227,12.8,10.9,1018.6999999999998,1019.9,1.799999999999999
1902,1902,2020-03-17,14.8,12.9,17.4,0.0,30.4,1027.0,9.6,77,0.2428497220959356,0.9700639218515071,9.700000000000045,31.5,12.8,1021.0666666666665,1018.9,4.499999999999998
1903,1903,2020-03-18,12.8,9.4,17.5,0.0,9.6,1027.6,11.4,78,0.22611568550828828,0.9741004551724205,0.599999999999909,30.4,31.5,1023.9666666666664,1017.3,8.1
1904,1904,2020-03-19,11.6,8.2,15.8,0.0,11.4,1024.0,15.9,79,0.20931464596304847,0.9778483415056568,-3.599999999999909,9.6,30.4,1026.1999999999998,1027.0,7.600000000000001
1905,1905,2020-03-20,12.0,8.5,16.5,0.0,15.9,1020.3,16.1,80,0.19245158197082998,0.9813064702716093,-3.7000000000000455,11.4,9.6,1023.9666666666666,1027.6,8.0
1906,1906,2020-03-21,12.0,7.2,17.1,0.0,16.1,1014.9,19.6,81,0.1755314904214282,0.9844738167520922,-5.399999999999977,15.9,11.4,1019.7333333333331,1024.0,9.900000000000002
1907,1907,2020-03-22,13.1,9.8,16.9,4.2,19.6,1013.9,26.7,82,0.15855938510313475,0.9873494423939864,-1.0,16.1,15.9,1016.3666666666664,1020.3,7.099999999999998
1908,1908,2020-03-23,13.5,11.6,16.4,20.4,26.7,1018.8,33.7,83,0.141540295217043,0.989932495087353,4.899999999999977,19.6,16.1,1015.8666666666664,1014.9,4.799999999999999
1909,1909,2020-03-24,12.5,10.8,15.1,0.0,33.7,1020.3,14.7,84,0.12447926388678915,0.9922222094179323,1.5,26.7,19.6,1017.6666666666664,1013.9,4.299999999999999
1910,1910,2020-03-25,10.1,5.9,13.6,0.0,14.7,1017.3,22.0,85,0.10738134666416309,0.994217906893952,-3.0,33.7,26.7,1018.7999999999998,1018.8,7.699999999999999
1911,1911,2020-03-26,8.4,5.0,13.0,0.0,22.0,1010.5,13.9,86,0.09025161003104117,0.995918996147179,-6.7999999999999545,14.7,33.7,1016.0333333333332,1020.3,8.0
1912,1912,2020-03-27,9.5,3.7,16.2,0.1,13.9,1014.3,14.9,87,0.07309512989807777,0.9973249731081555,3.7999999999999545,22.0,14.7,1014.0333333333332,1017.3,12.5
1913,1913,2020-03-28,13.0,10.0,17.4,0.0,14.9,1017.1,12.2,88,0.055916990100603484,0.9984354211555643,2.800000000000068,13.9,22.0,1013.9666666666666,1010.5,7.399999999999999
1914,1914,2020-03-29,13.7,8.9,19.1,,12.2,1015.1,18.6,89,0.03872228089217446,0.9992500112396835,-2.0,14.9,13.9,1015.4999999999999,1014.3,10.200000000000001
1915,1915,2020-03-30,10.2,8.0,14.3,6.0,18.6,1014.6,30.5,90,0.021516097436222254,0.9997685019798909,-0.5,12.2,14.9,1015.5999999999999,1017.1,6.300000000000001
1916,1916,2020-03-31,11.2,8.3,13.1,3.2,30.5,1014.3,41.7,91,0.004303538296244289,0.9999907397361901,-0.3000000000000682,18.6,12.2,1014.6666666666665,1015.1,4.799999999999999
1917,1917,2020-04-01,11.6,10.4,13.0,16.4,41.7,1014.4,29.2,92,-0.01291029607500882,0.9999166586547379,0.10000000000002274,30.5,18.6,1014.433333333333,1014.6,2.5999999999999996
1918,1918,2020-04-02,12.1,10.3,15.1,0.0,29.2,1012.3,12.7,93,-0.030120304846908114,0.9995462806873573,-2.1000000000000227,41.7,30.5,1013.6666666666665,1014.3,4.799999999999999
1919,1919,2020-04-03,12.3,7.8,17.3,0.0,12.7,1015.7,12.3,94,-0.04732138832243185,0.9988797155850336,3.400000000000091,29.2,41.7,1014.1333333333332,1014.4,9.5
1920,1920,2020-04-04,12.2,8.5,17.0,0.0,12.3,1020.0,12.0,95,-0.06450844944931623,0.9979171608653922,4.2999999999999545,12.7,29.2,1015.9999999999999,1012.3,8.5
1921,1921,2020-04-05,12.2,7.6,17.4,0.0,12.0,1021.3,11.5,96,-0.08167639533042241,0.9966589017541702,1.2999999999999545,12.3,12.7,1018.9999999999999,1015.7,9.799999999999999
1922,1922,2020-04-06,12.9,8.8,17.5,0.0,11.5,1023.9,10.0,97,-0.09882013873287143,0.9951053111006976,2.6000000000000227,12.0,12.3,1021.7333333333331,1020.0,8.7
1923,1923,2020-04-07,14.1,11.3,18.3,0.0,10.0,1026.8,9.1,98,-0.11593459959550041,0.9932568492674143,2.8999999999999773,11.5,12.0,1023.9999999999999,1021.3,7.0
1924,1924,2020-04-08,15.0,11.2,19.2,0.0,9.1,1025.6,11.1,99,-0.1330147065341959,0.9911140639934547,-1.2000000000000455,10.0,11.5,1025.4333333333332,1023.9,8.0
1925,1925,2020-04-09,14.4,11.0,18.2,0.0,11.1,1023.0,12.6,100,-0.1500553983446526,0.9886775902323405,-2.599999999999909,9.1,10.0,1025.1333333333332,1026.8,7.199999999999999
1926,1926,2020-04-10,14.5,10.1,20.4,0.0,12.6,1022.7,11.6,101,-0.16705162550211924,0.9859481499638304,-0.2999999999999545,11.1,9.1,1023.7666666666664,1025.6,10.299999999999999
1927,1927,2020-04-11,14.6,10.4,19.4,0.0,11.6,1022.9,13.5,102,-0.18399835165768005,0.9829265519799822,0.1999999999999318,12.6,11.1,1022.8666666666664,1023.0,8.999999999999998
1928,1928,2020-04-12,15.4,11.2,19.9,14.1,13.5,1019.8,19.6,103,-0.20089055513063506,0.9796136916454901,-3.1000000000000227,11.6,12.6,1021.7999999999998,1022.7,8.7
1929,1929,2020-04-13,13.5,12.0,15.6,18.0,19.6,1010.5,13.7,104,-0.21772323039653177,0.9760105506323683,-9.299999999999955,13.5,11.6,1017.7333333333331,1022.9,3.5999999999999996
1930,1930,2020-04-14,14.9,12.3,18.5,0.0,13.7,1013.5,19.5,105,-0.23449138957040985,0.9721181966290613,3.0,19.6,13.5,1014.5999999999998,1019.8,6.199999999999999
1931,1931,2020-04-15,14.9,11.1,18.6,0.0,19.5,1017.9,17.5,106,-0.25119006388481935,0.9679377830240642,4.399999999999977,13.7,19.6,1013.9666666666666,1010.5,7.500000000000002
1932,1932,2020-04-16,16.3,15.3,19.4,0.0,17.5,1019.3,9.9,107,-0.2678143051621742,0.9634705485641488,1.3999999999999773,19.5,13.7,1016.9,1013.5,4.099999999999998
1933,1933,2020-04-17,15.9,14.1,18.5,0.0,9.9,1017.7,15.9,108,-0.2843591872810034,0.9587178169872964,-1.599999999999909,17.5,19.5,1018.2999999999998,1017.9,4.4
1934,1934,2020-04-18,16.6,14.7,19.6,12.1,15.9,1016.3,21.7,109,-0.30081980763566735,0.9536809966304457,-1.400000000000091,9.9,17.5,1017.7666666666664,1019.3,4.900000000000002
1935,1935,2020-04-19,15.9,15.4,16.4,78.5,21.7,1010.5,12.4,110,-0.3171912885891061,0.9483615800121715,-5.7999999999999545,15.9,9.9,1014.8333333333331,1017.7,0.9999999999999982
1936,1936,2020-04-20,15.6,15.4,18.1,47.7,12.4,1005.7,18.2,111,-0.3334687789181868,0.9427611433904207,-4.7999999999999545,21.7,15.9,1010.8333333333331,1016.3,2.700000000000001
1937,1937,2020-04-21,14.9,13.8,15.6,73.3,18.2,1004.4,30.2,112,-0.3496474552512284,0.9368813462954315,-1.3000000000000682,12.4,21.7,1006.8666666666664,1010.5,1.799999999999999
1938,1938,2020-04-22,15.2,14.0,18.4,0.0,30.2,1012.6,15.8,113,-0.36572252349726897,0.9307239310379795,8.200000000000045,18.2,12.4,1007.5666666666666,1005.7,4.399999999999999
1939,1939,2020-04-23,16.4,13.4,20.8,0.0,15.8,1019.1,13.5,114,-0.3816892202666588,0.9242907221930933,6.5,30.2,18.2,1012.0333333333332,1004.4,7.4
1940,1940,2020-04-24,16.2,13.5,19.8,0.0,13.5,1016.1,10.3,115,-0.39754281428255595,0.9175836260593937,-3.0,15.8,30.2,1015.933333333333,1012.6,6.300000000000001
1941,1941,2020-04-25,15.8,11.6,20.5,0.0,10.3,1011.1,11.8,116,-0.4132786077829042,0.9106046300942162,-5.0,13.5,15.8,1015.4333333333333,1019.1,8.9
1942,1942,2020-04-26,16.2,12.7,20.1,0.0,11.8,1010.8,11.9,117,-0.4288919379124835,0.9033558023246845,-0.3000000000000682,10.3,13.5,1012.6666666666665,1016.1,7.400000000000002
1943,1943,2020-04-27,16.4,12.9,20.5,3.4,11.9,1011.0,19.5,118,-0.4443781781046132,0.895839290734909,0.20000000000004547,11.8,10.3,1010.9666666666666,1011.1,7.6
1944,1944,2020-04-28,16.9,12.9,21.6,0.0,19.5,1011.6,19.7,119,-0.45973273945210397,0.8880573226294932,0.6000000000000227,11.9,11.8,1011.1333333333332,1010.8,8.700000000000001
1945,1945,2020-04-29,16.9,12.2,21.6,,19.7,1015.1,20.8,120,-0.47495107206704995,0.8800122039735357,3.5,19.5,11.9,1012.5666666666665,1011.0,9.400000000000002
1946,1946,2020-04-30,18.8,14.3,25.3,0.0,20.8,1012.7,24.4,121,-0.4900286664290592,0.8717063187093218,-2.3999999999999773,19.7,19.5,1013.1333333333332,1011.6,11.0
1947,1947,2020-05-01,20.2,13.9,26.3,0.0,24.4,1013.8,10.5,122,-0.5049610547215204,0.8631421280499114,1.099999999999909,20.8,19.7,1013.8666666666664,1015.1,12.4
1948,1948,2020-05-02,19.3,15.4,23.9,0.0,10.5,1016.4,11.8,123,-0.5197438121555155,0.854322169749827,2.6000000000000227,24.4,20.8,1014.2999999999998,1012.7,8.499999999999998
1949,1949,2020-05-03,19.1,15.7,22.6,0.0,11.8,1018.4,12.6,124,-0.5343725582809786,0.8452490573530633,2.0,10.5,24.4,1016.1999999999998,1013.8,6.900000000000002
1950,1950,2020-05-04,19.3,15.4,24.3,0.0,12.6,1016.4,9.2,125,-0.548842958284719,0.8359254794186372,-2.0,11.8,10.5,1017.0666666666666,1016.4,8.9
1951,1951,2020-05-05,19.4,16.7,23.1,0.0,9.2,1014.4,12.6,126,-0.5631507242749186,0.8263541987239096,-2.0,12.6,11.8,1016.3999999999997,1018.4,6.400000000000002
1952,1952,2020-05-06,20.3,16.4,25.0,0.0,12.6,1016.3,17.4,127,-0.5772916165517272,0.8165380514459161,1.8999999999999773,9.2,12.6,1015.6999999999998,1016.4,8.600000000000001
1953,1953,2020-05-07,19.8,16.6,23.6,0.0,17.4,1019.4,14.8,128,-0.5912614448635781,0.8064799463209448,3.1000000000000227,12.6,9.2,1016.6999999999998,1014.4,7.0
1954,1954,2020-05-08,19.8,15.9,24.2,0.0,14.8,1017.9,18.4,129,-0.6050560696488488,0.7961828637826158,-1.5,17.4,12.6,1017.8666666666664,1016.3,8.299999999999999
1955,1955,2020-05-09,18.7,16.7,20.5,6.3,18.4,1012.9,16.3,130,-0.6186714032625031,0.7856498550787147,-5.0,14.8,17.4,1016.7333333333332,1019.4,3.8000000000000007
1956,1956,2020-05-10,17.8,15.0,20.5,4.0,16.3,1004.8,27.2,131,-0.6321034111873487,0.7748840413670407,-8.100000000000023,18.4,14.8,1011.8666666666664,1017.9,5.5
1957,1957,2020-05-11,18.7,14.7,22.5,0.0,27.2,1004.0,20.9,132,-0.6453481132295501,0.7638886127905428,-0.7999999999999545,16.3,18.4,1007.2333333333331,1012.9,7.800000000000001
1958,1958,2020-05-12,17.4,16.0,20.2,0.9,20.9,1009.5,21.5,133,-0.6584015846980488,0.7526668275320085,5.5,27.2,16.3,1006.0999999999998,1004.8,4.199999999999999
1959,1959,2020-05-13,18.6,15.5,22.2,0.0,21.5,1004.5,16.6,134,-0.6712599575675313,0.7412220108485958,-5.0,20.9,27.2,1005.9999999999999,1004.0,6.699999999999999
1960,1960,2020-05-14,16.5,13.7,18.5,4.5,16.6,1005.3,10.6,135,-0.6839194216246106,0.7295575540864875,0.7999999999999545,21.5,20.9,1006.433333333333,1009.5,4.800000000000001
1961,1961,2020-05-15,17.3,13.7,21.5,0.0,10.6,1012.3,14.0,136,-0.6963762255968722,0.717676913675962,7.0,16.6,21.5,1007.3666666666664,1004.5,7.800000000000001
1962,1962,2020-05-16,17.7,15.8,22.6,1.4,14.0,1016.2,16.3,137,-0.7086266782644596,0.705583610107178,3.900000000000091,10.6,16.6,1011.2666666666664,1005.3,6.800000000000001
1963,1963,2020-05-17,18.2,14.4,23.0,0.0,16.3,1019.1,13.6,138,-0.7206671495538609,0.6932812268869777,2.8999999999999773,14.0,10.6,1015.8666666666664,1012.3,8.6
1964,1964,2020-05-18,18.8,15.0,22.9,0.0,13.6,1020.0,13.2,139,-0.7324940716135789,0.6807734094770161,0.8999999999999773,16.3,14.0,1018.4333333333333,1016.2,7.899999999999999
1965,1965,2020-05-19,20.6,16.3,27.5,0.0,13.2,1016.5,12.8,140,-0.7441039398713607,0.6680638642135335,-3.5,13.6,16.3,1018.5333333333332,1019.1,11.2
1966,1966,2020-05-20,20.5,17.2,26.1,0.0,12.8,1015.6,14.6,141,-0.7554933140726803,0.6551563572090853,-0.8999999999999773,13.2,13.6,1017.3666666666664,1020.0,8.900000000000002
1967,1967,2020-05-21,22.2,17.5,26.4,0.0,14.6,1018.4,11.4,142,-0.766658819300159,0.6420547132365637,2.7999999999999545,12.8,13.2,1016.8333333333331,1016.5,8.899999999999999
1968,1968,2020-05-22,21.4,17.4,26.4,0.0,11.4,1022.8,13.2,143,-0.7775971469736269,0.6287628145958344,4.399999999999977,14.6,12.8,1018.9333333333333,1015.6,9.0
1969,1969,2020-05-23,21.3,17.5,26.3,0.0,13.2,1025.2,13.2,144,-0.7883050558305255,0.6152845999633276,2.400000000000091,11.4,14.6,1022.1333333333332,1018.4,8.8
1970,1970,2020-05-24,20.3,18.6,23.1,0.0,13.2,1027.6,14.7,145,-0.7987793728863649,0.6016240632249226,2.3999999999998636,13.2,11.4,1025.1999999999998,1022.8,4.5
1971,1971,2020-05-25,20.8,18.5,24.0,0.0,14.7,1026.2,13.8,146,-0.8090169943749473,0.5877852522924732,-1.3999999999998636,13.2,13.2,1026.3333333333333,1025.2,5.5
1972,1972,2020-05-26,21.7,17.7,26.4,0.0,13.8,1025.5,19.4,147,-0.8190148866680801,0.5737722679043246,-0.7000000000000455,14.7,13.2,1026.4333333333332,1027.6,8.7
1973,1973,2020-05-27,21.4,18.7,24.6,0.0,19.4,1026.2,12.6,148,-0.8287700871745038,0.5595892624101765,0.7000000000000455,13.8,14.7,1025.9666666666665,1026.2,5.900000000000002
1974,1974,2020-05-28,20.6,18.3,23.1,0.0,12.6,1024.8,15.6,149,-0.8382797052177744,0.545240438540651,-1.400000000000091,19.4,13.8,1025.4999999999998,1025.5,4.800000000000001
1975,1975,2020-05-29,20.3,16.8,25.0,4.5,15.6,1017.3,12.2,150,-0.8475409228928311,0.5307300481619334,-7.5,12.6,19.4,1022.7666666666664,1026.2,8.2
1976,1976,2020-05-30,20.3,17.2,23.5,0.0,12.2,1016.4,12.4,151,-0.8565509959010036,0.5160623910158528,-0.8999999999999773,15.6,12.6,1019.4999999999997,1024.8,6.300000000000001
1977,1977,2020-05-31,20.6,16.7,24.3,,12.4,1014.9,9.9,152,-0.865307254363206,0.5012418134457758,-1.5,12.2,15.6,1016.1999999999998,1017.3,7.600000000000001
1978,1978,2020-06-01,21.3,18.2,24.7,0.3,9.9,1015.7,12.8,153,-0.8738071036110808,0.48627270710868997,0.8000000000000682,12.4,12.2,1015.6666666666664,1016.4,6.5
1979,1979,2020-06-02,20.6,16.8,24.4,0.0,12.8,1015.7,15.0,154,-0.8820480249558537,0.4711595076738638,0.0,9.9,12.4,1015.433333333333,1014.9,7.599999999999998
1980,1980,2020-06-03,21.4,19.1,25.1,7.3,15.0,1009.4,15.3,155,-0.8900275764346767,0.4559066935084588,-6.300000000000068,12.8,9.9,1013.5999999999998,1015.7,6.0
1981,1981,2020-06-04,19.3,15.6,22.8,0.2,15.3,1002.9,14.7,156,-0.8977433935342337,0.440518784350495,-6.5,15.0,12.8,1009.333333333333,1015.7,7.200000000000001
1982,1982,2020-06-05,19.6,14.3,25.8,0.0,14.7,1008.3,12.2,157,-0.9051931898913974,0.42500033996955416,5.399999999999977,15.3,15.0,1006.8666666666664,1009.4,11.5
1983,1983,2020-06-06,20.6,16.4,24.1,0.2,12.2,1009.6,14.8,158,-0.9123747579707273,0.4093559588156213,1.3000000000000682,14.7,15.3,1006.933333333333,1002.9,7.700000000000003
1984,1984,2020-06-07,19.8,16.8,22.6,18.2,14.8,1008.0,13.7,159,-0.9192859697186104,0.39359027665646673,-1.6000000000000227,12.2,14.7,1008.6333333333331,1008.3,5.800000000000001
1985,1985,2020-06-08,17.7,14.8,21.4,1.3,13.7,1013.1,13.2,160,-0.9259247771938498,0.3777079652039649,5.100000000000023,14.8,12.2,1010.2333333333331,1009.6,6.599999999999998
1986,1986,2020-06-09,17.3,14.4,22.4,17.4,13.2,1015.7,14.4,161,-0.9322892131745133,0.36171373072976765,2.6000000000000227,13.7,14.8,1012.2666666666664,1008.0,7.999999999999998
1987,1987,2020-06-10,18.2,14.4,22.2,0.2,14.4,1015.5,11.3,162,-0.9383773917408641,0.3456123126707335,-0.20000000000004547,13.2,13.7,1014.7666666666664,1013.1,7.799999999999999
1988,1988,2020-06-11,20.1,17.4,23.6,0.0,11.3,1008.6,18.1,163,-0.9441875088341993,0.3294084822245304,-6.899999999999977,14.4,13.2,1013.2666666666664,1015.7,6.200000000000003
1989,1989,2020-06-12,21.9,19.0,25.1,0.0,18.1,1004.0,19.3,164,-0.9497178427914316,0.3131070409358269,-4.600000000000023,11.3,14.4,1009.3666666666664,1015.5,6.100000000000001
1990,1990,2020-06-13,21.2,16.8,26.6,0.0,19.3,1011.0,16.1,165,-0.9549667548552551,0.29671281927349075,7.0,18.1,11.3,1007.8666666666664,1008.6,9.8
1991,1991,2020-06-14,20.8,16.6,24.5,0.0,16.1,1017.9,13.0,166,-0.9599326896597447,0.28023067519921585,6.899999999999977,19.3,18.1,1010.9666666666666,1004.0,7.899999999999999
1992,1992,2020-06-15,21.3,18.1,24.3,0.0,13.0,1019.3,9.9,167,-0.9646141756912435,0.26366549272800704,1.3999999999999773,16.1,19.3,1016.0666666666665,1011.0,6.199999999999999
1993,1993,2020-06-16,20.4,18.3,23.3,0.3,9.9,1017.5,12.7,168,-0.9690098257244062,0.24702218048093552,-1.7999999999999545,13.0,16.1,1018.2333333333331,1017.9,5.0
1994,1994,2020-06-17,20.0,16.8,23.8,5.4,12.7,1015.7,16.3,169,-0.9731183372332619,0.23030567023061221,-1.7999999999999545,9.9,13.0,1017.4999999999997,1019.3,7.0
1995,1995,2020-06-18,19.3,15.9,21.6,2.9,16.3,1016.0,11.6,170,-0.9769384927771817,0.21352091543979612,0.2999999999999545,12.7,9.9,1016.3999999999997,1017.5,5.700000000000001
1996,1996,2020-06-19,20.2,17.2,23.6,0.0,11.6,1019.0,13.5,171,-0.980469160361632,0.19667288979357647,3.0,16.3,12.7,1016.8999999999997,1015.7,6.400000000000002
1997,1997,2020-06-20,21.6,18.4,25.3,0.0,13.5,1021.0,12.7,172,-0.9837092937736097,0.1797665857255624,2.0,11.6,16.3,1018.6666666666664,1016.0,6.900000000000002
1998,1998,2020-06-21,22.6,19.7,26.0,0.0,12.7,1020.9,8.7,173,-0.986657932891657,0.16280701293851715,-0.10000000000002274,13.5,11.6,1020.2999999999997,1019.0,6.300000000000001
1999,1999,2020-06-22,23.1,20.1,27.5,0.0,8.7,1021.1,17.0,174,-0.9893142039703663,0.1457991969198751,0.20000000000004547,12.7,13.5,1020.9999999999997,1021.0,7.399999999999999
2000,2000,2020-06-23,23.2,20.5,26.3,0.0,17.0,1018.8,11.5,175,-0.99167731989929,0.12874817745258132,-2.300000000000068,8.7,12.7,1020.2666666666664,1020.9,5.800000000000001
2001,2001,2020-06-24,23.4,19.7,27.4,0.0,11.5,1017.7,9.7,176,-0.993746580436178,0.11165900712169512,-1.099999999999909,17.0,8.7,1019.1999999999998,1021.1,7.699999999999999
2002,2002,2020-06-25,24.7,21.1,28.5,0.0,9.7,1016.5,10.9,177,-0.9955213724144752,0.09453674981719912,-1.2000000000000455,11.5,17.0,1017.6666666666664,1018.8,7.399999999999999
2003,2003,2020-06-26,25.2,21.1,28.9,0.0,10.9,1015.2,12.1,178,-0.9970011699250151,0.07738647923346301,-1.2999999999999545,9.7,11.5,1016.4666666666666,1017.7,7.799999999999997
2004,2004,2020-06-27,24.5,21.8,27.4,0.0,12.1,1015.2,12.8,179,-0.9981855344718586,0.06021327736579302,0.0,10.9,9.7,1015.6333333333332,1016.5,5.599999999999998
2005,2005,2020-06-28,24.9,21.9,28.9,0.0,12.8,1017.2,11.9,180,-0.99907411510223,0.04302223300453059,2.0,12.1,10.9,1015.8666666666664,1015.2,7.0
2006,2006,2020-06-29,25.0,22.1,28.5,0.0,11.9,1016.8,10.6,181,-0.9996666485105112,0.02581844022713308,-0.40000000000009095,12.8,12.1,1016.3999999999997,1015.2,6.399999999999999
2007,2007,2020-06-30,25.2,23.3,28.1,0.0,10.6,1015.0,10.7,182,-0.9999629591162655,0.008606996888688698,-1.7999999999999545,11.9,12.8,1016.333333333333,1017.2,4.800000000000001
2008,2008,2020-07-01,25.9,21.9,30.4,0.0,10.7,1011.7,14.6,183,-0.9999629591162655,-0.008606996888688009,-3.2999999999999545,10.6,11.9,1014.4999999999997,1016.8,8.5
2009,2009,2020-07-02,25.7,23.5,28.8,51.7,14.6,1013.9,14.8,184,-0.9996666485105112,-0.02581844022713239,2.199999999999932,10.7,10.6,1013.5333333333332,1015.0,5.300000000000001
2010,2010,2020-07-03,23.3,19.3,25.8,6.8,14.8,1017.9,14.5,185,-0.99907411510223,-0.04302223300453034,4.0,14.6,10.7,1014.4999999999997,1011.7,6.5
2011,2011,2020-07-04,23.3,20.0,26.3,0.0,14.5,1020.8,16.9,186,-0.9981855344718586,-0.060213277365792774,2.8999999999999773,14.8,14.6,1017.5333333333332,1013.9,6.300000000000001
2012,2012,2020-07-05,24.0,20.0,28.5,0.0,16.9,1019.5,11.0,187,-0.9970011699250151,-0.07738647923346322,-1.2999999999999545,14.5,14.8,1019.3999999999996,1017.9,8.5
2013,2013,2020-07-06,25.5,21.9,29.9,0.0,11.0,1016.0,13.4,188,-0.9955213724144752,-0.09453674981719933,-3.5,16.9,14.5,1018.7666666666664,1020.8,8.0
2014,2014,2020-07-07,24.7,22.6,27.2,0.0,13.4,1016.0,11.1,189,-0.9937465804361781,-0.11165900712169444,0.0,11.0,16.9,1017.1666666666664,1019.5,4.599999999999998
2015,2015,2020-07-08,24.8,21.6,28.8,0.0,11.1,1017.3,11.0,190,-0.99167731989929,-0.12874817745258066,1.2999999999999545,13.4,11.0,1016.433333333333,1016.0,7.199999999999999
2016,2016,2020-07-09,25.4,21.6,29.1,0.0,11.0,1016.5,12.9,191,-0.9893142039703664,-0.14579919691987442,-0.7999999999999545,11.1,13.4,1016.5999999999998,1016.0,7.5
2017,2017,2020-07-10,25.8,22.7,30.0,0.0,12.9,1015.5,13.6,192,-0.9866579328916572,-0.16280701293851646,-1.0,11.0,11.1,1016.433333333333,1017.3,7.300000000000001
2018,2018,2020-07-11,24.6,21.0,28.7,,13.6,1017.3,11.6,193,-0.9837092937736098,-0.17976658572556214,1.7999999999999545,12.9,11.0,1016.433333333333,1016.5,7.699999999999999
2019,2019,2020-07-12,24.7,22.0,28.1,0.0,11.6,1018.9,10.0,194,-0.9804691603616321,-0.19667288979357622,1.6000000000000227,13.6,12.9,1017.2333333333331,1015.5,6.100000000000001
2020,2020,2020-07-13,25.1,23.1,28.5,0.3,10.0,1018.3,15.8,195,-0.9769384927771817,-0.2135209154397959,-0.6000000000000227,11.6,13.6,1018.1666666666664,1017.3,5.399999999999999
2021,2021,2020-07-14,24.9,21.7,28.7,0.0,15.8,1016.2,15.4,196,-0.973118337233262,-0.23030567023061196,-2.099999999999909,10.0,11.6,1017.7999999999997,1018.9,7.0
2022,2022,2020-07-15,24.4,20.8,28.4,51.6,15.4,1016.4,13.8,197,-0.9690098257244063,-0.24702218048093527,0.1999999999999318,15.8,10.0,1016.9666666666664,1018.3,7.599999999999998
2023,2023,2020-07-16,23.4,19.6,25.8,0.1,13.8,1018.6,13.2,198,-0.9646141756912435,-0.2636654927280072,2.2000000000000455,15.4,15.8,1017.0666666666665,1016.2,6.199999999999999
2024,2024,2020-07-17,24.2,22.6,27.3,0.7,13.2,1016.5,11.4,199,-0.9599326896597445,-0.2802306751992161,-2.1000000000000227,13.8,15.4,1017.1666666666664,1016.4,4.699999999999999
2025,2025,2020-07-18,24.7,22.3,28.2,0.0,11.4,1015.8,16.4,200,-0.9549667548552553,-0.2967128192734901,-0.7000000000000455,13.2,13.8,1016.9666666666664,1018.6,5.899999999999999
2026,2026,2020-07-19,25.1,21.8,28.5,,16.4,1015.7,12.7,201,-0.9497178427914317,-0.3131070409358267,-0.09999999999990905,11.4,13.2,1015.9999999999999,1016.5,6.699999999999999
2027,2027,2020-07-20,24.8,21.6,28.8,0.0,12.7,1017.0,11.0,202,-0.9441875088341994,-0.3294084822245302,1.2999999999999545,16.4,11.4,1016.1666666666665,1015.8,7.199999999999999
2028,2028,2020-07-21,24.9,21.7,28.4,0.0,11.0,1019.0,11.7,203,-0.9383773917408642,-0.3456123126707333,2.0,12.7,16.4,1017.2333333333331,1015.7,6.699999999999999
2029,2029,2020-07-22,25.3,21.4,30.2,0.0,11.7,1018.6,11.0,204,-0.9322892131745134,-0.3617137307297674,-0.39999999999997726,11.0,12.7,1018.1999999999998,1017.0,8.8
2030,2030,2020-07-23,26.8,22.8,30.8,0.0,11.0,1015.2,12.2,205,-0.9259247771938499,-0.37770796520396466,-3.3999999999999773,11.7,11.0,1017.5999999999998,1019.0,8.0
2031,2031,2020-07-24,26.5,23.6,30.0,0.0,12.2,1014.0,12.7,206,-0.9192859697186105,-0.39359027665646645,-1.2000000000000455,11.0,11.7,1015.933333333333,1018.6,6.399999999999999
2032,2032,2020-07-25,26.6,23.9,29.7,0.0,12.7,1015.0,11.6,207,-0.9123747579707274,-0.4093559588156211,1.0,12.2,11.0,1014.7333333333331,1015.2,5.800000000000001
2033,2033,2020-07-26,26.1,23.0,29.0,0.0,11.6,1015.6,13.5,208,-0.9051931898913975,-0.42500033996955394,0.6000000000000227,12.7,12.2,1014.8666666666664,1014.0,6.0
2034,2034,2020-07-27,26.4,22.9,30.0,0.0,13.5,1016.4,14.1,209,-0.8977433935342336,-0.4405187843504952,0.7999999999999545,11.6,12.7,1015.6666666666664,1015.0,7.100000000000001
2035,2035,2020-07-28,26.6,23.8,30.0,0.0,14.1,1015.8,13.4,210,-0.8900275764346766,-0.455906693508459,-0.6000000000000227,13.5,11.6,1015.933333333333,1015.6,6.199999999999999
2036,2036,2020-07-29,26.7,22.8,30.5,0.0,13.4,1016.2,13.6,211,-0.8820480249558535,-0.47115950767386394,0.40000000000009095,14.1,13.5,1016.1333333333332,1016.4,7.699999999999999
2037,2037,2020-07-30,27.4,23.1,31.6,0.0,13.6,1016.0,13.1,212,-0.8738071036110807,-0.4862727071086902,-0.20000000000004547,13.4,14.1,1015.9999999999997,1015.8,8.5
2038,2038,2020-07-31,27.2,23.6,31.1,0.0,13.1,1015.2,10.8,213,-0.8653072543632061,-0.5012418134457756,-0.7999999999999545,13.6,13.4,1015.7999999999998,1016.2,7.5
2039,2039,2020-08-01,27.6,23.9,32.1,0.0,10.8,1014.4,16.7,214,-0.8565509959010037,-0.5160623910158526,-0.8000000000000682,13.1,13.6,1015.1999999999998,1016.0,8.200000000000003
2040,2040,2020-08-02,27.8,25.2,31.5,3.1,16.7,1013.8,14.6,215,-0.8475409228928312,-0.5307300481619331,-0.6000000000000227,10.8,13.1,1014.4666666666664,1015.2,6.300000000000001
2041,2041,2020-08-03,24.9,18.9,27.5,0.1,14.6,1013.0,15.2,216,-0.8382797052177745,-0.5452404385406507,-0.7999999999999545,16.7,10.8,1013.7333333333331,1014.4,8.600000000000001
2042,2042,2020-08-04,24.8,22.3,27.7,0.0,15.2,1014.0,13.4,217,-0.828770087174504,-0.5595892624101763,1.0,14.6,16.7,1013.5999999999998,1013.8,5.399999999999999
2043,2043,2020-08-05,25.1,21.0,29.0,0.0,13.4,1013.9,15.2,218,-0.8190148866680802,-0.5737722679043243,-0.10000000000002274,15.2,14.6,1013.6333333333332,1013.0,8.0
2044,2044,2020-08-06,26.0,22.0,30.4,0.0,15.2,1016.0,17.5,219,-0.8090169943749472,-0.5877852522924734,2.1000000000000227,13.4,15.2,1014.6333333333332,1014.0,8.399999999999999
2045,2045,2020-08-07,25.8,21.9,29.9,0.0,17.5,1017.6,15.6,220,-0.7987793728863648,-0.6016240632249227,1.6000000000000227,15.2,13.4,1015.8333333333331,1013.9,8.0
2046,2046,2020-08-08,26.3,22.8,30.6,0.0,15.6,1018.3,10.1,221,-0.7883050558305253,-0.6152845999633277,0.6999999999999318,17.5,15.2,1017.2999999999997,1016.0,7.800000000000001
2047,2047,2020-08-09,27.4,23.9,31.9,0.0,10.1,1015.7,14.4,222,-0.7775971469736268,-0.6287628145958345,-2.599999999999909,15.6,17.5,1017.1999999999998,1017.6,8.0
2048,2048,2020-08-10,26.7,23.3,31.0,0.0,14.4,1013.5,11.0,223,-0.7666588193001592,-0.6420547132365636,-2.2000000000000455,10.1,15.6,1015.8333333333331,1018.3,7.699999999999999
2049,2049,2020-08-11,26.8,23.5,31.5,0.0,11.0,1014.5,17.0,224,-0.7554933140726804,-0.655156357209085,1.0,14.4,10.1,1014.5666666666665,1015.7,8.0
2050,2050,2020-08-12,27.7,25.2,31.3,0.0,17.0,1013.2,11.5,225,-0.7441039398713608,-0.6680638642135333,-1.2999999999999545,11.0,14.4,1013.7333333333331,1013.5,6.100000000000001
2051,2051,2020-08-13,27.1,24.1,30.5,0.0,11.5,1013.7,11.8,226,-0.7324940716135792,-0.6807734094770159,0.5,17.0,11.0,1013.7999999999998,1014.5,6.399999999999999
2052,2052,2020-08-14,26.6,25.0,29.7,0.0,11.8,1015.2,13.9,227,-0.7206671495538615,-0.6932812268869771,1.5,11.5,17.0,1014.0333333333332,1013.2,4.699999999999999
2053,2053,2020-08-15,26.2,22.8,30.0,0.0,13.9,1012.7,13.2,228,-0.70862667826446,-0.7055836101071774,-2.5,11.8,11.5,1013.8666666666664,1013.7,7.199999999999999
2054,2054,2020-08-16,26.3,23.8,30.2,0.0,13.2,1011.0,13.3,229,-0.6963762255968726,-0.7176769136759615,-1.7000000000000455,13.9,11.8,1012.9666666666666,1015.2,6.399999999999999
2055,2055,2020-08-17,25.9,22.6,29.3,0.0,13.3,1013.2,11.6,230,-0.6839194216246105,-0.7295575540864876,2.2000000000000455,13.2,13.9,1012.2999999999997,1012.7,6.699999999999999
2056,2056,2020-08-18,26.3,24.9,29.3,0.0,11.6,1013.2,15.9,231,-0.6712599575675315,-0.7412220108485957,0.0,13.3,13.2,1012.4666666666666,1011.0,4.400000000000002
2057,2057,2020-08-19,26.3,22.1,30.4,0.0,15.9,1011.0,11.8,232,-0.6584015846980489,-0.7526668275320083,-2.2000000000000455,11.6,13.3,1012.4666666666666,1013.2,8.299999999999997
2058,2058,2020-08-20,26.9,23.1,30.8,0.0,11.8,1010.5,12.6,233,-0.64534811322955,-0.7638886127905429,-0.5,15.9,11.6,1011.5666666666665,1013.2,7.699999999999999
2059,2059,2020-08-21,27.4,23.8,31.3,0.0,12.6,1013.1,12.5,234,-0.6321034111873488,-0.7748840413670406,2.6000000000000227,11.8,15.9,1011.5333333333332,1011.0,7.5
2060,2060,2020-08-22,27.8,24.7,30.8,,12.5,1018.1,12.9,235,-0.6186714032625032,-0.7856498550787144,5.0,12.6,11.8,1013.8999999999997,1010.5,6.100000000000001
2061,2061,2020-08-23,25.9,23.6,29.7,1.2,12.9,1019.3,13.1,236,-0.6050560696488494,-0.7961828637826154,1.1999999999999318,12.5,12.6,1016.8333333333331,1013.1,6.099999999999998
2062,2062,2020-08-24,25.6,22.4,28.6,0.0,13.1,1016.7,17.5,237,-0.5912614448635782,-0.8064799463209447,-2.599999999999909,12.9,12.5,1018.0333333333332,1018.1,6.200000000000003
2063,2063,2020-08-25,26.1,21.8,30.8,0.0,17.5,1015.3,12.2,238,-0.5772916165517278,-0.8165380514459157,-1.400000000000091,13.1,12.9,1017.0999999999998,1019.3,9.0
2064,2064,2020-08-26,26.9,23.5,30.7,0.0,12.2,1017.9,10.6,239,-0.5631507242749187,-0.8263541987239094,2.6000000000000227,17.5,13.1,1016.6333333333331,1016.7,7.199999999999999
2065,2065,2020-08-27,26.6,23.3,30.7,0.0,10.6,1016.5,14.1,240,-0.5488429582847199,-0.8359254794186365,-1.3999999999999773,12.2,17.5,1016.5666666666665,1015.3,7.399999999999999
2066,2066,2020-08-28,26.4,22.4,30.4,13.5,14.1,1008.3,16.1,241,-0.5343725582809785,-0.8452490573530634,-8.200000000000045,10.6,12.2,1014.233333333333,1017.9,8.0
2067,2067,2020-08-29,20.0,17.8,24.4,1.8,16.1,1005.1,16.2,242,-0.5197438121555157,-0.8543221697498269,-3.199999999999932,14.1,10.6,1009.9666666666664,1016.5,6.599999999999998
2068,2068,2020-08-30,20.4,16.1,25.4,2.8,16.2,1011.5,17.8,243,-0.5049610547215202,-0.8631421280499115,6.399999999999977,16.1,14.1,1008.2999999999997,1008.3,9.299999999999997
2069,2069,2020-08-31,20.8,15.7,26.0,0.0,17.8,1017.2,11.8,244,-0.4900286664290594,-0.8717063187093217,5.7000000000000455,16.2,16.1,1011.2666666666664,1005.1,10.3
2070,2070,2020-09-01,22.1,17.3,26.9,1.3,11.8,1014.4,15.2,245,-0.4749510720670502,-0.8800122039735356,-2.800000000000068,17.8,16.2,1014.3666666666664,1011.5,9.599999999999998
2071,2071,2020-09-02,23.0,19.2,26.6,0.0,15.2,1016.0,13.0,246,-0.4597327394521046,-0.888057322629493,1.6000000000000227,11.8,17.8,1015.8666666666664,1017.2,7.400000000000002
2072,2072,2020-09-03,23.5,19.3,27.7,0.0,13.0,1021.4,13.4,247,-0.4443781781046134,-0.8958392907349089,5.399999999999977,15.2,11.8,1017.2666666666664,1014.4,8.399999999999999
2073,2073,2020-09-04,24.0,20.3,28.4,0.0,13.4,1023.6,11.9,248,-0.4288919379124841,-0.9033558023246842,2.2000000000000455,13.0,15.2,1020.333333333333,1016.0,8.099999999999998
2074,2074,2020-09-05,23.9,20.5,28.0,0.0,11.9,1020.1,13.4,249,-0.41327860778290443,-0.9106046300942162,-3.5,13.4,13.0,1021.6999999999998,1021.4,7.5
2075,2075,2020-09-06,24.5,18.9,30.0,62.7,13.4,1016.2,17.6,250,-0.3975428142825566,-0.9175836260593934,-3.8999999999999773,11.9,13.4,1019.9666666666664,1023.6,11.100000000000001
2076,2076,2020-09-07,20.0,16.7,24.4,9.7,17.6,1018.3,19.4,251,-0.3816892202666586,-0.9242907221930934,2.099999999999909,13.4,11.9,1018.1999999999998,1020.1,7.699999999999999
2077,2077,2020-09-08,20.5,15.8,26.8,34.9,19.4,1022.0,14.2,252,-0.3657225234972692,-0.9307239310379793,3.7000000000000455,17.6,13.4,1018.8333333333331,1016.2,11.0
2078,2078,2020-09-09,20.2,17.3,23.8,25.1,14.2,1020.9,15.4,253,-0.34964745525122826,-0.9368813462954315,-1.1000000000000227,19.4,17.6,1020.3999999999996,1018.3,6.5
2079,2079,2020-09-10,20.9,17.3,26.6,2.0,15.4,1017.8,12.1,254,-0.33346877891818705,-0.9427611433904206,-3.1000000000000227,14.2,19.4,1020.2333333333331,1022.0,9.3
2080,2080,2020-09-11,23.5,19.2,28.8,0.0,12.1,1014.4,11.6,255,-0.31719128858910595,-0.9483615800121716,-3.3999999999999773,15.4,14.2,1017.6999999999998,1020.9,9.600000000000001
2081,2081,2020-09-12,24.1,20.0,29.7,0.0,11.6,1017.7,10.9,256,-0.300819807635668,-0.9536809966304455,3.300000000000068,12.1,15.4,1016.6333333333331,1017.8,9.7
2082,2082,2020-09-13,24.5,20.5,30.4,0.0,10.9,1022.2,12.2,257,-0.2843591872810036,-0.9587178169872964,4.5,11.6,12.1,1018.0999999999998,1014.4,9.899999999999999
2083,2083,2020-09-14,23.4,19.4,29.6,0.0,12.2,1023.0,13.4,258,-0.26781430516217486,-0.9634705485641486,0.7999999999999545,10.9,11.6,1020.9666666666664,1017.7,10.200000000000003
2084,2084,2020-09-15,23.6,19.8,27.7,0.0,13.4,1020.9,10.9,259,-0.25119006388481957,-0.9679377830240642,-2.1000000000000227,12.2,10.9,1022.0333333333332,1022.2,7.899999999999999
2085,2085,2020-09-16,23.9,20.7,27.8,0.0,10.9,1018.6,13.3,260,-0.23449138957041052,-0.9721181966290612,-2.2999999999999545,13.4,12.2,1020.833333333333,1023.0,7.100000000000001
2086,2086,2020-09-17,23.9,21.0,28.8,0.0,13.3,1016.2,10.9,261,-0.21772323039653224,-0.9760105506323682,-2.3999999999999773,10.9,13.4,1018.5666666666665,1020.9,7.800000000000001
2087,2087,2020-09-18,22.8,20.1,26.9,11.3,10.9,1016.3,12.8,262,-0.20089055513063528,-0.9796136916454901,0.09999999999990905,13.3,10.9,1017.0333333333332,1018.6,6.799999999999997
2088,2088,2020-09-19,23.2,20.3,27.7,0.0,12.8,1014.0,13.8,263,-0.18399835165767986,-0.9829265519799822,-2.2999999999999545,10.9,13.3,1015.4999999999999,1016.2,7.399999999999999
2089,2089,2020-09-20,23.1,18.8,27.4,,13.8,1014.5,11.5,264,-0.1670516255021195,-0.9859481499638303,0.5,12.8,10.9,1014.933333333333,1016.3,8.599999999999998
2090,2090,2020-09-21,21.9,19.7,25.1,6.0,11.5,1015.9,13.4,265,-0.15005539834465262,-0.9886775902323404,1.3999999999999773,13.8,12.8,1014.7999999999998,1014.0,5.400000000000002
2091,2091,2020-09-22,21.9,18.4,26.3,0.0,13.4,1014.2,17.3,266,-0.13301470653419636,-0.9911140639934546,-1.6999999999999318,11.5,13.8,1014.8666666666664,1014.5,7.900000000000002
2092,2092,2020-09-23,22.3,17.6,27.0,0.0,17.3,1011.5,14.5,267,-0.11593459959550066,-0.9932568492674143,-2.7000000000000455,13.4,11.5,1013.8666666666664,1015.9,9.399999999999999
2093,2093,2020-09-24,22.7,19.5,27.8,0.0,14.5,1010.8,26.4,268,-0.09882013873287211,-0.9951053111006974,-0.7000000000000455,17.3,13.4,1012.1666666666664,1014.2,8.3
2094,2094,2020-09-25,19.8,14.9,22.7,0.0,26.4,1011.2,19.8,269,-0.08167639533042288,-0.99665890175417,0.40000000000009095,14.5,17.3,1011.1666666666664,1011.5,7.799999999999999
2095,2095,2020-09-26,17.6,13.3,23.2,0.0,19.8,1012.4,14.6,270,-0.06450844944931625,-0.9979171608653922,1.1999999999999318,26.4,14.5,1011.4666666666664,1010.8,9.899999999999999
2096,2096,2020-09-27,17.3,12.8,22.2,0.0,14.6,1009.0,14.6,271,-0.04732138832243232,-0.9988797155850335,-3.3999999999999773,19.8,26.4,1010.8666666666664,1011.2,9.399999999999999
2097,2097,2020-09-28,17.8,13.6,23.0,0.0,14.6,1014.8,13.4,272,-0.03012030484690836,-0.9995462806873573,5.7999999999999545,14.6,19.8,1012.0666666666665,1012.4,9.4
2098,2098,2020-09-29,18.8,14.2,23.9,0.0,13.4,1018.5,14.6,273,-0.012910296075008843,-0.9999166586547379,3.7000000000000455,14.6,14.6,1014.0999999999998,1009.0,9.7
2099,2099,2020-09-30,18.8,14.2,23.7,0.0,14.6,1015.6,16.6,274,0.004303538296243821,-0.9999907397361901,-2.8999999999999773,13.4,14.6,1016.2999999999997,1014.8,9.5
2100,2100,2020-10-01,20.6,16.6,25.9,0.0,16.6,1008.6,15.8,275,0.021516097436222233,-0.9997685019798909,-7.0,14.6,13.4,1014.2333333333331,1018.5,9.299999999999997
2101,2101,2020-10-02,17.4,12.1,21.7,0.3,15.8,994.6,24.0,276,0.03872228089217399,-0.9992500112396835,-14.0,16.6,14.6,1006.2666666666664,1015.6,9.6
2102,2102,2020-10-03,16.0,12.1,20.5,0.0,24.0,1001.7,17.0,277,0.05591699010060302,-0.9984354211555643,7.100000000000023,15.8,16.6,1001.6333333333332,1008.6,8.4
2103,2103,2020-10-04,16.7,11.2,22.9,0.0,17.0,1006.2,12.7,278,0.07309512989807776,-0.9973249731081555,4.5,24.0,15.8,1000.8333333333331,994.6,11.7
2104,2104,2020-10-05,16.4,10.9,23.5,0.0,12.7,1013.8,17.9,279,0.0902516100310407,-0.9959189961471792,7.599999999999909,17.0,24.0,1007.2333333333331,1001.7,12.6
2105,2105,2020-10-06,17.9,12.2,24.4,0.0,17.9,1018.7,11.4,280,0.10738134666416306,-0.994217906893952,4.900000000000091,12.7,17.0,1012.8999999999997,1006.2,12.2
2106,2106,2020-10-07,20.6,18.0,24.3,0.0,11.4,1019.7,11.6,281,0.12447926388678869,-0.9922222094179324,1.0,17.9,12.7,1017.3999999999997,1013.8,6.300000000000001
2107,2107,2020-10-08,20.2,18.4,23.5,1.6,11.6,1023.8,12.4,282,0.141540295217043,-0.989932495087353,4.099999999999909,11.4,17.9,1020.7333333333331,1018.7,5.100000000000001
2108,2108,2020-10-09,20.1,17.2,24.3,0.0,12.4,1022.0,13.5,283,0.15855938510313475,-0.9873494423939864,-1.7999999999999545,11.6,11.4,1021.833333333333,1019.7,7.100000000000001
2109,2109,2020-10-10,18.3,14.0,23.8,74.5,13.5,1021.8,13.0,284,0.17553149042142777,-0.9844738167520923,-0.20000000000004547,12.4,11.6,1022.5333333333332,1023.8,9.8
2110,2110,2020-10-11,16.2,12.6,21.4,0.4,13.0,1020.0,15.1,285,0.19245158197082995,-0.9813064702716093,-1.7999999999999545,13.5,12.4,1021.2666666666664,1022.0,8.799999999999999
2111,2111,2020-10-12,16.6,11.4,23.6,0.0,15.1,1018.1,11.9,286,0.20931464596304888,-0.9778483415056567,-1.8999999999999773,13.0,13.5,1019.9666666666664,1021.8,12.200000000000001
2112,2112,2020-10-13,16.4,12.3,21.1,3.1,11.9,1013.3,13.1,287,0.22611568550828803,-0.9741004551724206,-4.800000000000068,15.1,13.0,1017.1333333333331,1020.0,8.8
2113,2113,2020-10-14,14.7,9.3,19.3,,13.1,1009.6,15.6,288,0.2428497220959358,-0.970063921851507,-3.699999999999932,11.9,15.1,1013.6666666666664,1018.1,10.0
2114,2114,2020-10-15,12.6,7.8,18.7,0.0,15.6,1012.6,16.1,289,0.25951179706979943,-0.965739937654855,3.0,13.1,11.9,1011.8333333333331,1013.3,10.899999999999999
2115,2115,2020-10-16,12.5,7.9,18.5,0.0,16.1,1016.7,15.6,290,0.27609697309746883,-0.9611297838723007,4.100000000000023,15.6,13.1,1012.9666666666664,1009.6,10.6
2116,2116,2020-10-17,12.9,7.3,19.3,0.0,15.6,1017.2,14.1,291,0.2926003356333479,-0.9562348265919058,0.5,16.1,15.6,1015.4999999999999,1012.6,12.0
2117,2117,2020-10-18,14.1,8.9,21.3,0.0,14.1,1021.0,14.7,292,0.30901699437494723,-0.9510565162951536,3.7999999999999545,15.6,16.1,1018.2999999999998,1016.7,12.4
2118,2118,2020-10-19,15.7,10.5,21.5,0.0,14.7,1021.6,14.8,293,0.3253420847119795,-0.9455963874271428,0.6000000000000227,14.1,15.6,1019.933333333333,1017.2,11.0
2119,2119,2020-10-20,18.7,14.9,22.3,0.0,14.8,1017.9,10.6,294,0.341570769167856,-0.9398560579418953,-3.7000000000000455,14.7,14.1,1020.1666666666665,1021.0,7.4
2120,2120,2020-10-21,20.9,17.3,24.2,0.0,10.6,1012.2,13.6,295,0.35769823883312546,-0.9338372288229252,-5.699999999999932,14.8,14.7,1017.2333333333331,1021.6,6.899999999999999
2121,2121,2020-10-22,19.4,17.2,22.9,1.2,13.6,1015.1,14.5,296,0.3737197147904692,-0.9275416835791965,2.8999999999999773,10.6,14.8,1015.0666666666665,1017.9,5.699999999999999
2122,2122,2020-10-23,19.1,14.7,25.0,0.0,14.5,1017.4,16.9,297,0.38963044953078774,-0.9209712877166347,2.2999999999999545,13.6,10.6,1014.8999999999997,1012.2,10.3
2123,2123,2020-10-24,16.3,11.7,21.2,0.0,16.9,1021.4,13.9,298,0.4054257283599973,-0.9141279881853337,4.0,14.5,13.6,1017.9666666666666,1015.1,9.5
2124,2124,2020-10-25,17.0,13.4,22.5,0.1,13.9,1013.6,13.1,299,0.42110087079608916,-0.9070138128026362,-7.7999999999999545,16.9,14.5,1017.4666666666664,1017.4,9.1
2125,2125,2020-10-26,16.3,12.8,20.4,0.0,13.1,1010.4,11.3,300,0.4366512319560638,-0.8996308696522434,-3.2000000000000455,13.9,16.9,1015.1333333333331,1021.4,7.599999999999998
2126,2126,2020-10-27,14.4,11.6,19.8,0.0,11.3,1016.3,14.0,301,0.45207220393230374,-0.8919813464595487,5.899999999999977,13.1,13.9,1013.433333333333,1013.6,8.200000000000001
2127,2127,2020-10-28,15.2,11.4,20.5,0.0,14.0,1019.7,14.0,302,0.46735921715800205,-0.8840675099433637,3.400000000000091,11.3,13.1,1015.4666666666666,1010.4,9.1
2128,2128,2020-10-29,16.0,11.8,21.2,0.0,14.0,1025.4,12.9,303,0.48250774176121763,-0.8758917051442433,5.7000000000000455,14.0,11.3,1020.4666666666666,1016.3,9.399999999999999
2129,2129,2020-10-30,15.7,11.7,20.9,0.0,12.9,1025.2,15.5,304,0.4975132889071803,-0.8674563547295971,-0.20000000000004547,14.0,14.0,1023.433333333333,1019.7,9.2
2130,2130,2020-10-31,15.8,11.0,20.8,0.0,15.5,1023.7,13.6,305,0.5123714121284235,-0.858763958275803,-1.5,12.9,14.0,1024.7666666666667,1025.4,9.8
2131,2131,2020-11-01,16.1,11.5,21.0,0.0,13.6,1023.0,14.3,306,0.5270777086423724,-0.8498170915275277,-0.7000000000000455,15.5,12.9,1023.9666666666666,1025.2,9.5
2132,2132,2020-11-02,16.7,12.5,20.6,0.0,14.3,1022.1,11.5,307,0.5416278206559811,-0.8406184056344783,-0.8999999999999773,13.6,15.5,1022.933333333333,1023.7,8.100000000000001
2133,2133,2020-11-03,17.8,13.9,20.8,6.9,11.5,1024.6,15.8,308,0.5560174366570446,-0.8311706263658079,2.4999999999998863,14.3,13.6,1023.233333333333,1023.0,6.9
2134,2134,2020-11-04,13.3,11.3,14.6,0.0,15.8,1023.6,26.5,309,0.5702422926917867,-0.8214765533024145,-0.9999999999998863,11.5,14.3,1023.433333333333,1022.1,3.299999999999999
2135,2135,2020-11-05,15.3,10.7,18.9,1.4,26.5,1026.3,32.8,310,0.5842981736283683,-0.8115390590073611,2.699999999999932,15.8,11.5,1024.833333333333,1024.6,8.2
2136,2136,2020-11-06,18.2,16.9,19.0,0.0,32.8,1025.1,23.4,311,0.5981809144059158,-0.801361088174677,-1.2000000000000455,26.5,15.8,1024.9999999999998,1023.6,2.1000000000000014
2137,2137,2020-11-07,17.6,13.2,20.1,3.3,23.4,1021.4,8.9,312,0.6118864012687242,-0.7909456567567774,-3.699999999999932,32.8,26.5,1024.2666666666664,1026.3,6.900000000000002
2138,2138,2020-11-08,15.1,12.1,20.7,,8.9,1022.7,12.4,313,0.6254105729852457,-0.780295851070776,1.3000000000000682,23.4,32.8,1023.0666666666663,1025.1,8.6
2139,2139,2020-11-09,14.3,10.4,19.5,0.0,12.4,1021.8,12.8,314,0.6387494220515268,-0.7694148268839381,-0.900000000000091,8.9,23.4,1021.9666666666664,1021.4,9.1
2140,2140,2020-11-10,14.7,10.8,21.2,0.0,12.8,1025.2,16.4,315,0.6518989958787125,-0.7583058084785625,3.400000000000091,12.4,8.9,1023.233333333333,1022.7,10.399999999999999
2141,2141,2020-11-11,14.6,10.3,19.8,0.0,16.4,1025.0,11.0,316,0.6648553979642866,-0.7469720876965551,-0.20000000000004547,12.8,12.4,1023.9999999999997,1021.8,9.5
2142,2142,2020-11-12,14.3,10.8,19.8,0.0,11.0,1023.1,11.6,317,0.6776147890466887,-0.7354170229639858,-1.8999999999999773,16.4,12.8,1024.433333333333,1025.2,9.0
2143,2143,2020-11-13,14.6,10.6,21.1,0.0,11.6,1022.0,14.2,318,0.690173388242972,-0.7236440382959124,-1.1000000000000227,11.0,16.4,1023.3666666666663,1025.0,10.500000000000002
2144,2144,2020-11-14,15.1,10.8,21.6,0.0,14.2,1021.0,13.9,319,0.7025274741691566,-0.711656622281775,-1.0,11.6,11.0,1022.033333333333,1023.1,10.8
2145,2145,2020-11-15,16.6,12.7,20.7,0.0,13.9,1018.3,10.6,320,0.7146733860429608,-0.6994583270516471,-2.7000000000000455,14.2,11.6,1020.433333333333,1022.0,8.0
2146,2146,2020-11-16,17.1,14.9,18.9,1.8,10.6,1021.4,12.3,321,0.7266075247685652,-0.6870527672236675,3.1000000000000227,13.9,14.2,1020.233333333333,1021.0,3.9999999999999982
2147,2147,2020-11-17,14.4,11.2,19.4,0.0,12.3,1026.5,12.6,322,0.7383263540031063,-0.6744436188329457,5.100000000000023,10.6,13.9,1022.0666666666663,1018.3,8.2
2148,2148,2020-11-18,13.8,9.8,19.1,0.0,12.6,1027.8,16.7,323,0.749826401204568,-0.661634618242279,1.2999999999999545,12.3,10.6,1025.233333333333,1021.4,9.3
2149,2149,2020-11-19,14.8,10.4,20.9,0.0,16.7,1028.5,13.3,324,0.7611042586607742,-0.6486295610349818,0.7000000000000455,12.6,12.3,1027.5999999999997,1026.5,10.499999999999998
2150,2150,2020-11-20,12.4,8.3,17.3,0.0,13.3,1027.6,17.0,325,0.7721565844991641,-0.6354323008901775,-0.900000000000091,16.7,12.6,1027.9666666666665,1027.8,9.0
2151,2151,2020-11-21,9.9,5.7,15.6,0.0,17.0,1029.1,13.7,326,0.7829801036770624,-0.622046748440868,1.5,13.3,16.7,1028.3999999999996,1028.5,9.899999999999999
2152,2152,2020-11-22,9.5,4.6,15.8,0.0,13.7,1028.8,16.2,327,0.7935716089521472,-0.6084768701151264,-0.2999999999999545,17.0,13.3,1028.4999999999998,1027.6,11.200000000000001
2153,2153,2020-11-23,10.7,5.9,17.3,0.0,16.2,1028.0,13.8,328,0.8039279618328208,-0.594726686960764,-0.7999999999999545,13.7,17.0,1028.633333333333,1029.1,11.4
2154,2154,2020-11-24,11.3,6.4,17.6,0.0,13.8,1023.6,13.4,329,0.8140460935082175,-0.5808002734538013,-4.399999999999977,16.2,13.7,1026.7999999999997,1028.8,11.200000000000001
2155,2155,2020-11-25,13.0,10.1,19.1,0.0,13.4,1018.4,18.4,330,0.8239230057575536,-0.5667017562911184,-5.2000000000000455,13.8,16.2,1023.333333333333,1028.0,9.000000000000002
2156,2156,2020-11-26,14.9,11.6,19.2,0.4,18.4,1017.2,33.1,331,0.8335557718385695,-0.5524353131676203,-1.1999999999999318,13.4,13.8,1019.733333333333,1023.6,7.6
2157,2157,2020-11-27,16.1,13.2,17.9,32.5,33.1,1012.8,21.7,332,0.8429415373547832,-0.5380051715382992,-4.400000000000091,18.4,13.4,1016.1333333333331,1018.4,4.699999999999999
2158,2158,2020-11-28,13.7,11.5,15.5,4.7,21.7,1006.7,12.4,333,0.8520775211013093,-0.5234156073655503,-6.099999999999909,33.1,18.4,1012.233333333333,1017.2,4.0
2159,2159,2020-11-29,14.1,11.3,19.8,0.0,12.4,1015.1,14.0,334,0.8609610158889945,-0.5086709438521042,8.399999999999977,21.7,33.1,1011.533333333333,1012.8,8.5
2160,2160,2020-11-30,12.3,9.2,17.4,0.0,14.0,1022.0,17.8,335,0.8695893893466109,-0.49377555015997737,6.899999999999977,12.4,21.7,1014.5999999999998,1006.7,8.2
2161,2161,2020-12-01,10.6,7.8,14.9,1.6,17.8,1019.2,14.3,336,0.8779600847008883,-0.4787338401157883,-2.7999999999999545,14.0,12.4,1018.7666666666664,1015.1,7.1000000000000005
2162,2162,2020-12-02,10.7,6.4,14.5,0.0,14.3,1012.3,14.8,337,0.8860706215341378,-0.4635502709028512,-6.900000000000091,17.8,14.0,1017.833333333333,1022.0,8.1
2163,2163,2020-12-03,8.5,4.6,13.0,0.0,14.8,1009.5,12.5,338,0.893918596519257,-0.4482293417404106,-2.7999999999999545,14.3,17.8,1013.6666666666664,1019.2,8.4
2164,2164,2020-12-04,9.4,4.8,14.1,0.0,12.5,994.0,17.4,339,0.9015016841318838,-0.4327755925504317,-15.5,14.8,14.3,1005.2666666666663,1012.3,9.3
2165,2165,2020-12-05,6.9,2.5,12.2,0.0,17.4,998.5,15.8,340,0.9088176373395028,-0.41719360261231697,4.5,12.5,14.8,1000.6666666666664,1009.5,9.7
2166,2166,2020-12-06,8.8,5.5,13.7,0.0,15.8,1003.1,15.5,341,0.9158642882672868,-0.4014879892059737,4.600000000000023,17.4,12.5,998.5333333333332,994.0,8.2
2167,2167,2020-12-07,10.3,8.1,13.3,1.6,15.5,1003.2,13.1,342,0.9226395488404875,-0.38566340624360745,0.10000000000002274,15.8,17.4,1001.5999999999998,998.5,5.200000000000001
2168,2168,2020-12-08,8.8,5.4,11.3,0.0,13.1,1002.4,17.6,343,0.9291414114031743,-0.3697245428906732,-0.8000000000000682,15.5,15.8,1002.8999999999997,1003.1,5.9
2169,2169,2020-12-09,9.4,5.5,14.4,0.0,17.6,1010.4,14.7,344,0.935367949313148,-0.3536761221763721,8.0,13.1,15.5,1005.333333333333,1003.2,8.9
2170,2170,2020-12-10,10.7,6.2,15.8,0.7,14.7,1007.2,11.8,345,0.941317317512847,-0.33752289959411347,-3.199999999999932,17.6,13.1,1006.6666666666664,1002.4,9.600000000000001
2171,2171,2020-12-11,9.8,7.3,15.0,0.3,11.8,1004.5,18.3,346,0.9469877530760751,-0.32126966169236515,-2.7000000000000455,14.7,17.6,1007.3666666666663,1010.4,7.7
2172,2172,2020-12-12,12.7,8.1,17.8,0.0,18.3,1005.7,12.6,347,0.9523775757303973,-0.3049212246562894,1.2000000000000455,11.8,14.7,1005.7999999999997,1007.2,9.700000000000001
2173,2173,2020-12-13,10.1,6.4,15.8,0.0,12.6,1014.3,8.2,348,0.9574851883550389,-0.2884824328806098,8.599999999999909,18.3,11.8,1008.1666666666664,1004.5,9.4
2174,2174,2020-12-14,10.6,7.1,14.7,0.0,8.2,1013.5,12.4,349,0.9623090774541487,-0.27195815753410524,-0.7999999999999545,12.6,18.3,1011.1666666666664,1005.7,7.6
2175,2175,2020-12-15,13.3,9.7,17.8,0.0,12.4,1014.2,10.9,350,0.9668478136052773,-0.2553532951161881,0.7000000000000455,8.2,12.6,1013.9999999999997,1014.3,8.100000000000001
2176,2176,2020-12-16,10.8,6.8,16.6,0.0,10.9,1017.7,18.5,351,0.9711000518829505,-0.23867276600594997,3.5,12.4,8.2,1015.1333333333331,1013.5,9.8
2177,2177,2020-12-17,12.4,8.5,16.2,21.0,18.5,1021.8,9.9,352,0.9750645322571945,-0.22192151300416674,4.099999999999909,10.9,12.4,1017.8999999999996,1014.2,7.699999999999999
2178,2178,2020-12-18,13.8,11.5,16.6,0.2,9.9,1022.9,8.8,353,0.9787400799669153,-0.20510449986861926,1.1000000000000227,18.5,10.9,1020.7999999999997,1017.7,5.100000000000001
2179,2179,2020-12-19,12.3,10.2,16.2,0.0,8.8,1020.2,11.4,354,0.9821256058680006,-0.1882267098432439,-2.699999999999932,9.9,18.5,1021.6333333333331,1021.8,6.0
2180,2180,2020-12-20,12.3,9.7,16.7,0.0,11.4,1022.2,14.6,355,0.9852201067560606,-0.1712931441814778,2.0,8.8,9.9,1021.7666666666664,1022.9,7.0
2181,2181,2020-12-21,10.8,7.4,15.6,0.0,14.6,1027.0,16.8,356,0.9880226656636976,-0.154308820664281,4.7999999999999545,11.4,8.8,1023.1333333333331,1020.2,8.2
2182,2182,2020-12-22,11.5,7.5,16.1,0.0,16.8,1026.8,14.7,357,0.9905324521322227,-0.13727877211326517,-0.20000000000004547,14.6,11.4,1025.333333333333,1022.2,8.600000000000001
2183,2183,2020-12-23,12.8,9.1,16.1,0.0,14.7,1023.0,10.8,358,0.9927487224577402,-0.12020804489935275,-3.7999999999999545,16.8,14.6,1025.5999999999997,1027.0,7.000000000000002
2184,2184,2020-12-24,11.7,7.8,14.7,0.0,10.8,1021.3,19.2,359,0.9946708199115211,-0.10310169744743544,-1.7000000000000455,14.7,16.8,1023.6999999999997,1026.8,6.8999999999999995
2185,2185,2020-12-25,8.9,6.0,13.0,0.0,19.2,1020.2,13.4,360,0.9962981749346077,-0.0859647987374467,-1.099999999999909,10.8,14.7,1021.4999999999997,1023.0,7.0
2186,2186,2020-12-26,7.8,3.6,14.2,0.0,13.4,1021.9,18.6,361,0.9976303053065857,-0.06880242680232064,1.6999999999999318,19.2,10.8,1021.1333333333331,1021.3,10.6
2187,2187,2020-12-27,6.2,2.3,11.1,0.0,18.6,1010.8,22.5,362,0.9986668162884759,-0.05161966722325418,-11.100000000000023,13.4,19.2,1017.6333333333331,1020.2,8.8
2188,2188,2020-12-28,10.7,7.5,14.1,0.0,22.5,994.5,23.8,363,0.9994074007397048,-0.034421611622745804,-16.299999999999955,18.6,13.4,1009.0666666666663,1021.9,6.6
2189,2189,2020-12-29,10.3,6.3,14.4,0.0,23.8,1000.7,19.0,364,0.9998518392091162,-0.01721335615583528,6.2000000000000455,22.5,18.6,1001.9999999999997,1010.8,8.100000000000001
2190,2190,2020-12-30,9.0,5.1,13.3,0.0,19.0,1009.6,11.8,365,1.0,6.432490598706546e-16,8.899999999999977,23.8,22.5,1001.5999999999998,994.5,8.200000000000001
2191,2191,2020-12-31,8.6,3.6,13.8,0.0,11.8,1011.9,11.1,366,0.9998518392091162,0.017213356155833904,2.2999999999999545,19.0,23.8,1007.3999999999997,1000.7,10.200000000000001
2192,2192,2021-01-01,7.2,5.3,8.5,10.1,11.1,1005.3,13.2,1,0.9998518392091162,0.017213356155834685,-6.600000000000023,11.8,19.0,1008.9333333333329,1009.6,3.2
2193,2193,2021-01-02,5.7,2.7,9.7,0.0,13.2,1006.2,14.1,2,0.9994074007397048,0.03442161162274574,0.900000000000091,11.1,11.8,1007.7999999999997,1011.9,6.999999999999999
2194,2194,2021-01-03,5.4,1.4,9.7,0.0,14.1,1010.0,14.3,3,0.998666816288476,0.051619667223253764,3.7999999999999545,13.2,11.1,1007.1666666666664,1005.3,8.299999999999999
2195,2195,2021-01-04,4.9,0.5,11.3,0.0,14.3,1009.6,13.5,4,0.9976303053065857,0.06880242680231986,-0.39999999999997726,14.1,13.2,1008.5999999999998,1006.2,10.8
2196,2196,2021-01-05,3.8,0.6,10.1,0.0,13.5,1010.6,15.9,5,0.9962981749346078,0.08596479873744647,1.0,14.3,14.1,1010.0666666666663,1010.0,9.5
2197,2197,2021-01-06,3.6,-0.5,10.6,0.7,15.9,1014.3,14.8,6,0.9946708199115211,0.10310169744743485,3.699999999999932,13.5,14.3,1011.4999999999997,1009.6,11.1
2198,2198,2021-01-07,4.7,2.7,7.6,0.0,14.8,1014.3,17.7,7,0.9927487224577402,0.1202080448993527,0.0,15.9,13.5,1013.0666666666663,1010.6,4.8999999999999995
2199,2199,2021-01-08,4.2,1.2,7.4,5.7,17.7,1013.3,34.9,8,0.9905324521322229,0.13727877211326478,-1.0,14.8,15.9,1013.9666666666664,1014.3,6.2
2200,2200,2021-01-09,6.3,2.5,8.2,14.4,34.9,1007.1,16.9,9,0.9880226656636976,0.15430882066428117,-6.199999999999932,17.7,14.8,1011.5666666666663,1014.3,5.699999999999999
2201,2201,2021-01-10,6.7,4.9,8.1,7.4,16.9,1010.8,17.0,10,0.9852201067560606,0.1712931441814776,3.699999999999932,34.9,17.7,1010.3999999999996,1013.3,3.1999999999999993
2202,2202,2021-01-11,4.9,2.3,8.6,0.0,17.0,1019.7,21.3,11,0.9821256058680006,0.1882267098432442,8.900000000000091,16.9,34.9,1012.533333333333,1007.1,6.3
2203,2203,2021-01-12,4.2,1.8,9.1,0.0,21.3,1024.8,20.7,12,0.9787400799669153,0.2051044998686192,5.099999999999909,17.0,16.9,1018.433333333333,1010.8,7.3
2204,2204,2021-01-13,6.6,3.3,11.3,0.0,20.7,1026.0,22.5,13,0.9750645322571948,0.2219215130041655,1.2000000000000455,21.3,17.0,1023.4999999999997,1019.7,8.0
2205,2205,2021-01-14,6.7,4.6,10.5,0.0,22.5,1023.4,17.2,14,0.9711000518829505,0.2386727660059501,-2.6000000000000227,20.7,21.3,1024.7333333333331,1024.8,5.9
2206,2206,2021-01-15,6.8,4.1,12.9,0.0,17.2,1021.0,14.0,15,0.9668478136052775,0.255353295116187,-2.3999999999999773,22.5,20.7,1023.4666666666664,1026.0,8.8
2207,2207,2021-01-16,6.8,2.9,13.5,0.0,14.0,1024.5,12.0,16,0.9623090774541486,0.2719581575341055,3.5,17.2,22.5,1022.9666666666664,1023.4,10.6
2208,2208,2021-01-17,8.7,4.7,15.4,0.0,12.0,1023.0,9.7,17,0.9574851883550393,0.288482432880609,-1.5,14.0,17.2,1022.833333333333,1021.0,10.7
2209,2209,2021-01-18,9.2,6.3,12.8,0.4,9.7,1026.9,13.7,18,0.9523775757303974,0.30492122465628907,3.900000000000091,12.0,14.0,1024.7999999999997,1024.5,6.500000000000001
2210,2210,2021-01-19,8.6,3.7,14.5,0.0,13.7,1024.5,14.0,19,0.9469877530760753,0.3212696616923644,-2.400000000000091,9.7,12.0,1024.7999999999997,1023.0,10.8
2211,2211,2021-01-20,10.1,7.8,14.0,0.0,14.0,1014.6,16.3,20,0.9413173175128471,0.3375228995941133,-9.899999999999977,13.7,9.7,1021.9999999999997,1026.9,6.2
2212,2212,2021-01-21,11.3,6.4,15.3,0.5,16.3,1010.3,28.6,21,0.9353679493131483,0.3536761221763716,-4.300000000000068,14.0,13.7,1016.4666666666664,1024.5,8.9
2213,2213,2021-01-22,12.8,8.9,16.7,4.5,28.6,1003.4,19.6,22,0.9291414114031743,0.3697245428906731,-6.899999999999977,16.3,14.0,1009.433333333333,1014.6,7.799999999999999
2214,2214,2021-01-23,11.8,7.1,16.3,0.0,19.6,1008.0,18.6,23,0.9226395488404876,0.38566340624360707,4.600000000000023,28.6,16.3,1007.233333333333,1010.3,9.200000000000001
2215,2215,2021-01-24,13.1,9.3,17.2,0.0,18.6,1005.3,18.4,24,0.9158642882672872,0.401487989205973,-2.7000000000000455,19.6,28.6,1005.5666666666663,1003.4,7.899999999999999
2216,2216,2021-01-25,11.9,9.5,14.9,0.0,18.4,1009.5,11.7,25,0.9088176373395029,0.4171936026123168,4.2000000000000455,18.6,19.6,1007.5999999999998,1008.0,5.4
2217,2217,2021-01-26,10.4,8.0,13.3,0.0,11.7,1021.3,11.2,26,0.901501684131884,0.4327755925504312,11.799999999999955,18.4,18.6,1012.033333333333,1005.3,5.300000000000001
2218,2218,2021-01-27,10.1,5.8,16.9,0.0,11.2,1020.5,6.3,27,0.893918596519257,0.4482293417404106,-0.7999999999999545,11.7,18.4,1017.0999999999998,1009.5,11.099999999999998
2219,2219,2021-01-28,11.9,7.5,18.5,0.0,6.3,1019.6,13.4,28,0.886070621534138,0.4635502709028509,-0.8999999999999773,11.2,11.7,1020.4666666666664,1021.3,11.0
2220,2220,2021-01-29,14.7,9.2,21.3,0.0,13.4,1015.4,15.5,29,0.8779600847008882,0.47873384011578846,-4.2000000000000455,6.3,11.2,1018.4999999999997,1020.5,12.100000000000001
2221,2221,2021-01-30,13.9,9.2,20.0,0.6,15.5,1006.7,24.3,30,0.869589389346611,0.49377555015997715,-8.699999999999932,13.4,6.3,1013.8999999999996,1019.6,10.8
2222,2222,2021-01-31,14.3,11.1,18.7,0.3,24.3,1003.4,17.0,31,0.8609610158889943,0.5086709438521044,-3.300000000000068,15.5,13.4,1008.4999999999997,1015.4,7.6
2223,2223,2021-02-01,16.4,12.3,20.9,0.0,17.0,1004.4,14.1,32,0.8520775211013093,0.5234156073655503,1.0,24.3,15.5,1004.833333333333,1006.7,8.599999999999998
2224,2224,2021-02-02,14.7,11.2,18.5,0.0,14.1,1013.3,12.8,33,0.8429415373547828,0.5380051715382996,8.899999999999977,17.0,24.3,1007.033333333333,1003.4,7.300000000000001
2225,2225,2021-02-03,13.4,9.7,18.2,0.0,12.8,1012.4,9.1,34,0.8335557718385699,0.5524353131676196,-0.8999999999999773,14.1,17.0,1010.033333333333,1004.4,8.5
2226,2226,2021-02-04,11.8,9.9,14.5,0.0,9.1,1013.4,18.1,35,0.8239230057575542,0.5667017562911176,1.0,12.8,14.1,1013.033333333333,1013.3,4.6
2227,2227,2021-02-05,13.0,11.5,15.7,0.0,18.1,1010.7,20.8,36,0.8140460935082178,0.5808002734538009,-2.699999999999932,9.1,12.8,1012.1666666666664,1012.4,4.199999999999999
2228,2228,2021-02-06,13.9,11.7,16.2,0.4,20.8,1002.0,12.6,37,0.8039279618328213,0.5947266869607634,-8.700000000000045,18.1,9.1,1008.6999999999997,1013.4,4.5
2229,2229,2021-02-07,11.1,7.9,14.1,0.0,12.6,1002.9,18.4,38,0.7935716089521474,0.6084768701151261,0.8999999999999773,20.8,18.1,1005.1999999999997,1010.7,6.199999999999999
2230,2230,2021-02-08,11.5,9.2,15.1,1.0,18.4,1000.3,20.0,39,0.7829801036770629,0.6220467484408675,-2.6000000000000227,12.6,20.8,1001.733333333333,1002.0,5.9
2231,2231,2021-02-09,12.0,8.0,15.5,0.1,20.0,1003.4,18.1,40,0.7721565844991642,0.6354323008901774,3.1000000000000227,18.4,12.6,1002.1999999999997,1002.9,7.5
2232,2232,2021-02-10,11.2,10.3,16.1,0.1,18.1,1005.5,13.6,41,0.7611042586607747,0.6486295610349814,2.1000000000000227,20.0,18.4,1003.0666666666663,1000.3,5.800000000000001
2233,2233,2021-02-11,11.3,6.9,15.6,0.0,13.6,1016.7,10.4,42,0.7498264012045686,0.6616346182422783,11.200000000000045,18.1,20.0,1008.5333333333332,1003.4,8.7
2234,2234,2021-02-12,11.8,9.0,17.0,4.1,10.4,1015.1,10.8,43,0.7383263540031065,0.6744436188329455,-1.6000000000000227,13.6,18.1,1012.433333333333,1005.5,8.0
2235,2235,2021-02-13,13.5,7.5,15.7,0.0,10.8,1022.3,20.4,44,0.7266075247685656,0.6870527672236669,7.199999999999932,10.4,13.6,1018.033333333333,1016.7,8.2
2236,2236,2021-02-14,9.8,8.2,13.0,0.4,20.4,1033.4,8.3,45,0.7146733860429609,0.699458327051647,11.100000000000136,10.8,10.4,1023.5999999999998,1015.1,4.800000000000001
2237,2237,2021-02-15,9.5,8.1,12.1,1.1,8.3,1035.8,25.0,46,0.7025274741691571,0.7116566222817746,2.3999999999998636,20.4,10.8,1030.4999999999998,1022.3,4.0
2238,2238,2021-02-16,12.2,9.0,15.1,0.0,25.0,1027.8,16.2,47,0.6901733882429719,0.7236440382959124,-8.0,8.3,20.4,1032.333333333333,1033.4,6.1
2239,2239,2021-02-17,11.1,8.5,16.5,0.0,16.2,1023.8,10.4,48,0.6776147890466889,0.7354170229639855,-4.0,25.0,8.3,1029.133333333333,1035.8,8.0
2240,2240,2021-02-18,11.0,8.4,14.6,0.0,10.4,1019.9,13.2,49,0.6648553979642865,0.7469720876965552,-3.8999999999999773,16.2,25.0,1023.8333333333329,1027.8,6.199999999999999
2241,2241,2021-02-19,9.5,8.1,13.3,0.0,13.2,1020.6,7.6,50,0.6518989958787126,0.7583058084785624,0.7000000000000455,10.4,16.2,1021.4333333333329,1023.8,5.200000000000001
2242,2242,2021-02-20,12.1,8.4,14.9,0.0,7.6,1020.3,38.3,51,0.6387494220515272,0.7694148268839378,-0.3000000000000682,13.2,10.4,1020.2666666666663,1019.9,6.5
2243,2243,2021-02-21,13.3,10.0,14.8,0.0,38.3,1014.9,17.2,52,0.6254105729852463,0.7802958510707755,-5.399999999999977,7.6,13.2,1018.5999999999996,1020.6,4.800000000000001
2244,2244,2021-02-22,13.2,11.7,14.9,9.1,17.2,1017.7,13.9,53,0.6118864012687243,0.7909456567567772,2.800000000000068,38.3,7.6,1017.6333333333329,1020.3,3.200000000000001
2245,2245,2021-02-23,14.2,12.9,18.5,0.0,13.9,1032.9,8.6,54,0.5981809144059165,0.8013610881746766,15.200000000000045,17.2,38.3,1021.833333333333,1014.9,5.6
2246,2246,2021-02-24,13.7,10.5,17.0,0.0,8.6,1034.9,12.8,55,0.5842981736283684,0.8115390590073611,2.0,13.9,17.2,1028.4999999999998,1017.7,6.5
2247,2247,2021-02-25,12.4,10.1,16.5,0.0,12.8,1031.5,9.9,56,0.5702422926917871,0.8214765533024142,-3.400000000000091,8.6,13.9,1033.0999999999997,1032.9,6.4
2248,2248,2021-02-26,12.3,8.8,15.7,0.0,9.9,1030.4,14.6,57,0.5560174366570446,0.8311706263658079,-1.099999999999909,12.8,8.6,1032.2666666666664,1034.9,6.899999999999999
2249,2249,2021-02-27,11.7,8.1,15.7,0.0,14.6,1025.9,18.5,58,0.5416278206559814,0.8406184056344782,-4.5,9.9,12.8,1029.2666666666664,1031.5,7.6
2250,2250,2021-02-28,12.3,9.6,15.9,0.0,18.5,1025.4,22.1,59,0.5270777086423722,0.8498170915275278,-0.5,14.6,9.9,1027.233333333333,1030.4,6.300000000000001
2251,2251,2021-03-01,13.4,12.5,15.6,0.0,22.1,1026.2,26.8,60,0.5123714121284237,0.8587639582758029,0.7999999999999545,18.5,14.6,1025.833333333333,1025.9,3.0999999999999996
2252,2252,2021-03-02,13.4,12.5,15.3,0.0,26.8,1028.9,11.7,61,0.49751328890718066,0.8674563547295969,2.7000000000000455,22.1,18.5,1026.833333333333,1025.4,2.8000000000000007
2253,2253,2021-03-03,12.7,10.9,15.4,0.0,11.7,1030.3,8.8,62,0.48250774176121847,0.8758917051442429,1.3999999999998636,26.8,22.1,1028.4666666666662,1026.2,4.5
2254,2254,2021-03-04,12.3,10.0,16.0,0.0,8.8,1023.8,9.7,63,0.4673592171580022,0.8840675099433636,-6.5,11.7,26.8,1027.6666666666663,1028.9,6.0
2255,2255,2021-03-05,11.4,9.1,14.6,0.0,9.7,1018.8,14.1,64,0.45207220393230435,0.8919813464595485,-5.0,8.8,11.7,1024.2999999999995,1030.3,5.5
2256,2256,2021-03-06,12.3,10.0,14.4,0.0,14.1,1022.6,12.5,65,0.43665123195606403,0.8996308696522433,3.800000000000068,9.7,8.8,1021.733333333333,1023.8,4.4
2257,2257,2021-03-07,12.2,10.5,14.2,0.7,12.5,1020.2,11.6,66,0.4211008707960896,0.9070138128026359,-2.3999999999999773,14.1,9.7,1020.533333333333,1018.8,3.6999999999999993
2258,2258,2021-03-08,11.8,9.4,13.5,0.0,11.6,1015.1,13.4,67,0.40542572835999735,0.9141279881853337,-5.100000000000023,12.5,14.1,1019.2999999999996,1022.6,4.1
2259,2259,2021-03-09,10.9,8.0,15.0,0.0,13.4,1016.8,18.1,68,0.38963044953078796,0.9209712877166346,1.6999999999999318,11.6,12.5,1017.3666666666663,1020.2,7.0
2260,2260,2021-03-10,10.8,6.5,15.3,0.0,18.1,1021.4,16.5,69,0.37371971479046906,0.9275416835791966,4.600000000000023,13.4,11.6,1017.7666666666663,1015.1,8.8
2261,2261,2021-03-11,11.6,6.8,16.2,0.0,16.5,1021.7,11.3,70,0.35769823883312546,0.9338372288229252,0.3000000000000682,18.1,13.4,1019.9666666666662,1016.8,9.399999999999999
2262,2262,2021-03-12,12.2,9.4,15.7,0.0,11.3,1020.5,18.5,71,0.3415707691678556,0.9398560579418954,-1.2000000000000455,16.5,18.1,1021.1999999999997,1021.4,6.299999999999999
2263,2263,2021-03-13,12.3,8.4,16.5,0.0,18.5,1021.2,13.9,72,0.3253420847119801,0.9455963874271426,0.7000000000000455,11.3,16.5,1021.1333333333329,1021.7,8.1
2264,2264,2021-03-14,12.0,7.9,16.1,0.0,13.9,1020.9,18.2,73,0.30901699437494745,0.9510565162951535,-0.3000000000000682,18.5,11.3,1020.8666666666663,1020.5,8.200000000000001
2265,2265,2021-03-15,12.4,7.9,16.8,0.0,18.2,1023.1,12.9,74,0.29260033563334836,0.9562348265919056,2.2000000000000455,13.9,18.5,1021.733333333333,1021.2,8.9
2266,2266,2021-03-16,11.6,7.6,16.1,0.0,12.9,1024.2,12.9,75,0.27609697309746883,0.9611297838723007,1.1000000000000227,18.2,13.9,1022.733333333333,1020.9,8.500000000000002
2267,2267,2021-03-17,12.3,8.0,17.1,0.0,12.9,1021.3,15.8,76,0.2595117970697999,0.9657399376548549,-2.900000000000091,12.9,18.2,1022.8666666666663,1023.1,9.100000000000001
2268,2268,2021-03-18,11.4,7.4,15.3,8.3,15.8,1018.3,12.9,77,0.2428497220959356,0.9700639218515071,-3.0,12.9,12.9,1021.2666666666664,1024.2,7.9
2269,2269,2021-03-19,7.8,6.1,11.6,1.3,12.9,1013.7,23.8,78,0.22611568550828828,0.9741004551724205,-4.599999999999909,15.8,12.9,1017.7666666666663,1021.3,5.5
2270,2270,2021-03-20,9.2,4.4,14.1,0.0,23.8,1016.2,13.4,79,0.20931464596304847,0.9778483415056568,2.5,12.9,15.8,1016.0666666666663,1018.3,9.7
2271,2271,2021-03-21,9.7,4.1,14.7,0.0,13.4,1017.1,13.8,80,0.19245158197082998,0.9813064702716093,0.8999999999999773,23.8,12.9,1015.6666666666664,1013.7,10.6
2272,2272,2021-03-22,11.5,6.7,17.3,0.0,13.8,1016.3,13.1,81,0.1755314904214282,0.9844738167520922,-0.8000000000000682,13.4,23.8,1016.533333333333,1016.2,10.600000000000001
2273,2273,2021-03-23,11.7,7.7,16.1,0.0,13.1,1021.9,17.7,82,0.15855938510313475,0.9873494423939864,5.600000000000023,13.8,13.4,1018.4333333333329,1017.1,8.400000000000002
2274,2274,2021-03-24,12.0,7.6,16.0,0.0,17.7,1024.3,12.4,83,0.141540295217043,0.989932495087353,2.3999999999999773,13.1,13.8,1020.833333333333,1016.3,8.4
2275,2275,2021-03-25,12.5,8.0,15.6,0.0,12.4,1023.8,12.3,84,0.12447926388678915,0.9922222094179323,-0.5,17.7,13.1,1023.3333333333329,1021.9,7.6
2276,2276,2021-03-26,13.6,11.6,16.9,0.0,12.3,1022.0,8.3,85,0.10738134666416309,0.994217906893952,-1.7999999999999545,12.4,17.7,1023.3666666666662,1024.3,5.299999999999999
2277,2277,2021-03-27,13.7,10.9,16.9,0.0,8.3,1026.8,10.4,86,0.09025161003104117,0.995918996147179,4.7999999999999545,12.3,12.4,1024.1999999999996,1023.8,5.999999999999998
2278,2278,2021-03-28,12.9,9.4,17.5,0.0,10.4,1030.5,16.5,87,0.07309512989807777,0.9973249731081555,3.7000000000000455,8.3,12.3,1026.4333333333327,1022.0,8.1
2279,2279,2021-03-29,13.4,8.5,18.8,0.0,16.5,1032.0,13.4,88,0.055916990100603484,0.9984354211555643,1.5,10.4,8.3,1029.7666666666662,1026.8,10.3
2280,2280,2021-03-30,13.1,9.4,17.1,0.0,13.4,1030.1,11.8,89,0.03872228089217446,0.9992500112396835,-1.900000000000091,16.5,10.4,1030.866666666666,1030.5,7.700000000000001
2281,2281,2021-03-31,12.7,8.8,17.8,0.0,11.8,1025.7,14.4,90,0.021516097436222254,0.9997685019798909,-4.399999999999864,13.4,16.5,1029.2666666666662,1032.0,9.0
2282,2282,2021-04-01,13.6,7.9,19.6,0.0,14.4,1020.1,19.3,91,0.004303538296244289,0.9999907397361901,-5.600000000000023,11.8,13.4,1025.2999999999995,1030.1,11.700000000000001
2283,2283,2021-04-02,15.4,10.8,20.1,0.0,19.3,1014.6,11.7,92,-0.01291029607500882,0.9999166586547379,-5.5,14.4,11.8,1020.1333333333329,1025.7,9.3
2284,2284,2021-04-03,16.0,12.2,21.8,0.0,11.7,1011.5,10.3,93,-0.030120304846908114,0.9995462806873573,-3.1000000000000227,19.3,14.4,1015.3999999999996,1020.1,9.600000000000001
2285,2285,2021-04-04,14.4,11.3,18.4,0.0,10.3,1016.1,19.2,94,-0.04732138832243185,0.9988797155850336,4.600000000000023,11.7,19.3,1014.0666666666663,1014.6,7.099999999999998
2286,2286,2021-04-05,14.1,10.8,18.3,0.0,19.2,1016.6,15.4,95,-0.06450844944931623,0.9979171608653922,0.5,10.3,11.7,1014.733333333333,1011.5,7.5
2287,2287,2021-04-06,13.6,10.6,16.6,0.0,15.4,1011.9,13.3,96,-0.08167639533042241,0.9966589017541702,-4.7000000000000455,19.2,10.3,1014.8666666666663,1016.1,6.000000000000002
2288,2288,2021-04-07,11.1,8.3,13.9,0.0,13.3,1020.3,16.8,97,-0.09882013873287143,0.9951053111006976,8.399999999999977,15.4,19.2,1016.2666666666663,1016.6,5.6
2289,2289,2021-04-08,11.6,8.4,15.6,0.0,16.8,1025.5,13.6,98,-0.11593459959550041,0.9932568492674143,5.2000000000000455,13.3,15.4,1019.233333333333,1011.9,7.199999999999999
2290,2290,2021-04-09,11.8,8.0,15.6,0.0,13.6,1022.3,10.4,99,-0.1330147065341959,0.9911140639934547,-3.2000000000000455,16.8,13.3,1022.6999999999995,1020.3,7.6
2291,2291,2021-04-10,12.6,10.6,14.8,0.0,10.4,1016.1,10.8,100,-0.1500553983446526,0.9886775902323405,-6.199999999999932,13.6,16.8,1021.2999999999996,1025.5,4.200000000000001
2292,2292,2021-04-11,13.0,10.0,16.1,5.6,10.8,1014.2,16.4,101,-0.16705162550211924,0.9859481499638304,-1.8999999999999773,10.4,13.6,1017.533333333333,1022.3,6.100000000000001
2293,2293,2021-04-12,12.0,9.4,15.6,1.5,16.4,1022.8,12.8,102,-0.18399835165768005,0.9829265519799822,8.599999999999909,10.8,10.4,1017.6999999999997,1016.1,6.199999999999999
2294,2294,2021-04-13,12.2,8.7,15.7,0.0,12.8,1024.5,14.1,103,-0.20089055513063506,0.9796136916454901,1.7000000000000455,16.4,10.8,1020.4999999999997,1014.2,7.0
2295,2295,2021-04-14,12.7,9.5,15.1,0.0,14.1,1021.2,18.8,104,-0.21772323039653177,0.9760105506323683,-3.2999999999999545,12.8,16.4,1022.833333333333,1022.8,5.6
2296,2296,2021-04-15,12.3,9.3,15.9,0.0,18.8,1019.2,19.2,105,-0.23449138957040985,0.9721181966290613,-2.0,14.1,12.8,1021.6333333333331,1024.5,6.6
2297,2297,2021-04-16,12.2,8.4,15.9,0.7,19.2,1017.6,14.9,106,-0.25119006388481935,0.9679377830240642,-1.6000000000000227,18.8,14.1,1019.333333333333,1021.2,7.5
2298,2298,2021-04-17,11.0,7.4,16.2,0.0,14.9,1017.6,17.5,107,-0.2678143051621742,0.9634705485641488,0.0,19.2,18.8,1018.1333333333331,1019.2,8.799999999999999
2299,2299,2021-04-18,11.7,6.9,16.8,0.0,17.5,1019.2,17.7,108,-0.2843591872810034,0.9587178169872964,1.6000000000000227,14.9,19.2,1018.1333333333331,1017.6,9.9
2300,2300,2021-04-19,12.9,8.6,17.1,0.0,17.7,1018.1,17.0,109,-0.30081980763566735,0.9536809966304457,-1.1000000000000227,17.5,14.9,1018.2999999999997,1017.6,8.500000000000002
2301,2301,2021-04-20,14.2,11.7,18.3,1.3,17.0,1015.4,18.8,110,-0.3171912885891061,0.9483615800121715,-2.7000000000000455,17.7,17.5,1017.5666666666663,1019.2,6.600000000000001
2302,2302,2021-04-21,13.5,11.7,15.5,0.0,18.8,1014.4,17.2,111,-0.3334687789181868,0.9427611433904207,-1.0,17.0,17.7,1015.9666666666664,1018.1,3.8000000000000007
2303,2303,2021-04-22,13.2,10.3,17.2,0.0,17.2,1017.4,11.4,112,-0.3496474552512284,0.9368813462954315,3.0,18.8,17.0,1015.733333333333,1015.4,6.899999999999999
2304,2304,2021-04-23,13.9,8.9,18.5,0.0,11.4,1020.9,12.7,113,-0.36572252349726897,0.9307239310379795,3.5,17.2,18.8,1017.5666666666663,1014.4,9.6
2305,2305,2021-04-24,14.1,9.4,18.2,0.0,12.7,1020.8,19.2,114,-0.3816892202666588,0.9242907221930933,-0.10000000000002274,11.4,17.2,1019.6999999999997,1017.4,8.799999999999999
2306,2306,2021-04-25,15.9,12.3,20.5,0.0,19.2,1015.6,18.0,115,-0.39754281428255595,0.9175836260593937,-5.199999999999932,12.7,11.4,1019.0999999999998,1020.9,8.2
2307,2307,2021-04-26,15.6,12.8,19.1,2.0,18.0,1007.8,11.2,116,-0.4132786077829042,0.9106046300942162,-7.800000000000068,19.2,12.7,1014.733333333333,1020.8,6.300000000000001
2308,2308,2021-04-27,14.7,12.0,18.4,0.0,11.2,1006.4,7.4,117,-0.4288919379124835,0.9033558023246845,-1.3999999999999773,18.0,19.2,1009.933333333333,1015.6,6.399999999999999
2309,2309,2021-04-28,15.6,14.3,18.9,0.0,7.4,1007.0,16.3,118,-0.4443781781046132,0.895839290734909,0.6000000000000227,11.2,18.0,1007.0666666666663,1007.8,4.599999999999998
2310,2310,2021-04-29,16.1,15.1,19.3,0.0,16.3,1008.0,15.1,119,-0.45973273945210397,0.8880573226294932,1.0,7.4,11.2,1007.1333333333331,1006.4,4.200000000000001
2311,2311,2021-04-30,16.0,15.0,20.4,22.2,15.1,1009.1,15.2,120,-0.47495107206704995,0.8800122039735357,1.1000000000000227,16.3,7.4,1008.033333333333,1007.0,5.399999999999999
2312,2312,2021-05-01,14.8,12.8,18.7,4.1,15.2,1009.9,16.7,121,-0.4900286664290592,0.8717063187093218,0.7999999999999545,15.1,16.3,1008.9999999999997,1008.0,5.899999999999999
2313,2313,2021-05-02,13.3,10.6,16.2,1.1,16.7,1018.9,14.2,122,-0.5049610547215204,0.8631421280499114,9.0,15.2,15.1,1012.6333333333329,1009.1,5.6
2314,2314,2021-05-03,13.6,9.7,17.9,0.0,14.2,1022.0,16.8,123,-0.5197438121555155,0.854322169749827,3.1000000000000227,16.7,15.2,1016.933333333333,1009.9,8.2
2315,2315,2021-05-04,14.4,10.0,18.7,0.0,16.8,1018.0,11.8,124,-0.5343725582809786,0.8452490573530633,-4.0,14.2,16.7,1019.6333333333329,1018.9,8.7
2316,2316,2021-05-05,16.0,12.8,20.4,0.0,11.8,1015.5,20.9,125,-0.548842958284719,0.8359254794186372,-2.5,16.8,14.2,1018.4999999999997,1022.0,7.599999999999998
2317,2317,2021-05-06,17.0,14.7,20.5,0.0,20.9,1015.9,11.8,126,-0.5631507242749186,0.8263541987239096,0.39999999999997726,11.8,16.8,1016.4666666666664,1018.0,5.800000000000001
2318,2318,2021-05-07,17.1,14.3,20.8,0.0,11.8,1017.0,15.8,127,-0.5772916165517272,0.8165380514459161,1.1000000000000227,20.9,11.8,1016.1333333333331,1015.5,6.5
2319,2319,2021-05-08,17.9,14.8,22.3,0.0,15.8,1017.8,18.1,128,-0.5912614448635781,0.8064799463209448,0.7999999999999545,11.8,20.9,1016.8999999999996,1015.9,7.5
2320,2320,2021-05-09,17.7,14.1,21.6,0.0,18.1,1010.1,11.7,129,-0.6050560696488488,0.7961828637826158,-7.699999999999932,15.8,11.8,1014.9666666666662,1017.0,7.500000000000002
2321,2321,2021-05-10,17.3,15.5,20.5,5.1,11.7,1008.4,16.6,130,-0.6186714032625031,0.7856498550787147,-1.7000000000000455,18.1,15.8,1012.0999999999996,1017.8,5.0
2322,2322,2021-05-11,16.8,12.2,24.0,0.0,16.6,1012.7,19.9,131,-0.6321034111873487,0.7748840413670407,4.300000000000068,11.7,18.1,1010.3999999999997,1010.1,11.8
2323,2323,2021-05-12,15.9,11.3,21.8,0.0,19.9,1014.7,21.9,132,-0.6453481132295501,0.7638886127905428,2.0,16.6,11.7,1011.933333333333,1008.4,10.5
2324,2324,2021-05-13,16.8,14.3,21.3,1.7,21.9,1012.8,16.9,133,-0.6584015846980488,0.7526668275320085,-1.900000000000091,19.9,16.6,1013.3999999999996,1012.7,7.0
2325,2325,2021-05-14,16.8,14.6,22.0,0.0,16.9,1012.6,20.3,134,-0.6712599575675313,0.7412220108485958,-0.1999999999999318,21.9,19.9,1013.3666666666664,1014.7,7.4
2326,2326,2021-05-15,17.2,13.7,21.8,0.0,20.3,1013.1,18.5,135,-0.6839194216246106,0.7295575540864875,0.5,16.9,21.9,1012.833333333333,1012.8,8.100000000000001
2327,2327,2021-05-16,19.3,15.7,26.2,0.0,18.5,1010.2,14.5,136,-0.6963762255968722,0.717676913675962,-2.8999999999999773,20.3,16.9,1011.9666666666664,1012.6,10.5
2328,2328,2021-05-17,16.7,14.8,19.9,0.0,14.5,1017.2,19.1,137,-0.7086266782644596,0.705583610107178,7.0,18.5,20.3,1013.4999999999997,1013.1,5.099999999999998
2329,2329,2021-05-18,17.8,16.3,21.2,0.6,19.1,1018.5,16.1,138,-0.7206671495538609,0.6932812268869777,1.2999999999999545,14.5,18.5,1015.2999999999997,1010.2,4.899999999999999
2330,2330,2021-05-19,16.6,15.3,19.7,0.6,16.1,1021.3,14.7,139,-0.7324940716135789,0.6807734094770161,2.7999999999999545,19.1,14.5,1018.9999999999997,1017.2,4.399999999999999
2331,2331,2021-05-20,17.4,15.8,20.7,0.0,14.7,1023.2,14.3,140,-0.7441039398713607,0.6680638642135335,1.900000000000091,16.1,19.1,1020.9999999999997,1018.5,4.899999999999999
2332,2332,2021-05-21,17.9,15.6,21.3,0.0,14.3,1016.8,13.4,141,-0.7554933140726803,0.6551563572090853,-6.400000000000091,14.7,16.1,1020.433333333333,1021.3,5.700000000000001
2333,2333,2021-05-22,16.7,14.8,19.2,0.0,13.4,1014.4,10.6,142,-0.766658819300159,0.6420547132365637,-2.3999999999999773,14.3,14.7,1018.1333333333329,1023.2,4.399999999999999
2334,2334,2021-05-23,15.6,14.5,18.0,1.0,10.6,1018.4,21.8,143,-0.7775971469736269,0.6287628145958344,4.0,13.4,14.3,1016.533333333333,1016.8,3.5
2335,2335,2021-05-24,17.7,15.2,21.9,0.0,21.8,1017.3,12.9,144,-0.7883050558305255,0.6152845999633276,-1.1000000000000227,10.6,13.4,1016.6999999999997,1014.4,6.699999999999999
2336,2336,2021-05-25,16.8,16.3,19.3,0.0,12.9,1024.9,12.6,145,-0.7987793728863649,0.6016240632249226,7.600000000000136,21.8,10.6,1020.1999999999998,1018.4,3.0
2337,2337,2021-05-26,16.9,13.5,20.5,0.0,12.6,1021.1,12.3,146,-0.8090169943749473,0.5877852522924732,-3.800000000000068,12.9,21.8,1021.0999999999998,1017.3,7.0
2338,2338,2021-05-27,18.1,15.5,22.5,0.0,12.3,1017.8,11.1,147,-0.8190148866680801,0.5737722679043246,-3.300000000000068,12.6,12.9,1021.2666666666664,1024.9,7.0
2339,2339,2021-05-28,19.1,16.0,24.1,0.0,11.1,1017.2,13.7,148,-0.8287700871745038,0.5595892624101765,-0.599999999999909,12.3,12.6,1018.6999999999998,1021.1,8.100000000000001
2340,2340,2021-05-29,20.6,15.4,24.8,0.0,13.7,1018.3,11.1,149,-0.8382797052177744,0.545240438540651,1.099999999999909,11.1,12.3,1017.7666666666664,1017.8,9.4
2341,2341,2021-05-30,21.2,19.5,24.9,0.0,11.1,1017.9,10.2,150,-0.8475409228928311,0.5307300481619334,-0.39999999999997726,13.7,11.1,1017.7999999999997,1017.2,5.399999999999999
2342,2342,2021-05-31,20.7,19.3,24.5,0.0,10.2,1016.5,14.1,151,-0.8565509959010036,0.5160623910158528,-1.3999999999999773,11.1,13.7,1017.5666666666665,1018.3,5.199999999999999
2343,2343,2021-06-01,20.0,17.6,23.9,0.2,14.1,1013.3,15.8,152,-0.865307254363206,0.5012418134457758,-3.2000000000000455,10.2,11.1,1015.8999999999996,1017.9,6.299999999999997
2344,2344,2021-06-02,20.4,18.2,23.9,0.0,15.8,1015.3,18.4,153,-0.8738071036110808,0.48627270710868997,2.0,14.1,10.2,1015.0333333333332,1016.5,5.699999999999999
2345,2345,2021-06-03,21.0,19.5,24.0,0.0,18.4,1020.1,20.7,154,-0.8820480249558537,0.4711595076738638,4.800000000000068,15.8,14.1,1016.2333333333331,1013.3,4.5
2346,2346,2021-06-04,21.2,20.4,24.1,0.0,20.7,1021.2,12.2,155,-0.8900275764346767,0.4559066935084588,1.1000000000000227,18.4,15.8,1018.8666666666664,1015.3,3.700000000000003
2347,2347,2021-06-05,20.4,19.1,24.7,0.0,12.2,1022.3,17.5,156,-0.8977433935342337,0.440518784350495,1.099999999999909,20.7,18.4,1021.1999999999998,1020.1,5.599999999999998
2348,2348,2021-06-06,21.6,19.3,25.7,0.0,17.5,1020.0,11.8,157,-0.9051931898913974,0.42500033996955416,-2.2999999999999545,12.2,20.7,1021.1666666666665,1021.2,6.399999999999999
2349,2349,2021-06-07,20.5,17.4,24.3,0.0,11.8,1020.3,13.8,158,-0.9123747579707273,0.4093559588156213,0.2999999999999545,17.5,12.2,1020.8666666666663,1022.3,6.900000000000002
2350,2350,2021-06-08,20.9,17.9,25.4,0.0,13.8,1020.3,9.8,159,-0.9192859697186104,0.39359027665646673,0.0,11.8,17.5,1020.1999999999998,1020.0,7.5
2351,2351,2021-06-09,22.4,18.1,27.4,0.0,9.8,1020.0,15.5,160,-0.9259247771938498,0.3777079652039649,-0.2999999999999545,13.8,11.8,1020.1999999999998,1020.3,9.299999999999997
2352,2352,2021-06-10,23.8,19.4,29.4,0.0,15.5,1018.9,10.5,161,-0.9322892131745133,0.36171373072976765,-1.1000000000000227,9.8,13.8,1019.733333333333,1020.3,10.0
2353,2353,2021-06-11,24.7,20.9,29.8,0.0,10.5,1017.4,15.3,162,-0.9383773917408641,0.3456123126707335,-1.5,15.5,9.8,1018.7666666666664,1020.0,8.900000000000002
2354,2354,2021-06-12,25.1,20.6,32.2,0.0,15.3,1019.5,16.7,163,-0.9441875088341993,0.3294084822245304,2.1000000000000227,10.5,15.5,1018.5999999999998,1018.9,11.600000000000001
2355,2355,2021-06-13,25.8,23.1,31.0,0.0,16.7,1020.0,13.7,164,-0.9497178427914316,0.3131070409358269,0.5,15.3,10.5,1018.9666666666664,1017.4,7.899999999999999
2356,2356,2021-06-14,25.7,23.1,30.4,0.0,13.7,1017.4,9.3,165,-0.9549667548552551,0.29671281927349075,-2.6000000000000227,16.7,15.3,1018.9666666666664,1019.5,7.299999999999997
2357,2357,2021-06-15,26.2,21.8,32.5,0.0,9.3,1016.7,15.1,166,-0.9599326896597447,0.28023067519921585,-0.6999999999999318,13.7,16.7,1018.0333333333332,1020.0,10.7
2358,2358,2021-06-16,25.7,24.2,30.2,0.0,15.1,1013.3,25.3,167,-0.9646141756912435,0.26366549272800704,-3.400000000000091,9.3,13.7,1015.7999999999997,1017.4,6.0
2359,2359,2021-06-17,24.4,21.9,27.4,0.3,25.3,1010.7,14.6,168,-0.9690098257244062,0.24702218048093552,-2.599999999999909,15.1,9.3,1013.5666666666665,1016.7,5.5
2360,2360,2021-06-18,23.4,20.0,29.3,0.0,14.6,1013.6,10.5,169,-0.9731183372332619,0.23030567023061221,2.8999999999999773,25.3,15.1,1012.5333333333332,1013.3,9.3
2361,2361,2021-06-19,24.0,22.6,27.1,0.1,10.5,1014.4,16.0,170,-0.9769384927771817,0.21352091543979612,0.7999999999999545,14.6,25.3,1012.8999999999997,1010.7,4.5
2362,2362,2021-06-20,23.8,22.0,28.1,0.0,16.0,1009.4,16.8,171,-0.980469160361632,0.19667288979357647,-5.0,10.5,14.6,1012.4666666666664,1013.6,6.100000000000001
2363,2363,2021-06-21,24.3,21.4,28.2,0.0,16.8,1008.6,13.6,172,-0.9837092937736097,0.1797665857255624,-0.7999999999999545,16.0,10.5,1010.7999999999998,1014.4,6.800000000000001
2364,2364,2021-06-22,22.9,21.9,26.0,0.3,13.6,1012.6,15.1,173,-0.986657932891657,0.16280701293851715,4.0,16.8,16.0,1010.1999999999998,1009.4,4.100000000000001
2365,2365,2021-06-23,20.9,17.6,26.3,2.4,15.1,1016.6,12.8,174,-0.9893142039703663,0.1457991969198751,4.0,13.6,16.8,1012.5999999999998,1008.6,8.7
2366,2366,2021-06-24,21.3,18.0,25.9,0.0,12.8,1020.2,15.9,175,-0.99167731989929,0.12874817745258132,3.6000000000000227,15.1,13.6,1016.4666666666666,1012.6,7.899999999999999
2367,2367,2021-06-25,22.1,18.8,26.3,0.0,15.9,1019.9,14.8,176,-0.993746580436178,0.11165900712169512,-0.3000000000000682,12.8,15.1,1018.8999999999997,1016.6,7.5
2368,2368,2021-06-26,22.6,19.7,26.7,0.0,14.8,1016.7,11.0,177,-0.9955213724144752,0.09453674981719912,-3.199999999999932,15.9,12.8,1018.933333333333,1020.2,7.0
2369,2369,2021-06-27,23.4,21.0,27.0,0.0,11.0,1013.7,13.7,178,-0.9970011699250151,0.07738647923346301,-3.0,14.8,15.9,1016.7666666666664,1019.9,6.0
2370,2370,2021-06-28,23.3,20.1,27.2,0.0,13.7,1013.3,14.0,179,-0.9981855344718586,0.06021327736579302,-0.40000000000009095,11.0,14.8,1014.5666666666665,1016.7,7.099999999999998
2371,2371,2021-06-29,23.4,21.8,26.3,0.0,14.0,1016.4,14.8,180,-0.99907411510223,0.04302223300453059,3.1000000000000227,13.7,11.0,1014.4666666666666,1013.7,4.5
2372,2372,2021-06-30,23.6,23.0,26.5,0.0,14.8,1017.7,14.4,181,-0.9996666485105112,0.02581844022713308,1.3000000000000682,14.0,13.7,1015.7999999999997,1013.3,3.5
2373,2373,2021-07-01,24.1,21.9,27.4,0.0,14.4,1017.3,14.3,182,-0.9999629591162655,0.008606996888688698,-0.40000000000009095,14.8,14.0,1017.1333333333332,1016.4,5.5
2374,2374,2021-07-02,23.7,20.1,28.5,0.0,14.3,1016.4,14.6,183,-0.9999629591162655,-0.008606996888688009,-0.8999999999999773,14.4,14.8,1017.1333333333331,1017.7,8.399999999999999
2375,2375,2021-07-03,24.3,21.7,28.6,0.0,14.6,1014.3,15.8,184,-0.9996666485105112,-0.02581844022713239,-2.1000000000000227,14.3,14.4,1015.9999999999997,1017.3,6.900000000000002
2376,2376,2021-07-04,23.9,21.8,28.6,0.0,15.8,1013.4,14.2,185,-0.99907411510223,-0.04302223300453034,-0.8999999999999773,14.6,14.3,1014.6999999999998,1016.4,6.800000000000001
2377,2377,2021-07-05,24.1,20.8,28.2,0.0,14.2,1014.1,15.2,186,-0.9981855344718586,-0.060213277365792774,0.7000000000000455,15.8,14.6,1013.933333333333,1014.3,7.399999999999999
2378,2378,2021-07-06,26.5,24.7,28.6,0.0,15.2,1010.4,13.4,187,-0.9970011699250151,-0.07738647923346322,-3.7000000000000455,14.2,15.8,1012.6333333333332,1013.4,3.900000000000002
2379,2379,2021-07-07,24.4,22.8,27.3,0.0,13.4,1014.5,16.4,188,-0.9955213724144752,-0.09453674981719933,4.100000000000023,15.2,14.2,1012.9999999999997,1014.1,4.5
2380,2380,2021-07-08,23.8,22.0,27.6,0.0,16.4,1020.2,18.9,189,-0.9937465804361781,-0.11165900712169444,5.7000000000000455,13.4,15.2,1015.0333333333332,1010.4,5.600000000000001
2381,2381,2021-07-09,24.2,20.9,27.9,0.0,18.9,1021.6,18.7,190,-0.99167731989929,-0.12874817745258066,1.3999999999999773,16.4,13.4,1018.7666666666664,1014.5,7.0
2382,2382,2021-07-10,24.1,20.9,28.5,0.0,18.7,1017.4,9.7,191,-0.9893142039703664,-0.14579919691987442,-4.2000000000000455,18.9,16.4,1019.7333333333331,1020.2,7.600000000000001
2383,2383,2021-07-11,24.6,21.4,28.5,0.0,9.7,1015.8,14.2,192,-0.9866579328916572,-0.16280701293851646,-1.6000000000000227,18.7,18.9,1018.2666666666664,1021.6,7.100000000000001
2384,2384,2021-07-12,24.7,22.4,29.1,0.0,14.2,1010.3,17.8,193,-0.9837092937736098,-0.17976658572556214,-5.5,9.7,18.7,1014.4999999999997,1017.4,6.700000000000003
2385,2385,2021-07-13,22.6,18.3,27.5,0.0,17.8,1014.2,18.0,194,-0.9804691603616321,-0.19667288979357622,3.900000000000091,14.2,9.7,1013.433333333333,1015.8,9.2
2386,2386,2021-07-14,22.3,18.9,26.4,2.1,18.0,1018.0,15.7,195,-0.9769384927771817,-0.2135209154397959,3.7999999999999545,17.8,14.2,1014.1666666666664,1010.3,7.5
2387,2387,2021-07-15,23.3,20.8,27.1,0.0,15.7,1018.9,14.9,196,-0.973118337233262,-0.23030567023061196,0.8999999999999773,18.0,17.8,1017.0333333333332,1014.2,6.300000000000001
2388,2388,2021-07-16,23.7,21.5,27.5,0.0,14.9,1018.2,15.1,197,-0.9690098257244063,-0.24702218048093527,-0.6999999999999318,15.7,18.0,1018.3666666666664,1018.0,6.0
2389,2389,2021-07-17,23.8,21.3,28.0,0.0,15.1,1017.3,14.2,198,-0.9646141756912435,-0.2636654927280072,-0.900000000000091,14.9,15.7,1018.1333333333331,1018.9,6.699999999999999
2390,2390,2021-07-18,24.3,21.2,28.9,0.0,14.2,1013.9,15.5,199,-0.9599326896597445,-0.2802306751992161,-3.3999999999999773,15.1,14.9,1016.4666666666664,1018.2,7.699999999999999
2391,2391,2021-07-19,26.1,22.4,30.4,0.0,15.5,1012.6,16.0,200,-0.9549667548552553,-0.2967128192734901,-1.2999999999999545,14.2,15.1,1014.5999999999998,1017.3,8.0
2392,2392,2021-07-20,25.3,22.8,29.7,0.0,16.0,1014.4,15.5,201,-0.9497178427914317,-0.3131070409358267,1.7999999999999545,15.5,14.2,1013.6333333333331,1013.9,6.899999999999999
2393,2393,2021-07-21,25.7,23.9,29.2,0.0,15.5,1017.3,15.3,202,-0.9441875088341994,-0.3294084822245302,2.8999999999999773,16.0,15.5,1014.7666666666664,1012.6,5.300000000000001
2394,2394,2021-07-22,25.8,22.3,30.5,0.0,15.3,1017.0,10.5,203,-0.9383773917408642,-0.3456123126707333,-0.2999999999999545,15.5,16.0,1016.2333333333331,1014.4,8.2
2395,2395,2021-07-23,26.1,22.5,30.5,0.0,10.5,1013.2,16.4,204,-0.9322892131745134,-0.3617137307297674,-3.7999999999999545,15.3,15.5,1015.833333333333,1017.3,8.0
2396,2396,2021-07-24,25.8,23.8,28.9,0.0,16.4,1009.1,13.0,205,-0.9259247771938499,-0.37770796520396466,-4.100000000000023,10.5,15.3,1013.0999999999998,1017.0,5.099999999999998
2397,2397,2021-07-25,25.3,23.3,30.2,0.0,13.0,1010.1,12.9,206,-0.9192859697186105,-0.39359027665646645,1.0,16.4,10.5,1010.7999999999998,1013.2,6.899999999999999
2398,2398,2021-07-26,25.1,23.0,30.1,0.0,12.9,1013.0,15.3,207,-0.9123747579707274,-0.4093559588156211,2.8999999999999773,13.0,16.4,1010.7333333333331,1009.1,7.100000000000001
2399,2399,2021-07-27,25.0,22.0,29.2,0.0,15.3,1014.7,17.1,208,-0.9051931898913975,-0.42500033996955394,1.7000000000000455,12.9,13.0,1012.5999999999998,1010.1,7.199999999999999
2400,2400,2021-07-28,24.5,23.0,28.2,0.0,17.1,1015.0,13.4,209,-0.8977433935342336,-0.4405187843504952,0.2999999999999545,15.3,12.9,1014.2333333333331,1013.0,5.199999999999999
2401,2401,2021-07-29,24.6,21.9,28.5,0.0,13.4,1015.0,13.3,210,-0.8900275764346766,-0.455906693508459,0.0,17.1,15.3,1014.8999999999997,1014.7,6.600000000000001
2402,2402,2021-07-30,25.6,23.3,30.1,0.0,13.3,1011.8,15.3,211,-0.8820480249558535,-0.47115950767386394,-3.2000000000000455,13.4,17.1,1013.933333333333,1015.0,6.800000000000001
2403,2403,2021-07-31,25.4,18.0,28.0,5.6,15.3,1010.4,14.2,212,-0.8738071036110807,-0.4862727071086902,-1.3999999999999773,13.3,13.4,1012.3999999999997,1015.0,10.0
2404,2404,2021-08-01,22.3,18.0,26.5,1.0,14.2,1013.6,13.2,213,-0.8653072543632061,-0.5012418134457756,3.2000000000000455,15.3,13.3,1011.933333333333,1011.8,8.5
2405,2405,2021-08-02,23.2,19.7,27.8,0.0,13.2,1016.3,16.2,214,-0.8565509959010037,-0.5160623910158526,2.699999999999932,14.2,15.3,1013.433333333333,1010.4,8.100000000000001
2406,2406,2021-08-03,24.7,21.1,28.6,0.0,16.2,1015.8,15.6,215,-0.8475409228928312,-0.5307300481619331,-0.5,13.2,14.2,1015.233333333333,1013.6,7.5
2407,2407,2021-08-04,24.3,20.9,29.1,2.3,15.6,1013.3,17.8,216,-0.8382797052177745,-0.5452404385406507,-2.5,16.2,13.2,1015.1333333333331,1016.3,8.200000000000003
2408,2408,2021-08-05,24.1,20.8,28.9,0.0,17.8,1014.1,19.1,217,-0.828770087174504,-0.5595892624101763,0.8000000000000682,15.6,16.2,1014.3999999999997,1015.8,8.099999999999998
2409,2409,2021-08-06,24.7,24.1,27.8,0.0,19.1,1010.6,17.0,218,-0.8190148866680802,-0.5737722679043243,-3.5,17.8,15.6,1012.6666666666664,1013.3,3.6999999999999993
2410,2410,2021-08-07,25.3,24.0,29.7,0.0,17.0,1006.9,14.2,219,-0.8090169943749472,-0.5877852522924734,-3.7000000000000455,19.1,17.8,1010.5333333333332,1014.1,5.699999999999999
2411,2411,2021-08-08,23.7,21.7,26.6,0.0,14.2,1015.4,11.7,220,-0.7987793728863648,-0.6016240632249227,8.5,17.0,19.1,1010.9666666666666,1010.6,4.900000000000002
2412,2412,2021-08-09,23.0,20.2,27.7,0.0,11.7,1017.7,13.8,221,-0.7883050558305253,-0.6152845999633277,2.300000000000068,14.2,17.0,1013.333333333333,1006.9,7.5
2413,2413,2021-08-10,24.7,21.2,30.9,0.0,13.8,1016.5,10.9,222,-0.7775971469736268,-0.6287628145958345,-1.2000000000000455,11.7,14.2,1016.5333333333332,1015.4,9.7
2414,2414,2021-08-11,26.0,23.0,31.8,0.0,10.9,1016.8,12.2,223,-0.7666588193001592,-0.6420547132365636,0.2999999999999545,13.8,11.7,1016.9999999999997,1017.7,8.8
2415,2415,2021-08-12,26.6,24.2,30.8,0.0,12.2,1017.1,10.9,224,-0.7554933140726804,-0.655156357209085,0.3000000000000682,10.9,13.8,1016.7999999999997,1016.5,6.600000000000001
2416,2416,2021-08-13,26.3,23.1,32.5,0.0,10.9,1020.4,13.0,225,-0.7441039398713608,-0.6680638642135333,3.2999999999999545,12.2,10.9,1018.0999999999998,1016.8,9.399999999999999
2417,2417,2021-08-14,26.9,23.7,32.5,0.0,13.0,1018.3,13.7,226,-0.7324940716135792,-0.6807734094770159,-2.1000000000000227,10.9,12.2,1018.5999999999998,1017.1,8.8
2418,2418,2021-08-15,26.6,25.4,30.4,0.0,13.7,1015.9,15.3,227,-0.7206671495538615,-0.6932812268869771,-2.3999999999999773,13.0,10.9,1018.1999999999998,1020.4,5.0
2419,2419,2021-08-16,26.0,24.6,29.6,0.0,15.3,1016.3,16.0,228,-0.70862667826446,-0.7055836101071774,0.39999999999997726,13.7,13.0,1016.833333333333,1018.3,5.0
2420,2420,2021-08-17,24.6,21.6,28.3,0.0,16.0,1018.2,14.1,229,-0.6963762255968726,-0.7176769136759615,1.900000000000091,15.3,13.7,1016.7999999999997,1015.9,6.699999999999999
2421,2421,2021-08-18,24.0,21.3,28.2,0.0,14.1,1017.1,11.0,230,-0.6839194216246105,-0.7295575540864876,-1.1000000000000227,16.0,15.3,1017.1999999999998,1016.3,6.899999999999999
2422,2422,2021-08-19,23.2,20.8,27.0,0.0,11.0,1015.2,13.8,231,-0.6712599575675315,-0.7412220108485957,-1.8999999999999773,14.1,16.0,1016.8333333333331,1018.2,6.199999999999999
2423,2423,2021-08-20,24.8,21.9,29.1,0.0,13.8,1015.5,15.5,232,-0.6584015846980489,-0.7526668275320083,0.2999999999999545,11.0,14.1,1015.933333333333,1017.1,7.200000000000003
2424,2424,2021-08-21,25.5,23.3,29.4,0.0,15.5,1017.5,11.8,233,-0.64534811322955,-0.7638886127905429,2.0,13.8,11.0,1016.0666666666665,1015.2,6.099999999999998
2425,2425,2021-08-22,25.1,22.2,29.9,0.0,11.8,1019.4,11.8,234,-0.6321034111873488,-0.7748840413670406,1.8999999999999773,15.5,13.8,1017.4666666666664,1015.5,7.699999999999999
2426,2426,2021-08-23,24.6,22.4,28.4,2.1,11.8,1018.0,10.2,235,-0.6186714032625032,-0.7856498550787144,-1.3999999999999773,11.8,15.5,1018.2999999999997,1017.5,6.0
2427,2427,2021-08-24,24.3,22.8,28.0,0.3,10.2,1015.3,11.9,236,-0.6050560696488494,-0.7961828637826154,-2.7000000000000455,11.8,11.8,1017.5666666666665,1019.4,5.199999999999999
2428,2428,2021-08-25,23.9,21.1,27.3,0.0,11.9,1014.0,19.6,237,-0.5912614448635782,-0.8064799463209447,-1.2999999999999545,10.2,11.8,1015.7666666666664,1018.0,6.199999999999999
2429,2429,2021-08-26,23.7,19.4,28.8,0.0,19.6,1013.7,10.7,238,-0.5772916165517278,-0.8165380514459157,-0.2999999999999545,11.9,10.2,1014.333333333333,1015.3,9.400000000000002
2430,2430,2021-08-27,25.8,23.7,29.9,0.0,10.7,1012.1,18.0,239,-0.5631507242749187,-0.8263541987239094,-1.6000000000000227,19.6,11.9,1013.2666666666664,1014.0,6.199999999999999
2431,2431,2021-08-28,24.6,22.6,27.2,0.0,18.0,1013.4,12.7,240,-0.5488429582847199,-0.8359254794186365,1.2999999999999545,10.7,19.6,1013.0666666666665,1013.7,4.599999999999998
2432,2432,2021-08-29,24.1,22.4,27.3,0.0,12.7,1014.4,12.5,241,-0.5343725582809785,-0.8452490573530634,1.0,18.0,10.7,1013.2999999999997,1012.1,4.900000000000002
2433,2433,2021-08-30,22.1,20.9,25.0,6.3,12.5,1014.2,15.5,242,-0.5197438121555157,-0.8543221697498269,-0.1999999999999318,12.7,18.0,1013.9999999999997,1013.4,4.100000000000001
2434,2434,2021-08-31,22.9,20.6,26.9,7.8,15.5,1016.7,19.4,243,-0.5049610547215202,-0.8631421280499115,2.5,12.5,12.7,1015.0999999999998,1014.4,6.299999999999997
2435,2435,2021-09-01,22.9,21.3,25.6,1.6,19.4,1017.8,23.0,244,-0.4900286664290594,-0.8717063187093217,1.099999999999909,15.5,12.5,1016.2333333333331,1014.2,4.300000000000001
2436,2436,2021-09-02,23.3,19.5,27.7,0.2,23.0,1016.8,12.6,245,-0.4749510720670502,-0.8800122039735356,-1.0,19.4,15.5,1017.0999999999998,1016.7,8.2
2437,2437,2021-09-03,23.6,20.5,28.2,0.0,12.6,1015.9,12.2,246,-0.4597327394521046,-0.888057322629493,-0.8999999999999773,23.0,19.4,1016.833333333333,1017.8,7.699999999999999
2438,2438,2021-09-04,23.3,20.8,27.8,0.0,12.2,1015.9,15.0,247,-0.4443781781046134,-0.8958392907349089,0.0,12.6,23.0,1016.1999999999998,1016.8,7.0
2439,2439,2021-09-05,24.6,21.5,29.0,0.0,15.0,1017.2,12.2,248,-0.4288919379124841,-0.9033558023246842,1.3000000000000682,12.2,12.6,1016.333333333333,1015.9,7.5
2440,2440,2021-09-06,25.1,22.5,29.2,0.0,12.2,1019.6,9.5,249,-0.41327860778290443,-0.9106046300942162,2.3999999999999773,15.0,12.2,1017.5666666666665,1015.9,6.699999999999999
2441,2441,2021-09-07,25.0,23.2,28.7,0.1,9.5,1019.2,14.9,250,-0.3975428142825566,-0.9175836260593934,-0.39999999999997726,12.2,15.0,1018.6666666666665,1017.2,5.5
2442,2442,2021-09-08,24.8,21.8,29.6,0.0,14.9,1014.0,20.8,251,-0.3816892202666586,-0.9242907221930934,-5.2000000000000455,9.5,12.2,1017.5999999999998,1019.6,7.800000000000001
2443,2443,2021-09-09,25.0,22.3,29.0,0.0,20.8,1012.4,16.1,252,-0.3657225234972692,-0.9307239310379793,-1.6000000000000227,14.9,9.5,1015.1999999999998,1019.2,6.699999999999999
2444,2444,2021-09-10,22.7,20.2,28.6,7.0,16.1,1015.5,15.1,253,-0.34964745525122826,-0.9368813462954315,3.1000000000000227,20.8,14.9,1013.9666666666664,1014.0,8.400000000000002
2445,2445,2021-09-11,22.9,19.2,27.6,0.0,15.1,1018.1,13.3,254,-0.33346877891818705,-0.9427611433904206,2.6000000000000227,16.1,20.8,1015.333333333333,1012.4,8.400000000000002
2446,2446,2021-09-12,24.2,22.2,28.9,0.0,13.3,1015.8,15.9,255,-0.31719128858910595,-0.9483615800121716,-2.300000000000068,15.1,16.1,1016.4666666666664,1015.5,6.699999999999999
2447,2447,2021-09-13,24.8,22.1,29.0,0.0,15.9,1015.8,12.3,256,-0.300819807635668,-0.9536809966304455,0.0,13.3,15.1,1016.5666666666665,1018.1,6.899999999999999
2448,2448,2021-09-14,26.1,24.3,29.5,0.0,12.3,1013.8,18.2,257,-0.2843591872810036,-0.9587178169872964,-2.0,15.9,13.3,1015.1333333333331,1015.8,5.199999999999999
2449,2449,2021-09-15,25.5,23.8,29.4,5.4,18.2,1012.5,12.7,258,-0.26781430516217486,-0.9634705485641486,-1.2999999999999545,12.3,15.9,1014.033333333333,1015.8,5.599999999999998
2450,2450,2021-09-16,23.6,21.2,27.3,2.8,12.7,1015.6,18.6,259,-0.25119006388481957,-0.9679377830240642,3.1000000000000227,18.2,12.3,1013.9666666666666,1013.8,6.100000000000001
2451,2451,2021-09-17,23.2,19.3,27.8,0.0,18.6,1014.7,14.6,260,-0.23449138957041052,-0.9721181966290612,-0.8999999999999773,12.7,18.2,1014.2666666666664,1012.5,8.5
2452,2452,2021-09-18,22.0,20.4,26.8,0.9,14.6,1013.4,16.1,261,-0.21772323039653224,-0.9760105506323682,-1.3000000000000682,18.6,12.7,1014.5666666666665,1015.6,6.400000000000002
2453,2453,2021-09-19,21.1,17.1,25.9,0.0,16.1,1017.1,18.7,262,-0.20089055513063528,-0.9796136916454901,3.7000000000000455,14.6,18.6,1015.0666666666665,1014.7,8.799999999999997
2454,2454,2021-09-20,19.6,16.9,26.3,11.8,18.7,1018.5,13.1,263,-0.18399835165767986,-0.9829265519799822,1.3999999999999773,16.1,14.6,1016.333333333333,1013.4,9.400000000000002
2455,2455,2021-09-21,18.6,16.7,23.0,1.7,13.1,1021.4,22.4,264,-0.1670516255021195,-0.9859481499638303,2.8999999999999773,18.7,16.1,1018.9999999999997,1017.1,6.300000000000001
2456,2456,2021-09-22,20.9,17.8,25.1,5.6,22.4,1020.5,18.6,265,-0.15005539834465262,-0.9886775902323404,-0.8999999999999773,13.1,18.7,1020.1333333333331,1018.5,7.300000000000001
2457,2457,2021-09-23,20.8,17.4,25.6,1.6,18.6,1019.4,17.3,266,-0.13301470653419636,-0.9911140639934546,-1.1000000000000227,22.4,13.1,1020.433333333333,1021.4,8.200000000000003
2458,2458,2021-09-24,21.3,17.8,25.4,0.0,17.3,1017.3,10.8,267,-0.11593459959550066,-0.9932568492674143,-2.1000000000000227,18.6,22.4,1019.0666666666663,1020.5,7.599999999999998
2459,2459,2021-09-25,23.4,21.6,28.0,0.1,10.8,1016.2,14.5,268,-0.09882013873287211,-0.9951053111006974,-1.099999999999909,17.3,18.6,1017.6333333333331,1019.4,6.399999999999999
2460,2460,2021-09-26,23.8,20.3,29.1,0.0,14.5,1017.7,15.5,269,-0.08167639533042288,-0.99665890175417,1.5,10.8,17.3,1017.0666666666665,1017.3,8.8
2461,2461,2021-09-27,22.5,18.6,27.5,0.0,15.5,1019.7,15.6,270,-0.06450844944931625,-0.9979171608653922,2.0,14.5,10.8,1017.8666666666664,1016.2,8.899999999999999
2462,2462,2021-09-28,21.8,18.6,26.2,0.0,15.6,1021.0,10.1,271,-0.04732138832243232,-0.9988797155850335,1.2999999999999545,15.5,14.5,1019.4666666666666,1017.7,7.599999999999998
2463,2463,2021-09-29,21.8,19.8,25.5,0.4,10.1,1023.1,14.9,272,-0.03012030484690836,-0.9995462806873573,2.1000000000000227,15.6,15.5,1021.2666666666664,1019.7,5.699999999999999
2464,2464,2021-09-30,20.8,18.6,24.7,0.0,14.9,1024.4,13.3,273,-0.012910296075008843,-0.9999166586547379,1.3000000000000682,10.1,15.6,1022.833333333333,1021.0,6.099999999999998
2465,2465,2021-10-01,20.1,16.3,25.3,0.0,13.3,1020.5,15.1,274,0.004303538296243821,-0.9999907397361901,-3.900000000000091,14.9,10.1,1022.6666666666664,1023.1,9.0
2466,2466,2021-10-02,21.4,17.9,25.3,0.1,15.1,1016.8,22.9,275,0.021516097436222233,-0.9997685019798909,-3.7000000000000455,13.3,14.9,1020.5666666666665,1024.4,7.400000000000002
2467,2467,2021-10-03,23.6,17.5,26.7,20.7,22.9,1010.2,12.2,276,0.03872228089217399,-0.9992500112396835,-6.599999999999909,15.1,13.3,1015.833333333333,1020.5,9.2
2468,2468,2021-10-04,16.1,14.3,19.5,2.8,12.2,1015.5,17.4,277,0.05591699010060302,-0.9984354211555643,5.2999999999999545,22.9,15.1,1014.1666666666664,1016.8,5.199999999999999
2469,2469,2021-10-05,18.3,12.5,24.6,0.0,17.4,1017.5,12.5,278,0.07309512989807776,-0.9973249731081555,2.0,12.2,22.9,1014.3999999999997,1010.2,12.100000000000001
2470,2470,2021-10-06,18.7,16.4,22.4,0.0,12.5,1021.6,15.1,279,0.0902516100310407,-0.9959189961471792,4.100000000000023,17.4,12.2,1018.1999999999998,1015.5,6.0
2471,2471,2021-10-07,17.8,14.2,22.6,0.0,15.1,1020.4,13.0,280,0.10738134666416306,-0.994217906893952,-1.2000000000000455,12.5,17.4,1019.833333333333,1017.5,8.400000000000002
2472,2472,2021-10-08,18.2,14.9,22.9,0.0,13.0,1019.8,10.8,281,0.12447926388678869,-0.9922222094179324,-0.6000000000000227,15.1,12.5,1020.5999999999998,1021.6,7.999999999999998
2473,2473,2021-10-09,17.6,16.2,21.3,0.0,10.8,1020.8,9.7,282,0.141540295217043,-0.989932495087353,1.0,13.0,15.1,1020.333333333333,1020.4,5.100000000000001
2474,2474,2021-10-10,18.6,16.3,22.3,0.0,9.7,1022.0,14.1,283,0.15855938510313475,-0.9873494423939864,1.2000000000000455,10.8,13.0,1020.8666666666664,1019.8,6.0
2475,2475,2021-10-11,17.6,13.3,23.8,0.0,14.1,1021.6,13.1,284,0.17553149042142777,-0.9844738167520923,-0.39999999999997726,9.7,10.8,1021.4666666666664,1020.8,10.5
2476,2476,2021-10-12,17.6,12.9,23.4,0.0,13.1,1018.2,13.5,285,0.19245158197082995,-0.9813064702716093,-3.3999999999999773,14.1,9.7,1020.5999999999998,1022.0,10.499999999999998
2477,2477,2021-10-13,17.2,13.5,22.5,0.0,13.5,1018.3,11.8,286,0.20931464596304888,-0.9778483415056567,0.09999999999990905,13.1,14.1,1019.3666666666664,1021.6,9.0
2478,2478,2021-10-14,17.5,15.1,21.6,0.0,11.8,1022.6,15.1,287,0.22611568550828803,-0.9741004551724206,4.300000000000068,13.5,13.1,1019.6999999999998,1018.2,6.500000000000002
2479,2479,2021-10-15,18.2,14.9,23.9,0.0,15.1,1018.4,11.9,288,0.2428497220959358,-0.970063921851507,-4.2000000000000455,11.8,13.5,1019.7666666666664,1018.3,8.999999999999998
2480,2480,2021-10-16,18.3,16.0,22.8,0.0,11.9,1017.5,10.5,289,0.25951179706979943,-0.965739937654855,-0.8999999999999773,15.1,11.8,1019.4999999999999,1022.6,6.800000000000001
2481,2481,2021-10-17,18.0,15.0,22.2,0.0,10.5,1019.1,10.7,290,0.27609697309746883,-0.9611297838723007,1.6000000000000227,11.9,15.1,1018.333333333333,1018.4,7.199999999999999
2482,2482,2021-10-18,18.9,16.2,24.5,0.0,10.7,1023.1,16.9,291,0.2926003356333479,-0.9562348265919058,4.0,10.5,11.9,1019.8999999999997,1017.5,8.3
2483,2483,2021-10-19,19.7,16.7,24.1,0.0,16.9,1026.1,20.8,292,0.30901699437494723,-0.9510565162951536,2.9999999999998863,10.7,10.5,1022.7666666666664,1019.1,7.400000000000002
2484,2484,2021-10-20,21.1,17.8,24.1,0.0,20.8,1022.5,11.3,293,0.3253420847119795,-0.9455963874271428,-3.599999999999909,16.9,10.7,1023.8999999999997,1023.1,6.300000000000001
2485,2485,2021-10-21,18.4,16.4,22.7,0.8,11.3,1017.2,10.1,294,0.341570769167856,-0.9398560579418953,-5.2999999999999545,20.8,16.9,1021.933333333333,1026.1,6.300000000000001
2486,2486,2021-10-22,16.9,14.6,21.0,0.0,10.1,1018.9,14.0,295,0.35769823883312546,-0.9338372288229252,1.6999999999999318,11.3,20.8,1019.5333333333332,1022.5,6.4
2487,2487,2021-10-23,15.1,11.9,20.8,0.0,14.0,1021.3,14.6,296,0.3737197147904692,-0.9275416835791965,2.3999999999999773,10.1,11.3,1019.1333333333332,1017.2,8.9
2488,2488,2021-10-24,15.8,10.8,23.0,0.0,14.6,1022.6,13.8,297,0.38963044953078774,-0.9209712877166347,1.3000000000000682,14.0,10.1,1020.933333333333,1018.9,12.2
2489,2489,2021-10-25,15.9,11.5,21.3,0.0,13.8,1021.7,15.3,298,0.4054257283599973,-0.9141279881853337,-0.8999999999999773,14.6,14.0,1021.8666666666664,1021.3,9.8
2490,2490,2021-10-26,16.2,12.8,22.4,0.0,15.3,1022.8,15.4,299,0.42110087079608916,-0.9070138128026362,1.099999999999909,13.8,14.6,1022.3666666666664,1022.6,9.599999999999998
2491,2491,2021-10-27,15.6,11.5,21.0,0.0,15.4,1022.5,14.1,300,0.4366512319560638,-0.8996308696522434,-0.2999999999999545,15.3,13.8,1022.3333333333331,1021.7,9.5
2492,2492,2021-10-28,15.1,11.4,20.8,0.5,14.1,1018.6,13.5,301,0.45207220393230374,-0.8919813464595487,-3.8999999999999773,15.4,15.3,1021.2999999999998,1022.8,9.4
2493,2493,2021-10-29,17.1,13.6,22.6,19.4,13.5,1013.3,21.5,302,0.46735921715800205,-0.8840675099433637,-5.300000000000068,14.1,15.4,1018.1333333333332,1022.5,9.000000000000002
2494,2494,2021-10-30,19.5,17.0,22.0,8.0,21.5,1007.9,14.0,303,0.48250774176121763,-0.8758917051442433,-5.399999999999977,13.5,14.1,1013.2666666666664,1018.6,5.0
2495,2495,2021-10-31,19.0,16.3,23.6,1.4,14.0,1008.4,15.2,304,0.4975132889071803,-0.8674563547295971,0.5,21.5,13.5,1009.8666666666664,1013.3,7.300000000000001
2496,2496,2021-11-01,19.1,15.8,25.0,0.0,15.2,1007.2,15.3,305,0.5123714121284235,-0.858763958275803,-1.1999999999999318,14.0,21.5,1007.8333333333331,1007.9,9.2
2497,2497,2021-11-02,15.4,12.6,20.2,0.0,15.3,1008.9,11.6,306,0.5270777086423724,-0.8498170915275277,1.6999999999999318,15.2,14.0,1008.1666666666665,1008.4,7.6
2498,2498,2021-11-03,14.1,10.6,17.8,0.0,11.6,1003.5,15.2,307,0.5416278206559811,-0.8406184056344783,-5.399999999999977,15.3,15.2,1006.5333333333332,1007.2,7.200000000000001
2499,2499,2021-11-04,11.5,8.4,18.2,10.3,15.2,1011.8,14.9,308,0.5560174366570446,-0.8311706263658079,8.299999999999955,11.6,15.3,1008.0666666666666,1008.9,9.799999999999999
2500,2500,2021-11-05,10.8,6.9,16.3,0.0,14.9,1018.7,17.3,309,0.5702422926917867,-0.8214765533024145,6.900000000000091,15.2,11.6,1011.3333333333331,1003.5,9.4
2501,2501,2021-11-06,11.1,5.9,19.0,0.0,17.3,1022.1,17.5,310,0.5842981736283683,-0.8115390590073611,3.3999999999999773,14.9,15.2,1017.5333333333332,1011.8,13.1
2502,2502,2021-11-07,11.2,6.8,18.9,0.0,17.5,1018.1,15.1,311,0.5981809144059158,-0.801361088174677,-4.0,17.3,14.9,1019.6333333333332,1018.7,12.099999999999998
2503,2503,2021-11-08,12.9,8.9,18.9,0.0,15.1,1014.7,18.2,312,0.6118864012687242,-0.7909456567567774,-3.3999999999999773,17.5,17.3,1018.2999999999998,1022.1,9.999999999999998
2504,2504,2021-11-09,12.9,9.2,17.2,1.0,18.2,1017.4,17.9,313,0.6254105729852457,-0.780295851070776,2.699999999999932,15.1,17.5,1016.7333333333332,1018.1,8.0
2505,2505,2021-11-10,13.7,11.9,16.5,10.0,17.9,1016.2,28.6,314,0.6387494220515268,-0.7694148268839381,-1.1999999999999318,18.2,15.1,1016.0999999999999,1014.7,4.6
2506,2506,2021-11-11,15.7,12.8,18.6,4.3,28.6,1015.9,14.8,315,0.6518989958787125,-0.7583058084785625,-0.3000000000000682,17.9,18.2,1016.4999999999999,1017.4,5.800000000000001
2507,2507,2021-11-12,15.3,14.1,20.1,0.4,14.8,1015.6,12.5,316,0.6648553979642866,-0.7469720876965551,-0.2999999999999545,28.6,17.9,1015.8999999999997,1016.2,6.000000000000002
2508,2508,2021-11-13,15.7,13.9,20.5,0.0,12.5,1017.4,13.1,317,0.6776147890466887,-0.7354170229639858,1.7999999999999545,14.8,28.6,1016.2999999999998,1015.9,6.6
2509,2509,2021-11-14,14.3,11.0,18.7,7.3,13.1,1015.1,10.0,318,0.690173388242972,-0.7236440382959124,-2.2999999999999545,12.5,14.8,1016.0333333333332,1015.6,7.699999999999999
2510,2510,2021-11-15,12.4,9.9,15.6,0.1,10.0,1015.1,18.9,319,0.7025274741691566,-0.711656622281775,0.0,13.1,12.5,1015.8666666666664,1017.4,5.699999999999999
2511,2511,2021-11-16,10.8,9.8,12.8,1.7,18.9,1017.2,16.9,320,0.7146733860429608,-0.6994583270516471,2.1000000000000227,10.0,13.1,1015.7999999999998,1015.1,3.0
2512,2512,2021-11-17,11.4,8.4,16.7,0.0,16.9,1019.8,15.2,321,0.7266075247685652,-0.6870527672236675,2.599999999999909,18.9,10.0,1017.3666666666664,1015.1,8.299999999999999
2513,2513,2021-11-18,10.8,7.5,17.1,0.0,15.2,1026.5,13.8,322,0.7383263540031063,-0.6744436188329457,6.7000000000000455,16.9,18.9,1021.1666666666665,1017.2,9.600000000000001
2514,2514,2021-11-19,10.9,6.7,17.2,0.0,13.8,1029.0,12.9,323,0.749826401204568,-0.661634618242279,2.5,15.2,16.9,1025.0999999999997,1019.8,10.5
2515,2515,2021-11-20,11.2,7.3,16.1,0.0,12.9,1024.3,13.2,324,0.7611042586607742,-0.6486295610349818,-4.7000000000000455,13.8,15.2,1026.5999999999997,1026.5,8.8
2516,2516,2021-11-21,13.0,10.5,18.1,0.0,13.2,1013.6,17.2,325,0.7721565844991641,-0.6354323008901775,-10.699999999999932,12.9,13.8,1022.2999999999997,1029.0,7.600000000000001
2517,2517,2021-11-22,12.2,8.9,16.3,0.8,17.2,1011.0,30.7,326,0.7829801036770624,-0.622046748440868,-2.6000000000000227,13.2,12.9,1016.2999999999998,1024.3,7.4
2518,2518,2021-11-23,13.0,11.7,16.3,33.9,30.7,1013.6,20.3,327,0.7935716089521472,-0.6084768701151264,2.6000000000000227,17.2,13.2,1012.7333333333332,1013.6,4.600000000000001
2519,2519,2021-11-24,12.1,9.7,15.5,50.6,20.3,1010.1,13.6,328,0.8039279618328208,-0.594726686960764,-3.5,30.7,17.2,1011.5666666666666,1011.0,5.800000000000001
2520,2520,2021-11-25,10.1,5.9,13.6,1.5,13.6,1004.7,14.3,329,0.8140460935082175,-0.5808002734538013,-5.399999999999977,20.3,30.7,1009.4666666666666,1013.6,7.699999999999999
2521,2521,2021-11-26,9.9,6.7,14.9,0.0,14.3,1005.1,16.6,330,0.8239230057575536,-0.5667017562911184,0.39999999999997726,13.6,20.3,1006.6333333333332,1010.1,8.2
2522,2522,2021-11-27,9.2,5.6,14.8,0.0,16.6,1000.2,21.6,331,0.8335557718385695,-0.5524353131676203,-4.899999999999977,14.3,13.6,1003.3333333333334,1004.7,9.200000000000001
2523,2523,2021-11-28,7.8,5.4,11.9,0.0,21.6,1005.3,14.7,332,0.8429415373547832,-0.5380051715382992,5.099999999999909,16.6,14.3,1003.5333333333332,1005.1,6.5
2524,2524,2021-11-29,9.1,4.9,14.9,0.0,14.7,1011.8,11.5,333,0.8520775211013093,-0.5234156073655503,6.5,21.6,16.6,1005.7666666666664,1000.2,10.0
2525,2525,2021-11-30,9.2,6.3,15.4,0.0,11.5,1024.2,15.5,334,0.8609610158889945,-0.5086709438521042,12.400000000000091,14.7,21.6,1013.7666666666664,1005.3,9.100000000000001
2526,2526,2021-12-01,9.8,6.3,15.8,0.5,15.5,1016.5,14.1,335,0.8695893893466109,-0.49377555015997737,-7.7000000000000455,11.5,14.7,1017.4999999999999,1011.8,9.5
2527,2527,2021-12-02,10.9,7.5,14.8,0.0,14.1,1007.4,11.7,336,0.8779600847008883,-0.4787338401157883,-9.100000000000023,15.5,11.5,1016.0333333333332,1024.2,7.300000000000001
2528,2528,2021-12-03,8.4,4.9,14.1,0.0,11.7,1015.8,17.6,337,0.8860706215341378,-0.4635502709028512,8.399999999999977,14.1,15.5,1013.2333333333331,1016.5,9.2
2529,2529,2021-12-04,12.1,6.9,19.8,0.0,17.6,1015.2,20.7,338,0.893918596519257,-0.4482293417404106,-0.599999999999909,11.7,14.1,1012.7999999999998,1007.4,12.9
2530,2530,2021-12-05,10.2,7.7,13.2,0.0,20.7,1011.3,7.4,339,0.9015016841318838,-0.4327755925504317,-3.900000000000091,17.6,11.7,1014.0999999999998,1015.8,5.499999999999999
2531,2531,2021-12-06,9.0,4.7,15.9,0.0,7.4,1016.9,13.4,340,0.9088176373395028,-0.41719360261231697,5.600000000000023,20.7,17.6,1014.4666666666666,1015.2,11.2
2532,2532,2021-12-07,10.6,6.4,16.2,0.0,13.4,1015.7,22.2,341,0.9158642882672868,-0.4014879892059737,-1.1999999999999318,7.4,20.7,1014.6333333333332,1011.3,9.799999999999999
2533,2533,2021-12-08,12.3,7.8,14.7,0.0,22.2,1006.3,14.8,342,0.9226395488404875,-0.38566340624360745,-9.400000000000091,13.4,7.4,1012.9666666666666,1016.9,6.8999999999999995
2534,2534,2021-12-09,9.2,6.3,13.4,0.0,14.8,1012.3,19.9,343,0.9291414114031743,-0.3697245428906732,6.0,22.2,13.4,1011.433333333333,1015.7,7.1000000000000005
2535,2535,2021-12-10,13.7,8.4,18.5,0.0,19.9,1007.6,10.4,344,0.935367949313148,-0.3536761221763721,-4.699999999999932,14.8,22.2,1008.7333333333331,1006.3,10.1
2536,2536,2021-12-11,9.5,5.1,15.0,0.0,10.4,1017.4,13.0,345,0.941317317512847,-0.33752289959411347,9.799999999999955,19.9,14.8,1012.433333333333,1012.3,9.9
2537,2537,2021-12-12,10.9,8.0,16.8,0.0,13.0,1025.4,14.7,346,0.9469877530760751,-0.32126966169236515,8.000000000000114,10.4,19.9,1016.7999999999998,1007.6,8.8
2538,2538,2021-12-13,9.9,5.9,16.7,0.0,14.7,1026.1,13.8,347,0.9523775757303973,-0.3049212246562894,0.6999999999998181,13.0,10.4,1022.9666666666666,1017.4,10.799999999999999
2539,2539,2021-12-14,9.2,5.5,15.6,0.0,13.8,1026.2,15.0,348,0.9574851883550389,-0.2884824328806098,0.10000000000013642,14.7,13.0,1025.8999999999999,1025.4,10.1
2540,2540,2021-12-15,9.7,5.8,18.8,0.0,15.0,1026.5,13.6,349,0.9623090774541487,-0.27195815753410524,0.2999999999999545,13.8,14.7,1026.2666666666664,1026.1,13.0
2541,2541,2021-12-16,9.1,5.0,15.6,0.0,13.6,1029.2,13.4,350,0.9668478136052773,-0.2553532951161881,2.7000000000000455,15.0,13.8,1027.3,1026.2,10.6
2542,2542,2021-12-17,9.9,7.5,14.1,0.0,13.4,1030.2,14.0,351,0.9711000518829505,-0.23867276600594997,1.0,13.6,15.0,1028.6333333333332,1026.5,6.6
2543,2543,2021-12-18,9.1,5.5,15.7,0.0,14.0,1029.5,16.1,352,0.9750645322571945,-0.22192151300416674,-0.7000000000000455,13.4,13.6,1029.6333333333332,1029.2,10.2
2544,2544,2021-12-19,8.2,4.6,14.2,0.0,16.1,1026.9,19.1,353,0.9787400799669153,-0.20510449986861926,-2.599999999999909,14.0,13.4,1028.8666666666666,1030.2,9.6
2545,2545,2021-12-20,7.5,3.9,15.2,0.0,19.1,1020.8,16.3,354,0.9821256058680006,-0.1882267098432439,-6.100000000000136,16.1,14.0,1025.7333333333333,1029.5,11.299999999999999
2546,2546,2021-12-21,8.4,4.3,13.5,0.0,16.3,1020.0,12.2,355,0.9852201067560606,-0.1712931441814778,-0.7999999999999545,19.1,16.1,1022.5666666666666,1026.9,9.2
2547,2547,2021-12-22,10.0,8.6,12.2,0.2,12.2,1021.5,11.0,356,0.9880226656636976,-0.154308820664281,1.5,16.3,19.1,1020.7666666666664,1020.8,3.5999999999999996
2548,2548,2021-12-23,12.0,10.3,15.3,0.0,11.0,1020.4,10.5,357,0.9905324521322227,-0.13727877211326517,-1.1000000000000227,12.2,16.3,1020.6333333333332,1020.0,5.0
2549,2549,2021-12-24,12.8,10.6,16.2,0.1,10.5,1013.4,10.5,358,0.9927487224577402,-0.12020804489935275,-7.0,11.0,12.2,1018.433333333333,1021.5,5.6
2550,2550,2021-12-25,12.6,9.5,17.4,0.0,10.5,1006.5,12.0,359,0.9946708199115211,-0.10310169744743544,-6.899999999999977,10.5,11.0,1013.433333333333,1020.4,7.899999999999999
2551,2551,2021-12-26,12.2,9.1,17.7,0.0,12.0,1008.9,16.5,360,0.9962981749346077,-0.0859647987374467,2.3999999999999773,10.5,10.5,1009.5999999999998,1013.4,8.6
2552,2552,2021-12-27,15.9,10.6,22.2,0.0,16.5,1008.7,16.8,361,0.9976303053065857,-0.06880242680232064,-0.1999999999999318,12.0,10.5,1008.0333333333332,1006.5,11.6
2553,2553,2021-12-28,16.8,14.2,21.2,0.0,16.8,1014.1,14.4,362,0.9986668162884759,-0.05161966722325418,5.399999999999977,16.5,12.0,1010.5666666666666,1008.9,7.0
2554,2554,2021-12-29,16.2,13.2,20.9,0.0,14.4,1019.4,15.3,363,0.9994074007397048,-0.034421611622745804,5.2999999999999545,16.8,16.5,1014.0666666666665,1008.7,7.699999999999999
2555,2555,2021-12-30,13.9,11.0,20.6,0.0,15.3,1022.6,13.2,364,0.9998518392091162,-0.01721335615583528,3.2000000000000455,14.4,16.8,1018.6999999999998,1014.1,9.600000000000001
2556,2556,2021-12-31,11.9,8.8,18.4,0.0,13.2,1026.1,8.8,365,1.0,6.432490598706546e-16,3.4999999999998863,15.3,14.4,1022.6999999999998,1019.4,9.599999999999998
2557,2557,2022-01-01,11.2,7.5,16.3,0.0,8.8,1026.9,10.7,1,0.9998518392091162,0.017213356155834685,0.8000000000001819,13.2,15.3,1025.1999999999998,1022.6,8.8
2558,2558,2022-01-02,10.9,7.8,15.0,0.0,10.7,1027.8,16.4,2,0.9994074007397048,0.03442161162274574,0.8999999999998636,8.8,13.2,1026.9333333333332,1026.1,7.2
2559,2559,2022-01-03,11.4,8.7,14.7,0.0,16.4,1024.3,14.7,3,0.998666816288476,0.051619667223253764,-3.5,10.7,8.8,1026.3333333333333,1026.9,6.0
2560,2560,2022-01-04,13.1,9.5,18.5,13.9,14.7,1011.4,11.7,4,0.9976303053065857,0.06880242680231986,-12.899999999999977,16.4,10.7,1021.1666666666665,1027.8,9.0
2561,2561,2022-01-05,10.4,5.8,14.2,0.2,11.7,1009.2,19.1,5,0.9962981749346078,0.08596479873744647,-2.199999999999932,14.7,16.4,1014.9666666666666,1024.3,8.399999999999999
2562,2562,2022-01-06,6.4,2.2,12.4,0.0,19.1,1016.7,12.3,6,0.9946708199115211,0.10310169744743485,7.5,11.7,14.7,1012.4333333333333,1011.4,10.2
2563,2563,2022-01-07,6.0,2.7,12.8,0.0,12.3,1022.9,13.1,7,0.9927487224577402,0.1202080448993527,6.199999999999932,19.1,11.7,1016.2666666666664,1009.2,10.100000000000001
2564,2564,2022-01-08,8.7,5.4,13.4,0.0,13.1,1021.7,18.6,8,0.9905324521322229,0.13727877211326478,-1.1999999999999318,12.3,19.1,1020.4333333333333,1016.7,8.0
2565,2565,2022-01-09,12.4,8.9,16.6,0.0,18.6,1013.5,13.2,9,0.9880226656636976,0.15430882066428117,-8.200000000000045,13.1,12.3,1019.3666666666664,1022.9,7.700000000000001
2566,2566,2022-01-10,10.5,9.8,12.8,0.1,13.2,1014.4,14.9,10,0.9852201067560606,0.1712931441814776,0.8999999999999773,18.6,13.1,1016.5333333333332,1021.7,3.0
2567,2567,2022-01-11,10.3,6.9,15.0,0.0,14.9,1022.8,11.0,11,0.9821256058680006,0.1882267098432442,8.399999999999977,13.2,18.6,1016.8999999999997,1013.5,8.1
2568,2568,2022-01-12,8.8,5.3,13.1,0.0,11.0,1029.4,13.6,12,0.9787400799669153,0.2051044998686192,6.600000000000136,14.9,13.2,1022.1999999999998,1014.4,7.8
2569,2569,2022-01-13,6.4,2.5,12.8,0.0,13.6,1034.3,15.2,13,0.9750645322571948,0.2219215130041655,4.899999999999864,11.0,14.9,1028.833333333333,1022.8,10.3
2570,2570,2022-01-14,6.3,2.0,14.1,0.0,15.2,1033.5,16.7,14,0.9711000518829505,0.2386727660059501,-0.7999999999999545,13.6,11.0,1032.3999999999999,1029.4,12.1
2571,2571,2022-01-15,6.4,1.3,13.7,0.0,16.7,1027.6,17.3,15,0.9668478136052775,0.255353295116187,-5.900000000000091,15.2,13.6,1031.8,1034.3,12.399999999999999
2572,2572,2022-01-16,6.2,1.7,14.3,0.0,17.3,1029.0,18.9,16,0.9623090774541486,0.2719581575341055,1.400000000000091,16.7,15.2,1030.033333333333,1033.5,12.600000000000001
2573,2573,2022-01-17,6.8,2.4,15.4,0.0,18.9,1031.6,16.5,17,0.9574851883550393,0.288482432880609,2.599999999999909,17.3,16.7,1029.3999999999996,1027.6,13.0
2574,2574,2022-01-18,7.1,3.0,13.2,0.0,16.5,1030.8,14.1,18,0.9523775757303974,0.30492122465628907,-0.7999999999999545,18.9,17.3,1030.4666666666665,1029.0,10.2
2575,2575,2022-01-19,6.8,3.2,13.4,0.0,14.1,1031.3,16.4,19,0.9469877530760753,0.3212696616923644,0.5,16.5,18.9,1031.2333333333333,1031.6,10.2
2576,2576,2022-01-20,7.3,3.1,13.7,0.0,16.4,1027.1,17.0,20,0.9413173175128471,0.3375228995941133,-4.2000000000000455,14.1,16.5,1029.733333333333,1030.8,10.6
2577,2577,2022-01-21,6.5,3.4,11.4,0.0,17.0,1025.7,17.4,21,0.9353679493131483,0.3536761221763716,-1.3999999999998636,16.4,14.1,1028.033333333333,1031.3,8.0
2578,2578,2022-01-22,5.9,2.1,12.5,0.0,17.4,1030.0,14.5,22,0.9291414114031743,0.3697245428906731,4.2999999999999545,17.0,16.4,1027.5999999999997,1027.1,10.4
2579,2579,2022-01-23,5.9,1.6,13.2,0.0,14.5,1029.3,14.1,23,0.9226395488404876,0.38566340624360707,-0.7000000000000455,17.4,17.0,1028.3333333333333,1025.7,11.6
2580,2580,2022-01-24,6.8,2.3,15.0,0.0,14.1,1030.0,13.8,24,0.9158642882672872,0.401487989205973,0.7000000000000455,14.5,17.4,1029.7666666666664,1030.0,12.7
2581,2581,2022-01-25,7.2,2.7,14.6,0.0,13.8,1032.8,14.1,25,0.9088176373395029,0.4171936026123168,2.7999999999999545,14.1,14.5,1030.6999999999998,1029.3,11.899999999999999
2582,2582,2022-01-26,7.8,3.4,14.3,0.0,14.1,1030.6,14.7,26,0.901501684131884,0.4327755925504312,-2.2000000000000455,13.8,14.1,1031.133333333333,1030.0,10.9
2583,2583,2022-01-27,8.4,4.3,15.7,0.0,14.7,1028.9,17.5,27,0.893918596519257,0.4482293417404106,-1.699999999999818,14.1,13.8,1030.7666666666667,1032.8,11.399999999999999
2584,2584,2022-01-28,9.3,3.8,17.0,0.0,17.5,1029.7,17.3,28,0.886070621534138,0.4635502709028509,0.7999999999999545,14.7,14.1,1029.7333333333333,1030.6,13.2
2585,2585,2022-01-29,9.4,5.4,16.9,0.0,17.3,1031.7,15.5,29,0.8779600847008882,0.47873384011578846,2.0,17.5,14.7,1030.1,1028.9,11.499999999999998
2586,2586,2022-01-30,9.9,4.8,16.7,0.0,15.5,1026.9,15.1,30,0.869589389346611,0.49377555015997715,-4.7999999999999545,17.3,17.5,1029.4333333333332,1029.7,11.899999999999999
2587,2587,2022-01-31,10.1,6.6,16.9,0.0,15.1,1020.9,12.6,31,0.8609610158889943,0.5086709438521044,-6.000000000000114,15.5,17.3,1026.4999999999998,1031.7,10.299999999999999
2588,2588,2022-02-01,9.8,5.1,15.6,0.0,12.6,1023.0,13.9,32,0.8520775211013093,0.5234156073655503,2.1000000000000227,15.1,15.5,1023.5999999999999,1026.9,10.5
2589,2589,2022-02-02,11.9,8.4,18.7,0.0,13.9,1023.7,15.3,33,0.8429415373547828,0.5380051715382996,0.7000000000000455,12.6,15.1,1022.5333333333332,1020.9,10.299999999999999
2590,2590,2022-02-03,10.3,6.0,16.3,0.0,15.3,1020.5,12.0,34,0.8335557718385699,0.5524353131676196,-3.2000000000000455,13.9,12.6,1022.3999999999997,1023.0,10.3
2591,2591,2022-02-04,10.9,7.3,15.3,0.0,12.0,1020.6,9.6,35,0.8239230057575542,0.5667017562911176,0.10000000000002274,15.3,13.9,1021.5999999999998,1023.7,8.0
2592,2592,2022-02-05,11.2,9.5,16.3,0.0,9.6,1024.2,15.9,36,0.8140460935082178,0.5808002734538009,3.6000000000000227,12.0,15.3,1021.7666666666665,1020.5,6.800000000000001
2593,2593,2022-02-06,10.7,7.4,16.0,0.0,15.9,1027.5,13.6,37,0.8039279618328213,0.5947266869607634,3.2999999999999545,9.6,12.0,1024.1,1020.6,8.6
2594,2594,2022-02-07,9.8,5.6,16.1,0.0,13.6,1026.6,14.0,38,0.7935716089521474,0.6084768701151261,-0.900000000000091,15.9,9.6,1026.1,1024.2,10.500000000000002
2595,2595,2022-02-08,10.6,6.8,16.0,0.0,14.0,1031.8,13.8,39,0.7829801036770629,0.6220467484408675,5.2000000000000455,13.6,15.9,1028.6333333333332,1027.5,9.2
2596,2596,2022-02-09,10.1,7.0,15.0,0.0,13.8,1032.0,13.0,40,0.7721565844991642,0.6354323008901774,0.20000000000004547,14.0,13.6,1030.1333333333332,1026.6,8.0
2597,2597,2022-02-10,9.0,4.9,15.1,0.0,13.0,1028.4,10.8,41,0.7611042586607747,0.6486295610349814,-3.599999999999909,13.8,14.0,1030.7333333333333,1031.8,10.2
2598,2598,2022-02-11,10.3,6.6,17.3,0.0,10.8,1026.2,8.5,42,0.7498264012045686,0.6616346182422783,-2.2000000000000455,13.0,13.8,1028.8666666666666,1032.0,10.700000000000001
2599,2599,2022-02-12,10.6,8.9,13.4,4.4,8.5,1026.1,17.2,43,0.7383263540031065,0.6744436188329455,-0.10000000000013642,10.8,13.0,1026.8999999999999,1028.4,4.5
2600,2600,2022-02-13,12.3,9.8,16.1,0.1,17.2,1021.6,17.8,44,0.7266075247685656,0.6870527672236669,-4.499999999999886,8.5,10.8,1024.633333333333,1026.2,6.300000000000001
2601,2601,2022-02-14,13.6,8.8,18.1,0.0,17.8,1014.0,13.2,45,0.7146733860429609,0.699458327051647,-7.600000000000023,17.2,8.5,1020.5666666666665,1026.1,9.3
2602,2602,2022-02-15,11.4,7.6,18.5,0.0,13.2,1021.3,10.8,46,0.7025274741691571,0.7116566222817746,7.2999999999999545,17.8,17.2,1018.9666666666666,1021.6,10.9
2603,2603,2022-02-16,11.3,8.2,15.9,0.0,10.8,1022.4,15.1,47,0.6901733882429719,0.7236440382959124,1.1000000000000227,13.2,17.8,1019.2333333333332,1014.0,7.700000000000001
2604,2604,2022-02-17,13.3,8.7,19.9,0.0,15.1,1022.2,15.9,48,0.6776147890466889,0.7354170229639855,-0.1999999999999318,10.8,13.2,1021.9666666666666,1021.3,11.2
2605,2605,2022-02-18,12.3,8.6,17.1,0.0,15.9,1017.7,10.0,49,0.6648553979642865,0.7469720876965552,-4.5,15.1,10.8,1020.7666666666664,1022.4,8.500000000000002
2606,2606,2022-02-19,11.4,7.1,13.6,0.1,10.0,1020.5,13.8,50,0.6518989958787126,0.7583058084785624,2.7999999999999545,15.9,15.1,1020.1333333333332,1022.2,6.5
2607,2607,2022-02-20,10.1,6.8,15.5,0.0,13.8,1026.6,13.9,51,0.6387494220515272,0.7694148268839378,6.099999999999909,10.0,15.9,1021.5999999999998,1017.7,8.7
2608,2608,2022-02-21,11.9,7.2,20.8,0.0,13.9,1022.7,15.1,52,0.6254105729852463,0.7802958510707755,-3.8999999999998636,13.8,10.0,1023.2666666666664,1020.5,13.600000000000001
2609,2609,2022-02-22,11.3,8.4,17.5,0.0,15.1,1026.4,16.4,53,0.6118864012687243,0.7909456567567772,3.7000000000000455,13.9,13.8,1025.2333333333333,1026.6,9.1
2610,2610,2022-02-23,11.0,7.0,16.6,0.0,16.4,1025.9,8.6,54,0.5981809144059165,0.8013610881746766,-0.5,15.1,13.9,1025.0,1022.7,9.600000000000001
2611,2611,2022-02-24,12.2,9.3,16.7,0.0,8.6,1022.3,12.9,55,0.5842981736283684,0.8115390590073611,-3.6000000000001364,16.4,15.1,1024.8666666666666,1026.4,7.399999999999999
2612,2612,2022-02-25,11.8,9.3,15.9,0.1,12.9,1024.9,13.6,56,0.5702422926917871,0.8214765533024142,2.6000000000001364,8.6,16.4,1024.3666666666666,1025.9,6.6
2613,2613,2022-02-26,11.1,8.3,13.2,0.0,13.6,1025.7,11.9,57,0.5560174366570446,0.8311706263658079,0.7999999999999545,12.9,8.6,1024.3,1022.3,4.899999999999999
2614,2614,2022-02-27,9.9,5.7,15.0,0.0,11.9,1024.4,13.8,58,0.5416278206559814,0.8406184056344782,-1.2999999999999545,13.6,12.9,1024.9999999999998,1024.9,9.3
2615,2615,2022-02-28,11.8,9.7,15.3,0.0,13.8,1026.9,12.3,59,0.5270777086423722,0.8498170915275278,2.5,11.9,13.6,1025.6666666666665,1025.7,5.600000000000001
2616,2616,2022-03-01,11.3,7.0,17.4,0.0,12.3,1026.1,12.0,60,0.5123714121284237,0.8587639582758029,-0.8000000000001819,13.8,11.9,1025.8,1024.4,10.399999999999999
2617,2617,2022-03-02,11.0,8.0,15.9,0.0,12.0,1022.1,14.2,61,0.49751328890718066,0.8674563547295969,-3.9999999999998863,12.3,13.8,1025.033333333333,1026.9,7.9
2618,2618,2022-03-03,12.3,8.8,17.2,0.0,14.2,1016.4,13.3,62,0.48250774176121847,0.8758917051442429,-5.7000000000000455,12.0,12.3,1021.5333333333332,1026.1,8.399999999999999
2619,2619,2022-03-04,12.0,8.5,17.3,0.0,13.3,1014.3,14.4,63,0.4673592171580022,0.8840675099433636,-2.1000000000000227,14.2,12.0,1017.5999999999998,1022.1,8.8
2620,2620,2022-03-05,12.6,10.3,16.8,12.2,14.4,1015.8,9.4,64,0.45207220393230435,0.8919813464595485,1.5,13.3,14.2,1015.4999999999999,1016.4,6.5
2621,2621,2022-03-06,10.4,9.3,13.3,0.2,9.4,1016.2,11.7,65,0.43665123195606403,0.8996308696522433,0.40000000000009095,14.4,13.3,1015.433333333333,1014.3,4.0
2622,2622,2022-03-07,10.8,7.9,14.0,0.0,11.7,1017.1,10.4,66,0.4211008707960896,0.9070138128026359,0.8999999999999773,9.4,14.4,1016.3666666666664,1015.8,6.1
2623,2623,2022-03-08,9.1,6.4,12.7,4.7,10.4,1018.6,12.0,67,0.40542572835999735,0.9141279881853337,1.5,11.7,9.4,1017.2999999999998,1016.2,6.299999999999999
2624,2624,2022-03-09,10.9,8.3,15.4,0.5,12.0,1022.6,13.7,68,0.38963044953078796,0.9209712877166346,4.0,10.4,11.7,1019.4333333333333,1017.1,7.1
2625,2625,2022-03-10,11.8,8.7,15.7,0.0,13.7,1022.5,7.8,69,0.37371971479046906,0.9275416835791966,-0.10000000000002274,12.0,10.4,1021.2333333333332,1018.6,7.0
2626,2626,2022-03-11,12.2,9.9,15.5,19.7,7.8,1017.7,14.3,70,0.35769823883312546,0.9338372288229252,-4.7999999999999545,13.7,12.0,1020.9333333333333,1022.6,5.6
2627,2627,2022-03-12,12.4,10.3,15.6,9.3,14.3,1013.0,12.2,71,0.3415707691678556,0.9398560579418954,-4.7000000000000455,7.8,13.7,1017.7333333333332,1022.5,5.299999999999999
2628,2628,2022-03-13,11.6,8.4,16.5,0.4,12.2,1014.9,40.9,72,0.3253420847119801,0.9455963874271426,1.8999999999999773,14.3,7.8,1015.1999999999998,1017.7,8.1
2629,2629,2022-03-14,13.2,11.8,15.0,0.1,40.9,1020.9,43.4,73,0.30901699437494745,0.9510565162951535,6.0,12.2,14.3,1016.2666666666664,1013.0,3.1999999999999993
2630,2630,2022-03-15,14.2,13.7,15.6,0.0,43.4,1023.8,40.6,74,0.29260033563334836,0.9562348265919056,2.8999999999999773,40.9,12.2,1019.8666666666664,1014.9,1.9000000000000004
2631,2631,2022-03-16,14.1,13.7,16.0,0.0,40.6,1019.5,34.5,75,0.27609697309746883,0.9611297838723007,-4.2999999999999545,43.4,40.9,1021.3999999999997,1020.9,2.3000000000000007
2632,2632,2022-03-17,14.6,13.6,17.0,0.2,34.5,1020.1,35.1,76,0.2595117970697999,0.9657399376548549,0.6000000000000227,40.6,43.4,1021.1333333333332,1023.8,3.4000000000000004
2633,2633,2022-03-18,14.8,13.1,16.9,1.3,35.1,1024.4,30.7,77,0.2428497220959356,0.9700639218515071,4.300000000000068,34.5,40.6,1021.3333333333334,1019.5,3.799999999999999
2634,2634,2022-03-19,12.6,10.0,14.0,0.2,30.7,1026.6,18.2,78,0.22611568550828828,0.9741004551724205,2.199999999999818,35.1,34.5,1023.6999999999998,1020.1,4.0
2635,2635,2022-03-20,12.8,9.7,15.8,0.2,18.2,1026.7,29.3,79,0.20931464596304847,0.9778483415056568,0.10000000000013642,30.7,35.1,1025.8999999999999,1024.4,6.100000000000001
2636,2636,2022-03-21,13.4,12.0,16.5,1.6,29.3,1028.2,29.4,80,0.19245158197082998,0.9813064702716093,1.5,18.2,30.7,1027.1666666666663,1026.6,4.5
2637,2637,2022-03-22,12.5,10.2,15.2,1.4,29.4,1029.1,23.3,81,0.1755314904214282,0.9844738167520922,0.8999999999998636,29.3,18.2,1028.0,1026.7,5.0
2638,2638,2022-03-23,11.2,8.4,14.8,3.7,23.3,1027.6,22.8,82,0.15855938510313475,0.9873494423939864,-1.5,29.4,29.3,1028.3,1028.2,6.4
2639,2639,2022-03-24,11.9,9.7,14.3,0.0,22.8,1025.6,30.4,83,0.141540295217043,0.989932495087353,-2.0,23.3,29.4,1027.4333333333332,1029.1,4.600000000000001
2640,2640,2022-03-25,13.4,11.8,17.1,0.0,30.4,1022.5,27.9,84,0.12447926388678915,0.9922222094179323,-3.099999999999909,22.8,23.3,1025.233333333333,1027.6,5.300000000000001
2641,2641,2022-03-26,12.9,11.4,14.1,2.3,27.9,1021.1,19.7,85,0.10738134666416309,0.994217906893952,-1.3999999999999773,30.4,22.8,1023.0666666666666,1025.6,2.6999999999999993
2642,2642,2022-03-27,14.3,10.8,20.3,0.0,19.7,1023.9,12.1,86,0.09025161003104117,0.995918996147179,2.7999999999999545,27.9,30.4,1022.4999999999999,1022.5,9.5
2643,2643,2022-03-28,13.2,8.9,19.1,0.0,12.1,1023.5,20.8,87,0.07309512989807777,0.9973249731081555,-0.39999999999997726,19.7,27.9,1022.8333333333331,1021.1,10.200000000000001
2644,2644,2022-03-29,13.1,10.4,15.7,0.9,20.8,1011.9,15.2,88,0.055916990100603484,0.9984354211555643,-11.600000000000023,12.1,19.7,1019.7666666666665,1023.9,5.299999999999999
2645,2645,2022-03-30,12.7,10.8,15.2,5.3,15.2,1002.4,13.4,89,0.03872228089217446,0.9992500112396835,-9.5,20.8,12.1,1012.5999999999998,1023.5,4.399999999999999
2646,2646,2022-03-31,12.9,9.6,16.8,0.0,13.4,999.9,21.6,90,0.021516097436222254,0.9997685019798909,-2.5,15.2,20.8,1004.7333333333331,1011.9,7.200000000000001
2647,2647,2022-04-01,10.7,6.0,15.8,0.0,21.6,1004.8,23.7,91,0.004303538296244289,0.9999907397361901,4.899999999999977,13.4,15.2,1002.3666666666664,1002.4,9.8
2648,2648,2022-04-02,9.7,4.7,17.2,0.0,23.7,1011.1,13.1,92,-0.01291029607500882,0.9999166586547379,6.300000000000068,21.6,13.4,1005.2666666666664,999.9,12.5
2649,2649,2022-04-03,7.0,5.6,9.0,0.7,13.1,1016.7,16.7,93,-0.030120304846908114,0.9995462806873573,5.600000000000023,23.7,21.6,1010.8666666666664,1004.8,3.4000000000000004
2650,2650,2022-04-04,8.2,3.6,12.7,0.0,16.7,1018.5,14.9,94,-0.04732138832243185,0.9988797155850336,1.7999999999999545,13.1,23.7,1015.4333333333333,1011.1,9.1
2651,2651,2022-04-05,9.9,5.1,15.1,0.0,14.9,1015.6,14.3,95,-0.06450844944931623,0.9979171608653922,-2.8999999999999773,16.7,13.1,1016.9333333333333,1016.7,10.0
2652,2652,2022-04-06,13.0,9.7,16.8,0.1,14.3,1011.8,21.3,96,-0.08167639533042241,0.9966589017541702,-3.800000000000068,14.9,16.7,1015.2999999999998,1018.5,7.100000000000001
2653,2653,2022-04-07,13.9,9.0,20.0,0.0,21.3,1013.9,20.5,97,-0.09882013873287143,0.9951053111006976,2.1000000000000227,14.3,14.9,1013.7666666666664,1015.6,11.0
2654,2654,2022-04-08,16.2,10.0,21.7,0.0,20.5,1011.9,18.1,98,-0.11593459959550041,0.9932568492674143,-2.0,21.3,14.3,1012.5333333333332,1011.8,11.7
2655,2655,2022-04-09,15.6,13.2,19.9,0.0,18.1,1014.3,11.5,99,-0.1330147065341959,0.9911140639934547,2.3999999999999773,20.5,21.3,1013.3666666666664,1013.9,6.699999999999999
2656,2656,2022-04-10,13.5,10.8,17.2,0.0,11.5,1019.9,21.2,100,-0.1500553983446526,0.9886775902323405,5.600000000000023,18.1,20.5,1015.3666666666664,1011.9,6.399999999999999
2657,2657,2022-04-11,13.3,9.4,17.5,0.0,21.2,1016.1,37.1,101,-0.16705162550211924,0.9859481499638304,-3.7999999999999545,11.5,18.1,1016.7666666666664,1014.3,8.1
2658,2658,2022-04-12,14.3,13.8,16.4,0.2,37.1,1012.4,32.7,102,-0.18399835165768005,0.9829265519799822,-3.7000000000000455,21.2,11.5,1016.1333333333332,1019.9,2.599999999999998
2659,2659,2022-04-13,13.7,12.8,14.6,5.1,32.7,1012.9,23.1,103,-0.20089055513063506,0.9796136916454901,0.5,37.1,21.2,1013.7999999999998,1016.1,1.799999999999999
2660,2660,2022-04-14,16.4,11.2,21.9,0.0,23.1,1016.5,11.9,104,-0.21772323039653177,0.9760105506323683,3.6000000000000227,32.7,37.1,1013.9333333333333,1012.4,10.7
2661,2661,2022-04-15,18.3,14.1,25.2,0.0,11.9,1019.4,15.3,105,-0.23449138957040985,0.9721181966290613,2.8999999999999773,23.1,32.7,1016.2666666666664,1012.9,11.1
2662,2662,2022-04-16,18.4,14.9,25.3,0.0,15.3,1017.2,14.0,106,-0.25119006388481935,0.9679377830240642,-2.199999999999932,11.9,23.1,1017.6999999999998,1016.5,10.4
2663,2663,2022-04-17,16.7,13.4,22.2,0.0,14.0,1017.0,10.5,107,-0.2678143051621742,0.9634705485641488,-0.20000000000004547,15.3,11.9,1017.8666666666664,1019.4,8.799999999999999
2664,2664,2022-04-18,15.0,11.8,19.2,0.0,10.5,1015.9,8.3,108,-0.2843591872810034,0.9587178169872964,-1.1000000000000227,14.0,15.3,1016.6999999999998,1017.2,7.399999999999999
2665,2665,2022-04-19,14.5,11.5,19.7,0.5,8.3,1012.1,33.4,109,-0.30081980763566735,0.9536809966304457,-3.7999999999999545,10.5,14.0,1014.9999999999999,1017.0,8.2
2666,2666,2022-04-20,15.0,13.6,16.7,18.4,33.4,1004.5,13.9,110,-0.3171912885891061,0.9483615800121715,-7.600000000000023,8.3,10.5,1010.8333333333331,1015.9,3.0999999999999996
2667,2667,2022-04-21,12.9,11.6,14.2,32.7,13.9,1003.5,13.1,111,-0.3334687789181868,0.9427611433904207,-1.0,33.4,8.3,1006.6999999999998,1012.1,2.5999999999999996
2668,2668,2022-04-22,14.3,10.2,18.1,0.0,13.1,1001.8,19.2,112,-0.3496474552512284,0.9368813462954315,-1.7000000000000455,13.9,33.4,1003.2666666666664,1004.5,7.900000000000002
2669,2669,2022-04-23,14.4,11.4,18.0,0.6,19.2,999.1,20.3,113,-0.36572252349726897,0.9307239310379795,-2.699999999999932,13.1,13.9,1001.4666666666666,1003.5,6.6
2670,2670,2022-04-24,15.8,12.2,22.6,0.0,20.3,1007.0,14.7,114,-0.3816892202666588,0.9242907221930933,7.899999999999977,19.2,13.1,1002.6333333333332,1001.8,10.400000000000002
2671,2671,2022-04-25,14.9,11.6,19.7,0.0,14.7,1013.2,11.9,115,-0.39754281428255595,0.9175836260593937,6.2000000000000455,20.3,19.2,1006.4333333333333,999.1,8.1
2672,2672,2022-04-26,15.1,10.3,20.4,0.0,11.9,1014.7,9.5,116,-0.4132786077829042,0.9106046300942162,1.5,14.7,20.3,1011.6333333333332,1007.0,10.099999999999998
2673,2673,2022-04-27,16.7,12.6,20.9,0.0,9.5,1016.5,13.5,117,-0.4288919379124835,0.9033558023246845,1.7999999999999545,11.9,14.7,1014.7999999999998,1013.2,8.299999999999999
2674,2674,2022-04-28,17.2,14.0,20.5,0.0,13.5,1019.9,14.2,118,-0.4443781781046132,0.895839290734909,3.3999999999999773,9.5,11.9,1017.0333333333332,1014.7,6.5
2675,2675,2022-04-29,17.8,14.1,23.5,0.0,14.2,1023.1,10.0,119,-0.45973273945210397,0.8880573226294932,3.2000000000000455,13.5,9.5,1019.8333333333331,1016.5,9.4
2676,2676,2022-04-30,17.7,15.1,20.9,0.2,10.0,1020.8,12.1,120,-0.47495107206704995,0.8800122039735357,-2.300000000000068,14.2,13.5,1021.2666666666665,1019.9,5.799999999999999
2677,2677,2022-05-01,17.2,14.6,21.7,0.0,12.1,1018.2,12.6,121,-0.4900286664290592,0.8717063187093218,-2.599999999999909,10.0,14.2,1020.6999999999998,1023.1,7.1
2678,2678,2022-05-02,17.3,15.8,20.7,0.0,12.6,1014.4,18.4,122,-0.5049610547215204,0.8631421280499114,-3.800000000000068,12.1,10.0,1017.7999999999998,1020.8,4.899999999999999
2679,2679,2022-05-03,16.9,15.1,18.8,0.5,18.4,1014.2,11.5,123,-0.5197438121555155,0.854322169749827,-0.1999999999999318,12.6,12.1,1015.5999999999998,1018.2,3.700000000000001
2680,2680,2022-05-04,16.0,13.0,19.0,0.0,11.5,1016.7,13.2,124,-0.5343725582809786,0.8452490573530633,2.5,18.4,12.6,1015.0999999999999,1014.4,6.0
2681,2681,2022-05-05,17.1,14.0,20.8,0.5,13.2,1018.3,14.2,125,-0.548842958284719,0.8359254794186372,1.599999999999909,11.5,18.4,1016.4,1014.2,6.800000000000001
2682,2682,2022-05-06,16.7,12.4,21.9,0.0,14.2,1019.0,13.5,126,-0.5631507242749186,0.8263541987239096,0.7000000000000455,13.2,11.5,1017.9999999999999,1016.7,9.499999999999998
2683,2683,2022-05-07,17.1,13.8,23.3,0.0,13.5,1019.1,10.3,127,-0.5772916165517272,0.8165380514459161,0.10000000000002274,14.2,13.2,1018.7999999999998,1018.3,9.5
2684,2684,2022-05-08,17.6,13.9,23.1,0.0,10.3,1019.4,11.5,128,-0.5912614448635781,0.8064799463209448,0.2999999999999545,13.5,14.2,1019.1666666666665,1019.0,9.200000000000001
2685,2685,2022-05-09,18.3,14.8,23.9,0.0,11.5,1022.2,16.0,129,-0.6050560696488488,0.7961828637826158,2.800000000000068,10.3,13.5,1020.2333333333332,1019.1,9.099999999999998
2686,2686,2022-05-10,18.2,14.5,22.7,0.0,16.0,1022.6,16.5,130,-0.6186714032625031,0.7856498550787147,0.39999999999997726,11.5,10.3,1021.4,1019.4,8.2
2687,2687,2022-05-11,18.0,14.7,21.9,0.0,16.5,1021.3,9.9,131,-0.6321034111873487,0.7748840413670407,-1.3000000000000682,16.0,11.5,1022.0333333333332,1022.2,7.199999999999999
2688,2688,2022-05-12,17.9,14.6,23.1,0.0,9.9,1022.0,12.4,132,-0.6453481132295501,0.7638886127905428,0.7000000000000455,16.5,16.0,1021.9666666666666,1022.6,8.500000000000002
2689,2689,2022-05-13,17.8,14.2,22.4,0.0,12.4,1021.4,11.1,133,-0.6584015846980488,0.7526668275320085,-0.6000000000000227,9.9,16.5,1021.5666666666666,1021.3,8.2
2690,2690,2022-05-14,19.2,15.9,24.4,0.0,11.1,1019.2,11.2,134,-0.6712599575675313,0.7412220108485958,-2.199999999999932,12.4,9.9,1020.8666666666664,1022.0,8.499999999999998
2691,2691,2022-05-15,20.1,16.9,25.1,0.0,11.2,1017.0,10.0,135,-0.6839194216246106,0.7295575540864875,-2.2000000000000455,11.1,12.4,1019.1999999999998,1021.4,8.200000000000003
2692,2692,2022-05-16,20.1,17.3,24.6,0.0,10.0,1018.6,11.7,136,-0.6963762255968722,0.717676913675962,1.6000000000000227,11.2,11.1,1018.2666666666665,1019.2,7.300000000000001
2693,2693,2022-05-17,20.4,16.9,24.5,0.0,11.7,1018.6,10.5,137,-0.7086266782644596,0.705583610107178,0.0,10.0,11.2,1018.0666666666666,1017.0,7.600000000000001
2694,2694,2022-05-18,21.9,18.6,27.8,0.0,10.5,1018.7,13.1,138,-0.7206671495538609,0.6932812268869777,0.10000000000002274,11.7,10.0,1018.6333333333332,1018.6,9.2
2695,2695,2022-05-19,21.9,20.0,24.9,0.0,13.1,1022.1,11.8,139,-0.7324940716135789,0.6807734094770161,3.3999999999999773,10.5,11.7,1019.7999999999998,1018.6,4.899999999999999
2696,2696,2022-05-20,21.9,18.6,26.0,0.0,11.8,1024.2,16.9,140,-0.7441039398713607,0.6680638642135335,2.1000000000000227,13.1,10.5,1021.6666666666666,1018.7,7.399999999999999
2697,2697,2022-05-21,22.8,18.8,28.2,0.0,16.9,1020.3,14.5,141,-0.7554933140726803,0.6551563572090853,-3.900000000000091,11.8,13.1,1022.1999999999998,1022.1,9.399999999999999
2698,2698,2022-05-22,22.4,18.8,27.4,0.0,14.5,1012.5,12.2,142,-0.766658819300159,0.6420547132365637,-7.7999999999999545,16.9,11.8,1019.0,1024.2,8.599999999999998
2699,2699,2022-05-23,21.8,19.2,25.1,0.0,12.2,1007.8,13.6,143,-0.7775971469736269,0.6287628145958344,-4.7000000000000455,14.5,16.9,1013.5333333333332,1020.3,5.900000000000002
2700,2700,2022-05-24,19.3,15.9,22.9,24.2,13.6,1010.1,10.7,144,-0.7883050558305255,0.6152845999633276,2.300000000000068,12.2,14.5,1010.1333333333332,1012.5,6.999999999999998
2701,2701,2022-05-25,17.8,14.4,22.8,0.0,10.7,1015.5,15.2,145,-0.7987793728863649,0.6016240632249226,5.399999999999977,13.6,12.2,1011.1333333333332,1007.8,8.4
2702,2702,2022-05-26,20.6,17.8,24.9,0.0,15.2,1020.3,17.1,146,-0.8090169943749473,0.5877852522924732,4.7999999999999545,10.7,13.6,1015.2999999999998,1010.1,7.099999999999998
2703,2703,2022-05-27,21.1,18.2,25.0,0.0,17.1,1018.1,17.0,147,-0.8190148866680801,0.5737722679043246,-2.199999999999932,15.2,10.7,1017.9666666666666,1015.5,6.800000000000001
2704,2704,2022-05-28,22.8,19.7,29.3,0.0,17.0,1012.5,12.9,148,-0.8287700871745038,0.5595892624101765,-5.600000000000023,17.1,15.2,1016.9666666666666,1020.3,9.600000000000001
2705,2705,2022-05-29,20.8,19.3,25.1,0.0,12.9,1007.6,14.8,149,-0.8382797052177744,0.545240438540651,-4.899999999999977,17.0,17.1,1012.7333333333331,1018.1,5.800000000000001
2706,2706,2022-05-30,20.1,18.4,23.5,0.0,14.8,1007.7,10.7,150,-0.8475409228928311,0.5307300481619334,0.10000000000002274,12.9,17.0,1009.2666666666665,1012.5,5.100000000000001
2707,2707,2022-05-31,20.5,17.8,24.4,0.0,10.7,1013.2,13.9,151,-0.8565509959010036,0.5160623910158528,5.5,14.8,12.9,1009.4999999999999,1007.6,6.599999999999998
2708,2708,2022-06-01,20.8,18.2,24.4,0.0,13.9,1014.8,16.4,152,-0.865307254363206,0.5012418134457758,1.599999999999909,10.7,14.8,1011.9,1007.7,6.199999999999999
2709,2709,2022-06-02,21.2,18.7,24.5,0.0,16.4,1013.7,12.8,153,-0.8738071036110808,0.48627270710868997,-1.099999999999909,13.9,10.7,1013.8999999999997,1013.2,5.800000000000001
2710,2710,2022-06-03,21.1,20.0,26.6,0.0,12.8,1013.3,11.6,154,-0.8820480249558537,0.4711595076738638,-0.40000000000009095,16.4,13.9,1013.9333333333333,1014.8,6.600000000000001
2711,2711,2022-06-04,21.9,20.0,27.4,0.0,11.6,1014.0,10.4,155,-0.8900275764346767,0.4559066935084588,0.7000000000000455,12.8,16.4,1013.6666666666665,1013.7,7.399999999999999
2712,2712,2022-06-05,23.1,20.1,27.5,0.0,10.4,1017.1,13.3,156,-0.8977433935342337,0.440518784350495,3.1000000000000227,11.6,12.8,1014.7999999999998,1013.3,7.399999999999999
2713,2713,2022-06-06,23.1,20.9,26.6,0.0,13.3,1018.6,12.1,157,-0.9051931898913974,0.42500033996955416,1.5,10.4,11.6,1016.5666666666665,1014.0,5.700000000000003
2714,2714,2022-06-07,22.9,20.4,27.1,0.0,12.1,1017.3,13.3,158,-0.9123747579707273,0.4093559588156213,-1.3000000000000682,13.3,10.4,1017.6666666666665,1017.1,6.700000000000003
2715,2715,2022-06-08,22.7,21.1,26.5,0.0,13.3,1013.8,13.9,159,-0.9192859697186104,0.39359027665646673,-3.5,12.1,13.3,1016.5666666666665,1018.6,5.399999999999999
2716,2716,2022-06-09,21.9,20.1,26.0,0.0,13.9,1016.8,16.5,160,-0.9259247771938498,0.3777079652039649,3.0,13.3,12.1,1015.9666666666666,1017.3,5.899999999999999
2717,2717,2022-06-10,22.3,19.1,26.1,0.0,16.5,1019.3,13.5,161,-0.9322892131745133,0.36171373072976765,2.5,13.9,13.3,1016.6333333333331,1013.8,7.0
2718,2718,2022-06-11,23.8,20.6,28.3,0.0,13.5,1020.2,16.1,162,-0.9383773917408641,0.3456123126707335,0.900000000000091,16.5,13.9,1018.7666666666665,1016.8,7.699999999999999
2719,2719,2022-06-12,24.4,21.9,28.9,0.0,16.1,1020.0,12.2,163,-0.9441875088341993,0.3294084822245304,-0.20000000000004547,13.5,16.5,1019.8333333333331,1019.3,7.0
2720,2720,2022-06-13,25.2,21.1,31.0,0.0,12.2,1017.9,11.3,164,-0.9497178427914316,0.3131070409358269,-2.1000000000000227,16.1,13.5,1019.3666666666664,1020.2,9.899999999999999
2721,2721,2022-06-14,24.5,21.6,29.0,0.5,11.3,1016.1,13.8,165,-0.9549667548552551,0.29671281927349075,-1.7999999999999545,12.2,16.1,1017.9999999999999,1020.0,7.399999999999999
2722,2722,2022-06-15,25.7,23.4,30.1,0.0,13.8,1016.4,11.0,166,-0.9599326896597447,0.28023067519921585,0.2999999999999545,11.3,12.2,1016.7999999999998,1017.9,6.700000000000003
2723,2723,2022-06-16,25.7,21.3,30.6,0.0,11.0,1017.9,8.9,167,-0.9646141756912435,0.26366549272800704,1.5,13.8,11.3,1016.7999999999998,1016.1,9.3
2724,2724,2022-06-17,28.2,24.0,32.9,0.0,8.9,1018.4,14.6,168,-0.9690098257244062,0.24702218048093552,0.5,11.0,13.8,1017.5666666666666,1016.4,8.899999999999999
2725,2725,2022-06-18,26.3,24.2,31.0,0.0,14.6,1016.5,21.7,169,-0.9731183372332619,0.23030567023061221,-1.8999999999999773,8.9,11.0,1017.5999999999998,1017.9,6.800000000000001
2726,2726,2022-06-19,25.6,24.0,28.8,0.0,21.7,1012.1,11.7,170,-0.9769384927771817,0.21352091543979612,-4.399999999999977,14.6,8.9,1015.6666666666665,1018.4,4.800000000000001
2727,2727,2022-06-20,25.2,23.6,29.0,0.0,11.7,1011.1,9.2,171,-0.980469160361632,0.19667288979357647,-1.0,21.7,14.6,1013.2333333333332,1016.5,5.399999999999999
2728,2728,2022-06-21,25.3,22.1,30.6,3.8,9.2,1010.5,15.3,172,-0.9837092937736097,0.1797665857255624,-0.6000000000000227,11.7,21.7,1011.2333333333332,1012.1,8.5
2729,2729,2022-06-22,24.1,21.5,28.2,0.2,15.3,1010.2,15.3,173,-0.986657932891657,0.16280701293851715,-0.2999999999999545,9.2,11.7,1010.5999999999999,1011.1,6.699999999999999
2730,2730,2022-06-23,24.9,22.2,27.8,0.0,15.3,1011.4,18.3,174,-0.9893142039703663,0.1457991969198751,1.1999999999999318,15.3,9.2,1010.6999999999998,1010.5,5.600000000000001
2731,2731,2022-06-24,24.6,21.0,30.1,0.0,18.3,1012.2,11.9,175,-0.99167731989929,0.12874817745258132,0.8000000000000682,15.3,15.3,1011.2666666666665,1010.2,9.100000000000001
2732,2732,2022-06-25,23.9,21.3,27.7,0.0,11.9,1012.2,16.1,176,-0.993746580436178,0.11165900712169512,0.0,18.3,15.3,1011.9333333333333,1011.4,6.399999999999999
2733,2733,2022-06-26,23.9,22.4,27.0,0.0,16.1,1010.5,12.8,177,-0.9955213724144752,0.09453674981719912,-1.7000000000000455,11.9,18.3,1011.6333333333332,1012.2,4.600000000000001
2734,2734,2022-06-27,24.2,22.9,28.3,0.6,12.8,1014.0,23.3,178,-0.9970011699250151,0.07738647923346301,3.5,16.1,11.9,1012.2333333333332,1012.2,5.400000000000002
2735,2735,2022-06-28,23.6,21.4,27.7,0.0,23.3,1015.9,13.5,179,-0.9981855344718586,0.06021327736579302,1.8999999999999773,12.8,16.1,1013.4666666666666,1010.5,6.300000000000001
2736,2736,2022-06-29,23.3,19.7,28.0,0.0,13.5,1014.4,13.8,180,-0.99907411510223,0.04302223300453059,-1.5,23.3,12.8,1014.7666666666664,1014.0,8.3
2737,2737,2022-06-30,23.8,21.3,28.3,0.0,13.8,1012.2,13.0,181,-0.9996666485105112,0.02581844022713308,-2.199999999999932,13.5,23.3,1014.1666666666665,1015.9,7.0
2738,2738,2022-07-01,23.2,21.2,26.2,0.0,13.0,1017.3,10.9,182,-0.9999629591162655,0.008606996888688698,5.099999999999909,13.8,13.5,1014.6333333333332,1014.4,5.0
2739,2739,2022-07-02,23.2,20.0,27.6,0.0,10.9,1019.2,11.8,183,-0.9999629591162655,-0.008606996888688009,1.900000000000091,13.0,13.8,1016.2333333333331,1012.2,7.600000000000001
2740,2740,2022-07-03,24.7,21.7,30.1,0.0,11.8,1017.7,10.9,184,-0.9996666485105112,-0.02581844022713239,-1.5,10.9,13.0,1018.0666666666666,1017.3,8.400000000000002
2741,2741,2022-07-04,25.8,22.5,31.9,0.0,10.9,1016.4,12.3,185,-0.99907411510223,-0.04302223300453034,-1.3000000000000682,11.8,10.9,1017.7666666666664,1019.2,9.399999999999999
2742,2742,2022-07-05,25.8,23.2,30.8,2.1,12.3,1018.5,15.7,186,-0.9981855344718586,-0.060213277365792774,2.1000000000000227,10.9,11.8,1017.5333333333332,1017.7,7.600000000000001
2743,2743,2022-07-06,24.7,22.8,29.0,0.5,15.7,1019.2,20.3,187,-0.9970011699250151,-0.07738647923346322,0.7000000000000455,12.3,10.9,1018.0333333333332,1016.4,6.199999999999999
2744,2744,2022-07-07,24.8,22.5,29.2,0.0,20.3,1020.3,15.6,188,-0.9955213724144752,-0.09453674981719933,1.099999999999909,15.7,12.3,1019.3333333333331,1018.5,6.699999999999999
2745,2745,2022-07-08,24.9,22.2,28.8,0.0,15.6,1021.3,12.1,189,-0.9937465804361781,-0.11165900712169444,1.0,20.3,15.7,1020.2666666666664,1019.2,6.600000000000001
2746,2746,2022-07-09,25.2,22.3,29.8,0.0,12.1,1021.2,11.4,190,-0.99167731989929,-0.12874817745258066,-0.09999999999990905,15.6,20.3,1020.933333333333,1020.3,7.5
2747,2747,2022-07-10,25.4,23.0,30.5,0.0,11.4,1017.6,12.6,191,-0.9893142039703664,-0.14579919691987442,-3.6000000000000227,12.1,15.6,1020.0333333333332,1021.3,7.5
2748,2748,2022-07-11,25.7,23.0,29.9,0.0,12.6,1016.1,9.6,192,-0.9866579328916572,-0.16280701293851646,-1.5,11.4,12.1,1018.2999999999998,1021.2,6.899999999999999
2749,2749,2022-07-12,26.0,22.6,30.7,0.0,9.6,1018.7,9.8,193,-0.9837092937736098,-0.17976658572556214,2.6000000000000227,12.6,11.4,1017.4666666666666,1017.6,8.099999999999998
2750,2750,2022-07-13,26.3,23.6,30.7,0.0,9.8,1019.9,11.6,194,-0.9804691603616321,-0.19667288979357622,1.1999999999999318,9.6,12.6,1018.2333333333332,1016.1,7.099999999999998
2751,2751,2022-07-14,25.9,22.9,30.4,0.0,11.6,1019.3,11.7,195,-0.9769384927771817,-0.2135209154397959,-0.6000000000000227,9.8,9.6,1019.2999999999998,1018.7,7.5
2752,2752,2022-07-15,27.4,23.6,33.3,0.0,11.7,1016.0,12.1,196,-0.973118337233262,-0.23030567023061196,-3.2999999999999545,11.6,9.8,1018.3999999999997,1019.9,9.699999999999996
2753,2753,2022-07-16,28.1,25.1,32.4,0.0,12.1,1016.2,12.3,197,-0.9690098257244063,-0.24702218048093527,0.20000000000004547,11.7,11.6,1017.1666666666665,1019.3,7.299999999999997
2754,2754,2022-07-17,27.2,24.3,31.9,0.0,12.3,1018.0,11.5,198,-0.9646141756912435,-0.2636654927280072,1.7999999999999545,12.1,11.7,1016.7333333333332,1016.0,7.599999999999998
2755,2755,2022-07-18,25.8,23.3,30.0,0.0,11.5,1018.4,8.8,199,-0.9599326896597445,-0.2802306751992161,0.39999999999997726,12.3,12.1,1017.5333333333332,1016.2,6.699999999999999
2756,2756,2022-07-19,26.3,23.4,30.7,0.0,8.8,1016.8,14.8,200,-0.9549667548552553,-0.2967128192734901,-1.6000000000000227,11.5,12.3,1017.7333333333331,1018.0,7.300000000000001
2757,2757,2022-07-20,26.7,24.0,31.0,0.0,14.8,1018.1,15.9,201,-0.9497178427914317,-0.3131070409358267,1.3000000000000682,8.8,11.5,1017.7666666666664,1018.4,7.0
2758,2758,2022-07-21,26.7,24.2,31.6,0.0,15.9,1018.9,16.4,202,-0.9441875088341994,-0.3294084822245302,0.7999999999999545,14.8,8.8,1017.933333333333,1016.8,7.400000000000002
2759,2759,2022-07-22,27.1,23.6,31.9,0.0,16.4,1016.3,12.8,203,-0.9383773917408642,-0.3456123126707333,-2.6000000000000227,15.9,14.8,1017.7666666666664,1018.1,8.299999999999997
2760,2760,2022-07-23,26.9,24.3,30.6,0.0,12.8,1017.7,14.9,204,-0.9322892131745134,-0.3617137307297674,1.400000000000091,16.4,15.9,1017.6333333333332,1018.9,6.300000000000001
2761,2761,2022-07-24,27.4,24.8,31.6,0.0,14.9,1016.8,16.3,205,-0.9259247771938499,-0.37770796520396466,-0.900000000000091,12.8,16.4,1016.933333333333,1016.3,6.800000000000001
2762,2762,2022-07-25,26.8,24.5,31.1,0.0,16.3,1015.1,14.2,206,-0.9192859697186105,-0.39359027665646645,-1.6999999999999318,14.9,12.8,1016.5333333333332,1017.7,6.600000000000001
2763,2763,2022-07-26,26.8,25.0,31.0,0.7,14.2,1014.9,13.7,207,-0.9123747579707274,-0.4093559588156211,-0.20000000000004547,16.3,14.9,1015.5999999999998,1016.8,6.0
2764,2764,2022-07-27,26.1,23.2,30.1,0.4,13.7,1013.5,10.5,208,-0.9051931898913975,-0.42500033996955394,-1.3999999999999773,14.2,16.3,1014.4999999999999,1015.1,6.900000000000002
2765,2765,2022-07-28,26.8,24.4,31.3,0.0,10.5,1012.8,16.2,209,-0.8977433935342336,-0.4405187843504952,-0.7000000000000455,13.7,14.2,1013.7333333333332,1014.9,6.900000000000002
2766,2766,2022-07-29,26.3,24.5,31.0,0.0,16.2,1015.1,12.5,210,-0.8900275764346766,-0.455906693508459,2.300000000000068,10.5,13.7,1013.7999999999998,1013.5,6.5
2767,2767,2022-07-30,26.7,24.6,31.0,0.0,12.5,1018.3,12.2,211,-0.8820480249558535,-0.47115950767386394,3.199999999999932,16.2,10.5,1015.3999999999997,1012.8,6.399999999999999
2768,2768,2022-07-31,27.6,24.4,32.2,0.0,12.2,1017.8,14.8,212,-0.8738071036110807,-0.4862727071086902,-0.5,12.5,16.2,1017.0666666666665,1015.1,7.800000000000004
2769,2769,2022-08-01,27.7,24.8,33.3,0.0,14.8,1016.1,13.4,213,-0.8653072543632061,-0.5012418134457756,-1.6999999999999318,12.2,12.5,1017.4,1018.3,8.499999999999996
2770,2770,2022-08-02,28.4,26.7,32.5,0.0,13.4,1015.3,14.0,214,-0.8565509959010037,-0.5160623910158526,-0.8000000000000682,14.8,12.2,1016.3999999999997,1017.8,5.800000000000001
2771,2771,2022-08-03,27.9,25.2,32.3,0.0,14.0,1014.0,13.5,215,-0.8475409228928312,-0.5307300481619331,-1.2999999999999545,13.4,14.8,1015.1333333333332,1016.1,7.099999999999998
2772,2772,2022-08-04,27.9,25.6,31.9,0.0,13.5,1014.3,15.7,216,-0.8382797052177745,-0.5452404385406507,0.2999999999999545,14.0,13.4,1014.5333333333332,1015.3,6.299999999999997
2773,2773,2022-08-05,26.3,22.2,32.3,13.5,15.7,1015.2,17.5,217,-0.828770087174504,-0.5595892624101763,0.900000000000091,13.5,14.0,1014.4999999999999,1014.0,10.099999999999998
2774,2774,2022-08-06,26.9,22.7,33.6,0.0,17.5,1016.0,12.7,218,-0.8190148866680802,-0.5737722679043243,0.7999999999999545,15.7,13.5,1015.1666666666665,1014.3,10.900000000000002
2775,2775,2022-08-07,27.3,24.4,31.7,0.0,12.7,1015.0,13.7,219,-0.8090169943749472,-0.5877852522924734,-1.0,17.5,15.7,1015.4,1015.2,7.300000000000001
2776,2776,2022-08-08,26.7,22.5,31.8,0.0,13.7,1015.7,12.3,220,-0.7987793728863648,-0.6016240632249227,0.7000000000000455,12.7,17.5,1015.5666666666666,1016.0,9.3
2777,2777,2022-08-09,27.6,24.2,32.1,0.0,12.3,1017.1,15.7,221,-0.7883050558305253,-0.6152845999633277,1.3999999999999773,13.7,12.7,1015.9333333333333,1015.0,7.900000000000002
2778,2778,2022-08-10,27.3,24.0,32.5,0.0,15.7,1016.0,12.7,222,-0.7775971469736268,-0.6287628145958345,-1.1000000000000227,12.3,13.7,1016.2666666666665,1015.7,8.5
2779,2779,2022-08-11,27.3,23.9,32.2,0.0,12.7,1015.3,21.0,223,-0.7666588193001592,-0.6420547132365636,-0.7000000000000455,15.7,12.3,1016.1333333333332,1017.1,8.300000000000004
2780,2780,2022-08-12,27.9,24.5,32.6,0.0,21.0,1012.7,12.4,224,-0.7554933140726804,-0.655156357209085,-2.599999999999909,12.7,15.7,1014.6666666666665,1016.0,8.100000000000001
2781,2781,2022-08-13,28.1,25.3,33.7,0.0,12.4,1010.7,17.1,225,-0.7441039398713608,-0.6680638642135333,-2.0,21.0,12.7,1012.9,1015.3,8.400000000000002
2782,2782,2022-08-14,28.4,25.9,34.6,2.7,17.1,1007.9,16.3,226,-0.7324940716135792,-0.6807734094770159,-2.800000000000068,12.4,21.0,1010.433333333333,1012.7,8.700000000000003
2783,2783,2022-08-15,26.8,24.2,30.4,0.0,16.3,1007.9,10.4,227,-0.7206671495538615,-0.6932812268869771,0.0,17.1,12.4,1008.8333333333331,1010.7,6.199999999999999
2784,2784,2022-08-16,26.6,23.8,31.2,0.0,10.4,1008.0,15.6,228,-0.70862667826446,-0.7055836101071774,0.10000000000002274,16.3,17.1,1007.933333333333,1007.9,7.399999999999999
2785,2785,2022-08-17,25.4,18.3,31.2,45.9,15.6,1007.8,13.0,229,-0.6963762255968726,-0.7176769136759615,-0.20000000000004547,10.4,16.3,1007.8999999999997,1007.9,12.899999999999999
2786,2786,2022-08-18,21.4,19.4,27.5,2.8,13.0,1012.5,14.2,230,-0.6839194216246105,-0.7295575540864876,4.7000000000000455,15.6,10.4,1009.433333333333,1008.0,8.100000000000001
2787,2787,2022-08-19,23.2,18.2,29.5,0.0,14.2,1017.3,19.8,231,-0.6712599575675315,-0.7412220108485957,4.7999999999999545,13.0,15.6,1012.5333333333332,1007.8,11.3
2788,2788,2022-08-20,24.7,20.6,30.1,0.0,19.8,1017.7,13.4,232,-0.6584015846980489,-0.7526668275320083,0.40000000000009095,14.2,13.0,1015.8333333333331,1012.5,9.5
2789,2789,2022-08-21,25.3,23.2,30.7,3.4,13.4,1014.9,12.2,233,-0.64534811322955,-0.7638886127905429,-2.800000000000068,19.8,14.2,1016.6333333333332,1017.3,7.5
2790,2790,2022-08-22,25.2,23.5,29.2,0.0,12.2,1013.3,14.7,234,-0.6321034111873488,-0.7748840413670406,-1.6000000000000227,13.4,19.8,1015.2999999999998,1017.7,5.699999999999999
2791,2791,2022-08-23,25.8,23.0,30.3,0.0,14.7,1013.9,12.7,235,-0.6186714032625032,-0.7856498550787144,0.6000000000000227,12.2,13.4,1014.0333333333332,1014.9,7.300000000000001
2792,2792,2022-08-24,26.7,24.3,31.0,0.0,12.7,1014.3,13.2,236,-0.6050560696488494,-0.7961828637826154,0.39999999999997726,14.7,12.2,1013.8333333333331,1013.3,6.699999999999999
2793,2793,2022-08-25,26.6,22.2,30.8,0.6,13.2,1014.6,18.2,237,-0.5912614448635782,-0.8064799463209447,0.3000000000000682,12.7,14.7,1014.2666666666664,1013.9,8.600000000000001
2794,2794,2022-08-26,25.6,22.0,31.3,0.0,18.2,1013.6,12.6,238,-0.5772916165517278,-0.8165380514459157,-1.0,13.2,12.7,1014.1666666666665,1014.3,9.3
2795,2795,2022-08-27,26.2,23.6,31.3,0.0,12.6,1011.9,17.4,239,-0.5631507242749187,-0.8263541987239094,-1.7000000000000455,18.2,13.2,1013.3666666666664,1014.6,7.699999999999999
2796,2796,2022-08-28,26.0,22.6,31.1,0.0,17.4,1013.3,13.6,240,-0.5488429582847199,-0.8359254794186365,1.3999999999999773,12.6,18.2,1012.933333333333,1013.6,8.5
2797,2797,2022-08-29,25.9,22.9,30.7,0.0,13.6,1015.9,18.0,241,-0.5343725582809785,-0.8452490573530634,2.6000000000000227,17.4,12.6,1013.6999999999998,1011.9,7.800000000000001
2798,2798,2022-08-30,26.6,23.4,31.2,1.8,18.0,1015.8,12.8,242,-0.5197438121555157,-0.8543221697498269,-0.10000000000002274,13.6,17.4,1014.9999999999999,1013.3,7.800000000000001
2799,2799,2022-08-31,24.5,18.8,30.5,11.6,12.8,1015.4,14.9,243,-0.5049610547215202,-0.8631421280499115,-0.39999999999997726,18.0,13.6,1015.6999999999998,1015.9,11.7
2800,2800,2022-09-01,23.9,19.4,30.2,0.0,14.9,1014.1,14.7,244,-0.4900286664290594,-0.8717063187093217,-1.2999999999999545,12.8,18.0,1015.0999999999998,1015.8,10.8
2801,2801,2022-09-02,25.4,23.1,30.9,0.0,14.7,1011.5,17.8,245,-0.4749510720670502,-0.8800122039735356,-2.6000000000000227,14.9,12.8,1013.6666666666665,1015.4,7.799999999999997
2802,2802,2022-09-03,24.9,22.7,29.3,0.0,17.8,1012.1,13.8,246,-0.4597327394521046,-0.888057322629493,0.6000000000000227,14.7,14.9,1012.5666666666666,1014.1,6.600000000000001
2803,2803,2022-09-04,25.6,23.1,29.5,0.0,13.8,1015.8,14.5,247,-0.4443781781046134,-0.8958392907349089,3.699999999999932,17.8,14.7,1013.1333333333332,1011.5,6.399999999999999
2804,2804,2022-09-05,26.2,23.8,30.4,0.0,14.5,1017.9,15.7,248,-0.4288919379124841,-0.9033558023246842,2.1000000000000227,13.8,17.8,1015.2666666666665,1012.1,6.599999999999998
2805,2805,2022-09-06,26.2,23.1,30.8,0.0,15.7,1015.7,11.3,249,-0.41327860778290443,-0.9106046300942162,-2.199999999999932,14.5,13.8,1016.4666666666666,1015.8,7.699999999999999
2806,2806,2022-09-07,25.2,21.8,30.5,0.0,11.3,1013.3,12.4,250,-0.3975428142825566,-0.9175836260593934,-2.400000000000091,15.7,14.5,1015.6333333333332,1017.9,8.7
2807,2807,2022-09-08,25.5,23.6,29.3,0.0,12.4,1013.9,17.4,251,-0.3816892202666586,-0.9242907221930934,0.6000000000000227,11.3,15.7,1014.2999999999998,1015.7,5.699999999999999
2808,2808,2022-09-09,24.7,22.2,29.7,0.0,17.4,1016.3,12.5,252,-0.3657225234972692,-0.9307239310379793,2.3999999999999773,12.4,11.3,1014.4999999999999,1013.3,7.5
2809,2809,2022-09-10,24.7,21.0,29.4,0.0,12.5,1018.6,11.8,253,-0.34964745525122826,-0.9368813462954315,2.300000000000068,17.4,12.4,1016.2666666666664,1013.9,8.399999999999999
2810,2810,2022-09-11,25.6,24.4,29.1,0.0,11.8,1016.1,11.1,254,-0.33346877891818705,-0.9427611433904206,-2.5,12.5,17.4,1016.9999999999999,1016.3,4.700000000000003
2811,2811,2022-09-12,25.9,23.2,30.8,0.0,11.1,1013.1,15.2,255,-0.31719128858910595,-0.9483615800121716,-3.0,11.8,12.5,1015.9333333333333,1018.6,7.600000000000001
2812,2812,2022-09-13,26.8,25.0,32.8,0.7,15.2,1011.1,17.3,256,-0.300819807635668,-0.9536809966304455,-2.0,11.1,11.8,1013.4333333333333,1016.1,7.799999999999997
2813,2813,2022-09-14,23.9,20.8,28.1,0.1,17.3,1009.1,13.3,257,-0.2843591872810036,-0.9587178169872964,-2.0,15.2,11.1,1011.0999999999999,1013.1,7.300000000000001
2814,2814,2022-09-15,24.8,20.8,29.9,0.0,13.3,1010.9,13.1,258,-0.26781430516217486,-0.9634705485641486,1.7999999999999545,17.3,15.2,1010.3666666666664,1011.1,9.099999999999998
2815,2815,2022-09-16,24.0,21.7,28.5,0.0,13.1,1011.7,15.1,259,-0.25119006388481957,-0.9679377830240642,0.8000000000000682,13.3,17.3,1010.5666666666666,1009.1,6.800000000000001
2816,2816,2022-09-17,22.7,20.1,26.4,0.0,15.1,1013.5,11.4,260,-0.23449138957041052,-0.9721181966290612,1.7999999999999545,13.1,13.3,1012.0333333333332,1010.9,6.299999999999997
2817,2817,2022-09-18,21.9,18.6,25.5,0.0,11.4,1016.6,11.2,261,-0.21772323039653224,-0.9760105506323682,3.1000000000000227,15.1,13.1,1013.9333333333333,1011.7,6.899999999999999
2818,2818,2022-09-19,22.2,18.8,26.6,0.0,11.2,1015.9,11.3,262,-0.20089055513063528,-0.9796136916454901,-0.7000000000000455,11.4,15.1,1015.3333333333331,1013.5,7.800000000000001
2819,2819,2022-09-20,22.6,20.7,26.2,0.0,11.3,1017.3,15.9,263,-0.18399835165767986,-0.9829265519799822,1.3999999999999773,11.2,11.4,1016.5999999999998,1016.6,5.5
2820,2820,2022-09-21,21.8,19.5,26.0,0.0,15.9,1017.8,17.5,264,-0.1670516255021195,-0.9859481499638303,0.5,11.3,11.2,1016.9999999999999,1015.9,6.5
2821,2821,2022-09-22,22.1,20.1,25.8,0.0,17.5,1018.3,14.4,265,-0.15005539834465262,-0.9886775902323404,0.5,15.9,11.3,1017.7999999999998,1017.3,5.699999999999999
2822,2822,2022-09-23,21.7,17.0,27.0,13.7,14.4,1017.5,18.2,266,-0.13301470653419636,-0.9911140639934546,-0.7999999999999545,17.5,15.9,1017.8666666666664,1017.8,10.0
2823,2823,2022-09-24,19.8,16.7,23.3,0.6,18.2,1012.9,14.2,267,-0.11593459959550066,-0.9932568492674143,-4.600000000000023,14.4,17.5,1016.2333333333331,1018.3,6.600000000000001
2824,2824,2022-09-25,19.1,16.4,23.7,0.0,14.2,1012.9,16.5,268,-0.09882013873287211,-0.9951053111006974,0.0,18.2,14.4,1014.433333333333,1017.5,7.300000000000001
2825,2825,2022-09-26,19.7,15.0,25.6,0.0,16.5,1012.0,12.3,269,-0.08167639533042288,-0.99665890175417,-0.8999999999999773,14.2,18.2,1012.5999999999998,1012.9,10.600000000000001
2826,2826,2022-09-27,19.6,15.3,24.7,0.0,12.3,1010.5,16.0,270,-0.06450844944931625,-0.9979171608653922,-1.5,16.5,14.2,1011.7999999999998,1012.9,9.399999999999999
2827,2827,2022-09-28,20.8,16.8,27.0,0.0,16.0,1008.0,15.6,271,-0.04732138832243232,-0.9988797155850335,-2.5,12.3,16.5,1010.1666666666665,1012.0,10.2
2828,2828,2022-09-29,19.7,16.3,24.6,0.0,15.6,1003.4,16.4,272,-0.03012030484690836,-0.9995462806873573,-4.600000000000023,16.0,12.3,1007.2999999999998,1010.5,8.3
2829,2829,2022-09-30,17.9,14.5,23.2,0.0,16.4,1010.0,19.9,273,-0.012910296075008843,-0.9999166586547379,6.600000000000023,15.6,16.0,1007.1333333333332,1008.0,8.7
2830,2830,2022-10-01,18.2,12.7,24.2,0.0,19.9,1022.7,20.6,274,0.004303538296243821,-0.9999907397361901,12.700000000000045,16.4,15.6,1012.0333333333332,1003.4,11.5
2831,2831,2022-10-02,20.4,15.7,26.2,0.0,20.6,1025.3,10.8,275,0.021516097436222233,-0.9997685019798909,2.599999999999909,19.9,16.4,1019.3333333333331,1010.0,10.5
2832,2832,2022-10-03,20.2,16.6,25.5,0.0,10.8,1021.5,11.0,276,0.03872228089217399,-0.9992500112396835,-3.7999999999999545,20.6,19.9,1023.1666666666665,1022.7,8.899999999999999
2833,2833,2022-10-04,20.4,17.8,25.7,0.0,11.0,1020.9,13.7,277,0.05591699010060302,-0.9984354211555643,-0.6000000000000227,10.8,20.6,1022.5666666666666,1025.3,7.899999999999999
2834,2834,2022-10-05,19.9,16.4,24.9,0.0,13.7,1024.0,20.4,278,0.07309512989807776,-0.9973249731081555,3.1000000000000227,11.0,10.8,1022.1333333333332,1021.5,8.5
2835,2835,2022-10-06,20.7,18.1,25.0,0.7,20.4,1026.5,14.8,279,0.0902516100310407,-0.9959189961471792,2.5,13.7,11.0,1023.7999999999998,1020.9,6.899999999999999
2836,2836,2022-10-07,18.5,17.1,20.8,35.2,14.8,1022.4,16.9,280,0.10738134666416306,-0.994217906893952,-4.100000000000023,20.4,13.7,1024.3,1024.0,3.6999999999999993
2837,2837,2022-10-08,19.7,18.0,23.0,0.0,16.9,1019.2,9.6,281,0.12447926388678869,-0.9922222094179324,-3.199999999999932,14.8,20.4,1022.6999999999998,1026.5,5.0
2838,2838,2022-10-09,19.3,17.1,23.3,0.4,9.6,1017.8,11.0,282,0.141540295217043,-0.989932495087353,-1.400000000000091,16.9,14.8,1019.7999999999998,1022.4,6.199999999999999
2839,2839,2022-10-10,20.2,18.3,23.5,0.0,11.0,1018.0,17.5,283,0.15855938510313475,-0.9873494423939864,0.20000000000004547,9.6,16.9,1018.3333333333331,1019.2,5.199999999999999
2840,2840,2022-10-11,19.4,17.5,23.2,0.0,17.5,1019.5,13.4,284,0.17553149042142777,-0.9844738167520923,1.5,11.0,9.6,1018.4333333333333,1017.8,5.699999999999999
2841,2841,2022-10-12,19.8,16.8,24.6,0.0,13.4,1020.5,17.3,285,0.19245158197082995,-0.9813064702716093,1.0,17.5,11.0,1019.3333333333331,1018.0,7.800000000000001
2842,2842,2022-10-13,20.3,17.5,25.3,0.0,17.3,1021.9,11.0,286,0.20931464596304888,-0.9778483415056567,1.3999999999999773,13.4,17.5,1020.6333333333332,1019.5,7.800000000000001
2843,2843,2022-10-14,20.1,16.8,25.5,0.0,11.0,1020.1,12.5,287,0.22611568550828803,-0.9741004551724206,-1.7999999999999545,17.3,13.4,1020.8333333333331,1020.5,8.7
2844,2844,2022-10-15,20.3,17.0,25.7,0.0,12.5,1016.5,10.1,288,0.2428497220959358,-0.970063921851507,-3.6000000000000227,11.0,17.3,1019.4999999999999,1021.9,8.7
2845,2845,2022-10-16,21.2,18.4,26.2,0.0,10.1,1018.0,13.8,289,0.25951179706979943,-0.965739937654855,1.5,12.5,11.0,1018.1999999999998,1020.1,7.800000000000001
2846,2846,2022-10-17,22.3,20.4,25.7,0.0,13.8,1023.7,10.7,290,0.27609697309746883,-0.9611297838723007,5.7000000000000455,10.1,12.5,1019.4,1016.5,5.300000000000001
2847,2847,2022-10-18,21.2,19.1,25.7,0.0,10.7,1025.6,11.3,291,0.2926003356333479,-0.9562348265919058,1.8999999999998636,13.8,10.1,1022.4333333333333,1018.0,6.599999999999998
2848,2848,2022-10-19,21.3,19.5,26.0,0.0,11.3,1020.7,7.4,292,0.30901699437494723,-0.9510565162951536,-4.899999999999864,10.7,13.8,1023.3333333333334,1023.7,6.5
2849,2849,2022-10-20,21.6,19.6,25.1,0.0,7.4,1016.9,14.5,293,0.3253420847119795,-0.9455963874271428,-3.800000000000068,11.3,10.7,1021.0666666666665,1025.6,5.5
2850,2850,2022-10-21,21.9,19.7,26.2,0.0,14.5,1014.4,8.2,294,0.341570769167856,-0.9398560579418953,-2.5,7.4,11.3,1017.3333333333331,1020.7,6.5
2851,2851,2022-10-22,20.7,18.1,26.6,0.0,8.2,1016.2,11.0,295,0.35769823883312546,-0.9338372288229252,1.8000000000000682,14.5,7.4,1015.8333333333331,1016.9,8.5
2852,2852,2022-10-23,21.1,18.7,26.2,0.0,11.0,1016.1,13.5,296,0.3737197147904692,-0.9275416835791965,-0.10000000000002274,8.2,14.5,1015.5666666666665,1014.4,7.5
2853,2853,2022-10-24,21.2,18.7,27.0,0.0,13.5,1016.8,11.6,297,0.38963044953078774,-0.9209712877166347,0.6999999999999318,11.0,8.2,1016.3666666666664,1016.2,8.3
2854,2854,2022-10-25,20.7,17.9,26.8,0.0,11.6,1017.8,8.1,298,0.4054257283599973,-0.9141279881853337,1.0,13.5,11.0,1016.8999999999997,1016.1,8.900000000000002
2855,2855,2022-10-26,20.9,18.0,26.3,0.0,8.1,1019.3,15.7,299,0.42110087079608916,-0.9070138128026362,1.5,11.6,13.5,1017.9666666666666,1016.8,8.3
2856,2856,2022-10-27,19.2,16.8,22.7,0.0,15.7,1024.2,11.6,300,0.4366512319560638,-0.8996308696522434,4.900000000000091,8.1,11.6,1020.433333333333,1017.8,5.899999999999999
2857,2857,2022-10-28,18.3,15.9,22.9,0.0,11.6,1025.8,12.2,301,0.45207220393230374,-0.8919813464595487,1.599999999999909,15.7,8.1,1023.0999999999998,1019.3,6.999999999999998
2858,2858,2022-10-29,17.4,14.5,22.1,0.0,12.2,1023.7,11.6,302,0.46735921715800205,-0.8840675099433637,-2.099999999999909,11.6,15.7,1024.5666666666664,1024.2,7.600000000000001
2859,2859,2022-10-30,18.2,15.6,23.9,0.0,11.6,1021.1,10.8,303,0.48250774176121763,-0.8758917051442433,-2.6000000000000227,12.2,11.6,1023.5333333333332,1025.8,8.299999999999999
2860,2860,2022-10-31,19.6,16.6,23.9,0.0,10.8,1020.1,12.5,304,0.4975132889071803,-0.8674563547295971,-1.0,11.6,12.2,1021.6333333333332,1023.7,7.299999999999997
2861,2861,2022-11-01,19.5,17.3,24.9,0.0,12.5,1021.9,11.7,305,0.5123714121284235,-0.858763958275803,1.7999999999999545,10.8,11.6,1021.0333333333332,1021.1,7.599999999999998
2862,2862,2022-11-02,18.2,16.1,22.6,0.0,11.7,1023.9,15.6,306,0.5270777086423724,-0.8498170915275277,2.0,12.5,10.8,1021.9666666666666,1020.1,6.5
2863,2863,2022-11-03,18.7,15.8,24.0,0.1,15.6,1016.3,20.5,307,0.5416278206559811,-0.8406184056344783,-7.600000000000023,11.7,12.5,1020.6999999999998,1021.9,8.2
2864,2864,2022-11-04,16.8,12.8,21.9,0.0,20.5,1014.0,13.2,308,0.5560174366570446,-0.8311706263658079,-2.2999999999999545,15.6,11.7,1018.0666666666665,1023.9,9.099999999999998
2865,2865,2022-11-05,14.8,12.1,20.6,0.0,13.2,1018.5,17.3,309,0.5702422926917867,-0.8214765533024145,4.5,20.5,15.6,1016.2666666666664,1016.3,8.500000000000002
2866,2866,2022-11-06,14.4,9.3,21.1,0.0,17.3,1017.6,14.3,310,0.5842981736283683,-0.8115390590073611,-0.8999999999999773,13.2,20.5,1016.6999999999998,1014.0,11.8
2867,2867,2022-11-07,15.2,10.8,21.4,0.0,14.3,1019.8,12.6,311,0.5981809144059158,-0.801361088174677,2.199999999999932,17.3,13.2,1018.6333333333332,1018.5,10.599999999999998
2868,2868,2022-11-08,16.2,12.5,23.1,0.0,12.6,1016.4,13.6,312,0.6118864012687242,-0.7909456567567774,-3.3999999999999773,14.3,17.3,1017.933333333333,1017.6,10.600000000000001
2869,2869,2022-11-09,17.4,13.2,23.5,23.0,13.6,1016.3,11.5,313,0.6254105729852457,-0.780295851070776,-0.10000000000002274,12.6,14.3,1017.4999999999999,1019.8,10.3
2870,2870,2022-11-10,16.6,14.6,20.8,0.0,11.5,1023.8,23.7,314,0.6387494220515268,-0.7694148268839381,7.5,13.6,12.6,1018.833333333333,1016.4,6.200000000000001
2871,2871,2022-11-11,17.2,13.6,21.4,0.0,23.7,1028.0,16.2,315,0.6518989958787125,-0.7583058084785625,4.2000000000000455,11.5,13.6,1022.6999999999998,1016.3,7.799999999999999
2872,2872,2022-11-12,18.2,16.7,21.3,0.0,16.2,1027.6,10.9,316,0.6648553979642866,-0.7469720876965551,-0.40000000000009095,23.7,11.5,1026.4666666666665,1023.8,4.600000000000001
2873,2873,2022-11-13,16.3,12.4,20.5,0.0,10.9,1020.9,12.2,317,0.6776147890466887,-0.7354170229639858,-6.699999999999932,16.2,23.7,1025.4999999999998,1028.0,8.1
2874,2874,2022-11-14,17.2,15.3,21.6,0.0,12.2,1017.2,13.8,318,0.690173388242972,-0.7236440382959124,-3.699999999999932,10.9,16.2,1021.8999999999997,1027.6,6.300000000000001
2875,2875,2022-11-15,17.1,14.8,20.9,0.0,13.8,1011.0,13.0,319,0.7025274741691566,-0.711656622281775,-6.2000000000000455,12.2,10.9,1016.3666666666664,1020.9,6.099999999999998
2876,2876,2022-11-16,18.0,16.7,21.6,0.0,13.0,1006.7,13.1,320,0.7146733860429608,-0.6994583270516471,-4.2999999999999545,13.8,12.2,1011.6333333333332,1017.2,4.900000000000002
2877,2877,2022-11-17,18.9,16.9,23.4,0.0,13.1,1004.4,12.6,321,0.7266075247685652,-0.6870527672236675,-2.300000000000068,13.0,13.8,1007.3666666666664,1011.0,6.5
2878,2878,2022-11-18,15.2,13.3,18.8,0.0,12.6,1008.3,14.5,322,0.7383263540031063,-0.6744436188329457,3.8999999999999773,13.1,13.0,1006.4666666666666,1006.7,5.5
2879,2879,2022-11-19,12.6,9.3,17.4,0.0,14.5,1011.1,10.7,323,0.749826401204568,-0.661634618242279,2.800000000000068,12.6,13.1,1007.933333333333,1004.4,8.099999999999998
2880,2880,2022-11-20,10.7,6.2,16.4,0.0,10.7,1017.4,11.9,324,0.7611042586607742,-0.6486295610349818,6.2999999999999545,14.5,12.6,1012.2666666666664,1008.3,10.2
2881,2881,2022-11-21,12.8,11.0,16.6,0.2,11.9,1010.3,22.6,325,0.7721565844991641,-0.6354323008901775,-7.100000000000023,10.7,14.5,1012.933333333333,1011.1,5.600000000000001
2882,2882,2022-11-22,12.6,10.0,16.2,0.0,22.6,1008.3,14.4,326,0.7829801036770624,-0.622046748440868,-2.0,11.9,10.7,1011.9999999999999,1017.4,6.199999999999999
2883,2883,2022-11-23,15.5,11.7,23.8,0.0,14.4,1008.4,12.6,327,0.7935716089521472,-0.6084768701151264,0.10000000000002274,22.6,11.9,1008.9999999999999,1010.3,12.100000000000001
2884,2884,2022-11-24,14.4,11.2,19.7,0.0,12.6,1017.6,10.7,328,0.8039279618328208,-0.594726686960764,9.200000000000045,14.4,22.6,1011.433333333333,1008.3,8.5
2885,2885,2022-11-25,14.4,10.7,19.9,3.3,10.7,1019.8,15.1,329,0.8140460935082175,-0.5808002734538013,2.199999999999932,12.6,14.4,1015.2666666666664,1008.4,9.2
2886,2886,2022-11-26,11.6,8.0,18.8,0.0,15.1,1027.1,13.0,330,0.8239230057575536,-0.5667017562911184,7.2999999999999545,10.7,12.6,1021.4999999999997,1017.6,10.8
2887,2887,2022-11-27,10.7,6.4,17.8,0.0,13.0,1024.3,11.7,331,0.8335557718385695,-0.5524353131676203,-2.7999999999999545,15.1,10.7,1023.7333333333331,1019.8,11.4
2888,2888,2022-11-28,11.3,9.6,15.0,2.3,11.7,1015.3,12.4,332,0.8429415373547832,-0.5380051715382992,-9.0,13.0,15.1,1022.2333333333332,1027.1,5.4
2889,2889,2022-11-29,10.8,8.3,16.1,0.0,12.4,1017.1,13.2,333,0.8520775211013093,-0.5234156073655503,1.8000000000000682,11.7,13.0,1018.8999999999997,1024.3,7.800000000000001
2890,2890,2022-11-30,9.8,7.3,15.6,0.5,13.2,1016.9,14.5,334,0.8609610158889945,-0.5086709438521042,-0.20000000000004547,12.4,11.7,1016.433333333333,1015.3,8.3
2891,2891,2022-12-01,10.8,8.2,15.1,0.0,14.5,1016.7,16.8,335,0.8695893893466109,-0.49377555015997737,-0.1999999999999318,13.2,12.4,1016.9,1017.1,6.9
2892,2892,2022-12-02,8.9,6.1,13.8,0.0,16.8,1015.0,18.0,336,0.8779600847008883,-0.4787338401157883,-1.7000000000000455,14.5,13.2,1016.1999999999998,1016.9,7.700000000000001
2893,2893,2022-12-03,8.0,3.7,14.8,2.2,18.0,1008.6,13.4,337,0.8860706215341378,-0.4635502709028512,-6.399999999999977,16.8,14.5,1013.4333333333333,1016.7,11.100000000000001
2894,2894,2022-12-04,8.7,7.0,14.2,0.2,13.4,1010.8,18.5,338,0.893918596519257,-0.4482293417404106,2.199999999999932,18.0,16.8,1011.4666666666666,1015.0,7.199999999999999
2895,2895,2022-12-05,8.9,4.4,14.6,0.0,18.5,1017.2,9.8,339,0.9015016841318838,-0.4327755925504317,6.400000000000091,13.4,18.0,1012.1999999999998,1008.6,10.2
2896,2896,2022-12-06,10.7,8.8,15.6,0.0,9.8,1015.7,11.1,340,0.9088176373395028,-0.41719360261231697,-1.5,18.5,13.4,1014.5666666666666,1010.8,6.799999999999999
2897,2897,2022-12-07,10.9,8.2,15.1,0.0,11.1,1013.9,11.0,341,0.9158642882672868,-0.4014879892059737,-1.8000000000000682,9.8,18.5,1015.5999999999998,1017.2,6.9
2898,2898,2022-12-08,11.6,9.9,14.9,13.8,11.0,1007.4,12.3,342,0.9226395488404875,-0.38566340624360745,-6.5,11.1,9.8,1012.3333333333331,1015.7,5.0
2899,2899,2022-12-09,14.2,11.6,19.8,0.2,12.3,999.7,13.0,343,0.9291414114031743,-0.3697245428906732,-7.699999999999932,11.0,11.1,1006.9999999999999,1013.9,8.200000000000001
2900,2900,2022-12-10,11.7,5.5,15.8,0.0,13.0,1004.2,13.1,344,0.935367949313148,-0.3536761221763721,4.5,12.3,11.0,1003.7666666666665,1007.4,10.3
2901,2901,2022-12-11,7.2,5.2,9.8,0.3,13.1,1007.9,12.9,345,0.941317317512847,-0.33752289959411347,3.699999999999932,13.0,12.3,1003.933333333333,999.7,4.6000000000000005
2902,2902,2022-12-12,8.1,6.3,11.3,7.0,12.9,1007.4,10.4,346,0.9469877530760751,-0.32126966169236515,-0.5,13.1,13.0,1006.4999999999999,1004.2,5.000000000000001
2903,2903,2022-12-13,11.8,8.4,16.1,1.9,10.4,1002.9,11.6,347,0.9523775757303973,-0.3049212246562894,-4.5,12.9,13.1,1006.0666666666665,1007.9,7.700000000000001
2904,2904,2022-12-14,13.4,11.8,19.2,0.2,11.6,1002.4,15.5,348,0.9574851883550389,-0.2884824328806098,-0.5,10.4,12.9,1004.2333333333331,1007.4,7.399999999999999
2905,2905,2022-12-15,13.3,11.7,18.0,0.2,15.5,998.1,8.9,349,0.9623090774541487,-0.27195815753410524,-4.2999999999999545,11.6,10.4,1001.1333333333332,1002.9,6.300000000000001
2906,2906,2022-12-16,12.7,9.5,17.8,0.3,8.9,1006.2,8.7,350,0.9668478136052773,-0.2553532951161881,8.100000000000023,15.5,11.6,1002.2333333333332,1002.4,8.3
2907,2907,2022-12-17,11.1,9.0,15.3,0.0,8.7,1018.1,14.0,351,0.9711000518829505,-0.23867276600594997,11.899999999999977,8.9,15.5,1007.4666666666666,998.1,6.300000000000001
2908,2908,2022-12-18,10.1,6.4,15.9,0.0,14.0,1027.0,9.0,352,0.9750645322571945,-0.22192151300416674,8.899999999999977,8.7,8.9,1017.0999999999999,1006.2,9.5
2909,2909,2022-12-19,11.4,8.4,17.4,0.0,9.0,1028.5,10.2,353,0.9787400799669153,-0.20510449986861926,1.5,14.0,8.7,1024.533333333333,1018.1,8.999999999999998
2910,2910,2022-12-20,12.6,9.8,16.8,0.9,10.2,1023.5,8.9,354,0.9821256058680006,-0.1882267098432439,-5.0,9.0,14.0,1026.3333333333333,1027.0,7.0
2911,2911,2022-12-21,13.1,9.9,17.6,0.0,8.9,1020.7,11.6,355,0.9852201067560606,-0.1712931441814778,-2.7999999999999545,10.2,9.0,1024.2333333333333,1028.5,7.700000000000001
2912,2912,2022-12-22,13.3,9.9,18.5,0.0,11.6,1022.7,11.0,356,0.9880226656636976,-0.154308820664281,2.0,8.9,10.2,1022.2999999999998,1023.5,8.6
2913,2913,2022-12-23,16.1,11.9,21.4,0.0,11.0,1020.9,13.4,357,0.9905324521322227,-0.13727877211326517,-1.8000000000000682,11.6,8.9,1021.4333333333333,1020.7,9.499999999999998
2914,2914,2022-12-24,15.1,12.9,19.4,0.0,13.4,1019.7,9.8,358,0.9927487224577402,-0.12020804489935275,-1.1999999999999318,11.0,11.6,1021.0999999999999,1022.7,6.499999999999998
2915,2915,2022-12-25,12.6,8.5,17.4,0.0,9.8,1019.7,11.2,359,0.9946708199115211,-0.10310169744743544,0.0,13.4,11.0,1020.0999999999999,1020.9,8.899999999999999
2916,2916,2022-12-26,12.8,9.4,18.5,0.0,11.2,1025.4,13.4,360,0.9962981749346077,-0.0859647987374467,5.7000000000000455,9.8,13.4,1021.5999999999999,1019.7,9.1
2917,2917,2022-12-27,11.9,8.1,17.7,0.0,13.4,1029.6,14.2,361,0.9976303053065857,-0.06880242680232064,4.199999999999818,11.2,9.8,1024.8999999999999,1019.7,9.6
2918,2918,2022-12-28,11.3,7.4,15.8,0.0,14.2,1025.1,11.0,362,0.9986668162884759,-0.05161966722325418,-4.5,13.4,11.2,1026.6999999999998,1025.4,8.4
2919,2919,2022-12-29,11.8,6.8,17.6,0.0,11.0,1020.6,8.6,363,0.9994074007397048,-0.034421611622745804,-4.499999999999886,14.2,13.4,1025.0999999999997,1029.6,10.8
2920,2920,2022-12-30,13.8,9.1,19.7,0.0,8.6,1020.9,11.9,364,0.9998518392091162,-0.01721335615583528,0.2999999999999545,11.0,14.2,1022.1999999999998,1025.1,10.6
2921,2921,2022-12-31,14.2,10.0,19.5,0.0,11.9,1024.6,10.0,365,1.0,6.432490598706546e-16,3.699999999999932,8.6,11.0,1022.0333333333332,1020.6,9.5
2922,2922,2023-01-01,11.0,8.6,15.9,0.0,10.0,1025.8,14.1,1,0.9998518392091162,0.017213356155834685,1.2000000000000455,11.9,8.6,1023.7666666666664,1020.9,7.300000000000001
2923,2923,2023-01-02,10.7,7.0,15.0,0.0,14.1,1024.6,12.1,2,0.9994074007397048,0.03442161162274574,-1.2000000000000455,10.0,11.9,1024.9999999999998,1024.6,8.0
2924,2924,2023-01-03,12.4,8.2,17.6,0.0,12.1,1029.2,14.8,3,0.998666816288476,0.051619667223253764,4.600000000000136,14.1,10.0,1026.533333333333,1025.8,9.400000000000002
2925,2925,2023-01-04,10.3,7.5,16.1,0.0,14.8,1032.6,15.6,4,0.9976303053065857,0.06880242680231986,3.3999999999998636,12.1,14.1,1028.7999999999997,1024.6,8.600000000000001
2926,2926,2023-01-05,9.5,5.7,15.6,0.0,15.6,1028.8,12.5,5,0.9962981749346078,0.08596479873744647,-3.7999999999999545,14.8,12.1,1030.1999999999998,1029.2,9.899999999999999
2927,2927,2023-01-06,8.6,4.3,15.4,0.0,12.5,1025.0,15.9,6,0.9946708199115211,0.10310169744743485,-3.7999999999999545,15.6,14.8,1028.8,1032.6,11.100000000000001
2928,2928,2023-01-07,9.7,4.8,16.6,0.0,15.9,1021.1,13.1,7,0.9927487224577402,0.1202080448993527,-3.8999999999999773,12.5,15.6,1024.9666666666665,1028.8,11.8
2929,2929,2023-01-08,12.7,9.1,15.8,0.0,13.1,1013.4,17.4,8,0.9905324521322229,0.13727877211326478,-7.7000000000000455,15.9,12.5,1019.8333333333331,1025.0,6.700000000000001
2930,2930,2023-01-09,14.1,10.9,17.3,0.0,17.4,1016.3,12.2,9,0.9880226656636976,0.15430882066428117,2.8999999999999773,13.1,15.9,1016.933333333333,1021.1,6.4
2931,2931,2023-01-10,9.9,6.1,15.2,0.0,12.2,1026.5,15.9,10,0.9852201067560606,0.1712931441814776,10.200000000000045,17.4,13.1,1018.7333333333332,1013.4,9.1
2932,2932,2023-01-11,10.1,6.2,15.2,0.0,15.9,1024.7,16.2,11,0.9821256058680006,0.1882267098432442,-1.7999999999999545,12.2,17.4,1022.4999999999999,1016.3,9.0
2933,2933,2023-01-12,9.9,6.5,14.7,0.0,16.2,1027.3,11.6,12,0.9787400799669153,0.2051044998686192,2.599999999999909,15.9,12.2,1026.1666666666667,1026.5,8.2
2934,2934,2023-01-13,9.8,6.3,15.7,0.0,11.6,1025.5,20.1,13,0.9750645322571948,0.2219215130041655,-1.7999999999999545,16.2,15.9,1025.8333333333333,1024.7,9.399999999999999
2935,2935,2023-01-14,10.2,5.0,16.0,0.0,20.1,1024.6,13.8,14,0.9711000518829505,0.2386727660059501,-0.900000000000091,11.6,16.2,1025.8,1027.3,11.0
2936,2936,2023-01-15,12.3,8.5,16.7,0.0,13.8,1017.1,17.6,15,0.9668478136052775,0.255353295116187,-7.499999999999886,20.1,11.6,1022.3999999999997,1025.5,8.2
2937,2937,2023-01-16,11.3,6.8,16.6,0.0,17.6,1007.4,38.6,16,0.9623090774541486,0.2719581575341055,-9.700000000000045,13.8,20.1,1016.3666666666664,1024.6,9.8
2938,2938,2023-01-17,13.4,7.4,17.2,0.8,38.6,992.9,21.8,17,0.9574851883550393,0.288482432880609,-14.5,17.6,13.8,1005.7999999999998,1017.1,9.799999999999999
2939,2939,2023-01-18,8.9,6.2,13.0,0.0,21.8,1000.6,23.7,18,0.9523775757303974,0.30492122465628907,7.7000000000000455,38.6,17.6,1000.2999999999998,1007.4,6.8
2940,2940,2023-01-19,8.3,4.3,12.2,0.0,23.7,1010.8,13.0,19,0.9469877530760753,0.3212696616923644,10.199999999999932,21.8,38.6,1001.433333333333,992.9,7.8999999999999995
2941,2941,2023-01-20,9.2,4.1,14.2,0.0,13.0,1013.3,18.1,20,0.9413173175128471,0.3375228995941133,2.5,23.7,21.8,1008.2333333333331,1000.6,10.1
2942,2942,2023-01-21,6.1,0.4,12.0,0.0,18.1,1017.8,13.6,21,0.9353679493131483,0.3536761221763716,4.5,13.0,23.7,1013.9666666666666,1010.8,11.6
2943,2943,2023-01-22,4.6,-0.8,10.4,0.1,13.6,1020.0,13.4,22,0.9291414114031743,0.3697245428906731,2.2000000000000455,18.1,13.0,1017.0333333333332,1013.3,11.200000000000001
2944,2944,2023-01-23,5.1,0.1,10.0,0.0,13.4,1020.8,19.1,23,0.9226395488404876,0.38566340624360707,0.7999999999999545,13.6,18.1,1019.5333333333332,1017.8,9.9
2945,2945,2023-01-24,4.9,3.0,6.2,0.6,19.1,1025.2,20.7,24,0.9158642882672872,0.401487989205973,4.400000000000091,13.4,13.6,1021.9999999999999,1020.0,3.2
2946,2946,2023-01-25,7.9,4.1,14.3,0.0,20.7,1023.5,14.4,25,0.9088176373395029,0.4171936026123168,-1.7000000000000455,19.1,13.4,1023.1666666666665,1020.8,10.200000000000001
2947,2947,2023-01-26,5.4,1.5,10.6,0.0,14.4,1016.3,16.4,26,0.901501684131884,0.4327755925504312,-7.2000000000000455,20.7,19.1,1021.6666666666666,1025.2,9.1
2948,2948,2023-01-27,6.0,2.5,10.7,0.0,16.4,1013.6,16.6,27,0.893918596519257,0.4482293417404106,-2.699999999999932,14.4,20.7,1017.7999999999998,1023.5,8.2
2949,2949,2023-01-28,5.6,2.0,9.8,0.0,16.6,1018.3,12.2,28,0.886070621534138,0.4635502709028509,4.699999999999932,16.4,14.4,1016.0666666666665,1016.3,7.800000000000001
2950,2950,2023-01-29,6.6,3.7,10.8,0.0,12.2,1025.1,16.9,29,0.8779600847008882,0.47873384011578846,6.7999999999999545,16.6,16.4,1018.9999999999997,1013.6,7.1000000000000005
2951,2951,2023-01-30,6.3,1.8,13.5,0.0,16.9,1027.1,15.0,30,0.869589389346611,0.49377555015997715,2.0,12.2,16.6,1023.4999999999997,1018.3,11.7
2952,2952,2023-01-31,7.3,3.7,12.4,0.0,15.0,1027.0,15.8,31,0.8609610158889943,0.5086709438521044,-0.09999999999990905,16.9,12.2,1026.3999999999996,1025.1,8.7
2953,2953,2023-02-01,7.4,2.9,13.7,0.0,15.8,1028.1,17.6,32,0.8520775211013093,0.5234156073655503,1.099999999999909,15.0,16.9,1027.3999999999996,1027.1,10.799999999999999
2954,2954,2023-02-02,8.9,4.1,15.6,0.0,17.6,1028.6,16.7,33,0.8429415373547828,0.5380051715382996,0.5,15.8,15.0,1027.8999999999996,1027.0,11.5
2955,2955,2023-02-03,8.9,4.1,14.9,0.0,16.7,1030.3,19.1,34,0.8335557718385699,0.5524353131676196,1.7000000000000455,17.6,15.8,1028.9999999999998,1028.1,10.8
2956,2956,2023-02-04,11.9,5.5,20.9,0.0,19.1,1026.7,17.8,35,0.8239230057575542,0.5667017562911176,-3.599999999999909,16.7,17.6,1028.533333333333,1028.6,15.399999999999999
2957,2957,2023-02-05,9.9,6.5,15.6,0.8,17.8,1030.0,25.7,36,0.8140460935082178,0.5808002734538009,3.2999999999999545,19.1,16.7,1028.9999999999998,1030.3,9.1
2958,2958,2023-02-06,8.8,6.3,11.6,0.2,25.7,1027.2,35.2,37,0.8039279618328213,0.5947266869607634,-2.7999999999999545,17.8,19.1,1027.9666666666665,1026.7,5.3
2959,2959,2023-02-07,9.8,7.5,11.8,11.4,35.2,1024.5,33.0,38,0.7935716089521474,0.6084768701151261,-2.7000000000000455,25.7,17.8,1027.2333333333331,1030.0,4.300000000000001
2960,2960,2023-02-08,9.3,7.7,10.8,0.6,33.0,1028.6,18.2,39,0.7829801036770629,0.6220467484408675,4.099999999999909,35.2,25.7,1026.7666666666664,1027.2,3.1000000000000005
2961,2961,2023-02-09,8.8,6.0,11.4,0.0,18.2,1032.9,12.8,40,0.7721565844991642,0.6354323008901774,4.300000000000182,33.0,35.2,1028.6666666666665,1024.5,5.4
2962,2962,2023-02-10,7.6,3.5,12.7,0.0,12.8,1037.2,14.1,41,0.7611042586607747,0.6486295610349814,4.2999999999999545,18.2,33.0,1032.8999999999996,1028.6,9.2
2963,2963,2023-02-11,6.7,2.0,12.6,0.0,14.1,1035.6,16.3,42,0.7498264012045686,0.6616346182422783,-1.6000000000001364,12.8,18.2,1035.2333333333333,1032.9,10.6
2964,2964,2023-02-12,6.8,1.8,12.6,0.0,16.3,1034.5,15.4,43,0.7383263540031065,0.6744436188329455,-1.099999999999909,14.1,12.8,1035.7666666666664,1037.2,10.799999999999999
2965,2965,2023-02-13,7.6,2.5,13.1,0.0,15.4,1035.6,15.7,44,0.7266075247685656,0.6870527672236669,1.099999999999909,16.3,14.1,1035.233333333333,1035.6,10.6
2966,2966,2023-02-14,8.3,3.8,13.2,0.0,15.7,1034.1,10.4,45,0.7146733860429609,0.699458327051647,-1.5,15.4,16.3,1034.733333333333,1034.5,9.399999999999999
2967,2967,2023-02-15,9.2,4.5,14.5,0.0,10.4,1030.3,12.9,46,0.7025274741691571,0.7116566222817746,-3.7999999999999545,15.7,15.4,1033.333333333333,1035.6,10.0
2968,2968,2023-02-16,8.6,4.9,14.5,0.0,12.9,1031.0,14.6,47,0.6901733882429719,0.7236440382959124,0.7000000000000455,10.4,15.7,1031.7999999999997,1034.1,9.6
2969,2969,2023-02-17,9.6,4.7,15.9,0.0,14.6,1032.2,16.4,48,0.6776147890466889,0.7354170229639855,1.2000000000000455,12.9,10.4,1031.1666666666663,1030.3,11.2
2970,2970,2023-02-18,10.8,6.0,15.5,0.0,16.4,1030.5,10.3,49,0.6648553979642865,0.7469720876965552,-1.7000000000000455,14.6,12.9,1031.233333333333,1031.0,9.5
2971,2971,2023-02-19,10.7,6.6,15.8,0.0,10.3,1027.5,13.4,50,0.6518989958787126,0.7583058084785624,-3.0,16.4,14.6,1030.0666666666664,1032.2,9.200000000000001
2972,2972,2023-02-20,11.4,7.7,16.5,0.0,13.4,1026.0,13.0,51,0.6387494220515272,0.7694148268839378,-1.5,10.3,16.4,1027.9999999999998,1030.5,8.8
2973,2973,2023-02-21,11.2,7.1,15.5,0.0,13.0,1020.7,10.8,52,0.6254105729852463,0.7802958510707755,-5.2999999999999545,13.4,10.3,1024.7333333333331,1027.5,8.4
2974,2974,2023-02-22,11.9,8.9,14.9,0.0,10.8,1017.5,11.5,53,0.6118864012687243,0.7909456567567772,-3.2000000000000455,13.0,13.4,1021.3999999999997,1026.0,6.0
2975,2975,2023-02-23,11.3,8.7,13.7,7.4,11.5,1012.2,17.8,54,0.5981809144059165,0.8013610881746766,-5.2999999999999545,10.8,13.0,1016.7999999999998,1020.7,5.0
2976,2976,2023-02-24,9.9,7.1,13.4,0.0,17.8,1008.3,14.2,55,0.5842981736283684,0.8115390590073611,-3.900000000000091,11.5,10.8,1012.6666666666664,1017.5,6.300000000000001
2977,2977,2023-02-25,9.2,5.9,15.0,0.0,14.2,1004.1,13.8,56,0.5702422926917871,0.8214765533024142,-4.199999999999932,17.8,11.5,1008.1999999999998,1012.2,9.1
2978,2978,2023-02-26,8.5,3.1,12.9,23.3,13.8,1002.6,12.1,57,0.5560174366570446,0.8311706263658079,-1.5,14.2,17.8,1004.9999999999997,1008.3,9.8
2979,2979,2023-02-27,4.8,1.4,8.9,0.4,12.1,1009.9,19.7,58,0.5416278206559814,0.8406184056344782,7.2999999999999545,13.8,14.2,1005.5333333333332,1004.1,7.5
2980,2980,2023-02-28,8.0,4.4,13.8,0.0,19.7,1013.7,18.8,59,0.5270777086423722,0.8498170915275278,3.800000000000068,12.1,13.8,1008.7333333333331,1002.6,9.4
2981,2981,2023-03-01,6.2,1.7,10.5,0.0,18.8,1016.1,15.2,60,0.5123714121284237,0.8587639582758029,2.3999999999999773,19.7,12.1,1013.2333333333331,1009.9,8.8
2982,2982,2023-03-02,7.4,3.8,12.9,0.0,15.2,1016.3,15.2,61,0.49751328890718066,0.8674563547295969,0.1999999999999318,18.8,19.7,1015.3666666666664,1013.7,9.100000000000001
2983,2983,2023-03-03,9.2,3.1,12.7,0.0,15.2,1017.9,17.9,62,0.48250774176121847,0.8758917051442429,1.6000000000000227,15.2,18.8,1016.7666666666664,1016.1,9.6
2984,2984,2023-03-04,8.7,4.9,13.3,0.0,17.9,1020.1,17.8,63,0.4673592171580022,0.8840675099433636,2.2000000000000455,15.2,15.2,1018.0999999999998,1016.3,8.4
2985,2985,2023-03-05,8.9,3.5,14.4,0.0,17.8,1015.6,13.0,64,0.45207220393230435,0.8919813464595485,-4.5,17.9,15.2,1017.8666666666664,1017.9,10.9
2986,2986,2023-03-06,10.4,6.7,14.1,0.0,13.0,1010.0,17.1,65,0.43665123195606403,0.8996308696522433,-5.600000000000023,17.8,17.9,1015.2333333333331,1020.1,7.3999999999999995
2987,2987,2023-03-07,11.2,5.8,17.0,0.0,17.1,1007.5,17.2,66,0.4211008707960896,0.9070138128026359,-2.5,13.0,17.8,1011.0333333333332,1015.6,11.2
2988,2988,2023-03-08,14.5,8.8,21.7,0.0,17.2,1008.9,19.8,67,0.40542572835999735,0.9141279881853337,1.3999999999999773,17.1,13.0,1008.7999999999998,1010.0,12.899999999999999
2989,2989,2023-03-09,15.9,13.2,21.7,1.4,19.8,1009.6,24.0,68,0.38963044953078796,0.9209712877166346,0.7000000000000455,17.2,17.1,1008.6666666666665,1007.5,8.5
2990,2990,2023-03-10,18.3,12.9,24.4,0.0,24.0,1011.9,32.1,69,0.37371971479046906,0.9275416835791966,2.2999999999999545,19.8,17.2,1010.1333333333332,1008.9,11.499999999999998
2991,2991,2023-03-11,20.2,14.6,26.6,0.0,32.1,1011.6,11.2,70,0.35769823883312546,0.9338372288229252,-0.2999999999999545,24.0,19.8,1011.0333333333332,1009.6,12.000000000000002
2992,2992,2023-03-12,15.2,11.8,18.1,0.0,11.2,1017.9,12.4,71,0.3415707691678556,0.9398560579418954,6.2999999999999545,32.1,24.0,1013.7999999999998,1011.9,6.300000000000001
2993,2993,2023-03-13,14.6,11.7,20.5,0.0,12.4,1013.8,26.0,72,0.3253420847119801,0.9455963874271426,-4.100000000000023,11.2,32.1,1014.433333333333,1011.6,8.8
2994,2994,2023-03-14,17.3,11.4,22.4,0.0,26.0,1013.1,11.3,73,0.30901699437494745,0.9510565162951535,-0.6999999999999318,12.4,11.2,1014.933333333333,1017.9,10.999999999999998
2995,2995,2023-03-15,12.7,9.1,17.2,0.0,11.3,1018.3,11.5,74,0.29260033563334836,0.9562348265919056,5.199999999999932,26.0,12.4,1015.0666666666665,1013.8,8.1
2996,2996,2023-03-16,12.6,8.3,16.7,0.0,11.5,1017.1,17.8,75,0.27609697309746883,0.9611297838723007,-1.1999999999999318,11.3,26.0,1016.1666666666664,1013.1,8.399999999999999
2997,2997,2023-03-17,14.1,12.0,16.7,0.0,17.8,1016.2,13.4,76,0.2595117970697999,0.9657399376548549,-0.8999999999999773,11.5,11.3,1017.1999999999998,1018.3,4.699999999999999
2998,2998,2023-03-18,13.7,10.8,16.9,0.0,13.4,1014.6,10.3,77,0.2428497220959356,0.9700639218515071,-1.6000000000000227,17.8,11.5,1015.9666666666664,1017.1,6.099999999999998
2999,2999,2023-03-19,13.6,10.5,17.0,0.0,10.3,1020.2,9.9,78,0.22611568550828828,0.9741004551724205,5.600000000000023,13.4,17.8,1016.9999999999999,1016.2,6.5
3000,3000,2023-03-20,12.7,8.9,16.3,0.0,9.9,1021.2,11.5,79,0.20931464596304847,0.9778483415056568,1.0,10.3,13.4,1018.6666666666665,1014.6,7.4
3001,3001,2023-03-21,13.3,9.7,16.6,0.0,11.5,1018.7,18.4,80,0.19245158197082998,0.9813064702716093,-2.5,9.9,10.3,1020.0333333333332,1020.2,6.900000000000002
3002,3002,2023-03-22,13.1,9.4,17.0,0.0,18.4,1016.5,17.0,81,0.1755314904214282,0.9844738167520922,-2.2000000000000455,11.5,9.9,1018.7999999999997,1021.2,7.6
3003,3003,2023-03-23,14.2,12.2,17.3,0.0,17.0,1015.5,14.3,82,0.15855938510313475,0.9873494423939864,-1.0,18.4,11.5,1016.8999999999997,1018.7,5.100000000000001
3004,3004,2023-03-24,15.0,10.6,22.8,0.0,14.3,1015.6,13.2,83,0.141540295217043,0.989932495087353,0.10000000000002274,17.0,18.4,1015.8666666666664,1016.5,12.200000000000001
3005,3005,2023-03-25,13.9,9.7,17.5,0.0,13.2,1021.1,23.5,84,0.12447926388678915,0.9922222094179323,5.5,14.3,17.0,1017.3999999999997,1015.5,7.800000000000001
3006,3006,2023-03-26,18.1,11.0,26.1,0.0,23.5,1014.5,16.0,85,0.10738134666416309,0.994217906893952,-6.600000000000023,13.2,14.3,1017.0666666666665,1015.6,15.100000000000001
3007,3007,2023-03-27,14.8,11.8,18.3,0.0,16.0,1019.3,14.8,86,0.09025161003104117,0.995918996147179,4.7999999999999545,23.5,13.2,1018.2999999999997,1021.1,6.5
3008,3008,2023-03-28,14.2,12.5,16.7,0.0,14.8,1025.5,25.8,87,0.07309512989807777,0.9973249731081555,6.2000000000000455,16.0,23.5,1019.7666666666664,1014.5,4.199999999999999
3009,3009,2023-03-29,14.5,11.4,18.0,0.0,25.8,1024.4,12.8,88,0.055916990100603484,0.9984354211555643,-1.099999999999909,14.8,16.0,1023.0666666666665,1019.3,6.6
3010,3010,2023-03-30,14.2,10.8,17.3,0.0,12.8,1021.0,17.3,89,0.03872228089217446,0.9992500112396835,-3.400000000000091,25.8,14.8,1023.6333333333331,1025.5,6.5
3011,3011,2023-03-31,16.9,12.0,26.0,0.0,17.3,1015.8,19.2,90,0.021516097436222254,0.9997685019798909,-5.2000000000000455,12.8,25.8,1020.3999999999996,1024.4,14.0
3012,3012,2023-04-01,15.8,11.0,23.6,0.6,19.2,1015.6,20.2,91,0.004303538296244289,0.9999907397361901,-0.1999999999999318,17.3,12.8,1017.4666666666664,1021.0,12.600000000000001
3013,3013,2023-04-02,14.1,8.3,21.0,0.1,20.2,1015.2,11.3,92,-0.01291029607500882,0.9999166586547379,-0.39999999999997726,19.2,17.3,1015.533333333333,1015.8,12.7
3014,3014,2023-04-03,12.9,9.8,16.5,0.0,11.3,1016.2,14.8,93,-0.030120304846908114,0.9995462806873573,1.0,20.2,19.2,1015.6666666666664,1015.6,6.699999999999999
3015,3015,2023-04-04,12.0,8.0,15.6,0.0,14.8,1014.9,14.1,94,-0.04732138832243185,0.9988797155850336,-1.3000000000000682,11.3,20.2,1015.433333333333,1015.2,7.6
3016,3016,2023-04-05,12.2,7.5,16.9,0.0,14.1,1018.6,15.3,95,-0.06450844944931623,0.9979171608653922,3.7000000000000455,14.8,11.3,1016.5666666666663,1016.2,9.399999999999999
3017,3017,2023-04-06,12.7,8.8,17.1,0.0,15.3,1019.9,21.4,96,-0.08167639533042241,0.9966589017541702,1.2999999999999545,14.1,14.8,1017.7999999999997,1014.9,8.3
3018,3018,2023-04-07,13.1,8.7,17.4,0.0,21.4,1017.4,14.1,97,-0.09882013873287143,0.9951053111006976,-2.5,15.3,14.1,1018.6333333333331,1018.6,8.7
3019,3019,2023-04-08,13.1,9.5,16.5,0.0,14.1,1018.0,17.9,98,-0.11593459959550041,0.9932568492674143,0.6000000000000227,21.4,15.3,1018.433333333333,1019.9,7.0
3020,3020,2023-04-09,13.5,9.5,17.5,0.0,17.9,1020.3,10.0,99,-0.1330147065341959,0.9911140639934547,2.2999999999999545,14.1,21.4,1018.5666666666663,1017.4,8.0
3021,3021,2023-04-10,14.4,11.2,18.2,0.0,10.0,1021.6,17.9,100,-0.1500553983446526,0.9886775902323405,1.3000000000000682,17.9,14.1,1019.9666666666662,1018.0,7.0
3022,3022,2023-04-11,14.5,10.9,18.0,0.0,17.9,1020.8,17.8,101,-0.16705162550211924,0.9859481499638304,-0.8000000000000682,10.0,17.9,1020.8999999999996,1020.3,7.1
3023,3023,2023-04-12,15.2,11.0,20.4,0.0,17.8,1010.6,19.5,102,-0.18399835165768005,0.9829265519799822,-10.199999999999932,17.9,10.0,1017.6666666666664,1021.6,9.399999999999999
3024,3024,2023-04-13,15.9,11.2,21.8,0.0,19.5,1012.2,19.3,103,-0.20089055513063506,0.9796136916454901,1.6000000000000227,17.8,17.9,1014.533333333333,1020.8,10.600000000000001
3025,3025,2023-04-14,14.7,9.8,19.5,0.0,19.3,1012.7,16.1,104,-0.21772323039653177,0.9760105506323683,0.5,19.5,17.8,1011.833333333333,1010.6,9.7
3026,3026,2023-04-15,15.4,10.3,19.8,0.0,16.1,1013.1,12.8,105,-0.23449138957040985,0.9721181966290613,0.39999999999997726,19.3,19.5,1012.6666666666664,1012.2,9.5
3027,3027,2023-04-16,14.2,10.0,19.4,0.0,12.8,1017.7,12.1,106,-0.25119006388481935,0.9679377830240642,4.600000000000023,16.1,19.3,1014.4999999999997,1012.7,9.399999999999999
3028,3028,2023-04-17,13.7,9.0,19.0,0.0,12.1,1016.3,9.7,107,-0.2678143051621742,0.9634705485641488,-1.400000000000091,12.8,16.1,1015.6999999999998,1013.1,10.0
3029,3029,2023-04-18,14.9,11.6,18.4,0.0,9.7,1015.6,13.9,108,-0.2843591872810034,0.9587178169872964,-0.6999999999999318,12.1,12.8,1016.533333333333,1017.7,6.799999999999999
3030,3030,2023-04-19,14.3,10.0,18.5,0.0,13.9,1015.5,16.7,109,-0.30081980763566735,0.9536809966304457,-0.10000000000002274,9.7,12.1,1015.7999999999997,1016.3,8.5
3031,3031,2023-04-20,14.7,10.2,18.9,0.0,16.7,1010.1,10.8,110,-0.3171912885891061,0.9483615800121715,-5.399999999999977,13.9,9.7,1013.733333333333,1015.6,8.7
3032,3032,2023-04-21,16.3,13.8,19.7,0.0,10.8,1009.3,13.8,111,-0.3334687789181868,0.9427611433904207,-0.8000000000000682,16.7,13.9,1011.6333333333331,1015.5,5.899999999999999
3033,3033,2023-04-22,16.0,12.7,20.3,0.0,13.8,1011.8,21.7,112,-0.3496474552512284,0.9368813462954315,2.5,10.8,16.7,1010.3999999999996,1010.1,7.600000000000001
3034,3034,2023-04-23,17.1,15.1,20.0,0.3,21.7,1012.8,12.8,113,-0.36572252349726897,0.9307239310379795,1.0,13.8,10.8,1011.2999999999996,1009.3,4.9
3035,3035,2023-04-24,16.4,14.1,19.5,0.0,12.8,1015.7,12.9,114,-0.3816892202666588,0.9242907221930933,2.900000000000091,21.7,13.8,1013.433333333333,1011.8,5.4
3036,3036,2023-04-25,16.7,14.3,19.8,0.0,12.9,1014.3,12.1,115,-0.39754281428255595,0.9175836260593937,-1.400000000000091,12.8,21.7,1014.2666666666664,1012.8,5.5
3037,3037,2023-04-26,16.9,14.4,19.7,0.0,12.1,1016.5,12.4,116,-0.4132786077829042,0.9106046300942162,2.2000000000000455,12.9,12.8,1015.4999999999997,1015.7,5.299999999999999
3038,3038,2023-04-27,17.8,14.1,22.7,0.0,12.4,1016.9,9.8,117,-0.4288919379124835,0.9033558023246845,0.39999999999997726,12.1,12.9,1015.8999999999996,1014.3,8.6
3039,3039,2023-04-28,18.3,14.4,22.4,0.0,9.8,1017.2,12.1,118,-0.4443781781046132,0.895839290734909,0.3000000000000682,12.4,12.1,1016.8666666666663,1016.5,7.999999999999998
3040,3040,2023-04-29,18.3,15.3,21.3,3.5,12.1,1013.5,12.8,119,-0.45973273945210397,0.8880573226294932,-3.7000000000000455,9.8,12.4,1015.8666666666663,1016.9,6.0
3041,3041,2023-04-30,19.0,16.6,22.3,0.1,12.8,1014.9,11.8,120,-0.47495107206704995,0.8800122039735357,1.3999999999999773,12.1,9.8,1015.1999999999997,1017.2,5.699999999999999
3042,3042,2023-05-01,17.9,15.2,21.3,0.0,11.8,1016.6,14.8,121,-0.4900286664290592,0.8717063187093218,1.7000000000000455,12.8,12.1,1014.9999999999997,1013.5,6.100000000000001
3043,3043,2023-05-02,17.4,13.5,21.8,0.0,14.8,1017.8,15.2,122,-0.5049610547215204,0.8631421280499114,1.1999999999999318,11.8,12.8,1016.433333333333,1014.9,8.3
3044,3044,2023-05-03,17.7,14.1,20.9,0.0,15.2,1018.1,13.2,123,-0.5197438121555155,0.854322169749827,0.3000000000000682,14.8,11.8,1017.4999999999997,1016.6,6.799999999999999
3045,3045,2023-05-04,18.1,14.7,21.3,0.0,13.2,1019.5,14.8,124,-0.5343725582809786,0.8452490573530633,1.3999999999999773,15.2,14.8,1018.4666666666664,1017.8,6.600000000000001
3046,3046,2023-05-05,18.2,14.5,22.0,0.0,14.8,1018.6,10.5,125,-0.548842958284719,0.8359254794186372,-0.8999999999999773,13.2,15.2,1018.733333333333,1018.1,7.5
3047,3047,2023-05-06,18.2,15.0,21.7,0.0,10.5,1016.0,12.8,126,-0.5631507242749186,0.8263541987239096,-2.6000000000000227,14.8,13.2,1018.033333333333,1019.5,6.699999999999999
3048,3048,2023-05-07,19.1,17.6,21.3,0.0,12.8,1017.8,11.5,127,-0.5772916165517272,0.8165380514459161,1.7999999999999545,10.5,14.8,1017.4666666666664,1018.6,3.6999999999999993
3049,3049,2023-05-08,19.2,16.4,23.1,0.0,11.5,1020.2,15.6,128,-0.5912614448635781,0.8064799463209448,2.400000000000091,12.8,10.5,1017.9999999999997,1016.0,6.700000000000003
3050,3050,2023-05-09,19.1,15.8,22.5,0.1,15.6,1018.1,15.2,129,-0.6050560696488488,0.7961828637826158,-2.1000000000000227,11.5,12.8,1018.6999999999998,1017.8,6.699999999999999
3051,3051,2023-05-10,18.4,16.5,21.3,0.0,15.2,1017.7,15.6,130,-0.6186714032625031,0.7856498550787147,-0.39999999999997726,15.6,11.5,1018.6666666666664,1020.2,4.800000000000001
3052,3052,2023-05-11,16.7,14.4,19.4,0.0,15.6,1016.3,14.3,131,-0.6321034111873487,0.7748840413670407,-1.400000000000091,15.2,15.6,1017.3666666666664,1018.1,4.999999999999998
3053,3053,2023-05-12,14.9,11.6,19.0,0.4,14.3,1015.1,14.0,132,-0.6453481132295501,0.7638886127905428,-1.1999999999999318,15.6,15.2,1016.3666666666663,1017.7,7.4
3054,3054,2023-05-13,14.7,10.8,20.2,1.6,14.0,1016.6,13.5,133,-0.6584015846980488,0.7526668275320085,1.5,14.3,15.6,1015.9999999999997,1016.3,9.399999999999999
3055,3055,2023-05-14,15.6,11.8,19.9,5.7,13.5,1016.2,13.1,134,-0.6712599575675313,0.7412220108485958,-0.39999999999997726,14.0,14.3,1015.9666666666664,1015.1,8.099999999999998
3056,3056,2023-05-15,17.8,14.0,23.0,0.1,13.1,1013.2,15.5,135,-0.6839194216246106,0.7295575540864875,-3.0,13.5,14.0,1015.333333333333,1016.6,9.0
3057,3057,2023-05-16,17.4,13.8,21.9,0.0,15.5,1011.4,16.6,136,-0.6963762255968722,0.717676913675962,-1.8000000000000682,13.1,13.5,1013.5999999999998,1016.2,8.099999999999998
3058,3058,2023-05-17,16.7,12.0,20.6,0.0,16.6,1014.6,11.5,137,-0.7086266782644596,0.705583610107178,3.2000000000000455,15.5,13.1,1013.0666666666663,1013.2,8.600000000000001
3059,3059,2023-05-18,16.4,13.1,20.1,0.0,11.5,1017.1,9.9,138,-0.7206671495538609,0.6932812268869777,2.5,16.6,15.5,1014.3666666666663,1011.4,7.000000000000002
3060,3060,2023-05-19,16.5,14.3,21.2,2.8,9.9,1016.4,13.6,139,-0.7324940716135789,0.6807734094770161,-0.7000000000000455,11.5,16.6,1016.033333333333,1014.6,6.899999999999999
3061,3061,2023-05-20,16.9,13.7,22.3,0.0,13.6,1013.1,11.3,140,-0.7441039398713607,0.6680638642135335,-3.2999999999999545,9.9,11.5,1015.533333333333,1017.1,8.600000000000001
3062,3062,2023-05-21,16.7,13.0,20.1,0.0,11.3,1012.6,14.4,141,-0.7554933140726803,0.6551563572090853,-0.5,13.6,9.9,1014.0333333333332,1016.4,7.100000000000001
3063,3063,2023-05-22,18.7,16.6,23.1,0.0,14.4,1013.0,13.7,142,-0.766658819300159,0.6420547132365637,0.39999999999997726,11.3,13.6,1012.8999999999996,1013.1,6.5
3064,3064,2023-05-23,18.6,15.3,23.5,0.0,13.7,1013.7,11.1,143,-0.7775971469736269,0.6287628145958344,0.7000000000000455,14.4,11.3,1013.0999999999998,1012.6,8.2
3065,3065,2023-05-24,19.7,15.8,25.1,0.7,11.1,1014.1,13.5,144,-0.7883050558305255,0.6152845999633276,0.39999999999997726,13.7,14.4,1013.5999999999998,1013.0,9.3
3066,3066,2023-05-25,16.7,15.3,18.4,8.8,13.5,1016.2,12.8,145,-0.7987793728863649,0.6016240632249226,2.1000000000000227,11.1,13.7,1014.6666666666664,1013.7,3.099999999999998
3067,3067,2023-05-26,17.4,14.1,20.6,0.0,12.8,1020.0,12.8,146,-0.8090169943749473,0.5877852522924732,3.7999999999999545,13.5,11.1,1016.7666666666664,1014.1,6.500000000000002
3068,3068,2023-05-27,19.9,16.2,24.5,0.0,12.8,1017.3,18.1,147,-0.8190148866680801,0.5737722679043246,-2.7000000000000455,12.8,13.5,1017.833333333333,1016.2,8.3
3069,3069,2023-05-28,19.8,16.6,23.6,0.0,18.1,1013.6,11.6,148,-0.8287700871745038,0.5595892624101765,-3.699999999999932,12.8,12.8,1016.9666666666662,1020.0,7.0
3070,3070,2023-05-29,19.5,17.4,23.0,0.0,11.6,1013.0,11.4,149,-0.8382797052177744,0.545240438540651,-0.6000000000000227,18.1,12.8,1014.6333333333329,1017.3,5.600000000000001
3071,3071,2023-05-30,19.8,16.7,23.2,0.0,11.4,1015.1,14.4,150,-0.8475409228928311,0.5307300481619334,2.1000000000000227,11.6,18.1,1013.8999999999997,1013.6,6.5
3072,3072,2023-05-31,20.4,17.4,25.3,2.7,14.4,1014.6,12.6,151,-0.8565509959010036,0.5160623910158528,-0.5,11.4,11.6,1014.233333333333,1013.0,7.900000000000002
3073,3073,2023-06-01,20.0,17.7,22.8,0.0,12.6,1014.9,12.3,152,-0.865307254363206,0.5012418134457758,0.2999999999999545,14.4,11.4,1014.8666666666663,1015.1,5.100000000000001
3074,3074,2023-06-02,19.4,16.2,22.8,0.0,12.3,1013.8,9.5,153,-0.8738071036110808,0.48627270710868997,-1.1000000000000227,12.6,14.4,1014.433333333333,1014.6,6.600000000000001
3075,3075,2023-06-03,20.0,17.0,23.2,0.0,9.5,1014.2,10.8,154,-0.8820480249558537,0.4711595076738638,0.40000000000009095,12.3,12.6,1014.2999999999997,1014.9,6.199999999999999
3076,3076,2023-06-04,20.1,16.8,23.4,0.0,10.8,1015.0,13.0,155,-0.8900275764346767,0.4559066935084588,0.7999999999999545,9.5,12.3,1014.333333333333,1013.8,6.599999999999998
3077,3077,2023-06-05,20.7,17.3,24.2,0.0,13.0,1015.4,16.2,156,-0.8977433935342337,0.440518784350495,0.39999999999997726,10.8,9.5,1014.8666666666664,1014.2,6.899999999999999
3078,3078,2023-06-06,21.6,18.1,25.0,0.0,16.2,1015.3,11.0,157,-0.9051931898913974,0.42500033996955416,-0.10000000000002274,13.0,10.8,1015.233333333333,1015.0,6.899999999999999
3079,3079,2023-06-07,21.2,18.6,24.6,0.0,11.0,1015.1,11.9,158,-0.9123747579707273,0.4093559588156213,-0.1999999999999318,16.2,13.0,1015.2666666666663,1015.4,6.0
3080,3080,2023-06-08,21.9,19.1,25.0,0.0,11.9,1012.5,14.8,159,-0.9192859697186104,0.39359027665646673,-2.6000000000000227,11.0,16.2,1014.2999999999997,1015.3,5.899999999999999
3081,3081,2023-06-09,22.7,21.1,25.9,0.0,14.8,1010.0,11.8,160,-0.9259247771938498,0.3777079652039649,-2.5,11.9,11.0,1012.533333333333,1015.1,4.799999999999997
3082,3082,2023-06-10,22.8,20.2,25.5,0.0,11.8,1012.4,12.8,161,-0.9322892131745133,0.36171373072976765,2.3999999999999773,14.8,11.9,1011.6333333333331,1012.5,5.300000000000001
3083,3083,2023-06-11,23.8,20.9,28.9,1.3,12.8,1013.5,12.2,162,-0.9383773917408641,0.3456123126707335,1.1000000000000227,11.8,14.8,1011.9666666666664,1010.0,8.0
3084,3084,2023-06-12,23.2,19.8,27.7,0.0,12.2,1011.7,13.8,163,-0.9441875088341993,0.3294084822245304,-1.7999999999999545,12.8,11.8,1012.5333333333332,1012.4,7.899999999999999
3085,3085,2023-06-13,22.7,19.8,27.0,0.0,13.8,1008.4,17.6,164,-0.9497178427914316,0.3131070409358269,-3.300000000000068,12.2,12.8,1011.1999999999997,1013.5,7.199999999999999
3086,3086,2023-06-14,22.2,18.4,26.8,0.0,17.6,1011.0,12.6,165,-0.9549667548552551,0.29671281927349075,2.6000000000000227,13.8,12.2,1010.3666666666663,1011.7,8.400000000000002
3087,3087,2023-06-15,23.2,20.1,27.2,0.0,12.6,1016.2,13.5,166,-0.9599326896597447,0.28023067519921585,5.2000000000000455,17.6,13.8,1011.8666666666663,1008.4,7.099999999999998
3088,3088,2023-06-16,23.6,20.5,26.0,0.0,13.5,1016.8,13.8,167,-0.9646141756912435,0.26366549272800704,0.599999999999909,12.6,17.6,1014.6666666666664,1011.0,5.5
3089,3089,2023-06-17,23.6,19.9,27.9,0.0,13.8,1014.8,10.8,168,-0.9690098257244062,0.24702218048093552,-2.0,13.5,12.6,1015.9333333333329,1016.2,8.0
3090,3090,2023-06-18,24.9,21.4,28.5,0.0,10.8,1013.5,24.9,169,-0.9731183372332619,0.23030567023061221,-1.2999999999999545,13.8,13.5,1015.033333333333,1016.8,7.100000000000001
3091,3091,2023-06-19,23.9,20.3,29.4,0.7,24.9,1012.3,12.6,170,-0.9769384927771817,0.21352091543979612,-1.2000000000000455,10.8,13.8,1013.533333333333,1014.8,9.099999999999998
3092,3092,2023-06-20,24.2,21.3,28.2,0.0,12.6,1011.0,19.7,171,-0.980469160361632,0.19667288979357647,-1.2999999999999545,24.9,10.8,1012.2666666666664,1013.5,6.899999999999999
3093,3093,2023-06-21,24.8,22.9,28.5,0.0,19.7,1012.5,15.8,172,-0.9837092937736097,0.1797665857255624,1.5,12.6,24.9,1011.933333333333,1012.3,5.600000000000001
3094,3094,2023-06-22,25.4,21.8,30.3,0.0,15.8,1016.1,14.4,173,-0.986657932891657,0.16280701293851715,3.6000000000000227,19.7,12.6,1013.1999999999997,1011.0,8.5
3095,3095,2023-06-23,24.5,22.0,27.9,0.0,14.4,1022.0,11.7,174,-0.9893142039703663,0.1457991969198751,5.899999999999977,15.8,19.7,1016.8666666666663,1012.5,5.899999999999999
3096,3096,2023-06-24,24.3,21.7,28.3,0.0,11.7,1018.9,15.5,175,-0.99167731989929,0.12874817745258132,-3.1000000000000227,14.4,15.8,1018.9999999999997,1016.1,6.600000000000001
3097,3097,2023-06-25,24.6,21.7,27.8,0.0,15.5,1017.1,13.1,176,-0.993746580436178,0.11165900712169512,-1.7999999999999545,11.7,14.4,1019.333333333333,1022.0,6.100000000000001
3098,3098,2023-06-26,25.1,22.7,28.3,0.0,13.1,1017.8,12.5,177,-0.9955213724144752,0.09453674981719912,0.6999999999999318,15.5,11.7,1017.933333333333,1018.9,5.600000000000001
3099,3099,2023-06-27,25.3,23.4,28.5,0.0,12.5,1017.3,13.0,178,-0.9970011699250151,0.07738647923346301,-0.5,13.1,15.5,1017.3999999999996,1017.1,5.100000000000001
3100,3100,2023-06-28,25.3,23.3,28.4,0.0,13.0,1014.9,10.6,179,-0.9981855344718586,0.06021327736579302,-2.3999999999999773,12.5,13.1,1016.6666666666664,1017.8,5.099999999999998
3101,3101,2023-06-29,25.6,19.7,28.7,5.8,10.6,1015.0,15.1,180,-0.99907411510223,0.04302223300453059,0.10000000000002274,13.0,12.5,1015.733333333333,1017.3,9.0
3102,3102,2023-06-30,23.1,18.6,26.5,0.0,15.1,1016.1,19.0,181,-0.9996666485105112,0.02581844022713308,1.1000000000000227,10.6,13.0,1015.333333333333,1014.9,7.899999999999999
3103,3103,2023-07-01,23.5,20.3,26.6,0.0,19.0,1015.6,13.3,182,-0.9999629591162655,0.008606996888688698,-0.5,15.1,10.6,1015.5666666666663,1015.0,6.300000000000001
3104,3104,2023-07-02,24.6,21.4,28.1,0.0,13.3,1015.8,12.9,183,-0.9999629591162655,-0.008606996888688009,0.1999999999999318,19.0,15.1,1015.833333333333,1016.1,6.700000000000003
3105,3105,2023-07-03,24.5,22.1,27.9,0.0,12.9,1016.7,12.4,184,-0.9996666485105112,-0.02581844022713239,0.900000000000091,13.3,19.0,1016.033333333333,1015.6,5.799999999999997
3106,3106,2023-07-04,24.6,21.7,28.0,0.0,12.4,1016.2,12.3,185,-0.99907411510223,-0.04302223300453034,-0.5,12.9,13.3,1016.2333333333331,1015.8,6.300000000000001
3107,3107,2023-07-05,24.0,22.7,26.3,0.7,12.3,1017.3,11.9,186,-0.9981855344718586,-0.060213277365792774,1.099999999999909,12.4,12.9,1016.733333333333,1016.7,3.6000000000000014
3108,3108,2023-07-06,24.8,22.0,28.3,0.0,11.9,1015.7,19.4,187,-0.9970011699250151,-0.07738647923346322,-1.599999999999909,12.3,12.4,1016.3999999999997,1016.2,6.300000000000001
3109,3109,2023-07-07,25.1,22.2,28.8,0.0,19.4,1015.2,15.6,188,-0.9955213724144752,-0.09453674981719933,-0.5,11.9,12.3,1016.0666666666663,1017.3,6.600000000000001
3110,3110,2023-07-08,25.7,23.0,30.3,0.0,15.6,1016.0,10.8,189,-0.9937465804361781,-0.11165900712169444,0.7999999999999545,19.4,11.9,1015.6333333333331,1015.7,7.300000000000001
3111,3111,2023-07-09,25.4,22.8,29.2,0.0,10.8,1018.5,11.8,190,-0.99167731989929,-0.12874817745258066,2.5,15.6,19.4,1016.5666666666663,1015.2,6.399999999999999
3112,3112,2023-07-10,25.9,24.2,29.5,0.0,11.8,1020.0,9.5,191,-0.9893142039703664,-0.14579919691987442,1.5,10.8,15.6,1018.1666666666664,1016.0,5.300000000000001
3113,3113,2023-07-11,26.6,24.5,30.5,0.0,9.5,1015.4,14.1,192,-0.9866579328916572,-0.16280701293851646,-4.600000000000023,11.8,10.8,1017.9666666666664,1018.5,6.0
3114,3114,2023-07-12,26.3,24.6,28.6,0.0,14.1,1014.1,14.9,193,-0.9837092937736098,-0.17976658572556214,-1.2999999999999545,9.5,11.8,1016.4999999999997,1020.0,4.0
3115,3115,2023-07-13,26.4,24.2,29.7,0.0,14.9,1017.3,16.4,194,-0.9804691603616321,-0.19667288979357622,3.199999999999932,14.1,9.5,1015.5999999999998,1015.4,5.5
3116,3116,2023-07-14,26.7,24.7,30.4,0.0,16.4,1016.2,11.8,195,-0.9769384927771817,-0.2135209154397959,-1.099999999999909,14.9,14.1,1015.8666666666663,1014.1,5.699999999999999
3117,3117,2023-07-15,26.7,24.2,30.3,0.0,11.8,1012.7,13.6,196,-0.973118337233262,-0.23030567023061196,-3.5,16.4,14.9,1015.3999999999997,1017.3,6.100000000000001
3118,3118,2023-07-16,26.1,25.3,28.8,0.0,13.6,1015.6,11.3,197,-0.9690098257244063,-0.24702218048093527,2.8999999999999773,11.8,16.4,1014.833333333333,1016.2,3.5
3119,3119,2023-07-17,26.3,24.6,29.4,0.0,11.3,1018.1,15.9,198,-0.9646141756912435,-0.2636654927280072,2.5,13.6,11.8,1015.4666666666664,1012.7,4.799999999999997
3120,3120,2023-07-18,26.5,23.4,29.8,0.0,15.9,1016.8,10.8,199,-0.9599326896597445,-0.2802306751992161,-1.3000000000000682,11.3,13.6,1016.833333333333,1015.6,6.400000000000002
3121,3121,2023-07-19,27.4,25.4,31.1,0.0,10.8,1015.2,12.0,200,-0.9549667548552553,-0.2967128192734901,-1.599999999999909,15.9,11.3,1016.6999999999997,1018.1,5.700000000000003
3122,3122,2023-07-20,26.7,24.3,29.8,0.0,12.0,1012.7,14.3,201,-0.9497178427914317,-0.3131070409358267,-2.5,10.8,15.9,1014.8999999999997,1016.8,5.5
3123,3123,2023-07-21,26.6,25.6,28.8,0.0,14.3,1012.0,11.5,202,-0.9441875088341994,-0.3294084822245302,-0.7000000000000455,12.0,10.8,1013.2999999999997,1015.2,3.1999999999999993
3124,3124,2023-07-22,26.1,24.2,28.7,0.0,11.5,1016.5,11.3,203,-0.9383773917408642,-0.3456123126707333,4.5,14.3,12.0,1013.7333333333331,1012.7,4.5
3125,3125,2023-07-23,26.4,23.8,29.8,0.1,11.3,1014.7,14.3,204,-0.9322892131745134,-0.3617137307297674,-1.7999999999999545,11.5,14.3,1014.3999999999996,1012.0,6.0
3126,3126,2023-07-24,26.7,24.9,30.1,0.0,14.3,1008.7,21.9,205,-0.9259247771938499,-0.37770796520396466,-6.0,11.3,11.5,1013.2999999999997,1016.5,5.200000000000003
3127,3127,2023-07-25,27.0,24.1,32.5,0.0,21.9,1010.8,17.8,206,-0.9192859697186105,-0.39359027665646645,2.099999999999909,14.3,11.3,1011.3999999999996,1014.7,8.399999999999999
3128,3128,2023-07-26,24.7,23.0,26.8,0.0,17.8,1016.6,14.3,207,-0.9123747579707274,-0.4093559588156211,5.800000000000068,21.9,14.3,1012.0333333333332,1008.7,3.8000000000000007
3129,3129,2023-07-27,24.9,21.8,29.2,0.9,14.3,1015.1,16.1,208,-0.9051931898913975,-0.42500033996955394,-1.5,17.8,21.9,1014.1666666666664,1010.8,7.399999999999999
3130,3130,2023-07-28,24.9,20.7,29.4,0.0,16.1,1014.0,16.9,209,-0.8977433935342336,-0.4405187843504952,-1.1000000000000227,14.3,17.8,1015.2333333333331,1016.6,8.7
3131,3131,2023-07-29,26.3,23.3,30.1,0.0,16.9,1013.5,10.8,210,-0.8900275764346766,-0.455906693508459,-0.5,16.1,14.3,1014.1999999999997,1015.1,6.800000000000001
3132,3132,2023-07-30,26.7,25.1,30.1,0.0,10.8,1016.7,11.3,211,-0.8820480249558535,-0.47115950767386394,3.2000000000000455,16.9,16.1,1014.7333333333331,1014.0,5.0
3133,3133,2023-07-31,26.1,23.5,29.5,0.2,11.3,1016.3,13.5,212,-0.8738071036110807,-0.4862727071086902,-0.40000000000009095,10.8,16.9,1015.4999999999997,1013.5,6.0
3134,3134,2023-08-01,27.2,25.1,31.6,0.0,13.5,1012.0,19.0,213,-0.8653072543632061,-0.5012418134457756,-4.2999999999999545,11.3,10.8,1014.9999999999997,1016.7,6.5
3135,3135,2023-08-02,27.4,24.7,31.2,0.0,19.0,1009.7,14.5,214,-0.8565509959010037,-0.5160623910158526,-2.2999999999999545,13.5,11.3,1012.6666666666664,1016.3,6.5
3136,3136,2023-08-03,25.3,21.4,27.4,18.6,14.5,1011.0,15.9,215,-0.8475409228928312,-0.5307300481619331,1.2999999999999545,19.0,13.5,1010.8999999999997,1012.0,6.0
3137,3137,2023-08-04,23.5,18.9,27.4,0.0,15.9,1014.6,18.9,216,-0.8382797052177745,-0.5452404385406507,3.6000000000000227,14.5,19.0,1011.7666666666664,1009.7,8.5
3138,3138,2023-08-05,23.9,20.1,28.3,0.0,18.9,1016.2,15.7,217,-0.828770087174504,-0.5595892624101763,1.6000000000000227,15.9,14.5,1013.933333333333,1011.0,8.2
3139,3139,2023-08-06,23.8,21.8,26.7,0.0,15.7,1016.5,15.8,218,-0.8190148866680802,-0.5737722679043243,0.2999999999999545,18.9,15.9,1015.7666666666664,1014.6,4.899999999999999
3140,3140,2023-08-07,24.0,23.2,26.8,0.2,15.8,1019.0,16.3,219,-0.8090169943749472,-0.5877852522924734,2.5,15.7,18.9,1017.233333333333,1016.2,3.6000000000000014
3141,3141,2023-08-08,24.7,21.9,28.7,0.0,16.3,1017.6,15.4,220,-0.7987793728863648,-0.6016240632249227,-1.3999999999999773,15.8,15.7,1017.6999999999997,1016.5,6.800000000000001
3142,3142,2023-08-09,25.3,22.3,29.0,0.0,15.4,1017.6,14.6,221,-0.7883050558305253,-0.6152845999633277,0.0,16.3,15.8,1018.0666666666663,1019.0,6.699999999999999
3143,3143,2023-08-10,26.7,24.1,29.7,0.0,14.6,1017.3,15.8,222,-0.7775971469736268,-0.6287628145958345,-0.3000000000000682,15.4,16.3,1017.4999999999997,1017.6,5.599999999999998
3144,3144,2023-08-11,26.3,23.2,30.8,0.0,15.8,1020.1,13.1,223,-0.7666588193001592,-0.6420547132365636,2.800000000000068,14.6,15.4,1018.333333333333,1017.6,7.600000000000001
3145,3145,2023-08-12,26.1,23.9,28.9,0.0,13.1,1019.4,9.6,224,-0.7554933140726804,-0.655156357209085,-0.7000000000000455,15.8,14.6,1018.933333333333,1017.3,5.0
3146,3146,2023-08-13,26.1,23.7,29.2,0.0,9.6,1017.4,11.2,225,-0.7441039398713608,-0.6680638642135333,-2.0,13.1,15.8,1018.9666666666664,1020.1,5.5
3147,3147,2023-08-14,26.3,23.0,30.4,0.0,11.2,1015.4,14.4,226,-0.7324940716135792,-0.6807734094770159,-2.0,9.6,13.1,1017.3999999999996,1019.4,7.399999999999999
3148,3148,2023-08-15,26.4,23.2,30.1,0.0,14.4,1015.7,16.6,227,-0.7206671495538615,-0.6932812268869771,0.3000000000000682,11.2,9.6,1016.1666666666664,1017.4,6.900000000000002
3149,3149,2023-08-16,26.3,23.6,29.8,0.0,16.6,1015.3,24.8,228,-0.70862667826446,-0.7055836101071774,-0.40000000000009095,14.4,11.2,1015.4666666666662,1015.4,6.199999999999999
3150,3150,2023-08-17,27.0,24.3,30.3,0.0,24.8,1013.6,11.2,229,-0.6963762255968726,-0.7176769136759615,-1.6999999999999318,16.6,14.4,1014.8666666666663,1015.7,6.0
3151,3151,2023-08-18,26.2,23.5,29.4,0.0,11.2,1013.2,10.8,230,-0.6839194216246105,-0.7295575540864876,-0.39999999999997726,24.8,16.6,1014.033333333333,1015.3,5.899999999999999
3152,3152,2023-08-19,26.5,24.3,30.6,0.0,10.8,1016.0,9.7,231,-0.6712599575675315,-0.7412220108485957,2.7999999999999545,11.2,24.8,1014.2666666666664,1013.6,6.300000000000001
3153,3153,2023-08-20,28.1,24.3,32.7,0.0,9.7,1018.2,8.1,232,-0.6584015846980489,-0.7526668275320083,2.2000000000000455,10.8,11.2,1015.7999999999997,1013.2,8.400000000000002
3154,3154,2023-08-21,29.4,26.3,34.2,0.0,8.1,1018.6,9.1,233,-0.64534811322955,-0.7638886127905429,0.39999999999997726,9.7,10.8,1017.5999999999998,1016.0,7.900000000000002
3155,3155,2023-08-22,28.8,26.2,32.3,0.0,9.1,1017.5,9.8,234,-0.6321034111873488,-0.7748840413670406,-1.1000000000000227,8.1,9.7,1018.0999999999998,1018.2,6.099999999999998
3156,3156,2023-08-23,30.2,26.7,35.1,0.0,9.8,1015.0,13.6,235,-0.6186714032625032,-0.7856498550787144,-2.5,9.1,8.1,1017.0333333333332,1018.6,8.400000000000002
3157,3157,2023-08-24,29.2,26.8,32.1,0.0,13.6,1014.0,12.2,236,-0.6050560696488494,-0.7961828637826154,-1.0,9.8,9.1,1015.4999999999997,1017.5,5.300000000000001
3158,3158,2023-08-25,28.1,25.6,31.4,0.0,12.2,1013.2,16.4,237,-0.5912614448635782,-0.8064799463209447,-0.7999999999999545,13.6,9.8,1014.0666666666663,1015.0,5.799999999999997
3159,3159,2023-08-26,26.7,21.9,29.8,13.9,16.4,1012.3,17.6,238,-0.5772916165517278,-0.8165380514459157,-0.900000000000091,12.2,13.6,1013.1666666666664,1014.0,7.900000000000002
3160,3160,2023-08-27,20.7,18.1,28.1,19.7,17.6,1009.5,16.7,239,-0.5631507242749187,-0.8263541987239094,-2.7999999999999545,16.4,12.2,1011.6666666666664,1013.2,10.0
3161,3161,2023-08-28,22.9,17.2,30.9,0.0,16.7,1011.2,15.6,240,-0.5488429582847199,-0.8359254794186365,1.7000000000000455,17.6,16.4,1010.9999999999997,1012.3,13.7
3162,3162,2023-08-29,22.9,18.5,26.8,7.0,15.6,1011.0,16.9,241,-0.5343725582809785,-0.8452490573530634,-0.20000000000004547,16.7,17.6,1010.5666666666663,1009.5,8.3
3163,3163,2023-08-30,22.4,18.3,25.4,3.9,16.9,1011.1,14.5,242,-0.5197438121555157,-0.8543221697498269,0.10000000000002274,15.6,16.7,1011.0999999999998,1011.2,7.099999999999998
3164,3164,2023-08-31,23.3,20.2,27.6,0.0,14.5,1016.1,13.3,243,-0.5049610547215202,-0.8631421280499115,5.0,16.9,15.6,1012.733333333333,1011.0,7.400000000000002
3165,3165,2023-09-01,24.1,20.5,28.1,0.0,13.3,1017.1,23.1,244,-0.4900286664290594,-0.8717063187093217,1.0,14.5,16.9,1014.7666666666664,1011.1,7.600000000000001
3166,3166,2023-09-02,24.4,23.0,26.5,0.0,23.1,1016.3,39.8,245,-0.4749510720670502,-0.8800122039735356,-0.8000000000000682,13.3,14.5,1016.4999999999997,1016.1,3.5
3167,3167,2023-09-03,25.4,23.4,29.2,0.0,39.8,1018.2,35.2,246,-0.4597327394521046,-0.888057322629493,1.900000000000091,23.1,13.3,1017.1999999999997,1017.1,5.800000000000001
3168,3168,2023-09-04,27.3,25.0,30.8,0.0,35.2,1016.5,19.0,247,-0.4443781781046134,-0.8958392907349089,-1.7000000000000455,39.8,23.1,1016.9999999999997,1016.3,5.800000000000001
3169,3169,2023-09-05,25.4,22.7,28.4,0.0,19.0,1016.9,14.5,248,-0.4288919379124841,-0.9033558023246842,0.39999999999997726,35.2,39.8,1017.1999999999997,1018.2,5.699999999999999
3170,3170,2023-09-06,24.4,21.6,27.8,0.0,14.5,1018.4,10.9,249,-0.41327860778290443,-0.9106046300942162,1.5,19.0,35.2,1017.2666666666664,1016.5,6.199999999999999
3171,3171,2023-09-07,22.8,19.5,26.6,0.0,10.9,1018.3,10.2,250,-0.3975428142825566,-0.9175836260593934,-0.10000000000002274,14.5,19.0,1017.8666666666663,1016.9,7.100000000000001
3172,3172,2023-09-08,22.7,18.9,26.8,0.0,10.2,1017.9,10.8,251,-0.3816892202666586,-0.9242907221930934,-0.39999999999997726,10.9,14.5,1018.1999999999997,1018.4,7.900000000000002
3173,3173,2023-09-09,22.5,18.7,26.5,0.0,10.8,1017.5,10.2,252,-0.3657225234972692,-0.9307239310379793,-0.39999999999997726,10.2,10.9,1017.8999999999996,1018.3,7.800000000000001
3174,3174,2023-09-10,22.8,19.3,26.8,0.0,10.2,1017.7,10.1,253,-0.34964745525122826,-0.9368813462954315,0.20000000000004547,10.8,10.2,1017.6999999999998,1017.9,7.5
3175,3175,2023-09-11,23.6,20.1,27.2,0.0,10.1,1015.3,11.7,254,-0.33346877891818705,-0.9427611433904206,-2.400000000000091,10.2,10.8,1016.833333333333,1017.5,7.099999999999998
3176,3176,2023-09-12,24.0,21.0,28.1,0.0,11.7,1014.1,12.4,255,-0.31719128858910595,-0.9483615800121716,-1.1999999999999318,10.1,10.2,1015.6999999999997,1017.7,7.100000000000001
3177,3177,2023-09-13,24.2,21.8,28.1,0.0,12.4,1017.6,12.6,256,-0.300819807635668,-0.9536809966304455,3.5,11.7,10.1,1015.6666666666664,1015.3,6.300000000000001
3178,3178,2023-09-14,23.2,20.4,27.7,0.0,12.6,1018.3,14.6,257,-0.2843591872810036,-0.9587178169872964,0.6999999999999318,12.4,11.7,1016.6666666666664,1014.1,7.300000000000001
3179,3179,2023-09-15,21.4,19.7,26.0,26.4,14.6,1014.4,11.9,258,-0.26781430516217486,-0.9634705485641486,-3.8999999999999773,12.6,12.4,1016.7666666666664,1017.6,6.300000000000001
3180,3180,2023-09-16,22.7,19.3,27.0,0.0,11.9,1012.4,14.0,259,-0.25119006388481957,-0.9679377830240642,-2.0,14.6,12.6,1015.033333333333,1018.3,7.699999999999999
3181,3181,2023-09-17,24.4,21.4,28.8,1.2,14.0,1012.2,16.0,260,-0.23449138957041052,-0.9721181966290612,-0.1999999999999318,11.9,14.6,1012.9999999999997,1014.4,7.400000000000002
3182,3182,2023-09-18,25.4,22.9,28.5,0.0,16.0,1013.9,8.7,261,-0.21772323039653224,-0.9760105506323682,1.6999999999999318,14.0,11.9,1012.833333333333,1012.4,5.600000000000001
3183,3183,2023-09-19,22.3,19.5,26.1,11.2,8.7,1017.9,15.1,262,-0.20089055513063528,-0.9796136916454901,4.0,16.0,14.0,1014.6666666666664,1012.2,6.600000000000001
3184,3184,2023-09-20,21.5,18.8,24.5,0.0,15.1,1012.4,14.2,263,-0.18399835165767986,-0.9829265519799822,-5.5,8.7,16.0,1014.733333333333,1013.9,5.699999999999999
3185,3185,2023-09-21,22.6,18.6,26.8,0.0,14.2,1006.4,12.4,264,-0.1670516255021195,-0.9859481499638303,-6.0,15.1,8.7,1012.233333333333,1017.9,8.2
3186,3186,2023-09-22,22.3,19.3,27.3,0.0,12.4,1009.3,13.4,265,-0.15005539834465262,-0.9886775902323404,2.8999999999999773,14.2,15.1,1009.3666666666663,1012.4,8.0
3187,3187,2023-09-23,20.2,16.1,24.0,0.0,13.4,1018.1,16.5,266,-0.13301470653419636,-0.9911140639934546,8.800000000000068,12.4,14.2,1011.2666666666663,1006.4,7.899999999999999
3188,3188,2023-09-24,20.7,16.2,25.4,0.0,16.5,1021.3,11.7,267,-0.11593459959550066,-0.9932568492674143,3.199999999999932,13.4,12.4,1016.233333333333,1009.3,9.2
3189,3189,2023-09-25,21.1,17.4,24.8,0.0,11.7,1020.9,11.0,268,-0.09882013873287211,-0.9951053111006974,-0.39999999999997726,16.5,13.4,1020.0999999999998,1018.1,7.400000000000002
3190,3190,2023-09-26,20.8,17.5,25.4,0.0,11.0,1020.7,16.8,269,-0.08167639533042288,-0.99665890175417,-0.1999999999999318,11.7,16.5,1020.9666666666664,1021.3,7.899999999999999
3191,3191,2023-09-27,21.4,17.7,25.8,0.0,16.8,1019.4,16.6,270,-0.06450844944931625,-0.9979171608653922,-1.3000000000000682,11.0,11.7,1020.333333333333,1020.9,8.100000000000001
3192,3192,2023-09-28,22.4,19.1,26.3,0.0,16.6,1019.1,10.9,271,-0.04732138832243232,-0.9988797155850335,-0.2999999999999545,16.8,11.0,1019.733333333333,1020.7,7.199999999999999
3193,3193,2023-09-29,22.8,19.7,27.0,0.0,10.9,1021.9,13.5,272,-0.03012030484690836,-0.9995462806873573,2.7999999999999545,16.6,16.8,1020.1333333333331,1019.4,7.300000000000001
3194,3194,2023-09-30,23.6,19.7,28.9,0.0,13.5,1023.2,14.0,273,-0.012910296075008843,-0.9999166586547379,1.3000000000000682,10.9,16.6,1021.3999999999996,1019.1,9.2
3195,3195,2023-10-01,22.9,19.9,26.6,0.0,14.0,1022.8,11.0,274,0.004303538296243821,-0.9999907397361901,-0.40000000000009095,13.5,10.9,1022.6333333333331,1021.9,6.700000000000003
3196,3196,2023-10-02,22.4,19.9,26.3,0.0,11.0,1023.3,12.2,275,0.021516097436222233,-0.9997685019798909,0.5,14.0,13.5,1023.0999999999996,1023.2,6.400000000000002
3197,3197,2023-10-03,22.4,19.4,26.3,0.0,12.2,1023.8,14.8,276,0.03872228089217399,-0.9992500112396835,0.5,11.0,14.0,1023.2999999999997,1022.8,6.900000000000002
3198,3198,2023-10-04,23.4,21.0,27.3,0.0,14.8,1025.3,12.0,277,0.05591699010060302,-0.9984354211555643,1.5,12.2,11.0,1024.133333333333,1023.3,6.300000000000001
3199,3199,2023-10-05,22.7,20.4,27.3,0.0,12.0,1024.3,8.7,278,0.07309512989807776,-0.9973249731081555,-1.0,14.8,12.2,1024.4666666666662,1023.8,6.900000000000002
3200,3200,2023-10-06,22.6,19.7,26.7,0.0,8.7,1024.2,8.3,279,0.0902516100310407,-0.9959189961471792,-0.09999999999990905,12.0,14.8,1024.5999999999997,1025.3,7.0
3201,3201,2023-10-07,22.2,19.5,26.8,0.0,8.3,1024.5,10.5,280,0.10738134666416306,-0.994217906893952,0.2999999999999545,8.7,12.0,1024.333333333333,1024.3,7.300000000000001
3202,3202,2023-10-08,21.4,18.5,26.1,0.0,10.5,1024.5,14.3,281,0.12447926388678869,-0.9922222094179324,0.0,8.3,8.7,1024.3999999999996,1024.2,7.600000000000001
3203,3203,2023-10-09,21.0,18.4,25.6,0.0,14.3,1024.3,14.4,282,0.141540295217043,-0.989932495087353,-0.20000000000004547,10.5,8.3,1024.4333333333332,1024.5,7.200000000000003
3204,3204,2023-10-10,20.9,17.5,26.0,0.0,14.4,1022.4,13.0,283,0.15855938510313475,-0.9873494423939864,-1.8999999999999773,14.3,10.5,1023.733333333333,1024.5,8.5
3205,3205,2023-10-11,20.6,17.0,25.4,0.0,13.0,1021.7,13.5,284,0.17553149042142777,-0.9844738167520923,-0.6999999999999318,14.4,14.3,1022.7999999999997,1024.3,8.399999999999999
3206,3206,2023-10-12,20.2,17.3,25.4,0.0,13.5,1021.2,16.1,285,0.19245158197082995,-0.9813064702716093,-0.5,13.0,14.4,1021.7666666666664,1022.4,8.099999999999998
3207,3207,2023-10-13,21.0,17.7,25.8,0.0,16.1,1019.3,12.8,286,0.20931464596304888,-0.9778483415056567,-1.900000000000091,13.5,13.0,1020.733333333333,1021.7,8.100000000000001
3208,3208,2023-10-14,21.8,18.7,26.5,0.0,12.8,1018.3,12.9,287,0.22611568550828803,-0.9741004551724206,-1.0,16.1,13.5,1019.5999999999998,1021.2,7.800000000000001
3209,3209,2023-10-15,19.9,18.9,21.8,53.6,12.9,1017.1,14.2,288,0.2428497220959358,-0.970063921851507,-1.1999999999999318,12.8,16.1,1018.233333333333,1019.3,2.900000000000002
3210,3210,2023-10-16,19.1,17.3,20.7,10.0,14.2,1013.1,10.0,289,0.25951179706979943,-0.965739937654855,-4.0,12.9,12.8,1016.1666666666664,1018.3,3.3999999999999986
3211,3211,2023-10-17,19.9,16.6,24.7,0.0,10.0,1010.9,15.0,290,0.27609697309746883,-0.9611297838723007,-2.2000000000000455,14.2,12.9,1013.6999999999997,1017.1,8.099999999999998
3212,3212,2023-10-18,22.0,19.5,26.8,0.0,15.0,1005.2,22.2,291,0.2926003356333479,-0.9562348265919058,-5.699999999999932,10.0,14.2,1009.733333333333,1013.1,7.300000000000001
3213,3213,2023-10-19,21.9,17.1,25.0,3.6,22.2,997.2,22.2,292,0.30901699437494723,-0.9510565162951536,-8.0,15.0,10.0,1004.433333333333,1010.9,7.899999999999999
3214,3214,2023-10-20,19.4,16.5,24.2,0.0,22.2,992.2,12.3,293,0.3253420847119795,-0.9455963874271428,-5.0,22.2,15.0,998.1999999999998,1005.2,7.699999999999999
3215,3215,2023-10-21,17.4,13.9,21.6,0.0,12.3,1005.0,16.0,294,0.341570769167856,-0.9398560579418953,12.799999999999955,22.2,22.2,998.1333333333331,997.2,7.700000000000001
3216,3216,2023-10-22,16.2,11.0,21.2,0.0,16.0,1011.1,22.1,295,0.35769823883312546,-0.9338372288229252,6.100000000000023,12.3,22.2,1002.7666666666664,992.2,10.2
3217,3217,2023-10-23,20.8,17.6,24.4,18.1,22.1,1006.5,15.4,296,0.3737197147904692,-0.9275416835791965,-4.600000000000023,16.0,12.3,1007.533333333333,1005.0,6.799999999999997
3218,3218,2023-10-24,18.2,15.3,22.7,0.0,15.4,1009.6,17.7,297,0.38963044953078774,-0.9209712877166347,3.1000000000000227,22.1,16.0,1009.0666666666663,1011.1,7.399999999999999
3219,3219,2023-10-25,19.3,15.8,24.7,0.0,17.7,1009.1,16.7,298,0.4054257283599973,-0.9141279881853337,-0.5,15.4,22.1,1008.3999999999997,1006.5,8.899999999999999
3220,3220,2023-10-26,20.8,19.5,23.5,0.0,16.7,1004.3,21.6,299,0.42110087079608916,-0.9070138128026362,-4.800000000000068,17.7,15.4,1007.6666666666664,1009.6,4.0
3221,3221,2023-10-27,19.0,16.1,23.5,0.0,21.6,1005.8,15.2,300,0.4366512319560638,-0.8996308696522434,1.5,16.7,17.7,1006.3999999999996,1009.1,7.399999999999999
3222,3222,2023-10-28,18.1,14.7,22.8,0.0,15.2,1008.4,10.6,301,0.45207220393230374,-0.8919813464595487,2.6000000000000227,21.6,16.7,1006.1666666666664,1004.3,8.100000000000001
3223,3223,2023-10-29,17.0,13.2,22.3,0.0,10.6,1007.5,17.6,302,0.46735921715800205,-0.8840675099433637,-0.8999999999999773,15.2,21.6,1007.233333333333,1005.8,9.100000000000001
3224,3224,2023-10-30,16.7,14.6,21.6,0.4,17.6,1004.6,15.6,303,0.48250774176121763,-0.8758917051442433,-2.8999999999999773,10.6,15.2,1006.833333333333,1008.4,7.000000000000002
3225,3225,2023-10-31,15.5,12.1,19.4,0.0,15.6,1014.6,15.4,304,0.4975132889071803,-0.8674563547295971,10.0,17.6,10.6,1008.8999999999996,1007.5,7.299999999999999
3226,3226,2023-11-01,15.4,10.5,20.3,0.0,15.4,1012.2,27.0,305,0.5123714121284235,-0.858763958275803,-2.3999999999999773,15.6,17.6,1010.4666666666664,1004.6,9.8
3227,3227,2023-11-02,17.4,12.7,21.7,0.6,27.0,999.2,24.2,306,0.5270777086423724,-0.8498170915275277,-13.0,15.4,15.6,1008.6666666666664,1014.6,9.0
3228,3228,2023-11-03,14.6,11.8,20.0,0.0,24.2,1001.0,22.8,307,0.5416278206559811,-0.8406184056344783,1.7999999999999545,27.0,15.4,1004.1333333333331,1012.2,8.2
3229,3229,2023-11-04,15.6,12.2,20.1,0.1,22.8,998.8,28.9,308,0.5560174366570446,-0.8311706263658079,-2.2000000000000455,24.2,27.0,999.6666666666664,999.2,7.900000000000002
3230,3230,2023-11-05,17.2,12.7,21.3,0.0,28.9,1004.3,12.2,309,0.5702422926917867,-0.8214765533024145,5.5,22.8,24.2,1001.3666666666663,1001.0,8.600000000000001
3231,3231,2023-11-06,14.8,10.4,20.3,0.0,12.2,1014.5,16.7,310,0.5842981736283683,-0.8115390590073611,10.200000000000045,28.9,22.8,1005.8666666666663,998.8,9.9
3232,3232,2023-11-07,11.7,7.6,16.6,0.0,16.7,1021.1,15.2,311,0.5981809144059158,-0.801361088174677,6.600000000000023,12.2,28.9,1013.2999999999997,1004.3,9.000000000000002
3233,3233,2023-11-08,11.7,7.5,16.3,0.4,15.2,1022.5,11.1,312,0.6118864012687242,-0.7909456567567774,1.3999999999999773,16.7,12.2,1019.3666666666663,1014.5,8.8
3234,3234,2023-11-09,13.4,10.8,16.6,0.2,11.1,1015.6,16.1,313,0.6254105729852457,-0.780295851070776,-6.899999999999977,15.2,16.7,1019.733333333333,1021.1,5.800000000000001
3235,3235,2023-11-10,16.1,12.2,20.7,0.0,16.1,1013.3,6.8,314,0.6387494220515268,-0.7694148268839381,-2.300000000000068,11.1,15.2,1017.1333333333331,1022.5,8.5
3236,3236,2023-11-11,14.7,12.2,18.1,0.1,6.8,1013.2,11.2,315,0.6518989958787125,-0.7583058084785625,-0.09999999999990905,16.1,11.1,1014.0333333333332,1015.6,5.900000000000002
3237,3237,2023-11-12,16.9,14.5,21.7,0.0,11.2,1015.2,14.2,316,0.6648553979642866,-0.7469720876965551,2.0,6.8,16.1,1013.8999999999996,1013.3,7.199999999999999
3238,3238,2023-11-13,16.6,12.0,22.1,0.0,14.2,1020.4,12.9,317,0.6776147890466887,-0.7354170229639858,5.199999999999932,11.2,6.8,1016.2666666666664,1013.2,10.100000000000001
3239,3239,2023-11-14,17.3,13.8,23.3,0.0,12.9,1019.7,9.0,318,0.690173388242972,-0.7236440382959124,-0.6999999999999318,14.2,11.2,1018.433333333333,1015.2,9.5
3240,3240,2023-11-15,16.6,14.5,19.0,0.0,9.0,1023.3,15.4,319,0.7025274741691566,-0.711656622281775,3.599999999999909,12.9,14.2,1021.1333333333331,1020.4,4.5
3241,3241,2023-11-16,16.1,14.2,19.4,0.0,15.4,1020.8,9.5,320,0.7146733860429608,-0.6994583270516471,-2.5,9.0,12.9,1021.2666666666663,1019.7,5.199999999999999
3242,3242,2023-11-17,15.2,12.8,19.1,0.0,9.5,1023.5,16.6,321,0.7266075247685652,-0.6870527672236675,2.7000000000000455,15.4,9.0,1022.533333333333,1023.3,6.300000000000001
3243,3243,2023-11-18,14.4,12.0,18.5,0.0,16.6,1025.8,6.4,322,0.7383263540031063,-0.6744436188329457,2.2999999999999545,9.5,15.4,1023.3666666666663,1020.8,6.5
3244,3244,2023-11-19,13.4,10.6,16.8,0.0,6.4,1023.0,9.0,323,0.749826401204568,-0.661634618242279,-2.7999999999999545,16.6,9.5,1024.0999999999997,1023.5,6.200000000000001
3245,3245,2023-11-20,13.3,9.7,18.2,0.0,9.0,1019.2,11.0,324,0.7611042586607742,-0.6486295610349818,-3.7999999999999545,6.4,16.6,1022.6666666666664,1025.8,8.5
3246,3246,2023-11-21,14.1,11.7,17.4,0.0,11.0,1014.2,15.8,325,0.7721565844991641,-0.6354323008901775,-5.0,9.0,6.4,1018.7999999999997,1023.0,5.699999999999999
3247,3247,2023-11-22,14.3,8.4,20.4,0.0,15.8,1016.2,16.7,326,0.7829801036770624,-0.622046748440868,2.0,11.0,9.0,1016.5333333333332,1019.2,11.999999999999998
3248,3248,2023-11-23,11.0,6.6,17.5,0.0,16.7,1021.3,21.9,327,0.7935716089521472,-0.6084768701151264,5.099999999999909,15.8,11.0,1017.233333333333,1014.2,10.9
3249,3249,2023-11-24,13.2,9.1,21.2,0.0,21.9,1013.4,14.4,328,0.8039279618328208,-0.594726686960764,-7.899999999999977,16.7,15.8,1016.9666666666664,1016.2,12.1
3250,3250,2023-11-25,13.2,10.3,16.0,0.0,14.4,1013.8,8.7,329,0.8140460935082175,-0.5808002734538013,0.39999999999997726,21.9,16.7,1016.1666666666664,1021.3,5.699999999999999
3251,3251,2023-11-26,12.2,9.9,15.0,0.0,8.7,1017.4,12.9,330,0.8239230057575536,-0.5667017562911184,3.6000000000000227,14.4,21.9,1014.8666666666663,1013.4,5.1
3252,3252,2023-11-27,11.9,8.3,15.9,0.0,12.9,1012.1,11.8,331,0.8335557718385695,-0.5524353131676203,-5.2999999999999545,8.7,14.4,1014.4333333333329,1013.8,7.6
3253,3253,2023-11-28,12.7,10.1,18.1,0.0,11.8,1007.3,8.0,332,0.8429415373547832,-0.5380051715382992,-4.800000000000068,12.9,8.7,1012.2666666666664,1017.4,8.000000000000002
3254,3254,2023-11-29,12.5,10.5,15.4,0.0,8.0,1007.7,15.9,333,0.8520775211013093,-0.5234156073655503,0.40000000000009095,11.8,12.9,1009.033333333333,1012.1,4.9
3255,3255,2023-11-30,15.0,9.9,21.0,0.0,15.9,1001.4,15.5,334,0.8609610158889945,-0.5086709438521042,-6.300000000000068,8.0,11.8,1005.4666666666664,1007.3,11.1
3256,3256,2023-12-01,15.4,10.3,18.9,0.0,15.5,997.6,11.6,335,0.8695893893466109,-0.49377555015997737,-3.7999999999999545,15.9,8.0,1002.233333333333,1007.7,8.599999999999998
3257,3257,2023-12-02,11.4,8.5,15.2,0.0,11.6,1010.7,13.1,336,0.8779600847008883,-0.4787338401157883,13.100000000000023,15.5,15.9,1003.2333333333331,1001.4,6.699999999999999
3258,3258,2023-12-03,8.9,6.3,13.5,0.0,13.1,1021.1,15.7,337,0.8860706215341378,-0.4635502709028512,10.399999999999977,11.6,15.5,1009.7999999999997,997.6,7.2
3259,3259,2023-12-04,10.9,7.3,14.9,0.0,15.7,1015.2,11.8,338,0.893918596519257,-0.4482293417404106,-5.899999999999977,13.1,11.6,1015.6666666666664,1010.7,7.6000000000000005
3260,3260,2023-12-05,9.8,7.2,14.0,0.0,11.8,1016.5,13.6,339,0.9015016841318838,-0.4327755925504317,1.2999999999999545,15.7,13.1,1017.5999999999998,1021.1,6.8
3261,3261,2023-12-06,9.2,6.4,14.2,0.0,13.6,1017.3,18.2,340,0.9088176373395028,-0.41719360261231697,0.7999999999999545,11.8,15.7,1016.333333333333,1015.2,7.799999999999999
3262,3262,2023-12-07,9.9,4.7,15.2,1.1,18.2,1018.1,11.3,341,0.9158642882672868,-0.4014879892059737,0.8000000000000682,13.6,11.8,1017.2999999999997,1016.5,10.5
3263,3263,2023-12-08,12.7,9.8,16.6,0.0,11.3,1013.6,18.1,342,0.9226395488404875,-0.38566340624360745,-4.5,18.2,13.6,1016.333333333333,1017.3,6.800000000000001
3264,3264,2023-12-09,11.7,7.9,16.7,0.0,18.1,1019.7,15.0,343,0.9291414114031743,-0.3697245428906732,6.100000000000023,11.3,18.2,1017.1333333333331,1018.1,8.799999999999999
3265,3265,2023-12-10,13.6,9.5,19.1,0.0,15.0,1021.5,10.1,344,0.935367949313148,-0.3536761221763721,1.7999999999999545,18.1,11.3,1018.2666666666664,1013.6,9.600000000000001
3266,3266,2023-12-11,14.2,10.8,20.0,0.0,10.1,1018.8,5.9,345,0.941317317512847,-0.33752289959411347,-2.7000000000000455,15.0,18.1,1019.9999999999997,1019.7,9.2
3267,3267,2023-12-12,14.8,10.0,19.7,0.0,5.9,1014.1,19.5,346,0.9469877530760751,-0.32126966169236515,-4.699999999999932,10.1,15.0,1018.1333333333331,1021.5,9.7
3268,3268,2023-12-13,15.2,12.0,16.8,0.0,19.5,1009.4,22.5,347,0.9523775757303973,-0.3049212246562894,-4.7000000000000455,5.9,10.1,1014.0999999999998,1018.8,4.800000000000001
3269,3269,2023-12-14,13.4,9.2,18.1,0.0,22.5,1018.3,12.7,348,0.9574851883550389,-0.2884824328806098,8.899999999999977,19.5,5.9,1013.933333333333,1014.1,8.900000000000002
3270,3270,2023-12-15,10.8,8.0,17.0,0.0,12.7,1030.9,16.1,349,0.9623090774541487,-0.27195815753410524,12.600000000000136,22.5,19.5,1019.5333333333332,1009.4,9.0
3271,3271,2023-12-16,9.5,6.0,15.5,0.0,16.1,1036.0,15.9,350,0.9668478136052773,-0.2553532951161881,5.099999999999909,12.7,22.5,1028.3999999999996,1018.3,9.5
3272,3272,2023-12-17,7.9,3.6,13.7,0.0,15.9,1037.8,14.8,351,0.9711000518829505,-0.23867276600594997,1.7999999999999545,16.1,12.7,1034.8999999999996,1030.9,10.1
3273,3273,2023-12-18,7.7,2.7,14.4,0.0,14.8,1035.2,18.1,352,0.9750645322571945,-0.22192151300416674,-2.599999999999909,15.9,16.1,1036.333333333333,1036.0,11.7
3274,3274,2023-12-19,10.1,6.0,17.9,0.0,18.1,1028.1,17.0,353,0.9787400799669153,-0.20510449986861926,-7.100000000000136,14.8,15.9,1033.6999999999998,1037.8,11.899999999999999
3275,3275,2023-12-20,9.1,5.8,14.3,0.0,17.0,1021.3,11.6,354,0.9821256058680006,-0.1882267098432439,-6.7999999999999545,18.1,14.8,1028.1999999999996,1035.2,8.5
3276,3276,2023-12-21,10.3,6.1,15.9,0.0,11.6,1021.4,12.6,355,0.9852201067560606,-0.1712931441814778,0.10000000000002274,17.0,18.1,1023.5999999999996,1028.1,9.8
3277,3277,2023-12-22,14.3,10.4,18.9,0.0,12.6,1020.5,15.5,356,0.9880226656636976,-0.154308820664281,-0.8999999999999773,11.6,17.0,1021.0666666666663,1021.3,8.499999999999998
3278,3278,2023-12-23,11.2,8.1,15.6,0.0,15.5,1023.9,18.0,357,0.9905324521322227,-0.13727877211326517,3.3999999999999773,12.6,11.6,1021.933333333333,1021.4,7.5
3279,3279,2023-12-24,9.3,5.8,14.8,0.0,18.0,1023.6,13.1,358,0.9927487224577402,-0.12020804489935275,-0.2999999999999545,15.5,12.6,1022.6666666666664,1020.5,9.0
3280,3280,2023-12-25,8.2,4.3,14.8,0.0,13.1,1021.9,14.6,359,0.9946708199115211,-0.10310169744743544,-1.7000000000000455,18.0,15.5,1023.1333333333329,1023.9,10.5
3281,3281,2023-12-26,8.8,4.7,15.5,0.0,14.6,1021.9,17.0,360,0.9962981749346077,-0.0859647987374467,0.0,13.1,18.0,1022.4666666666664,1023.6,10.8
3282,3282,2023-12-27,8.8,3.9,16.0,0.0,17.0,1023.6,11.6,361,0.9976303053065857,-0.06880242680232064,1.7000000000000455,14.6,13.1,1022.4666666666664,1021.9,12.1
3283,3283,2023-12-28,8.0,3.5,15.0,0.0,11.6,1025.2,12.9,362,0.9986668162884759,-0.05161966722325418,1.6000000000000227,17.0,14.6,1023.5666666666663,1021.9,11.5
3284,3284,2023-12-29,9.1,6.2,14.2,0.0,12.9,1022.8,14.7,363,0.9994074007397048,-0.034421611622745804,-2.400000000000091,11.6,17.0,1023.8666666666663,1023.6,7.999999999999999
3285,3285,2023-12-30,8.9,4.3,15.8,0.0,14.7,1020.0,11.0,364,0.9998518392091162,-0.01721335615583528,-2.7999999999999545,12.9,11.6,1022.6666666666664,1025.2,11.5
3286,3286,2023-12-31,10.9,6.0,17.2,0.0,11.0,1015.4,10.8,365,1.0,6.432490598706546e-16,-4.600000000000023,14.7,12.9,1019.3999999999996,1022.8,11.2
3287,3287,2024-01-01,8.8,5.6,14.3,0.0,10.8,1019.2,17.6,1,0.9998518392091162,0.017213356155834685,3.800000000000068,11.0,14.7,1018.1999999999997,1020.0,8.700000000000001
3288,3288,2024-01-02,10.3,4.2,15.6,0.0,17.6,1018.1,13.0,2,0.9994074007397048,0.03442161162274574,-1.1000000000000227,10.8,11.0,1017.5666666666663,1015.4,11.399999999999999
3289,3289,2024-01-03,14.3,11.1,18.0,0.0,13.0,1014.7,10.0,3,0.998666816288476,0.051619667223253764,-3.3999999999999773,17.6,10.8,1017.333333333333,1019.2,6.9
3290,3290,2024-01-04,11.9,8.8,17.2,0.3,10.0,1015.0,11.2,4,0.9976303053065857,0.06880242680231986,0.2999999999999545,13.0,17.6,1015.933333333333,1018.1,8.399999999999999
3291,3291,2024-01-05,11.2,8.6,14.4,11.8,11.2,1004.3,15.7,5,0.9962981749346078,0.08596479873744647,-10.700000000000045,10.0,13.0,1011.333333333333,1014.7,5.800000000000001
3292,3292,2024-01-06,10.1,6.4,15.1,0.0,15.7,1007.6,26.4,6,0.9946708199115211,0.10310169744743485,3.300000000000068,11.2,10.0,1008.9666666666664,1015.0,8.7
3293,3293,2024-01-07,9.8,6.1,14.6,0.0,26.4,1011.4,13.4,7,0.9927487224577402,0.1202080448993527,3.7999999999999545,15.7,11.2,1007.7666666666664,1004.3,8.5
3294,3294,2024-01-08,7.8,3.9,12.9,0.0,13.4,1015.2,15.9,8,0.9905324521322229,0.13727877211326478,3.800000000000068,26.4,15.7,1011.3999999999996,1007.6,9.0
3295,3295,2024-01-09,6.6,2.5,12.2,0.2,15.9,1020.4,15.0,9,0.9880226656636976,0.15430882066428117,5.199999999999932,13.4,26.4,1015.6666666666664,1011.4,9.7
3296,3296,2024-01-10,7.1,5.7,10.3,2.8,15.0,1018.9,14.9,10,0.9852201067560606,0.1712931441814776,-1.5,15.9,13.4,1018.1666666666664,1015.2,4.6000000000000005
3297,3297,2024-01-11,7.7,5.0,12.0,0.1,14.9,1020.1,19.3,11,0.9821256058680006,0.1882267098432442,1.2000000000000455,15.0,15.9,1019.7999999999997,1020.4,7.0
3298,3298,2024-01-12,7.4,4.7,13.1,0.0,19.3,1024.9,16.5,12,0.9787400799669153,0.2051044998686192,4.800000000000068,14.9,15.0,1021.2999999999997,1018.9,8.399999999999999
3299,3299,2024-01-13,7.2,3.0,12.7,0.0,16.5,1023.8,13.8,13,0.9750645322571948,0.2219215130041655,-1.1000000000001364,19.3,14.9,1022.933333333333,1020.1,9.7
3300,3300,2024-01-14,11.2,7.3,16.7,0.0,13.8,1014.8,13.1,14,0.9711000518829505,0.2386727660059501,-9.0,16.5,19.3,1021.1666666666664,1024.9,9.399999999999999
3301,3301,2024-01-15,12.3,8.2,17.6,0.0,13.1,1009.7,8.0,15,0.9668478136052775,0.255353295116187,-5.099999999999909,13.8,16.5,1016.0999999999998,1023.8,9.400000000000002
3302,3302,2024-01-16,11.9,9.1,16.3,0.0,8.0,1009.8,14.8,16,0.9623090774541486,0.2719581575341055,0.09999999999990905,13.1,13.8,1011.433333333333,1014.8,7.200000000000001
3303,3303,2024-01-17,13.9,10.4,17.4,0.0,14.8,1002.1,24.7,17,0.9574851883550393,0.288482432880609,-7.699999999999932,8.0,13.1,1007.1999999999998,1009.7,6.999999999999998
3304,3304,2024-01-18,15.5,13.4,19.1,0.6,24.7,1005.2,19.1,18,0.9523775757303974,0.30492122465628907,3.1000000000000227,14.8,8.0,1005.6999999999998,1009.8,5.700000000000001
3305,3305,2024-01-19,10.4,7.2,16.0,8.6,19.1,1011.6,14.5,19,0.9469877530760753,0.3212696616923644,6.399999999999977,24.7,14.8,1006.2999999999998,1002.1,8.8
3306,3306,2024-01-20,8.3,5.3,12.4,0.0,14.5,1024.3,14.0,20,0.9413173175128471,0.3375228995941133,12.699999999999932,19.1,24.7,1013.6999999999998,1005.2,7.1000000000000005
3307,3307,2024-01-21,7.9,4.1,13.7,0.0,14.0,1033.2,15.8,21,0.9353679493131483,0.3536761221763716,8.900000000000091,14.5,19.1,1023.0333333333332,1011.6,9.6
3308,3308,2024-01-22,8.6,4.2,14.4,0.0,15.8,1032.6,14.3,22,0.9291414114031743,0.3697245428906731,-0.6000000000001364,14.0,14.5,1030.033333333333,1024.3,10.2
3309,3309,2024-01-23,10.5,7.0,16.1,0.0,14.3,1035.0,7.7,23,0.9226395488404876,0.38566340624360707,2.400000000000091,15.8,14.0,1033.5999999999997,1033.2,9.100000000000001
3310,3310,2024-01-24,11.8,8.4,17.6,0.0,7.7,1035.5,10.2,24,0.9158642882672872,0.401487989205973,0.5,14.3,15.8,1034.3666666666666,1032.6,9.200000000000001
3311,3311,2024-01-25,12.3,8.6,16.8,0.0,10.2,1031.4,13.8,25,0.9088176373395029,0.4171936026123168,-4.099999999999909,7.7,14.3,1033.9666666666665,1035.0,8.200000000000001
3312,3312,2024-01-26,13.1,9.8,21.0,0.0,13.8,1030.8,10.6,26,0.901501684131884,0.4327755925504312,-0.6000000000001364,10.2,7.7,1032.5666666666664,1035.5,11.2
3313,3313,2024-01-27,11.6,8.6,16.8,0.0,10.6,1030.8,12.8,27,0.893918596519257,0.4482293417404106,0.0,13.8,10.2,1030.9999999999998,1031.4,8.200000000000001
3314,3314,2024-01-28,11.0,7.7,15.0,0.0,12.8,1031.2,11.4,28,0.886070621534138,0.4635502709028509,0.40000000000009095,10.6,13.8,1030.9333333333332,1030.8,7.3
3315,3315,2024-01-29,13.0,11.8,15.1,0.0,11.4,1032.3,9.8,29,0.8779600847008882,0.47873384011578846,1.099999999999909,12.8,10.6,1031.4333333333332,1030.8,3.299999999999999
3316,3316,2024-01-30,12.3,9.4,16.1,0.0,9.8,1033.7,13.9,30,0.869589389346611,0.49377555015997715,1.400000000000091,11.4,12.8,1032.3999999999999,1031.2,6.700000000000001
3317,3317,2024-01-31,11.2,8.2,15.1,0.0,13.9,1034.7,13.8,31,0.8609610158889943,0.5086709438521044,1.0,9.8,11.4,1033.5666666666664,1032.3,6.9
3318,3318,2024-02-01,11.1,7.6,15.7,0.0,13.8,1032.6,14.5,32,0.8520775211013093,0.5234156073655503,-2.1000000000001364,13.9,9.8,1033.6666666666663,1033.7,8.1
3319,3319,2024-02-02,11.4,8.6,16.8,0.0,14.5,1031.6,19.0,33,0.8429415373547828,0.5380051715382996,-1.0,13.8,13.9,1032.9666666666665,1034.7,8.200000000000001
3320,3320,2024-02-03,11.3,7.2,16.9,0.0,19.0,1031.5,12.1,34,0.8335557718385699,0.5524353131676196,-0.09999999999990905,14.5,13.8,1031.8999999999996,1032.6,9.7
3321,3321,2024-02-04,11.8,8.1,16.9,0.0,12.1,1029.9,15.1,35,0.8239230057575542,0.5667017562911176,-1.599999999999909,19.0,14.5,1030.9999999999998,1031.6,8.799999999999999
3322,3322,2024-02-05,11.7,7.5,16.2,0.0,15.1,1027.4,10.0,36,0.8140460935082178,0.5808002734538009,-2.5,12.1,19.0,1029.5999999999997,1031.5,8.7
3323,3323,2024-02-06,11.2,8.0,15.1,0.0,10.0,1023.7,12.8,37,0.8039279618328213,0.5947266869607634,-3.7000000000000455,15.1,12.1,1026.9999999999998,1029.9,7.1
3324,3324,2024-02-07,11.7,7.2,16.4,0.0,12.8,1019.0,16.5,38,0.7935716089521474,0.6084768701151261,-4.7000000000000455,10.0,15.1,1023.3666666666664,1027.4,9.2
3325,3325,2024-02-08,12.8,8.9,18.7,0.2,16.5,1011.0,19.9,39,0.7829801036770629,0.6220467484408675,-8.0,12.8,10.0,1017.8999999999997,1023.7,9.799999999999999
3326,3326,2024-02-09,13.7,11.8,16.0,5.8,19.9,996.1,17.8,40,0.7721565844991642,0.6354323008901774,-14.899999999999977,16.5,12.8,1008.6999999999998,1019.0,4.199999999999999
3327,3327,2024-02-10,13.2,9.9,16.6,0.0,17.8,989.4,21.6,41,0.7611042586607747,0.6486295610349814,-6.7000000000000455,19.9,16.5,998.833333333333,1011.0,6.700000000000001
3328,3328,2024-02-11,11.8,7.3,16.5,0.0,21.6,1004.2,15.5,42,0.7498264012045686,0.6616346182422783,14.800000000000068,17.8,19.9,996.5666666666665,996.1,9.2
3329,3329,2024-02-12,12.4,5.9,20.6,0.0,15.5,1008.3,12.2,43,0.7383263540031065,0.6744436188329455,4.099999999999909,21.6,17.8,1000.6333333333332,989.4,14.700000000000001
3330,3330,2024-02-13,11.7,9.3,15.6,0.0,12.2,1020.9,12.3,44,0.7266075247685656,0.6870527672236669,12.600000000000023,15.5,21.6,1011.1333333333331,1004.2,6.299999999999999
3331,3331,2024-02-14,12.2,8.8,18.3,0.0,12.3,1024.2,8.3,45,0.7146733860429609,0.699458327051647,3.300000000000068,12.2,15.5,1017.7999999999998,1008.3,9.5
3332,3332,2024-02-15,13.7,10.8,19.9,0.0,8.3,1019.8,12.5,46,0.7025274741691571,0.7116566222817746,-4.400000000000091,12.3,12.2,1021.6333333333332,1020.9,9.099999999999998
3333,3333,2024-02-16,13.1,10.8,16.2,0.1,12.5,1019.6,12.9,47,0.6901733882429719,0.7236440382959124,-0.1999999999999318,8.3,12.3,1021.1999999999998,1024.2,5.399999999999999
3334,3334,2024-02-17,13.7,10.1,18.9,0.0,12.9,1027.5,13.4,48,0.6776147890466889,0.7354170229639855,7.899999999999977,12.5,8.3,1022.2999999999998,1019.8,8.799999999999999
3335,3335,2024-02-18,12.4,8.8,16.4,0.0,13.4,1032.4,9.9,49,0.6648553979642865,0.7469720876965552,4.900000000000091,12.9,12.5,1026.5,1019.6,7.599999999999998
3336,3336,2024-02-19,13.2,10.0,19.9,0.0,9.9,1030.2,14.1,50,0.6518989958787126,0.7583058084785624,-2.2000000000000455,13.4,12.9,1030.0333333333333,1027.5,9.899999999999999
3337,3337,2024-02-20,12.4,9.8,16.5,0.0,14.1,1027.8,13.6,51,0.6387494220515272,0.7694148268839378,-2.400000000000091,9.9,13.4,1030.1333333333332,1032.4,6.699999999999999
3338,3338,2024-02-21,11.8,8.4,15.6,0.0,13.6,1025.2,17.7,52,0.6254105729852463,0.7802958510707755,-2.599999999999909,14.1,9.9,1027.7333333333333,1030.2,7.199999999999999
3339,3339,2024-02-22,12.9,11.4,17.3,1.5,17.7,1011.2,17.5,53,0.6118864012687243,0.7909456567567772,-14.0,13.6,14.1,1021.4,1027.8,5.9
3340,3340,2024-02-23,12.1,8.3,16.5,3.6,17.5,1005.4,13.9,54,0.5981809144059165,0.8013610881746766,-5.800000000000068,17.7,13.6,1013.9333333333333,1025.2,8.2
3341,3341,2024-02-24,10.1,5.7,15.5,1.6,13.9,1008.5,15.5,55,0.5842981736283684,0.8115390590073611,3.1000000000000227,17.5,17.7,1008.3666666666667,1011.2,9.8
3342,3342,2024-02-25,10.8,5.7,14.4,0.0,15.5,1008.5,15.1,56,0.5702422926917871,0.8214765533024142,0.0,13.9,17.5,1007.4666666666666,1005.4,8.7
3343,3343,2024-02-26,13.8,10.1,17.6,0.0,15.1,999.7,15.1,57,0.5560174366570446,0.8311706263658079,-8.799999999999955,15.5,13.9,1005.5666666666666,1008.5,7.500000000000002
3344,3344,2024-02-27,11.9,8.5,19.2,0.0,15.1,1006.6,12.3,58,0.5416278206559814,0.8406184056344782,6.899999999999977,15.1,15.5,1004.9333333333333,1008.5,10.7
3345,3345,2024-02-28,11.9,8.2,16.0,0.0,12.3,1014.6,17.2,59,0.5270777086423722,0.8498170915275278,8.0,15.1,15.1,1006.9666666666666,999.7,7.800000000000001
3346,3346,2024-02-29,11.4,7.2,15.6,0.3,17.2,1013.2,14.7,60,0.5123714121284237,0.8587639582758029,-1.3999999999999773,12.3,15.1,1011.4666666666667,1006.6,8.399999999999999
3347,3347,2024-03-01,13.2,9.1,19.3,0.0,14.7,1010.3,19.7,61,0.49751328890718066,0.8674563547295969,-2.900000000000091,17.2,12.3,1012.6999999999999,1014.6,10.200000000000001
3348,3348,2024-03-02,12.8,8.2,15.8,0.6,19.7,1005.1,23.5,62,0.48250774176121847,0.8758917051442429,-5.199999999999932,14.7,17.2,1009.5333333333333,1013.2,7.600000000000001
3349,3349,2024-03-03,10.7,5.3,14.9,1.4,23.5,1000.7,16.2,63,0.4673592171580022,0.8840675099433636,-4.399999999999977,19.7,14.7,1005.3666666666664,1010.3,9.600000000000001
3350,3350,2024-03-04,10.9,6.1,16.0,0.0,16.2,1012.2,13.0,64,0.45207220393230435,0.8919813464595485,11.5,23.5,19.7,1006.0,1005.1,9.9
3351,3351,2024-03-05,11.9,6.6,19.6,0.0,13.0,1019.3,11.6,65,0.43665123195606403,0.8996308696522433,7.099999999999909,16.2,23.5,1010.7333333333332,1000.7,13.000000000000002
3352,3352,2024-03-06,10.5,6.3,16.0,0.0,11.6,1021.7,12.7,66,0.4211008707960896,0.9070138128026359,2.400000000000091,13.0,16.2,1017.7333333333332,1012.2,9.7
3353,3353,2024-03-07,11.2,7.1,15.5,1.2,12.7,1015.5,19.7,67,0.40542572835999735,0.9141279881853337,-6.2000000000000455,11.6,13.0,1018.8333333333334,1019.3,8.4
3354,3354,2024-03-08,13.2,9.0,16.1,4.3,19.7,1005.5,20.2,68,0.38963044953078796,0.9209712877166346,-10.0,12.7,11.6,1014.2333333333332,1021.7,7.100000000000001
3355,3355,2024-03-09,12.1,9.2,14.2,15.0,20.2,998.2,17.0,69,0.37371971479046906,0.9275416835791966,-7.2999999999999545,19.7,12.7,1006.4,1015.5,5.0
3356,3356,2024-03-10,10.9,6.8,15.3,0.0,17.0,998.5,16.4,70,0.35769823883312546,0.9338372288229252,0.2999999999999545,20.2,19.7,1000.7333333333332,1005.5,8.5
3357,3357,2024-03-11,13.2,8.2,19.1,0.0,16.4,1010.1,12.5,71,0.3415707691678556,0.9398560579418954,11.600000000000023,17.0,20.2,1002.2666666666665,998.2,10.900000000000002
3358,3358,2024-03-12,11.5,7.8,15.7,0.0,12.5,1021.0,18.7,72,0.3253420847119801,0.9455963874271426,10.899999999999977,16.4,17.0,1009.8666666666667,998.5,7.8999999999999995
3359,3359,2024-03-13,11.4,7.4,15.7,0.0,18.7,1019.0,15.9,73,0.30901699437494745,0.9510565162951535,-2.0,12.5,16.4,1016.6999999999999,1010.1,8.299999999999999
3360,3360,2024-03-14,12.0,7.7,16.2,0.0,15.9,1017.8,10.0,74,0.29260033563334836,0.9562348265919056,-1.2000000000000455,18.7,12.5,1019.2666666666665,1021.0,8.5
3361,3361,2024-03-15,13.8,11.9,16.9,0.0,10.0,1019.5,8.4,75,0.27609697309746883,0.9611297838723007,1.7000000000000455,15.9,18.7,1018.7666666666665,1019.0,4.999999999999998
3362,3362,2024-03-16,14.0,10.8,17.8,0.0,8.4,1024.0,14.7,76,0.2595117970697999,0.9657399376548549,4.5,10.0,15.9,1020.4333333333333,1017.8,7.0
3363,3363,2024-03-17,13.4,12.2,15.5,0.0,14.7,1021.6,9.7,77,0.2428497220959356,0.9700639218515071,-2.3999999999999773,8.4,10.0,1021.6999999999998,1019.5,3.3000000000000007
3364,3364,2024-03-18,14.3,11.0,18.5,0.0,9.7,1018.4,9.9,78,0.22611568550828828,0.9741004551724205,-3.2000000000000455,14.7,8.4,1021.3333333333331,1024.0,7.5
3365,3365,2024-03-19,14.7,12.1,18.5,0.0,9.9,1017.2,19.4,79,0.20931464596304847,0.9778483415056568,-1.1999999999999318,9.7,14.7,1019.0666666666666,1021.6,6.4
3366,3366,2024-03-20,14.6,12.2,18.1,0.0,19.4,1019.0,15.5,80,0.19245158197082998,0.9813064702716093,1.7999999999999545,9.9,9.7,1018.1999999999998,1018.4,5.900000000000002
3367,3367,2024-03-21,14.8,13.1,17.3,0.0,15.5,1024.1,9.7,81,0.1755314904214282,0.9844738167520922,5.099999999999909,19.4,9.9,1020.0999999999998,1017.2,4.200000000000001
3368,3368,2024-03-22,16.9,12.1,23.1,0.0,9.7,1020.3,10.8,82,0.15855938510313475,0.9873494423939864,-3.7999999999999545,15.5,19.4,1021.1333333333332,1019.0,11.000000000000002
3369,3369,2024-03-23,15.8,13.1,20.0,0.0,10.8,1018.7,11.3,83,0.141540295217043,0.989932495087353,-1.599999999999909,9.7,15.5,1021.0333333333332,1024.1,6.9
3370,3370,2024-03-24,13.4,12.3,15.3,0.1,11.3,1016.4,9.9,84,0.12447926388678915,0.9922222094179323,-2.300000000000068,10.8,9.7,1018.4666666666666,1020.3,3.0
3371,3371,2024-03-25,12.6,11.6,14.3,22.8,9.9,1003.6,15.8,85,0.10738134666416309,0.994217906893952,-12.799999999999955,11.3,10.8,1012.9,1018.7,2.700000000000001
3372,3372,2024-03-26,12.9,8.4,16.7,0.6,15.8,991.2,17.6,86,0.09025161003104117,0.995918996147179,-12.399999999999977,9.9,11.3,1003.7333333333332,1016.4,8.299999999999999
3373,3373,2024-03-27,11.9,7.1,16.7,0.0,17.6,995.6,22.5,87,0.07309512989807777,0.9973249731081555,4.399999999999977,15.8,9.9,996.7999999999998,1003.6,9.6
3374,3374,2024-03-28,16.3,14.1,20.0,0.0,22.5,1000.1,11.0,88,0.055916990100603484,0.9984354211555643,4.5,17.6,15.8,995.6333333333332,991.2,5.9
3375,3375,2024-03-29,15.7,14.1,18.7,0.0,11.0,999.6,17.0,89,0.03872228089217446,0.9992500112396835,-0.5,22.5,17.6,998.4333333333333,995.6,4.6
3376,3376,2024-03-30,14.2,11.8,16.6,0.7,17.0,997.5,23.3,90,0.021516097436222254,0.9997685019798909,-2.1000000000000227,11.0,22.5,999.0666666666666,1000.1,4.800000000000001
3377,3377,2024-03-31,14.1,11.7,16.5,13.2,23.3,997.1,19.9,91,0.004303538296244289,0.9999907397361901,-0.39999999999997726,17.0,11.0,998.0666666666666,999.6,4.800000000000001
3378,3378,2024-04-01,13.3,7.5,18.2,0.1,19.9,1008.3,15.1,92,-0.01291029607500882,0.9999166586547379,11.199999999999932,23.3,17.0,1000.9666666666666,997.5,10.7
3379,3379,2024-04-02,12.6,10.6,17.8,0.0,15.1,1018.3,10.0,93,-0.030120304846908114,0.9995462806873573,10.0,19.9,23.3,1007.9,997.1,7.200000000000001
3380,3380,2024-04-03,15.0,10.1,19.7,0.0,10.0,1017.6,13.6,94,-0.04732138832243185,0.9988797155850336,-0.6999999999999318,15.1,19.9,1014.7333333333332,1008.3,9.6
3381,3381,2024-04-04,14.6,10.8,18.3,0.0,13.6,1019.5,11.0,95,-0.06450844944931623,0.9979171608653922,1.8999999999999773,10.0,15.1,1018.4666666666666,1018.3,7.5
3382,3382,2024-04-05,15.6,12.2,20.4,0.0,11.0,1020.1,20.2,96,-0.08167639533042241,0.9966589017541702,0.6000000000000227,13.6,10.0,1019.0666666666666,1017.6,8.2
3383,3383,2024-04-06,15.1,11.4,19.0,0.0,20.2,1020.0,21.1,97,-0.09882013873287143,0.9951053111006976,-0.10000000000002274,11.0,13.6,1019.8666666666667,1019.5,7.6
3384,3384,2024-04-07,16.7,15.2,20.1,0.0,21.1,1017.1,16.5,98,-0.11593459959550041,0.9932568492674143,-2.8999999999999773,20.2,11.0,1019.0666666666666,1020.1,4.900000000000002
3385,3385,2024-04-08,16.1,14.4,19.7,0.0,16.5,1010.6,16.9,99,-0.1330147065341959,0.9911140639934547,-6.5,21.1,20.2,1015.9,1020.0,5.299999999999999
3386,3386,2024-04-09,14.6,10.6,18.9,0.0,16.9,1019.5,13.5,100,-0.1500553983446526,0.9886775902323405,8.899999999999977,16.5,21.1,1015.7333333333332,1017.1,8.299999999999999
3387,3387,2024-04-10,12.8,8.4,17.6,0.0,13.5,1026.5,13.9,101,-0.16705162550211924,0.9859481499638304,7.0,16.9,16.5,1018.8666666666667,1010.6,9.200000000000001
3388,3388,2024-04-11,13.7,9.7,18.0,0.0,13.9,1028.8,14.6,102,-0.18399835165768005,0.9829265519799822,2.2999999999999545,13.5,16.9,1024.9333333333332,1019.5,8.3
3389,3389,2024-04-12,16.6,11.9,21.3,0.0,14.6,1030.0,12.2,103,-0.20089055513063506,0.9796136916454901,1.2000000000000455,13.9,13.5,1028.4333333333332,1026.5,9.4
3390,3390,2024-04-13,18.4,14.3,25.4,0.0,12.2,1027.1,15.2,104,-0.21772323039653177,0.9760105506323683,-2.900000000000091,14.6,13.9,1028.6333333333332,1028.8,11.099999999999998
3391,3391,2024-04-14,18.3,12.6,25.4,0.0,15.2,1024.1,10.5,105,-0.23449138957040985,0.9721181966290613,-3.0,12.2,14.6,1027.0666666666664,1030.0,12.799999999999999
3392,3392,2024-04-15,17.3,13.6,20.7,0.0,10.5,1018.6,16.1,106,-0.25119006388481935,0.9679377830240642,-5.499999999999886,15.2,12.2,1023.2666666666665,1027.1,7.1
3393,3393,2024-04-16,15.9,13.4,18.5,1.1,16.1,1015.2,15.9,107,-0.2678143051621742,0.9634705485641488,-3.3999999999999773,10.5,15.2,1019.2999999999998,1024.1,5.1
3394,3394,2024-04-17,14.2,12.2,16.7,0.0,15.9,1014.9,16.6,108,-0.2843591872810034,0.9587178169872964,-0.3000000000000682,16.1,10.5,1016.2333333333332,1018.6,4.5
3395,3395,2024-04-18,14.1,11.1,17.3,0.0,16.6,1015.8,21.0,109,-0.30081980763566735,0.9536809966304457,0.8999999999999773,15.9,16.1,1015.2999999999998,1015.2,6.200000000000001
3396,3396,2024-04-19,13.6,9.2,18.0,0.0,21.0,1021.2,12.4,110,-0.3171912885891061,0.9483615800121715,5.400000000000091,16.6,15.9,1017.2999999999998,1014.9,8.8
3397,3397,2024-04-20,14.5,10.5,18.2,0.0,12.4,1016.8,10.1,111,-0.3334687789181868,0.9427611433904207,-4.400000000000091,21.0,16.6,1017.9333333333333,1015.8,7.699999999999999
3398,3398,2024-04-21,13.7,11.6,16.6,1.3,10.1,1016.7,15.6,112,-0.3496474552512284,0.9368813462954315,-0.09999999999990905,12.4,21.0,1018.2333333333332,1021.2,5.000000000000002
3399,3399,2024-04-22,11.3,8.6,15.0,10.2,15.6,1015.9,13.7,113,-0.36572252349726897,0.9307239310379795,-0.8000000000000682,10.1,12.4,1016.4666666666666,1016.8,6.4
3400,3400,2024-04-23,11.2,6.8,15.0,0.0,13.7,1015.2,17.2,114,-0.3816892202666588,0.9242907221930933,-0.6999999999999318,15.6,10.1,1015.9333333333333,1016.7,8.2
3401,3401,2024-04-24,11.8,6.1,17.4,0.0,17.2,1015.1,18.9,115,-0.39754281428255595,0.9175836260593937,-0.10000000000002274,13.7,15.6,1015.4,1015.9,11.299999999999999
3402,3402,2024-04-25,13.4,11.7,15.8,0.4,18.9,1010.6,10.4,116,-0.4132786077829042,0.9106046300942162,-4.5,17.2,13.7,1013.6333333333332,1015.2,4.100000000000001
3403,3403,2024-04-26,14.4,10.7,17.8,0.0,10.4,1007.6,14.4,117,-0.4288919379124835,0.9033558023246845,-3.0,18.9,17.2,1011.1,1015.1,7.100000000000001
3404,3404,2024-04-27,16.7,15.2,19.3,1.5,14.4,1005.4,11.9,118,-0.4443781781046132,0.895839290734909,-2.2000000000000455,10.4,18.9,1007.8666666666667,1010.6,4.100000000000001
3405,3405,2024-04-28,15.6,14.2,17.2,10.3,11.9,1011.6,16.2,119,-0.45973273945210397,0.8880573226294932,6.2000000000000455,14.4,10.4,1008.1999999999999,1007.6,3.0
3406,3406,2024-04-29,13.6,13.0,14.8,68.4,16.2,1014.5,16.9,120,-0.47495107206704995,0.8800122039735357,2.8999999999999773,11.9,14.4,1010.5,1005.4,1.8000000000000007
3407,3407,2024-04-30,15.2,13.8,17.5,0.0,16.9,1012.3,13.2,121,-0.4900286664290592,0.8717063187093218,-2.2000000000000455,16.2,11.9,1012.7999999999998,1011.6,3.6999999999999993
3408,3408,2024-05-01,15.9,11.5,22.0,0.0,13.2,1005.5,22.8,122,-0.5049610547215204,0.8631421280499114,-6.7999999999999545,16.9,16.2,1010.7666666666665,1014.5,10.5
3409,3409,2024-05-02,14.7,10.0,19.0,0.0,22.8,1011.0,19.2,123,-0.5197438121555155,0.854322169749827,5.5,13.2,16.9,1009.5999999999999,1012.3,9.0
3410,3410,2024-05-03,14.6,9.4,20.3,0.0,19.2,1017.6,18.0,124,-0.5343725582809786,0.8452490573530633,6.600000000000023,22.8,13.2,1011.3666666666667,1005.5,10.9
3411,3411,2024-05-04,16.6,12.0,21.2,0.0,18.0,1015.9,9.4,125,-0.548842958284719,0.8359254794186372,-1.7000000000000455,19.2,22.8,1014.8333333333334,1011.0,9.2
3412,3412,2024-05-05,16.3,12.8,19.8,0.0,9.4,1013.7,12.6,126,-0.5631507242749186,0.8263541987239096,-2.199999999999932,18.0,19.2,1015.7333333333332,1017.6,7.0
3413,3413,2024-05-06,16.8,14.8,22.2,0.0,12.6,1011.5,15.8,127,-0.5772916165517272,0.8165380514459161,-2.2000000000000455,9.4,18.0,1013.6999999999999,1015.9,7.399999999999999
3414,3414,2024-05-07,16.1,14.1,18.9,0.0,15.8,1017.4,15.1,128,-0.5912614448635781,0.8064799463209448,5.899999999999977,12.6,9.4,1014.1999999999999,1013.7,4.799999999999999
3415,3415,2024-05-08,16.8,12.2,21.6,0.0,15.1,1019.8,15.0,129,-0.6050560696488488,0.7961828637826158,2.3999999999999773,15.8,12.6,1016.2333333333332,1011.5,9.400000000000002
3416,3416,2024-05-09,17.9,13.7,20.5,0.0,15.0,1019.8,14.4,130,-0.6186714032625031,0.7856498550787147,0.0,15.1,15.8,1018.9999999999999,1017.4,6.800000000000001
3417,3417,2024-05-10,17.9,13.9,22.6,0.0,14.4,1018.8,12.2,131,-0.6321034111873487,0.7748840413670407,-1.0,15.0,15.1,1019.4666666666666,1019.8,8.700000000000001
3418,3418,2024-05-11,17.8,14.0,22.2,0.0,12.2,1018.2,11.4,132,-0.6453481132295501,0.7638886127905428,-0.599999999999909,14.4,15.0,1018.9333333333333,1019.8,8.2
3419,3419,2024-05-12,18.4,14.8,22.8,0.0,11.4,1016.9,11.9,133,-0.6584015846980488,0.7526668275320085,-1.3000000000000682,12.2,14.4,1017.9666666666666,1018.8,8.0
3420,3420,2024-05-13,18.8,16.1,22.1,0.1,11.9,1013.2,17.0,134,-0.6712599575675313,0.7412220108485958,-3.699999999999932,11.4,12.2,1016.1,1018.2,6.0
3421,3421,2024-05-14,18.1,15.6,22.3,12.8,17.0,1005.7,10.2,135,-0.6839194216246106,0.7295575540864875,-7.5,11.9,11.4,1011.9333333333333,1016.9,6.700000000000001
3422,3422,2024-05-15,16.2,14.0,18.3,1.2,10.2,1007.1,9.3,136,-0.6963762255968722,0.717676913675962,1.3999999999999773,17.0,11.9,1008.6666666666666,1013.2,4.300000000000001
3423,3423,2024-05-16,16.0,13.3,20.4,4.1,9.3,1008.1,13.6,137,-0.7086266782644596,0.705583610107178,1.0,10.2,17.0,1006.9666666666666,1005.7,7.099999999999998
3424,3424,2024-05-17,17.3,14.3,21.2,1.0,13.6,1009.5,16.1,138,-0.7206671495538609,0.6932812268869777,1.3999999999999773,9.3,10.2,1008.2333333333332,1007.1,6.899999999999999
3425,3425,2024-05-18,16.9,14.5,20.5,2.0,16.1,1011.5,13.9,139,-0.7324940716135789,0.6807734094770161,2.0,13.6,9.3,1009.6999999999999,1008.1,6.0
3426,3426,2024-05-19,17.4,14.1,20.5,0.0,13.9,1011.0,15.0,140,-0.7441039398713607,0.6680638642135335,-0.5,16.1,13.6,1010.6666666666666,1009.5,6.4
3427,3427,2024-05-20,19.0,16.2,22.6,0.0,15.0,1009.5,16.1,141,-0.7554933140726803,0.6551563572090853,-1.5,13.9,16.1,1010.6666666666666,1011.5,6.400000000000002
3428,3428,2024-05-21,18.6,15.0,22.9,0.0,16.1,1012.4,15.4,142,-0.766658819300159,0.6420547132365637,2.8999999999999773,15.0,13.9,1010.9666666666666,1011.0,7.899999999999999
3429,3429,2024-05-22,18.4,16.1,21.0,0.0,15.4,1016.2,15.1,143,-0.7775971469736269,0.6287628145958344,3.800000000000068,16.1,15.0,1012.6999999999999,1009.5,4.899999999999999
3430,3430,2024-05-23,17.7,15.1,20.8,0.0,15.1,1018.1,18.1,144,-0.7883050558305255,0.6152845999633276,1.8999999999999773,15.4,16.1,1015.5666666666666,1012.4,5.700000000000001
3431,3431,2024-05-24,18.3,16.2,21.2,0.0,18.1,1018.3,14.1,145,-0.7987793728863649,0.6016240632249226,0.1999999999999318,15.1,15.4,1017.5333333333332,1016.2,5.0
3432,3432,2024-05-25,17.7,14.1,21.4,0.0,14.1,1017.8,10.4,146,-0.8090169943749473,0.5877852522924732,-0.5,18.1,15.1,1018.0666666666666,1018.1,7.299999999999999
3433,3433,2024-05-26,19.2,15.1,23.0,0.6,10.4,1017.7,19.2,147,-0.8190148866680801,0.5737722679043246,-0.09999999999990905,14.1,18.1,1017.9333333333333,1018.3,7.9
3434,3434,2024-05-27,20.2,18.4,23.5,0.0,19.2,1018.2,15.8,148,-0.8287700871745038,0.5595892624101765,0.5,10.4,14.1,1017.9,1017.8,5.100000000000001
3435,3435,2024-05-28,19.6,16.8,22.9,0.0,15.8,1019.7,15.9,149,-0.8382797052177744,0.545240438540651,1.5,19.2,10.4,1018.5333333333333,1017.7,6.099999999999998
3436,3436,2024-05-29,19.7,16.7,23.5,0.0,15.9,1017.0,15.4,150,-0.8475409228928311,0.5307300481619334,-2.7000000000000455,15.8,19.2,1018.2999999999998,1018.2,6.800000000000001
3437,3437,2024-05-30,20.5,17.4,24.5,0.0,15.4,1012.1,18.9,151,-0.8565509959010036,0.5160623910158528,-4.899999999999977,15.9,15.8,1016.2666666666665,1019.7,7.100000000000001
3438,3438,2024-05-31,20.2,18.4,23.8,0.3,18.9,1013.6,14.4,152,-0.865307254363206,0.5012418134457758,1.5,15.4,15.9,1014.2333333333332,1017.0,5.400000000000002
3439,3439,2024-06-01,18.7,16.6,21.6,6.8,14.4,1016.4,15.1,153,-0.8738071036110808,0.48627270710868997,2.7999999999999545,18.9,15.4,1014.0333333333333,1012.1,5.0
3440,3440,2024-06-02,18.8,15.5,22.6,0.0,15.1,1018.1,19.1,154,-0.8820480249558537,0.4711595076738638,1.7000000000000455,14.4,18.9,1016.0333333333333,1013.6,7.100000000000001
3441,3441,2024-06-03,20.3,17.2,23.7,0.0,19.1,1017.0,15.4,155,-0.8900275764346767,0.4559066935084588,-1.1000000000000227,15.1,14.4,1017.1666666666666,1016.4,6.5
3442,3442,2024-06-04,20.4,17.6,24.5,0.0,15.4,1015.4,15.7,156,-0.8977433935342337,0.440518784350495,-1.6000000000000227,19.1,15.1,1016.8333333333331,1018.1,6.899999999999999
3443,3443,2024-06-05,20.7,18.1,24.5,0.0,15.7,1016.7,14.2,157,-0.9051931898913974,0.42500033996955416,1.3000000000000682,15.4,19.1,1016.3666666666667,1017.0,6.399999999999999
3444,3444,2024-06-06,22.1,17.9,26.4,0.0,14.2,1017.4,15.6,158,-0.9123747579707273,0.4093559588156213,0.6999999999999318,15.7,15.4,1016.5,1015.4,8.5
3445,3445,2024-06-07,22.8,19.1,28.5,0.0,15.6,1017.2,26.1,159,-0.9192859697186104,0.39359027665646673,-0.1999999999999318,14.2,15.7,1017.0999999999999,1016.7,9.399999999999999
3446,3446,2024-06-08,23.4,21.7,26.3,0.0,26.1,1009.9,13.5,160,-0.9259247771938498,0.3777079652039649,-7.300000000000068,15.6,14.2,1014.8333333333334,1017.4,4.600000000000001
3447,3447,2024-06-09,21.9,20.3,24.3,1.6,13.5,1005.9,12.0,161,-0.9322892131745133,0.36171373072976765,-4.0,26.1,15.6,1011.0,1017.2,4.0
3448,3448,2024-06-10,19.9,18.9,22.1,0.1,12.0,1011.4,10.0,162,-0.9383773917408641,0.3456123126707335,5.5,13.5,26.1,1009.0666666666666,1009.9,3.200000000000003
3449,3449,2024-06-11,18.6,15.9,22.4,24.5,10.0,1014.5,14.1,163,-0.9441875088341993,0.3294084822245304,3.1000000000000227,12.0,13.5,1010.5999999999999,1005.9,6.499999999999998
3450,3450,2024-06-12,18.2,14.2,22.5,20.1,14.1,1017.4,20.3,164,-0.9497178427914316,0.3131070409358269,2.8999999999999773,10.0,12.0,1014.4333333333333,1011.4,8.3
3451,3451,2024-06-13,18.4,13.8,23.1,0.0,20.3,1019.8,16.3,165,-0.9549667548552551,0.29671281927349075,2.3999999999999773,14.1,10.0,1017.2333333333332,1014.5,9.3
3452,3452,2024-06-14,21.2,18.7,24.8,0.0,16.3,1015.2,19.1,166,-0.9599326896597447,0.28023067519921585,-4.599999999999909,20.3,14.1,1017.4666666666666,1017.4,6.100000000000001
3453,3453,2024-06-15,21.0,17.8,24.1,0.0,19.1,1012.8,11.7,167,-0.9646141756912435,0.26366549272800704,-2.400000000000091,16.3,20.3,1015.9333333333333,1019.8,6.300000000000001
3454,3454,2024-06-16,20.3,17.5,23.7,0.0,11.7,1014.4,13.6,168,-0.9690098257244062,0.24702218048093552,1.6000000000000227,19.1,16.3,1014.1333333333332,1015.2,6.199999999999999
3455,3455,2024-06-17,21.9,19.0,25.5,0.0,13.6,1013.5,18.0,169,-0.9731183372332619,0.23030567023061221,-0.8999999999999773,11.7,19.1,1013.5666666666666,1012.8,6.5
3456,3456,2024-06-18,22.7,19.7,26.9,0.0,18.0,1012.6,12.9,170,-0.9769384927771817,0.21352091543979612,-0.8999999999999773,13.6,11.7,1013.5,1014.4,7.199999999999999
3457,3457,2024-06-19,22.0,19.7,25.6,5.8,12.9,1012.1,18.1,171,-0.980469160361632,0.19667288979357647,-0.5,18.0,13.6,1012.7333333333332,1013.5,5.900000000000002
3458,3458,2024-06-20,21.6,20.3,24.4,0.6,18.1,1015.2,13.5,172,-0.9837092937736097,0.1797665857255624,3.1000000000000227,12.9,18.0,1013.2999999999998,1012.6,4.099999999999998
3459,3459,2024-06-21,21.9,18.4,25.8,0.0,13.5,1017.9,14.3,173,-0.986657932891657,0.16280701293851715,2.699999999999932,18.1,12.9,1015.0666666666666,1012.1,7.400000000000002
3460,3460,2024-06-22,22.3,19.3,26.0,1.2,14.3,1018.5,12.6,174,-0.9893142039703663,0.1457991969198751,0.6000000000000227,13.5,18.1,1017.1999999999999,1015.2,6.699999999999999
3461,3461,2024-06-23,20.0,17.6,22.7,0.1,12.6,1016.4,11.9,175,-0.99167731989929,0.12874817745258132,-2.1000000000000227,14.3,13.5,1017.5999999999999,1017.9,5.099999999999998
3462,3462,2024-06-24,22.4,20.5,26.3,0.0,11.9,1014.2,20.4,176,-0.993746580436178,0.11165900712169512,-2.199999999999932,12.6,14.3,1016.3666666666667,1018.5,5.800000000000001
3463,3463,2024-06-25,22.7,20.3,26.3,0.0,20.4,1012.1,13.1,177,-0.9955213724144752,0.09453674981719912,-2.1000000000000227,11.9,12.6,1014.2333333333332,1016.4,6.0
3464,3464,2024-06-26,22.7,20.1,26.5,0.0,13.1,1012.2,14.1,178,-0.9970011699250151,0.07738647923346301,0.10000000000002274,20.4,11.9,1012.8333333333334,1014.2,6.399999999999999
3465,3465,2024-06-27,23.9,21.2,27.8,0.0,14.1,1013.1,21.2,179,-0.9981855344718586,0.06021327736579302,0.8999999999999773,13.1,20.4,1012.4666666666667,1012.1,6.600000000000001
3466,3466,2024-06-28,24.7,20.8,29.0,0.3,21.2,1014.3,19.1,180,-0.99907411510223,0.04302223300453059,1.1999999999999318,14.1,13.1,1013.1999999999999,1012.2,8.2
3467,3467,2024-06-29,23.4,20.6,27.3,5.4,19.1,1011.0,17.2,181,-0.9996666485105112,0.02581844022713308,-3.2999999999999545,21.2,14.1,1012.7999999999998,1013.1,6.699999999999999
3468,3468,2024-06-30,22.7,22.4,25.0,10.4,17.2,1014.4,11.8,182,-0.9999629591162655,0.008606996888688698,3.3999999999999773,19.1,21.2,1013.2333333333332,1014.3,2.6000000000000014
3469,3469,2024-07-01,21.2,19.3,24.0,14.1,11.8,1016.0,14.0,183,-0.9999629591162655,-0.008606996888688009,1.6000000000000227,17.2,19.1,1013.7999999999998,1011.0,4.699999999999999
3470,3470,2024-07-02,21.8,18.6,25.5,0.0,14.0,1016.5,12.6,184,-0.9996666485105112,-0.02581844022713239,0.5,11.8,17.2,1015.6333333333332,1014.4,6.899999999999999
3471,3471,2024-07-03,22.4,20.2,25.2,0.0,12.6,1013.7,12.1,185,-0.99907411510223,-0.04302223300453034,-2.7999999999999545,14.0,11.8,1015.4,1016.0,5.0
3472,3472,2024-07-04,22.4,19.3,26.0,0.0,12.1,1015.1,10.6,186,-0.9981855344718586,-0.060213277365792774,1.3999999999999773,12.6,14.0,1015.0999999999999,1016.5,6.699999999999999
3473,3473,2024-07-05,23.4,20.4,26.7,0.0,10.6,1014.4,16.7,187,-0.9970011699250151,-0.07738647923346322,-0.7000000000000455,12.1,12.6,1014.4,1013.7,6.300000000000001
3474,3474,2024-07-06,24.1,21.6,28.0,0.0,16.7,1010.4,15.8,188,-0.9955213724144752,-0.09453674981719933,-4.0,10.6,12.1,1013.2999999999998,1015.1,6.399999999999999
3475,3475,2024-07-07,23.2,21.2,26.7,0.0,15.8,1013.3,14.5,189,-0.9937465804361781,-0.11165900712169444,2.8999999999999773,16.7,10.6,1012.6999999999999,1014.4,5.5
3476,3476,2024-07-08,23.4,20.9,26.8,0.0,14.5,1015.5,11.8,190,-0.99167731989929,-0.12874817745258066,2.2000000000000455,15.8,16.7,1013.0666666666666,1010.4,5.900000000000002
3477,3477,2024-07-09,24.1,21.2,27.7,0.0,11.8,1015.6,16.4,191,-0.9893142039703664,-0.14579919691987442,0.10000000000002274,14.5,15.8,1014.7999999999998,1013.3,6.5
3478,3478,2024-07-10,24.5,21.5,28.5,0.0,16.4,1016.2,14.3,192,-0.9866579328916572,-0.16280701293851646,0.6000000000000227,11.8,14.5,1015.7666666666668,1015.5,7.0
3479,3479,2024-07-11,25.4,22.9,29.2,0.0,14.3,1016.0,11.4,193,-0.9837092937736098,-0.17976658572556214,-0.20000000000004547,16.4,11.8,1015.9333333333334,1015.6,6.300000000000001
3480,3480,2024-07-12,25.3,22.4,28.6,0.3,11.4,1013.0,9.9,194,-0.9804691603616321,-0.19667288979357622,-3.0,14.3,16.4,1015.0666666666666,1016.2,6.200000000000003
3481,3481,2024-07-13,23.4,21.8,25.8,0.0,9.9,1013.5,18.4,195,-0.9769384927771817,-0.2135209154397959,0.5,11.4,14.3,1014.1666666666666,1016.0,4.0
3482,3482,2024-07-14,24.1,20.5,28.5,0.0,18.4,1012.4,15.9,196,-0.973118337233262,-0.23030567023061196,-1.1000000000000227,9.9,11.4,1012.9666666666666,1013.0,8.0
3483,3483,2024-07-15,25.3,22.7,28.6,0.0,15.9,1012.2,11.5,197,-0.9690098257244063,-0.24702218048093527,-0.1999999999999318,18.4,9.9,1012.6999999999999,1013.5,5.900000000000002
3484,3484,2024-07-16,25.4,23.6,28.5,0.0,11.5,1015.5,12.8,198,-0.9646141756912435,-0.2636654927280072,3.2999999999999545,15.9,18.4,1013.3666666666667,1012.4,4.899999999999999
3485,3485,2024-07-17,24.9,22.2,28.4,0.0,12.8,1017.9,14.0,199,-0.9599326896597445,-0.2802306751992161,2.3999999999999773,11.5,15.9,1015.1999999999998,1012.2,6.199999999999999
3486,3486,2024-07-18,24.9,21.3,28.6,0.1,14.0,1017.9,15.6,200,-0.9549667548552553,-0.2967128192734901,0.0,12.8,11.5,1017.0999999999999,1015.5,7.300000000000001
3487,3487,2024-07-19,26.3,23.7,29.5,0.0,15.6,1016.7,13.7,201,-0.9497178427914317,-0.3131070409358267,-1.1999999999999318,14.0,12.8,1017.5,1017.9,5.800000000000001
3488,3488,2024-07-20,26.1,22.0,29.6,0.0,13.7,1010.4,15.1,202,-0.9441875088341994,-0.3294084822245302,-6.300000000000068,15.6,14.0,1015.0,1017.9,7.600000000000001
3489,3489,2024-07-21,25.9,24.2,30.3,0.7,15.1,1009.4,17.8,203,-0.9383773917408642,-0.3456123126707333,-1.0,13.7,15.6,1012.1666666666665,1016.7,6.100000000000001
3490,3490,2024-07-22,24.7,21.4,28.6,0.0,17.8,1017.3,15.9,204,-0.9322892131745134,-0.3617137307297674,7.899999999999977,15.1,13.7,1012.3666666666667,1010.4,7.200000000000003
3491,3491,2024-07-23,24.8,20.9,28.8,0.0,15.9,1019.0,12.8,205,-0.9259247771938499,-0.37770796520396466,1.7000000000000455,17.8,15.1,1015.2333333333332,1009.4,7.900000000000002
3492,3492,2024-07-24,25.7,22.3,29.4,0.0,12.8,1017.0,12.0,206,-0.9192859697186105,-0.39359027665646645,-2.0,15.9,17.8,1017.7666666666665,1017.3,7.099999999999998
3493,3493,2024-07-25,25.6,22.4,29.4,0.0,12.0,1012.9,11.3,207,-0.9123747579707274,-0.4093559588156211,-4.100000000000023,12.8,15.9,1016.2999999999998,1019.0,7.0
3494,3494,2024-07-26,26.2,22.7,30.5,0.0,11.3,1012.0,11.0,208,-0.9051931898913975,-0.42500033996955394,-0.8999999999999773,12.0,12.8,1013.9666666666666,1017.0,7.800000000000001
3495,3495,2024-07-27,26.1,22.6,30.7,0.0,11.0,1013.8,19.0,209,-0.8977433935342336,-0.4405187843504952,1.7999999999999545,11.3,12.0,1012.9,1012.9,8.099999999999998
3496,3496,2024-07-28,26.4,23.7,30.3,0.0,19.0,1017.8,15.2,210,-0.8900275764346766,-0.455906693508459,4.0,11.0,11.3,1014.5333333333332,1012.0,6.600000000000001
3497,3497,2024-07-29,26.7,23.5,31.6,0.0,15.2,1017.3,14.2,211,-0.8820480249558535,-0.47115950767386394,-0.5,19.0,11.0,1016.2999999999998,1013.8,8.100000000000001
3498,3498,2024-07-30,28.1,23.2,34.5,0.0,14.2,1015.3,13.2,212,-0.8738071036110807,-0.4862727071086902,-2.0,15.2,19.0,1016.7999999999998,1017.8,11.3
3499,3499,2024-07-31,28.3,24.1,34.3,0.0,13.2,1013.2,12.2,213,-0.8653072543632061,-0.5012418134457756,-2.099999999999909,14.2,15.2,1015.2666666666665,1017.3,10.199999999999996
3500,3500,2024-08-01,27.7,24.8,31.8,0.0,12.2,1012.1,14.1,214,-0.8565509959010037,-0.5160623910158526,-1.1000000000000227,13.2,14.2,1013.5333333333333,1015.3,7.0
3501,3501,2024-08-02,27.0,20.1,32.3,9.1,14.1,1010.2,17.6,215,-0.8475409228928312,-0.5307300481619331,-1.8999999999999773,12.2,13.2,1011.8333333333334,1013.2,12.199999999999996
3502,3502,2024-08-03,25.4,21.4,30.5,0.0,17.6,1012.3,14.8,216,-0.8382797052177745,-0.5452404385406507,2.099999999999909,14.1,12.2,1011.5333333333333,1012.1,9.100000000000001
3503,3503,2024-08-04,26.4,23.9,31.2,0.0,14.8,1014.1,13.7,217,-0.828770087174504,-0.5595892624101763,1.8000000000000682,17.6,14.1,1012.1999999999999,1010.2,7.300000000000001
3504,3504,2024-08-05,26.2,23.5,30.1,0.0,13.7,1012.7,13.8,218,-0.8190148866680802,-0.5737722679043243,-1.3999999999999773,14.8,17.6,1013.0333333333332,1012.3,6.600000000000001
3505,3505,2024-08-06,26.6,23.6,30.4,0.0,13.8,1011.4,11.3,219,-0.8090169943749472,-0.5877852522924734,-1.3000000000000682,13.7,14.8,1012.7333333333332,1014.1,6.799999999999997
3506,3506,2024-08-07,27.1,23.7,30.8,0.0,11.3,1012.8,12.2,220,-0.7987793728863648,-0.6016240632249227,1.3999999999999773,13.8,13.7,1012.2999999999998,1012.7,7.100000000000001
3507,3507,2024-08-08,26.7,23.5,30.4,0.0,12.2,1015.1,10.6,221,-0.7883050558305253,-0.6152845999633277,2.300000000000068,11.3,13.8,1013.0999999999999,1011.4,6.899999999999999
3508,3508,2024-08-09,27.3,23.8,31.9,0.0,10.6,1017.5,11.7,222,-0.7775971469736268,-0.6287628145958345,2.3999999999999773,12.2,11.3,1015.1333333333332,1012.8,8.099999999999998
3509,3509,2024-08-10,27.9,24.5,32.2,0.0,11.7,1018.0,15.8,223,-0.7666588193001592,-0.6420547132365636,0.5,10.6,12.2,1016.8666666666667,1015.1,7.700000000000003
3510,3510,2024-08-11,27.1,24.9,29.5,0.0,15.8,1015.8,11.4,224,-0.7554933140726804,-0.655156357209085,-2.2000000000000455,11.7,10.6,1017.0999999999999,1017.5,4.600000000000001
3511,3511,2024-08-12,26.8,23.7,30.4,0.0,11.4,1012.2,11.9,225,-0.7441039398713608,-0.6680638642135333,-3.599999999999909,15.8,11.7,1015.3333333333334,1018.0,6.699999999999999
3512,3512,2024-08-13,27.1,24.2,30.9,0.2,11.9,1010.4,18.0,226,-0.7324940716135792,-0.6807734094770159,-1.8000000000000682,11.4,15.8,1012.7999999999998,1015.8,6.699999999999999
3513,3513,2024-08-14,25.8,22.6,31.1,0.5,18.0,1011.2,14.1,227,-0.7206671495538615,-0.6932812268869771,0.8000000000000682,11.9,11.4,1011.2666666666665,1012.2,8.5
3514,3514,2024-08-15,24.7,21.0,29.5,0.2,14.1,1015.3,13.5,228,-0.70862667826446,-0.7055836101071774,4.099999999999909,18.0,11.9,1012.2999999999998,1010.4,8.5
3515,3515,2024-08-16,24.9,22.3,29.1,0.0,13.5,1016.1,15.7,229,-0.6963762255968726,-0.7176769136759615,0.8000000000000682,14.1,18.0,1014.1999999999998,1011.2,6.800000000000001
3516,3516,2024-08-17,26.5,23.0,30.5,0.0,15.7,1014.7,15.0,230,-0.6839194216246105,-0.7295575540864876,-1.3999999999999773,13.5,14.1,1015.3666666666667,1015.3,7.5
3517,3517,2024-08-18,25.4,23.7,28.5,0.0,15.0,1012.6,14.4,231,-0.6712599575675315,-0.7412220108485957,-2.1000000000000227,15.7,13.5,1014.4666666666666,1016.1,4.800000000000001
3518,3518,2024-08-19,24.7,22.9,28.2,0.0,14.4,1012.9,15.4,232,-0.6584015846980489,-0.7526668275320083,0.2999999999999545,15.0,15.7,1013.4,1014.7,5.300000000000001
3519,3519,2024-08-20,24.8,20.9,30.1,0.0,15.4,1013.3,16.9,233,-0.64534811322955,-0.7638886127905429,0.39999999999997726,14.4,15.0,1012.9333333333333,1012.6,9.200000000000003
3520,3520,2024-08-21,26.0,22.8,30.4,0.0,16.9,1016.2,14.6,234,-0.6321034111873488,-0.7748840413670406,2.900000000000091,15.4,14.4,1014.1333333333332,1012.9,7.599999999999998
3521,3521,2024-08-22,26.5,24.5,30.1,0.0,14.6,1014.0,12.7,235,-0.6186714032625032,-0.7856498550787144,-2.2000000000000455,16.9,15.4,1014.5,1013.3,5.600000000000001
3522,3522,2024-08-23,26.5,24.2,30.0,0.0,12.7,1014.6,10.6,236,-0.6050560696488494,-0.7961828637826154,0.6000000000000227,14.6,16.9,1014.9333333333333,1016.2,5.800000000000001
3523,3523,2024-08-24,26.2,23.2,29.9,0.0,10.6,1014.6,15.1,237,-0.5912614448635782,-0.8064799463209447,0.0,12.7,14.6,1014.4,1014.0,6.699999999999999
3524,3524,2024-08-25,26.2,23.9,29.3,0.0,15.1,1017.3,15.2,238,-0.5772916165517278,-0.8165380514459157,2.699999999999932,10.6,12.7,1015.5,1014.6,5.400000000000002
3525,3525,2024-08-26,25.5,23.3,29.7,0.0,15.2,1016.9,15.3,239,-0.5631507242749187,-0.8263541987239094,-0.39999999999997726,15.1,10.6,1016.2666666666665,1014.6,6.399999999999999
3526,3526,2024-08-27,26.2,23.9,29.9,0.0,15.3,1015.1,11.5,240,-0.5488429582847199,-0.8359254794186365,-1.7999999999999545,15.2,15.1,1016.4333333333333,1017.3,6.0
3527,3527,2024-08-28,25.8,23.5,29.1,0.0,11.5,1015.6,11.5,241,-0.5343725582809785,-0.8452490573530634,0.5,15.3,15.2,1015.8666666666667,1016.9,5.600000000000001
3528,3528,2024-08-29,25.5,23.9,28.3,0.0,11.5,1016.8,11.9,242,-0.5197438121555157,-0.8543221697498269,1.1999999999999318,11.5,15.3,1015.8333333333331,1015.1,4.400000000000002
3529,3529,2024-08-30,24.9,21.3,29.1,0.0,11.9,1016.5,11.9,243,-0.5049610547215202,-0.8631421280499115,-0.2999999999999545,11.5,11.5,1016.2999999999998,1015.6,7.800000000000001
3530,3530,2024-08-31,25.7,23.0,29.6,0.0,11.9,1015.9,14.9,244,-0.4900286664290594,-0.8717063187093217,-0.6000000000000227,11.9,11.5,1016.4,1016.8,6.600000000000001
3531,3531,2024-09-01,25.4,23.3,28.8,0.1,14.9,1013.9,12.9,245,-0.4749510720670502,-0.8800122039735356,-2.0,11.9,11.9,1015.4333333333333,1016.5,5.5
3532,3532,2024-09-02,24.9,21.4,29.4,0.0,12.9,1013.2,13.9,246,-0.4597327394521046,-0.888057322629493,-0.6999999999999318,14.9,11.9,1014.3333333333331,1015.9,8.0
3533,3533,2024-09-03,22.6,20.2,27.0,3.9,13.9,1014.2,13.8,247,-0.4443781781046134,-0.8958392907349089,1.0,12.9,14.9,1013.7666666666665,1013.9,6.800000000000001
3534,3534,2024-09-04,20.1,16.8,25.2,7.5,13.8,1013.2,12.9,248,-0.4288919379124841,-0.9033558023246842,-1.0,13.9,12.9,1013.5333333333333,1013.2,8.399999999999999
3535,3535,2024-09-05,20.7,16.8,25.2,0.0,12.9,1011.0,17.8,249,-0.41327860778290443,-0.9106046300942162,-2.2000000000000455,13.8,13.9,1012.8000000000001,1014.2,8.399999999999999
3536,3536,2024-09-06,23.9,20.1,28.7,0.0,17.8,1008.3,16.5,250,-0.3975428142825566,-0.9175836260593934,-2.7000000000000455,12.9,13.8,1010.8333333333331,1013.2,8.599999999999998
3537,3537,2024-09-07,25.1,21.8,29.0,4.6,16.5,1008.4,12.4,251,-0.3816892202666586,-0.9242907221930934,0.10000000000002274,17.8,12.9,1009.2333333333332,1011.0,7.199999999999999
3538,3538,2024-09-08,22.4,19.4,25.2,42.0,12.4,1010.9,14.7,252,-0.3657225234972692,-0.9307239310379793,2.5,16.5,17.8,1009.1999999999999,1008.3,5.800000000000001
3539,3539,2024-09-09,22.7,18.1,27.6,0.0,14.7,1014.2,16.9,253,-0.34964745525122826,-0.9368813462954315,3.300000000000068,12.4,16.5,1011.1666666666665,1008.4,9.5
3540,3540,2024-09-10,22.1,19.3,26.0,0.0,16.9,1015.7,14.1,254,-0.33346877891818705,-0.9427611433904206,1.5,14.7,12.4,1013.5999999999999,1010.9,6.699999999999999
3541,3541,2024-09-11,20.9,17.5,25.0,0.0,14.1,1014.4,14.1,255,-0.31719128858910595,-0.9483615800121716,-1.3000000000000682,16.9,14.7,1014.7666666666665,1014.2,7.5
3542,3542,2024-09-12,20.4,16.7,24.2,1.6,14.1,1012.6,12.3,256,-0.300819807635668,-0.9536809966304455,-1.7999999999999545,14.1,16.9,1014.2333333333332,1015.7,7.5
3543,3543,2024-09-13,17.1,15.0,22.9,0.0,12.3,1019.1,17.3,257,-0.2843591872810036,-0.9587178169872964,6.5,14.1,14.1,1015.3666666666664,1014.4,7.899999999999999
3544,3544,2024-09-14,19.3,13.5,25.2,0.0,17.3,1022.1,16.4,258,-0.26781430516217486,-0.9634705485641486,3.0,12.3,14.1,1017.9333333333333,1012.6,11.7
3545,3545,2024-09-15,19.7,14.0,26.3,0.0,16.4,1017.8,15.2,259,-0.25119006388481957,-0.9679377830240642,-4.300000000000068,17.3,12.3,1019.6666666666666,1019.1,12.3
3546,3546,2024-09-16,20.3,15.6,27.6,0.0,15.2,1014.8,14.6,260,-0.23449138957041052,-0.9721181966290612,-3.0,16.4,17.3,1018.2333333333332,1022.1,12.000000000000002
3547,3547,2024-09-17,19.8,17.0,24.6,1.4,14.6,1013.6,13.3,261,-0.21772323039653224,-0.9760105506323682,-1.1999999999999318,15.2,16.4,1015.4,1017.8,7.600000000000001
3548,3548,2024-09-18,18.9,17.5,21.9,21.6,13.3,1016.2,12.0,262,-0.20089055513063528,-0.9796136916454901,2.6000000000000227,14.6,15.2,1014.8666666666664,1014.8,4.399999999999999
3549,3549,2024-09-19,19.9,16.3,24.3,3.5,12.0,1015.8,13.6,263,-0.18399835165767986,-0.9829265519799822,-0.40000000000009095,13.3,14.6,1015.1999999999999,1013.6,8.0
3550,3550,2024-09-20,19.3,16.9,22.6,7.3,13.6,1016.9,15.2,264,-0.1670516255021195,-0.9859481499638303,1.1000000000000227,12.0,13.3,1016.2999999999998,1016.2,5.700000000000003
3551,3551,2024-09-21,19.9,18.4,23.1,0.5,15.2,1016.5,10.9,265,-0.15005539834465262,-0.9886775902323404,-0.39999999999997726,13.6,12.0,1016.4,1015.8,4.700000000000003
3552,3552,2024-09-22,19.9,18.4,24.3,0.5,10.9,1014.2,13.7,266,-0.13301470653419636,-0.9911140639934546,-2.2999999999999545,15.2,13.6,1015.8666666666667,1016.9,5.900000000000002
3553,3553,2024-09-23,19.9,18.2,22.8,4.7,13.7,1013.5,17.5,267,-0.11593459959550066,-0.9932568492674143,-0.7000000000000455,10.9,15.2,1014.7333333333332,1016.5,4.600000000000001
3554,3554,2024-09-24,20.7,17.3,26.6,0.0,17.5,1012.2,16.2,268,-0.09882013873287211,-0.9951053111006974,-1.2999999999999545,13.7,10.9,1013.2999999999998,1014.2,9.3
3555,3555,2024-09-25,20.6,16.0,25.3,0.0,16.2,1012.9,17.6,269,-0.08167639533042288,-0.99665890175417,0.6999999999999318,17.5,13.7,1012.8666666666667,1013.5,9.3
3556,3556,2024-09-26,23.7,20.1,27.7,0.0,17.6,1007.9,18.5,270,-0.06450844944931625,-0.9979171608653922,-5.0,16.2,17.5,1011.0,1012.2,7.599999999999998
3557,3557,2024-09-27,22.3,18.0,27.8,0.0,18.5,1011.8,13.3,271,-0.04732138832243232,-0.9988797155850335,3.8999999999999773,17.6,16.2,1010.8666666666664,1012.9,9.8
3558,3558,2024-09-28,18.3,14.1,22.8,0.0,13.3,1020.6,19.3,272,-0.03012030484690836,-0.9995462806873573,8.800000000000068,18.5,17.6,1013.4333333333333,1007.9,8.700000000000001
3559,3559,2024-09-29,19.2,14.5,23.8,0.0,19.3,1022.9,15.9,273,-0.012910296075008843,-0.9999166586547379,2.2999999999999545,13.3,18.5,1018.4333333333333,1011.8,9.3
3560,3560,2024-09-30,20.9,17.0,25.4,0.0,15.9,1020.3,18.6,274,0.004303538296243821,-0.9999907397361901,-2.6000000000000227,19.3,13.3,1021.2666666666665,1020.6,8.399999999999999
3561,3561,2024-10-01,20.9,18.3,25.3,0.0,18.6,1015.5,16.6,275,0.021516097436222233,-0.9997685019798909,-4.7999999999999545,15.9,19.3,1019.5666666666666,1022.9,7.0
3562,3562,2024-10-02,20.4,15.9,24.6,24.3,16.6,1009.2,16.4,276,0.03872228089217399,-0.9992500112396835,-6.2999999999999545,18.6,15.9,1014.9999999999999,1020.3,8.700000000000001
3563,3563,2024-10-03,18.5,15.2,24.5,11.3,16.4,1008.1,16.8,277,0.05591699010060302,-0.9984354211555643,-1.1000000000000227,16.6,18.6,1010.9333333333334,1015.5,9.3
3564,3564,2024-10-04,17.8,14.1,23.0,0.0,16.8,1012.5,15.2,278,0.07309512989807776,-0.9973249731081555,4.399999999999977,16.4,16.6,1009.9333333333334,1009.2,8.9
3565,3565,2024-10-05,17.6,13.0,23.9,0.0,15.2,1013.2,13.8,279,0.0902516100310407,-0.9959189961471792,0.7000000000000455,16.8,16.4,1011.2666666666665,1008.1,10.899999999999999
3566,3566,2024-10-06,20.4,17.0,25.1,0.0,13.8,1009.7,10.6,280,0.10738134666416306,-0.994217906893952,-3.5,15.2,16.8,1011.7999999999998,1012.5,8.100000000000001
3567,3567,2024-10-07,21.1,18.1,25.1,2.2,10.6,1007.4,18.2,281,0.12447926388678869,-0.9922222094179324,-2.300000000000068,13.8,15.2,1010.0999999999999,1013.2,7.0
3568,3568,2024-10-08,20.1,16.4,25.7,0.0,18.2,1006.6,18.4,282,0.141540295217043,-0.989932495087353,-0.7999999999999545,10.6,13.8,1007.9,1009.7,9.3
3569,3569,2024-10-09,21.2,17.6,25.0,0.0,18.4,1003.7,13.1,283,0.15855938510313475,-0.9873494423939864,-2.8999999999999773,18.2,10.6,1005.9,1007.4,7.399999999999999
3570,3570,2024-10-10,19.6,15.5,23.0,0.0,13.1,1007.2,12.6,284,0.17553149042142777,-0.9844738167520923,3.5,18.4,18.2,1005.8333333333334,1006.6,7.5
3571,3571,2024-10-11,17.3,13.6,22.4,0.0,12.6,1015.1,12.0,285,0.19245158197082995,-0.9813064702716093,7.899999999999977,13.1,18.4,1008.6666666666666,1003.7,8.799999999999999
3572,3572,2024-10-12,19.0,16.0,23.7,2.9,12.0,1014.2,15.2,286,0.20931464596304888,-0.9778483415056567,-0.8999999999999773,12.6,13.1,1012.1666666666666,1007.2,7.699999999999999
3573,3573,2024-10-13,19.1,16.1,23.2,0.0,15.2,1018.0,18.5,287,0.22611568550828803,-0.9741004551724206,3.7999999999999545,12.0,12.6,1015.7666666666665,1015.1,7.099999999999998
3574,3574,2024-10-14,20.0,18.4,23.7,0.0,18.5,1017.7,21.6,288,0.2428497220959358,-0.970063921851507,-0.2999999999999545,15.2,12.0,1016.6333333333333,1014.2,5.300000000000001
3575,3575,2024-10-15,21.1,20.2,24.1,9.7,21.6,1013.6,10.1,289,0.25951179706979943,-0.965739937654855,-4.100000000000023,18.5,15.2,1016.4333333333333,1018.0,3.900000000000002
3576,3576,2024-10-16,21.3,18.9,25.4,0.0,10.1,1010.9,15.7,290,0.27609697309746883,-0.9611297838723007,-2.7000000000000455,21.6,18.5,1014.0666666666666,1017.7,6.5
3577,3577,2024-10-17,20.1,16.1,26.6,0.0,15.7,1010.7,13.3,291,0.2926003356333479,-0.9562348265919058,-0.1999999999999318,10.1,21.6,1011.7333333333332,1013.6,10.5
3578,3578,2024-10-18,16.4,14.2,20.6,0.0,13.3,1016.7,13.6,292,0.30901699437494723,-0.9510565162951536,6.0,15.7,10.1,1012.7666666666665,1010.9,6.400000000000002
3579,3579,2024-10-19,16.1,12.1,21.8,0.0,13.6,1018.6,12.0,293,0.3253420847119795,-0.9455963874271428,1.8999999999999773,13.3,15.7,1015.3333333333334,1010.7,9.700000000000001
3580,3580,2024-10-20,18.0,13.5,24.6,0.0,12.0,1021.8,17.0,294,0.341570769167856,-0.9398560579418953,3.199999999999932,13.6,13.3,1019.0333333333333,1016.7,11.100000000000001
3581,3581,2024-10-21,18.7,15.4,24.1,0.0,17.0,1024.8,18.4,295,0.35769823883312546,-0.9338372288229252,3.0,12.0,13.6,1021.7333333333332,1018.6,8.700000000000001
3582,3582,2024-10-22,18.2,15.6,22.4,0.2,18.4,1026.5,12.2,296,0.3737197147904692,-0.9275416835791965,1.7000000000000455,17.0,12.0,1024.3666666666666,1021.8,6.799999999999999
3583,3583,2024-10-23,18.1,15.5,22.8,0.0,12.2,1027.4,10.2,297,0.38963044953078774,-0.9209712877166347,0.900000000000091,18.4,17.0,1026.2333333333333,1024.8,7.300000000000001
3584,3584,2024-10-24,17.3,14.4,21.8,0.0,10.2,1024.0,12.3,298,0.4054257283599973,-0.9141279881853337,-3.400000000000091,12.2,18.4,1025.9666666666665,1026.5,7.4
3585,3585,2024-10-25,18.6,15.5,22.6,33.9,12.3,1018.6,13.5,299,0.42110087079608916,-0.9070138128026362,-5.399999999999977,10.2,12.2,1023.3333333333334,1027.4,7.100000000000001
3586,3586,2024-10-26,14.8,12.2,17.6,22.6,13.5,1013.9,23.2,300,0.4366512319560638,-0.8996308696522434,-4.7000000000000455,12.3,10.2,1018.8333333333334,1024.0,5.400000000000002
3587,3587,2024-10-27,15.0,11.7,19.4,8.4,23.2,1017.7,24.6,301,0.45207220393230374,-0.8919813464595487,3.800000000000068,13.5,12.3,1016.7333333333332,1018.6,7.699999999999999
3588,3588,2024-10-28,18.4,17.0,21.1,21.9,24.6,1021.7,28.7,302,0.46735921715800205,-0.8840675099433637,4.0,23.2,13.5,1017.7666666666668,1013.9,4.100000000000001
3589,3589,2024-10-29,19.1,16.8,22.5,0.1,28.7,1022.2,35.9,303,0.48250774176121763,-0.8758917051442433,0.5,24.6,23.2,1020.5333333333333,1017.7,5.699999999999999
3590,3590,2024-10-30,19.6,19.0,21.0,1.6,35.9,1019.9,25.9,304,0.4975132889071803,-0.8674563547295971,-2.300000000000068,28.7,24.6,1021.2666666666665,1021.7,2.0
3591,3591,2024-10-31,20.0,18.5,22.8,0.0,25.9,1021.8,20.7,305,0.5123714121284235,-0.858763958275803,1.8999999999999773,35.9,28.7,1021.2999999999998,1022.2,4.300000000000001
3592,3592,2024-11-01,18.1,15.6,22.2,0.1,20.7,1022.1,22.5,306,0.5270777086423724,-0.8498170915275277,0.3000000000000682,25.9,35.9,1021.2666666666665,1019.9,6.6
3593,3593,2024-11-02,17.4,16.0,20.2,0.8,22.5,1020.6,18.8,307,0.5416278206559811,-0.8406184056344783,-1.5,20.7,25.9,1021.4999999999999,1021.8,4.199999999999999
3594,3594,2024-11-03,17.1,15.0,20.0,15.3,18.8,1023.9,20.4,308,0.5560174366570446,-0.8311706263658079,3.2999999999999545,22.5,20.7,1022.1999999999999,1022.1,5.0
3595,3595,2024-11-04,18.2,15.8,20.3,144.2,20.4,1023.2,10.3,309,0.5702422926917867,-0.8214765533024145,-0.6999999999999318,18.8,22.5,1022.5666666666666,1020.6,4.5
3596,3596,2024-11-05,18.9,17.3,23.1,0.1,10.3,1022.9,14.0,310,0.5842981736283683,-0.8115390590073611,-0.3000000000000682,20.4,18.8,1023.3333333333334,1023.9,5.800000000000001
3597,3597,2024-11-06,18.1,16.1,22.0,0.0,14.0,1025.2,18.6,311,0.5981809144059158,-0.801361088174677,2.300000000000068,10.3,20.4,1023.7666666666665,1023.2,5.899999999999999
3598,3598,2024-11-07,17.1,15.2,20.5,0.0,18.6,1024.4,12.6,312,0.6118864012687242,-0.7909456567567774,-0.7999999999999545,14.0,10.3,1024.1666666666665,1022.9,5.300000000000001
3599,3599,2024-11-08,16.8,14.4,21.4,0.0,12.6,1022.2,11.5,313,0.6254105729852457,-0.780295851070776,-2.2000000000000455,18.6,14.0,1023.9333333333334,1025.2,6.999999999999998
3600,3600,2024-11-09,16.0,13.4,20.4,0.0,11.5,1022.1,16.7,314,0.6387494220515268,-0.7694148268839381,-0.10000000000002274,12.6,18.6,1022.9,1024.4,6.999999999999998
3601,3601,2024-11-10,15.8,13.0,21.3,0.0,16.7,1022.7,14.9,315,0.6518989958787125,-0.7583058084785625,0.6000000000000227,11.5,12.6,1022.3333333333331,1022.2,8.3
3602,3602,2024-11-11,14.5,11.4,20.6,0.0,14.9,1023.2,17.7,316,0.6648553979642866,-0.7469720876965551,0.5,16.7,11.5,1022.6666666666665,1022.1,9.200000000000001
3603,3603,2024-11-12,12.3,10.4,16.6,10.8,17.7,1018.9,28.6,317,0.6776147890466887,-0.7354170229639858,-4.300000000000068,14.9,16.7,1021.5999999999999,1022.7,6.200000000000001
3604,3604,2024-11-13,12.9,9.4,17.0,1.5,28.6,1019.0,15.9,318,0.690173388242972,-0.7236440382959124,0.10000000000002274,17.7,14.9,1020.3666666666664,1023.2,7.6
3605,3605,2024-11-14,13.4,10.5,18.6,0.0,15.9,1021.3,9.5,319,0.7025274741691566,-0.711656622281775,2.2999999999999545,28.6,17.7,1019.7333333333332,1018.9,8.100000000000001
3606,3606,2024-11-15,13.8,12.6,18.0,0.0,9.5,1023.4,11.0,320,0.7146733860429608,-0.6994583270516471,2.1000000000000227,15.9,28.6,1021.2333333333331,1019.0,5.4
3607,3607,2024-11-16,14.2,11.6,19.7,0.0,11.0,1021.7,14.6,321,0.7266075247685652,-0.6870527672236675,-1.6999999999999318,9.5,15.9,1022.1333333333332,1021.3,8.1
3608,3608,2024-11-17,14.1,10.8,19.6,0.0,14.6,1018.6,15.3,322,0.7383263540031063,-0.6744436188329457,-3.1000000000000227,11.0,9.5,1021.2333333333332,1023.4,8.8
3609,3609,2024-11-18,13.1,10.2,17.4,0.0,15.3,1017.5,13.1,323,0.749826401204568,-0.661634618242279,-1.1000000000000227,14.6,11.0,1019.2666666666664,1021.7,7.199999999999999
3610,3610,2024-11-19,14.8,11.3,20.9,0.0,13.1,1015.1,19.8,324,0.7611042586607742,-0.6486295610349818,-2.3999999999999773,15.3,14.6,1017.0666666666666,1018.6,9.599999999999998
3611,3611,2024-11-20,17.2,15.4,20.3,0.0,19.8,1010.7,21.9,325,0.7721565844991641,-0.6354323008901775,-4.399999999999977,13.1,15.3,1014.4333333333333,1017.5,4.9
3612,3612,2024-11-21,15.5,11.0,19.3,0.0,21.9,1008.4,16.4,326,0.7829801036770624,-0.622046748440868,-2.300000000000068,19.8,13.1,1011.4,1015.1,8.3
3613,3613,2024-11-22,15.5,11.5,18.8,2.2,16.4,1012.3,14.6,327,0.7935716089521472,-0.6084768701151264,3.8999999999999773,21.9,19.8,1010.4666666666666,1010.7,7.300000000000001
3614,3614,2024-11-23,13.6,10.6,18.0,0.1,14.6,1025.5,9.2,328,0.8039279618328208,-0.594726686960764,13.200000000000045,16.4,21.9,1015.3999999999997,1008.4,7.4
3615,3615,2024-11-24,16.4,14.3,20.7,0.0,9.2,1025.4,10.4,329,0.8140460935082175,-0.5808002734538013,-0.09999999999990905,14.6,16.4,1021.0666666666666,1012.3,6.399999999999999
3616,3616,2024-11-25,15.9,13.6,20.1,0.0,10.4,1020.0,12.2,330,0.8239230057575536,-0.5667017562911184,-5.400000000000091,9.2,14.6,1023.6333333333332,1025.5,6.500000000000002
3617,3617,2024-11-26,14.1,12.2,18.3,0.0,12.2,1022.4,14.1,331,0.8335557718385695,-0.5524353131676203,2.3999999999999773,10.4,9.2,1022.5999999999999,1025.4,6.100000000000001
3618,3618,2024-11-27,12.3,9.8,18.3,0.0,14.1,1024.1,16.5,332,0.8429415373547832,-0.5380051715382992,1.6999999999999318,12.2,10.4,1022.1666666666665,1020.0,8.5
3619,3619,2024-11-28,11.2,7.3,17.6,0.0,16.5,1025.5,14.0,333,0.8520775211013093,-0.5234156073655503,1.400000000000091,14.1,12.2,1023.9999999999999,1022.4,10.3
3620,3620,2024-11-29,12.1,8.2,19.4,0.0,14.0,1024.5,12.6,334,0.8609610158889945,-0.5086709438521042,-1.0,16.5,14.1,1024.6999999999998,1024.1,11.2
3621,3621,2024-11-30,12.4,8.5,17.8,0.0,12.6,1027.2,12.8,335,0.8695893893466109,-0.49377555015997737,2.7000000000000455,14.0,16.5,1025.7333333333333,1025.5,9.3
3622,3622,2024-12-01,14.4,11.9,17.4,0.0,12.8,1024.9,14.2,336,0.8779600847008883,-0.4787338401157883,-2.2999999999999545,12.6,14.0,1025.533333333333,1024.5,5.499999999999998
3623,3623,2024-12-02,13.9,11.1,21.4,0.0,14.2,1021.4,14.9,337,0.8860706215341378,-0.4635502709028512,-3.5000000000001137,12.8,12.6,1024.4999999999998,1027.2,10.299999999999999
3624,3624,2024-12-03,11.9,9.5,16.7,0.2,14.9,1020.1,13.0,338,0.893918596519257,-0.4482293417404106,-1.2999999999999545,14.2,12.8,1022.1333333333332,1024.9,7.199999999999999
3625,3625,2024-12-04,11.4,9.4,15.6,0.0,13.0,1021.2,16.4,339,0.9015016841318838,-0.4327755925504317,1.1000000000000227,14.9,14.2,1020.9,1021.4,6.199999999999999
3626,3626,2024-12-05,11.0,8.2,16.4,0.0,16.4,1025.9,14.3,340,0.9088176373395028,-0.41719360261231697,4.7000000000000455,13.0,14.9,1022.4,1020.1,8.2
3627,3627,2024-12-06,13.0,10.3,18.8,0.0,14.3,1022.5,20.4,341,0.9158642882672868,-0.4014879892059737,-3.400000000000091,16.4,13.0,1023.1999999999998,1021.2,8.5
3628,3628,2024-12-07,13.8,8.6,20.8,0.0,20.4,1016.8,22.7,342,0.9226395488404875,-0.38566340624360745,-5.7000000000000455,14.3,16.4,1021.7333333333332,1025.9,12.200000000000001
3629,3629,2024-12-08,9.9,7.6,14.5,0.0,22.7,1012.3,17.1,343,0.9291414114031743,-0.3697245428906732,-4.5,20.4,14.3,1017.1999999999998,1022.5,6.9
3630,3630,2024-12-09,8.9,6.4,14.5,0.0,17.1,1011.4,14.8,344,0.935367949313148,-0.3536761221763721,-0.8999999999999773,22.7,20.4,1013.4999999999999,1016.8,8.1
3631,3631,2024-12-10,8.0,6.4,11.4,8.9,14.8,1017.0,15.4,345,0.941317317512847,-0.33752289959411347,5.600000000000023,17.1,22.7,1013.5666666666665,1012.3,5.0
3632,3632,2024-12-11,7.9,6.6,10.5,1.7,15.4,1020.6,19.1,346,0.9469877530760751,-0.32126966169236515,3.6000000000000227,14.8,17.1,1016.3333333333331,1011.4,3.9000000000000004
3633,3633,2024-12-12,10.4,9.3,13.3,30.3,19.1,1020.9,11.3,347,0.9523775757303973,-0.3049212246562894,0.2999999999999545,15.4,14.8,1019.4999999999999,1017.0,4.0
3634,3634,2024-12-13,9.9,7.5,15.7,0.0,11.3,1022.1,12.9,348,0.9574851883550389,-0.2884824328806098,1.2000000000000455,19.1,15.4,1021.1999999999998,1020.6,8.2
3635,3635,2024-12-14,9.2,6.4,14.1,0.0,12.9,1026.5,13.2,349,0.9623090774541487,-0.27195815753410524,4.399999999999977,11.3,19.1,1023.1666666666665,1020.9,7.699999999999999
3636,3636,2024-12-15,8.2,5.1,14.3,0.0,13.2,1032.3,17.4,350,0.9668478136052773,-0.2553532951161881,5.7999999999999545,12.9,11.3,1026.9666666666665,1022.1,9.200000000000001
3637,3637,2024-12-16,8.1,4.2,14.4,0.0,17.4,1037.8,15.5,351,0.9711000518829505,-0.23867276600594997,5.5,13.2,12.9,1032.1999999999998,1026.5,10.2
3638,3638,2024-12-17,9.5,4.5,15.6,0.0,15.5,1032.9,11.4,352,0.9750645322571945,-0.22192151300416674,-4.899999999999864,17.4,13.2,1034.3333333333333,1032.3,11.1
3639,3639,2024-12-18,9.9,6.8,16.7,0.0,11.4,1027.3,16.0,353,0.9787400799669153,-0.20510449986861926,-5.600000000000136,15.5,17.4,1032.6666666666667,1037.8,9.899999999999999
3640,3640,2024-12-19,15.1,9.1,20.8,0.0,16.0,1017.5,11.4,354,0.9821256058680006,-0.1882267098432439,-9.799999999999955,11.4,15.5,1025.8999999999999,1032.9,11.700000000000001
3641,3641,2024-12-20,9.7,6.3,15.1,0.0,11.4,1024.0,15.2,355,0.9852201067560606,-0.1712931441814778,6.5,16.0,11.4,1022.933333333333,1027.3,8.8
3642,3642,2024-12-21,8.0,4.5,14.3,0.0,15.2,1027.9,18.3,356,0.9880226656636976,-0.154308820664281,3.900000000000091,11.4,16.0,1023.1333333333332,1017.5,9.8
3643,3643,2024-12-22,11.9,7.3,17.6,0.0,18.3,1021.0,10.8,357,0.9905324521322227,-0.13727877211326517,-6.900000000000091,15.2,11.4,1024.3,1024.0,10.3
3644,3644,2024-12-23,10.4,6.1,16.2,0.0,10.8,1019.7,12.3,358,0.9927487224577402,-0.12020804489935275,-1.2999999999999545,18.3,15.2,1022.8666666666664,1027.9,10.1
3645,3645,2024-12-24,7.8,4.3,12.5,0.0,12.3,1023.7,11.2,359,0.9946708199115211,-0.10310169744743544,4.0,10.8,18.3,1021.4666666666666,1021.0,8.2
3646,3646,2024-12-25,10.2,8.5,15.1,0.0,11.2,1028.0,9.6,360,0.9962981749346077,-0.0859647987374467,4.2999999999999545,12.3,10.8,1023.7999999999998,1019.7,6.6
3647,3647,2024-12-26,11.4,9.4,14.3,0.0,9.6,1029.6,13.0,361,0.9976303053065857,-0.06880242680232064,1.599999999999909,11.2,12.3,1027.1,1023.7,4.9
3648,3648,2024-12-27,9.8,6.4,17.5,0.0,13.0,1031.1,15.2,362,0.9986668162884759,-0.05161966722325418,1.5,9.6,11.2,1029.5666666666664,1028.0,11.1
3649,3649,2024-12-28,8.0,3.9,14.8,0.0,15.2,1029.7,15.0,363,0.9994074007397048,-0.034421611622745804,-1.3999999999998636,13.0,9.6,1030.1333333333332,1029.6,10.9
3650,3650,2024-12-29,7.9,4.3,16.0,0.0,15.0,1028.9,15.1,364,0.9998518392091162,-0.01721335615583528,-0.7999999999999545,15.2,13.0,1029.8999999999999,1031.1,11.7
3651,3651,2024-12-30,7.4,3.7,14.5,0.0,15.1,1029.9,15.5,365,1.0,6.432490598706546e-16,1.0,15.0,15.2,1029.5,1029.7,10.8
3652,3652,2024-12-31,7.6,3.1,14.7,0.0,15.5,1031.3,15.6,366,0.9998518392091162,0.017213356155833904,1.3999999999998636,15.1,15.0,1030.0333333333333,1028.9,11.6
3653,3653,2025-01-01,8.4,5.6,14.8,0.0,15.6,1030.6,16.5,1,0.9998518392091162,0.017213356155834685,-0.7000000000000455,15.5,15.1,1030.6,1029.9,9.200000000000001
3654,3654,2025-01-02,7.9,4.2,16.3,0.0,16.5,1025.8,17.1,2,0.9994074007397048,0.03442161162274574,-4.7999999999999545,15.6,15.5,1029.2333333333333,1031.3,12.100000000000001
3655,3655,2025-01-03,8.3,5.1,13.7,0.0,17.1,1021.2,11.6,3,0.998666816288476,0.051619667223253764,-4.599999999999909,16.5,15.6,1025.8666666666666,1030.6,8.6
3656,3656,2025-01-04,10.7,8.3,16.2,0.0,11.6,1020.1,16.0,4,0.9976303053065857,0.06880242680231986,-1.1000000000000227,17.1,16.5,1022.3666666666664,1025.8,7.899999999999999
3657,3657,2025-01-05,10.1,6.7,15.4,0.0,16.0,1012.9,13.2,5,0.9962981749346078,0.08596479873744647,-7.2000000000000455,11.6,17.1,1018.0666666666666,1021.2,8.7
3658,3658,2025-01-06,12.7,9.3,16.6,0.1,13.2,1005.7,16.0,6,0.9946708199115211,0.10310169744743485,-7.199999999999932,16.0,11.6,1012.9,1020.1,7.300000000000001
3659,3659,2025-01-07,10.8,6.5,15.7,0.0,16.0,1015.1,15.1,7,0.9927487224577402,0.1202080448993527,9.399999999999977,13.2,16.0,1011.2333333333332,1012.9,9.2
3660,3660,2025-01-08,12.1,7.7,17.6,0.0,15.1,1015.5,20.3,8,0.9905324521322229,0.13727877211326478,0.39999999999997726,16.0,13.2,1012.0999999999999,1005.7,9.900000000000002
3661,3661,2025-01-09,15.9,12.0,20.3,0.0,20.3,1015.2,12.8,9,0.9880226656636976,0.15430882066428117,-0.2999999999999545,15.1,16.0,1015.2666666666665,1015.1,8.3
3662,3662,2025-01-10,12.9,8.1,19.3,0.0,12.8,1020.6,11.3,10,0.9852201067560606,0.1712931441814776,5.399999999999977,20.3,15.1,1017.0999999999999,1015.5,11.200000000000001
3663,3663,2025-01-11,14.3,12.2,19.1,0.0,11.3,1017.8,14.1,11,0.9821256058680006,0.1882267098432442,-2.800000000000068,12.8,20.3,1017.8666666666664,1015.2,6.900000000000002
3664,3664,2025-01-12,9.7,4.4,15.8,0.0,14.1,1023.5,16.0,12,0.9787400799669153,0.2051044998686192,5.7000000000000455,11.3,12.8,1020.6333333333332,1020.6,11.4
3665,3665,2025-01-13,5.7,2.6,11.7,0.0,16.0,1028.2,17.3,13,0.9750645322571948,0.2219215130041655,4.7000000000000455,14.1,11.3,1023.1666666666665,1017.8,9.1
3666,3666,2025-01-14,5.0,0.6,12.0,0.0,17.3,1030.1,18.2,14,0.9711000518829505,0.2386727660059501,1.8999999999998636,16.0,14.1,1027.2666666666667,1023.5,11.4
3667,3667,2025-01-15,5.3,0.7,12.5,0.0,18.2,1026.0,28.6,15,0.9668478136052775,0.255353295116187,-4.099999999999909,17.3,16.0,1028.0999999999997,1028.2,11.8
3668,3668,2025-01-16,6.7,2.4,13.4,6.5,28.6,1025.6,26.7,16,0.9623090774541486,0.2719581575341055,-0.40000000000009095,18.2,17.3,1027.2333333333331,1030.1,11.0
3669,3669,2025-01-17,10.0,7.1,13.8,0.0,26.7,1028.6,15.1,17,0.9574851883550393,0.288482432880609,3.0,28.6,18.2,1026.7333333333331,1026.0,6.700000000000001
3670,3670,2025-01-18,7.9,3.7,13.6,0.0,15.1,1024.5,12.4,18,0.9523775757303974,0.30492122465628907,-4.099999999999909,26.7,28.6,1026.2333333333331,1025.6,9.899999999999999
3671,3671,2025-01-19,9.6,6.8,14.4,0.0,12.4,1020.5,12.8,19,0.9469877530760753,0.3212696616923644,-4.0,15.1,26.7,1024.533333333333,1028.6,7.6000000000000005
3672,3672,2025-01-20,8.3,5.4,14.5,0.0,12.8,1017.7,13.1,20,0.9413173175128471,0.3375228995941133,-2.7999999999999545,12.4,15.1,1020.9,1024.5,9.1
3673,3673,2025-01-21,8.6,4.7,13.9,0.0,13.1,1014.7,11.3,21,0.9353679493131483,0.3536761221763716,-3.0,12.8,12.4,1017.6333333333332,1020.5,9.2
3674,3674,2025-01-22,11.8,7.8,17.0,0.0,11.3,1010.1,9.0,22,0.9291414114031743,0.3697245428906731,-4.600000000000023,13.1,12.8,1014.1666666666665,1017.7,9.2
3675,3675,2025-01-23,12.1,9.5,16.7,0.0,9.0,1013.8,17.3,23,0.9226395488404876,0.38566340624360707,3.699999999999932,11.3,13.1,1012.8666666666664,1014.7,7.199999999999999
3676,3676,2025-01-24,11.6,7.4,17.9,0.0,17.3,1018.5,12.3,24,0.9158642882672872,0.401487989205973,4.7000000000000455,9.0,11.3,1014.1333333333332,1010.1,10.499999999999998
3677,3677,2025-01-25,11.9,7.7,17.0,0.0,12.3,1014.6,15.0,25,0.9088176373395029,0.4171936026123168,-3.8999999999999773,17.3,9.0,1015.6333333333332,1013.8,9.3
3678,3678,2025-01-26,12.1,7.4,17.4,0.0,15.0,1017.6,24.0,26,0.901501684131884,0.4327755925504312,3.0,12.3,17.3,1016.8999999999997,1018.5,9.999999999999998
3679,3679,2025-01-27,16.0,14.0,20.3,0.4,24.0,1008.0,30.5,27,0.893918596519257,0.4482293417404106,-9.600000000000023,15.0,12.3,1013.3999999999997,1014.6,6.300000000000001
3680,3680,2025-01-28,13.2,11.2,16.4,0.0,30.5,1012.0,15.5,28,0.886070621534138,0.4635502709028509,4.0,24.0,15.0,1012.5333333333332,1017.6,5.199999999999999
3681,3681,2025-01-29,11.6,8.7,15.4,0.0,15.5,1016.3,13.3,29,0.8779600847008882,0.47873384011578846,4.2999999999999545,30.5,24.0,1012.0999999999999,1008.0,6.700000000000001
3682,3682,2025-01-30,10.6,7.9,16.1,0.0,13.3,1013.3,14.6,30,0.869589389346611,0.49377555015997715,-3.0,15.5,30.5,1013.8666666666664,1012.0,8.200000000000001
3683,3683,2025-01-31,8.9,6.2,13.8,0.0,14.6,1025.0,14.5,31,0.8609610158889943,0.5086709438521044,11.700000000000045,13.3,15.5,1018.1999999999998,1016.3,7.6000000000000005
3684,3684,2025-02-01,7.0,5.6,10.3,6.4,14.5,1022.6,14.5,32,0.8520775211013093,0.5234156073655503,-2.3999999999999773,14.6,13.3,1020.2999999999997,1013.3,4.700000000000001
3685,3685,2025-02-02,8.9,6.5,14.7,0.0,14.5,1019.4,15.3,33,0.8429415373547828,0.5380051715382996,-3.2000000000000455,14.5,14.6,1022.3333333333331,1025.0,8.2
3686,3686,2025-02-03,9.1,4.8,16.2,0.0,15.3,1023.1,16.4,34,0.8335557718385699,0.5524353131676196,3.7000000000000455,14.5,14.5,1021.6999999999998,1022.6,11.399999999999999
3687,3687,2025-02-04,8.8,4.2,15.1,0.0,16.4,1027.1,15.4,35,0.8239230057575542,0.5667017562911176,3.9999999999998863,15.3,14.5,1023.1999999999998,1019.4,10.899999999999999
3688,3688,2025-02-05,8.9,4.8,15.6,0.0,15.4,1031.8,14.2,36,0.8140460935082178,0.5808002734538009,4.7000000000000455,16.4,15.3,1027.333333333333,1023.1,10.8
3689,3689,2025-02-06,8.5,4.4,13.5,0.0,14.2,1029.7,14.0,37,0.8039279618328213,0.5947266869607634,-2.099999999999909,15.4,16.4,1029.533333333333,1027.1,9.1
3690,3690,2025-02-07,10.2,7.4,14.4,6.3,14.0,1021.3,16.0,38,0.7935716089521474,0.6084768701151261,-8.400000000000091,14.2,15.4,1027.5999999999997,1031.8,7.0
3691,3691,2025-02-08,9.8,5.7,14.2,0.0,16.0,1019.2,13.0,39,0.7829801036770629,0.6220467484408675,-2.099999999999909,14.0,14.2,1023.3999999999997,1029.7,8.5
3692,3692,2025-02-09,8.3,3.7,14.4,0.0,13.0,1026.0,11.5,40,0.7721565844991642,0.6354323008901774,6.7999999999999545,16.0,14.0,1022.1666666666665,1021.3,10.7
3693,3693,2025-02-10,10.3,7.7,14.9,0.1,11.5,1024.0,9.4,41,0.7611042586607747,0.6486295610349814,-2.0,13.0,16.0,1023.0666666666666,1019.2,7.2
3694,3694,2025-02-11,11.4,9.1,15.4,0.0,9.4,1020.1,12.5,42,0.7498264012045686,0.6616346182422783,-3.8999999999999773,11.5,13.0,1023.3666666666667,1026.0,6.300000000000001
3695,3695,2025-02-12,10.2,8.7,13.3,32.6,12.5,1016.2,13.3,43,0.7383263540031065,0.6744436188329455,-3.8999999999999773,9.4,11.5,1020.0999999999999,1024.0,4.600000000000001
3696,3696,2025-02-13,11.8,9.8,16.6,0.0,13.3,1018.6,11.3,44,0.7266075247685656,0.6870527672236669,2.3999999999999773,12.5,9.4,1018.2999999999998,1020.1,6.800000000000001
3697,3697,2025-02-14,11.0,8.0,16.3,0.0,11.3,1017.2,11.3,45,0.7146733860429609,0.699458327051647,-1.3999999999999773,13.3,12.5,1017.3333333333334,1016.2,8.3
3698,3698,2025-02-15,10.9,10.6,12.4,0.0,11.3,1016.7,11.2,46,0.7025274741691571,0.7116566222817746,-0.5,11.3,13.3,1017.4999999999999,1018.6,1.8000000000000007
3699,3699,2025-02-16,11.8,9.8,16.6,0.0,11.2,1013.9,8.7,47,0.6901733882429719,0.7236440382959124,-2.800000000000068,11.3,11.3,1015.9333333333333,1017.2,6.800000000000001
3700,3700,2025-02-17,11.7,8.8,16.3,0.0,8.7,1015.9,9.5,48,0.6776147890466889,0.7354170229639855,2.0,11.2,11.3,1015.4999999999999,1016.7,7.5
3701,3701,2025-02-18,11.9,10.6,15.4,0.0,9.5,1017.1,20.5,49,0.6648553979642865,0.7469720876965552,1.2000000000000455,8.7,11.2,1015.6333333333332,1013.9,4.800000000000001
3702,3702,2025-02-19,11.7,9.0,16.3,0.0,20.5,1020.5,10.1,50,0.6518989958787126,0.7583058084785624,3.3999999999999773,9.5,8.7,1017.8333333333331,1015.9,7.300000000000001
3703,3703,2025-02-20,12.6,12.3,14.3,0.1,10.1,1026.9,6.5,51,0.6387494220515272,0.7694148268839378,6.400000000000091,20.5,9.5,1021.5,1017.1,2.0
3704,3704,2025-02-21,12.7,12.2,14.6,0.2,6.5,1025.9,9.9,52,0.6254105729852463,0.7802958510707755,-1.0,10.1,20.5,1024.4333333333334,1020.5,2.4000000000000004
3705,3705,2025-02-22,13.6,12.8,15.7,0.0,9.9,1021.7,9.6,53,0.6118864012687243,0.7909456567567772,-4.2000000000000455,6.5,10.1,1024.8333333333333,1026.9,2.8999999999999986
3706,3706,2025-02-23,12.1,9.1,16.1,0.1,9.6,1027.9,15.1,54,0.5981809144059165,0.8013610881746766,6.2000000000000455,9.9,6.5,1025.1666666666667,1025.9,7.000000000000002
3707,3707,2025-02-24,11.0,7.5,15.9,0.0,15.1,1027.4,11.8,55,0.5842981736283684,0.8115390590073611,-0.5,9.6,9.9,1025.6666666666667,1021.7,8.4
3708,3708,2025-02-25,11.4,8.4,16.8,0.2,11.8,1020.5,11.0,56,0.5702422926917871,0.8214765533024142,-6.900000000000091,15.1,9.6,1025.2666666666667,1027.9,8.4
3709,3709,2025-02-26,9.9,6.4,15.1,0.0,11.0,1023.4,11.4,57,0.5560174366570446,0.8311706263658079,2.8999999999999773,11.8,15.1,1023.7666666666665,1027.4,8.7
3710,3710,2025-02-27,9.8,5.5,15.3,0.0,11.4,1020.8,15.8,58,0.5416278206559814,0.8406184056344782,-2.6000000000000227,11.0,11.8,1021.5666666666666,1020.5,9.8
3711,3711,2025-02-28,9.8,8.3,14.6,0.0,15.8,1019.3,18.1,59,0.5270777086423722,0.8498170915275278,-1.5,11.4,11.0,1021.1666666666665,1023.4,6.299999999999999
3712,3712,2025-03-01,9.9,7.1,13.8,0.0,18.1,1018.2,26.6,60,0.5123714121284237,0.8587639582758029,-1.099999999999909,15.8,11.4,1019.4333333333333,1020.8,6.700000000000001
3713,3713,2025-03-02,11.7,9.5,16.0,0.0,26.6,1022.3,34.3,61,0.49751328890718066,0.8674563547295969,4.099999999999909,18.1,15.8,1019.9333333333333,1019.3,6.5
3714,3714,2025-03-03,12.8,12.8,15.5,0.0,34.3,1022.8,28.2,62,0.48250774176121847,0.8758917051442429,0.5,26.6,18.1,1021.0999999999999,1018.2,2.6999999999999993
3715,3715,2025-03-04,12.9,11.3,16.7,0.0,28.2,1021.7,30.2,63,0.4673592171580022,0.8840675099433636,-1.099999999999909,34.3,26.6,1022.2666666666665,1022.3,5.399999999999999
3716,3716,2025-03-05,12.5,9.8,16.7,0.0,30.2,1022.3,34.4,64,0.45207220393230435,0.8919813464595485,0.599999999999909,28.2,34.3,1022.2666666666665,1022.8,6.899999999999999
3717,3717,2025-03-06,13.2,11.8,16.0,10.0,34.4,1019.8,24.6,65,0.43665123195606403,0.8996308696522433,-2.5,30.2,28.2,1021.2666666666665,1021.7,4.199999999999999
3718,3718,2025-03-07,12.0,11.4,14.3,6.4,24.6,1015.9,16.5,66,0.4211008707960896,0.9070138128026359,-3.8999999999999773,34.4,30.2,1019.3333333333331,1022.3,2.9000000000000004
3719,3719,2025-03-08,13.9,13.8,16.1,33.0,16.5,1008.8,14.9,67,0.40542572835999735,0.9141279881853337,-7.100000000000023,24.6,34.4,1014.8333333333334,1019.8,2.3000000000000007
3720,3720,2025-03-09,13.0,10.6,16.2,21.7,14.9,1000.5,11.1,68,0.38963044953078796,0.9209712877166346,-8.299999999999955,16.5,24.6,1008.4,1015.9,5.6
3721,3721,2025-03-10,11.8,9.5,16.6,0.2,11.1,1002.7,12.8,69,0.37371971479046906,0.9275416835791966,2.2000000000000455,14.9,16.5,1004.0,1008.8,7.100000000000001
3722,3722,2025-03-11,11.8,9.2,16.7,0.3,12.8,1001.9,12.9,70,0.35769823883312546,0.9338372288229252,-0.8000000000000682,11.1,14.9,1001.6999999999999,1000.5,7.5
3723,3723,2025-03-12,12.2,9.9,15.8,0.1,12.9,999.8,22.5,71,0.3415707691678556,0.9398560579418954,-2.1000000000000227,12.8,11.1,1001.4666666666666,1002.7,5.9
3724,3724,2025-03-13,10.7,8.6,14.7,8.7,22.5,998.0,11.3,72,0.3253420847119801,0.9455963874271426,-1.7999999999999545,12.9,12.8,999.9,1001.9,6.1
3725,3725,2025-03-14,8.1,8.0,9.9,12.3,11.3,1000.4,14.3,73,0.30901699437494745,0.9510565162951535,2.3999999999999773,22.5,12.9,999.4,999.8,1.9000000000000004
3726,3726,2025-03-15,9.1,6.6,13.8,0.0,14.3,1009.5,11.6,74,0.29260033563334836,0.9562348265919056,9.100000000000023,11.3,22.5,1002.6333333333332,998.0,7.200000000000001
3727,3727,2025-03-16,7.9,4.2,13.1,1.4,11.6,1016.4,12.3,75,0.27609697309746883,0.9611297838723007,6.899999999999977,14.3,11.3,1008.7666666666665,1000.4,8.899999999999999
3728,3728,2025-03-17,9.3,7.2,13.0,0.0,12.3,1018.1,22.6,76,0.2595117970697999,0.9657399376548549,1.7000000000000455,11.6,14.3,1014.6666666666666,1009.5,5.8
3729,3729,2025-03-18,10.7,6.8,14.3,2.1,22.6,1019.7,24.2,77,0.2428497220959356,0.9700639218515071,1.6000000000000227,12.3,11.6,1018.0666666666666,1016.4,7.500000000000001
3730,3730,2025-03-19,13.6,12.8,15.1,1.6,24.2,1022.9,31.7,78,0.22611568550828828,0.9741004551724205,3.199999999999932,22.6,12.3,1020.2333333333332,1018.1,2.299999999999999
3731,3731,2025-03-20,13.8,13.7,14.5,,31.7,1022.0,25.9,79,0.20931464596304847,0.9778483415056568,-0.8999999999999773,24.2,22.6,1021.5333333333333,1019.7,0.8000000000000007
3732,3732,2025-03-21,13.8,10.5,15.5,6.1,25.9,1011.7,12.7,80,0.19245158197082998,0.9813064702716093,-10.299999999999955,31.7,24.2,1018.8666666666667,1022.9,5.0
3733,3733,2025-03-22,12.1,8.8,16.9,0.2,12.7,1006.2,12.7,81,0.1755314904214282,0.9844738167520922,-5.5,25.9,31.7,1013.2999999999998,1022.0,8.099999999999998
3734,3734,2025-03-23,11.6,8.3,16.1,0.9,12.7,1006.4,14.9,82,0.15855938510313475,0.9873494423939864,0.1999999999999318,12.7,25.9,1008.0999999999999,1011.7,7.800000000000001
3735,3735,2025-03-24,11.3,7.8,15.8,3.3,14.9,1013.2,12.5,83,0.141540295217043,0.989932495087353,6.800000000000068,12.7,12.7,1008.6,1006.2,8.0
3736,3736,2025-03-25,12.3,8.7,16.2,0.0,12.5,1019.3,13.1,84,0.12447926388678915,0.9922222094179323,6.099999999999909,14.9,12.7,1012.9666666666666,1006.4,7.5
3737,3737,2025-03-26,13.2,10.4,18.5,0.0,13.1,1017.7,14.4,85,0.10738134666416309,0.994217906893952,-1.599999999999909,12.5,14.9,1016.7333333333332,1013.2,8.1
3738,3738,2025-03-27,13.1,10.1,16.2,0.0,14.4,1015.1,13.6,86,0.09025161003104117,0.995918996147179,-2.6000000000000227,13.1,12.5,1017.3666666666667,1019.3,6.1
3739,3739,2025-03-28,13.7,11.1,17.0,0.0,13.6,1013.3,18.1,87,0.07309512989807777,0.9973249731081555,-1.8000000000000682,14.4,13.1,1015.3666666666667,1017.7,5.9
3740,3740,2025-03-29,14.4,10.1,19.7,0.0,18.1,1012.7,16.5,88,0.055916990100603484,0.9984354211555643,-0.599999999999909,13.6,14.4,1013.6999999999999,1015.1,9.6
3741,3741,2025-03-30,13.4,9.1,18.6,0.0,16.5,1017.6,13.8,89,0.03872228089217446,0.9992500112396835,4.899999999999977,18.1,13.6,1014.5333333333333,1013.3,9.500000000000002
3742,3742,2025-03-31,14.3,10.8,20.1,0.0,13.8,1016.1,15.2,90,0.021516097436222254,0.9997685019798909,-1.5,16.5,18.1,1015.4666666666666,1012.7,9.3
3743,3743,2025-04-01,13.2,9.5,17.3,0.1,15.2,1011.4,20.3,91,0.004303538296244289,0.9999907397361901,-4.7000000000000455,13.8,16.5,1015.0333333333333,1017.6,7.800000000000001
3744,3744,2025-04-02,13.8,12.0,15.3,3.3,20.3,1010.5,30.3,92,-0.01291029607500882,0.9999166586547379,-0.8999999999999773,15.2,13.8,1012.6666666666666,1016.1,3.3000000000000007
3745,3745,2025-04-03,14.7,13.0,17.6,0.0,30.3,1016.9,37.9,93,-0.030120304846908114,0.9995462806873573,6.399999999999977,20.3,15.2,1012.9333333333333,1011.4,4.600000000000001
3746,3746,2025-04-04,16.1,14.4,19.1,0.0,37.9,1013.6,12.4,94,-0.04732138832243185,0.9988797155850336,-3.2999999999999545,30.3,20.3,1013.6666666666666,1010.5,4.700000000000001
3747,3747,2025-04-05,14.7,12.3,18.0,0.0,12.4,1012.0,16.7,95,-0.06450844944931623,0.9979171608653922,-1.6000000000000227,37.9,30.3,1014.1666666666666,1016.9,5.699999999999999
3748,3748,2025-04-06,16.6,10.5,23.3,0.0,16.7,1010.9,14.2,96,-0.08167639533042241,0.9966589017541702,-1.1000000000000227,12.4,37.9,1012.1666666666665,1013.6,12.8
3749,3749,2025-04-07,16.0,14.1,19.1,0.0,14.2,1016.5,11.2,97,-0.09882013873287143,0.9951053111006976,5.600000000000023,16.7,12.4,1013.1333333333332,1012.0,5.000000000000002
3750,3750,2025-04-08,15.1,11.8,18.4,0.0,11.2,1022.2,11.3,98,-0.11593459959550041,0.9932568492674143,5.7000000000000455,14.2,16.7,1016.5333333333333,1010.9,6.599999999999998
3751,3751,2025-04-09,15.2,12.0,18.5,0.0,11.3,1019.7,13.1,99,-0.1330147065341959,0.9911140639934547,-2.5,11.2,14.2,1019.4666666666666,1016.5,6.5
3752,3752,2025-04-10,16.1,14.4,18.5,0.0,13.1,1021.3,12.6,100,-0.1500553983446526,0.9886775902323405,1.599999999999909,11.3,11.2,1021.0666666666666,1022.2,4.1
3753,3753,2025-04-11,15.3,11.9,18.9,0.2,12.6,1020.2,10.8,101,-0.16705162550211924,0.9859481499638304,-1.099999999999909,13.1,11.3,1020.4,1019.7,6.999999999999998
3754,3754,2025-04-12,15.2,12.3,19.8,0.0,10.8,1012.2,9.5,102,-0.18399835165768005,0.9829265519799822,-8.0,12.6,13.1,1017.9,1021.3,7.5
3755,3755,2025-04-13,15.8,12.8,19.5,0.0,9.5,1009.7,12.8,103,-0.20089055513063506,0.9796136916454901,-2.5,10.8,12.6,1014.0333333333333,1020.2,6.699999999999999
3756,3756,2025-04-14,16.4,15.2,19.0,0.0,12.8,1007.5,14.8,104,-0.21772323039653177,0.9760105506323683,-2.2000000000000455,9.5,10.8,1009.7999999999998,1012.2,3.8000000000000007
3757,3757,2025-04-15,16.2,12.4,19.6,0.0,14.8,1002.4,14.1,105,-0.23449138957040985,0.9721181966290613,-5.100000000000023,12.8,9.5,1006.5333333333333,1009.7,7.200000000000001
3758,3758,2025-04-16,13.1,9.5,16.3,0.5,14.1,1008.1,18.7,106,-0.25119006388481935,0.9679377830240642,5.7000000000000455,14.8,12.8,1005.9999999999999,1007.5,6.800000000000001
3759,3759,2025-04-17,14.3,8.8,20.6,0.0,18.7,1011.7,12.9,107,-0.2678143051621742,0.9634705485641488,3.6000000000000227,14.1,14.8,1007.4,1002.4,11.8
3760,3760,2025-04-18,14.8,9.9,18.7,1.7,12.9,1014.2,12.8,108,-0.2843591872810034,0.9587178169872964,2.5,18.7,14.1,1011.3333333333334,1008.1,8.799999999999999
3761,3761,2025-04-19,15.9,10.6,20.1,6.4,12.8,1005.7,16.8,109,-0.30081980763566735,0.9536809966304457,-8.5,12.9,18.7,1010.5333333333333,1011.7,9.500000000000002
3762,3762,2025-04-20,14.0,8.3,19.0,0.0,16.8,1009.4,13.6,110,-0.3171912885891061,0.9483615800121715,3.699999999999932,12.8,12.9,1009.7666666666665,1014.2,10.7
3763,3763,2025-04-21,14.6,10.3,18.5,0.0,13.6,1015.5,11.8,111,-0.3334687789181868,0.9427611433904207,6.100000000000023,16.8,12.8,1010.1999999999999,1005.7,8.2
3764,3764,2025-04-22,16.1,12.2,20.7,0.0,11.8,1018.1,17.7,112,-0.3496474552512284,0.9368813462954315,2.6000000000000227,13.6,16.8,1014.3333333333331,1009.4,8.5
3765,3765,2025-04-23,15.9,12.3,19.7,0.0,17.7,1020.1,13.2,113,-0.36572252349726897,0.9307239310379795,2.0,11.8,13.6,1017.9,1015.5,7.399999999999999
3766,3766,2025-04-24,16.1,12.7,19.7,0.0,13.2,1018.7,11.9,114,-0.3816892202666588,0.9242907221930933,-1.3999999999999773,17.7,11.8,1018.9666666666666,1018.1,7.0
3767,3767,2025-04-25,16.8,15.1,19.6,0.0,11.9,1015.9,12.2,115,-0.39754281428255595,0.9175836260593937,-2.800000000000068,13.2,17.7,1018.2333333333332,1020.1,4.500000000000002
3768,3768,2025-04-26,15.7,12.8,18.3,19.9,12.2,1015.1,11.0,116,-0.4132786077829042,0.9106046300942162,-0.7999999999999545,11.9,13.2,1016.5666666666666,1018.7,5.5
3769,3769,2025-04-27,15.3,11.3,20.0,0.3,11.0,1020.0,15.5,117,-0.4288919379124835,0.9033558023246845,4.899999999999977,12.2,11.9,1017.0,1015.9,8.7
3770,3770,2025-04-28,16.3,12.1,21.4,0.0,15.5,1022.1,13.8,118,-0.4443781781046132,0.895839290734909,2.1000000000000227,11.0,12.2,1019.0666666666666,1015.1,9.299999999999999
3771,3771,2025-04-29,16.3,12.6,19.8,0.0,13.8,1021.3,19.7,119,-0.45973273945210397,0.8880573226294932,-0.8000000000000682,15.5,11.0,1021.1333333333332,1020.0,7.200000000000001
3772,3772,2025-04-30,17.6,14.3,21.0,0.0,19.7,1020.0,24.3,120,-0.47495107206704995,0.8800122039735357,-1.2999999999999545,13.8,15.5,1021.1333333333332,1022.1,6.699999999999999
3773,3773,2025-05-01,18.4,14.7,22.7,0.0,24.3,1018.7,24.6,121,-0.4900286664290592,0.8717063187093218,-1.2999999999999545,19.7,13.8,1020.0,1021.3,8.0
3774,3774,2025-05-02,18.0,15.7,21.0,6.0,24.6,1017.4,16.8,122,-0.5049610547215204,0.8631421280499114,-1.3000000000000682,24.3,19.7,1018.6999999999998,1020.0,5.300000000000001
3775,3775,2025-05-03,18.3,15.7,24.1,0.2,16.8,1014.0,15.1,123,-0.5197438121555155,0.854322169749827,-3.3999999999999773,24.6,24.3,1016.6999999999998,1018.7,8.400000000000002
3776,3776,2025-05-04,18.4,16.1,21.3,0.1,15.1,1008.8,14.3,124,-0.5343725582809786,0.8452490573530633,-5.2000000000000455,16.8,24.6,1013.4,1017.4,5.199999999999999
3777,3777,2025-05-05,16.7,13.3,21.8,26.1,14.3,1007.4,14.8,125,-0.548842958284719,0.8359254794186372,-1.3999999999999773,15.1,16.8,1010.0666666666666,1014.0,8.5
3778,3778,2025-05-06,14.3,11.0,17.9,4.9,14.8,1012.4,16.1,126,-0.5631507242749186,0.8263541987239096,5.0,14.3,15.1,1009.5333333333332,1008.8,6.899999999999999
3779,3779,2025-05-07,14.4,10.0,18.7,0.0,16.1,1015.0,14.4,127,-0.5772916165517272,0.8165380514459161,2.6000000000000227,14.8,14.3,1011.5999999999999,1007.4,8.7
3780,3780,2025-05-08,15.7,11.4,20.1,11.4,14.4,1012.5,13.9,128,-0.5912614448635781,0.8064799463209448,-2.5,16.1,14.8,1013.2999999999998,1012.4,8.700000000000001
3781,3781,2025-05-09,16.7,14.2,19.0,8.8,13.9,1012.5,17.1,129,-0.6050560696488488,0.7961828637826158,0.0,14.4,16.1,1013.3333333333334,1015.0,4.800000000000001
3782,3782,2025-05-10,18.2,15.8,20.7,1.8,17.1,1014.2,14.9,130,-0.6186714032625031,0.7856498550787147,1.7000000000000455,13.9,14.4,1013.0666666666666,1012.5,4.899999999999999
3783,3783,2025-05-11,17.8,14.1,21.4,0.0,14.9,1011.3,12.7,131,-0.6321034111873487,0.7748840413670407,-2.900000000000091,17.1,13.9,1012.6666666666666,1012.5,7.299999999999999
3784,3784,2025-05-12,17.0,13.0,20.1,0.0,12.7,1013.7,13.2,132,-0.6453481132295501,0.7638886127905428,2.400000000000091,14.9,17.1,1013.0666666666666,1014.2,7.100000000000001
3785,3785,2025-05-13,17.2,13.1,21.1,0.0,13.2,1014.3,16.9,133,-0.6584015846980488,0.7526668275320085,0.599999999999909,12.7,14.9,1013.0999999999999,1011.3,8.000000000000002
3786,3786,2025-05-14,17.6,13.3,21.4,0.0,16.9,1015.1,17.4,134,-0.6712599575675313,0.7412220108485958,0.8000000000000682,13.2,12.7,1014.3666666666667,1013.7,8.099999999999998
3787,3787,2025-05-15,18.5,13.9,23.9,0.2,17.4,1013.1,16.0,135,-0.6839194216246106,0.7295575540864875,-2.0,16.9,13.2,1014.1666666666666,1014.3,9.999999999999998
3788,3788,2025-05-16,19.4,16.3,23.9,0.0,16.0,1013.2,14.7,136,-0.6963762255968722,0.717676913675962,0.10000000000002274,17.4,16.9,1013.7999999999998,1015.1,7.599999999999998
3789,3789,2025-05-17,18.9,15.1,22.9,0.0,14.7,1016.0,16.3,137,-0.7086266782644596,0.705583610107178,2.7999999999999545,16.0,17.4,1014.1,1013.1,7.799999999999999
3790,3790,2025-05-18,19.0,15.1,22.5,0.0,16.3,1016.1,12.9,138,-0.7206671495538609,0.6932812268869777,0.10000000000002274,14.7,16.0,1015.0999999999999,1013.2,7.4
3791,3791,2025-05-19,20.2,16.3,24.1,0.0,12.9,1013.8,15.1,139,-0.7324940716135789,0.6807734094770161,-2.300000000000068,16.3,14.7,1015.2999999999998,1016.0,7.800000000000001
3792,3792,2025-05-20,19.4,15.6,25.4,0.0,15.1,1016.0,17.0,140,-0.7441039398713607,0.6680638642135335,2.2000000000000455,12.9,16.3,1015.2999999999998,1016.1,9.799999999999999
3793,3793,2025-05-21,19.6,16.2,23.2,1.1,17.0,1017.0,13.6,141,-0.7554933140726803,0.6551563572090853,1.0,15.1,12.9,1015.5999999999999,1013.8,7.0
3794,3794,2025-05-22,18.0,15.7,20.0,1.7,13.6,1015.1,17.2,142,-0.766658819300159,0.6420547132365637,-1.8999999999999773,17.0,15.1,1016.0333333333332,1016.0,4.300000000000001
3795,3795,2025-05-23,18.5,14.4,22.5,0.0,17.2,1016.5,14.3,143,-0.7775971469736269,0.6287628145958344,1.3999999999999773,13.6,17.0,1016.1999999999998,1017.0,8.1
3796,3796,2025-05-24,18.6,14.4,22.3,0.0,14.3,1018.7,13.6,144,-0.7883050558305255,0.6152845999633276,2.2000000000000455,17.2,13.6,1016.7666666666665,1015.1,7.9
3797,3797,2025-05-25,19.1,14.5,22.9,0.0,13.6,1019.4,11.6,145,-0.7987793728863649,0.6016240632249226,0.6999999999999318,14.3,17.2,1018.1999999999999,1016.5,8.399999999999999
3798,3798,2025-05-26,19.9,16.4,23.2,0.0,11.6,1020.5,12.6,146,-0.8090169943749473,0.5877852522924732,1.1000000000000227,13.6,14.3,1019.5333333333333,1018.7,6.800000000000001
3799,3799,2025-05-27,20.1,16.9,23.6,0.0,12.6,1021.9,16.5,147,-0.8190148866680801,0.5737722679043246,1.3999999999999773,11.6,13.6,1020.5999999999999,1019.4,6.700000000000003
3800,3800,2025-05-28,20.5,16.6,24.1,0.0,16.5,1022.7,12.0,148,-0.8287700871745038,0.5595892624101765,0.8000000000000682,12.6,11.6,1021.6999999999998,1020.5,7.5
3801,3801,2025-05-29,21.3,17.3,25.6,0.0,12.0,1022.3,15.1,149,-0.8382797052177744,0.545240438540651,-0.40000000000009095,16.5,12.6,1022.2999999999998,1021.9,8.3
3802,3802,2025-05-30,22.9,18.7,26.8,0.0,15.1,1020.5,11.7,150,-0.8475409228928311,0.5307300481619334,-1.7999999999999545,12.0,16.5,1021.8333333333334,1022.7,8.100000000000001
3803,3803,2025-05-31,23.2,19.6,27.2,0.0,11.7,1020.0,16.5,151,-0.8565509959010036,0.5160623910158528,-0.5,15.1,12.0,1020.9333333333333,1022.3,7.599999999999998
3804,3804,2025-06-01,23.3,20.8,26.6,0.0,16.5,1018.0,21.9,152,-0.865307254363206,0.5012418134457758,-2.0,11.7,15.1,1019.5,1020.5,5.800000000000001
3805,3805,2025-06-02,23.3,21.5,27.3,0.0,21.9,1017.6,18.5,153,-0.8738071036110808,0.48627270710868997,-0.39999999999997726,16.5,11.7,1018.5333333333333,1020.0,5.800000000000001
3806,3806,2025-06-03,22.4,18.6,27.4,0.0,18.5,1013.3,16.9,154,-0.8820480249558537,0.4711595076738638,-4.300000000000068,21.9,16.5,1016.2999999999998,1018.0,8.799999999999997
3807,3807,2025-06-04,22.9,19.9,26.9,0.0,16.9,1012.7,16.0,155,-0.8900275764346767,0.4559066935084588,-0.599999999999909,18.5,21.9,1014.5333333333333,1017.6,7.0
3808,3808,2025-06-05,22.3,20.8,24.6,0.0,16.0,1016.2,11.2,156,-0.8977433935342337,0.440518784350495,3.5,16.9,18.5,1014.0666666666666,1013.3,3.8000000000000007
3809,3809,2025-06-06,22.4,20.0,26.0,0.0,11.2,1016.9,11.4,157,-0.9051931898913974,0.42500033996955416,0.6999999999999318,16.0,16.9,1015.2666666666665,1012.7,6.0
3810,3810,2025-06-07,22.7,19.0,26.0,0.0,11.4,1015.9,11.5,158,-0.9123747579707273,0.4093559588156213,-1.0,11.2,16.0,1016.3333333333334,1016.2,7.0
3811,3811,2025-06-08,22.0,19.5,24.7,0.0,11.5,1019.8,13.6,159,-0.9192859697186104,0.39359027665646673,3.8999999999999773,11.4,11.2,1017.5333333333332,1016.9,5.199999999999999
3812,3812,2025-06-09,22.4,18.9,26.0,0.0,13.6,1020.4,20.6,160,-0.9259247771938498,0.3777079652039649,0.6000000000000227,11.5,11.4,1018.6999999999998,1015.9,7.100000000000001
3813,3813,2025-06-10,24.7,22.1,29.1,0.0,20.6,1018.8,16.4,161,-0.9322892131745133,0.36171373072976765,-1.6000000000000227,13.6,11.5,1019.6666666666665,1019.8,7.0
3814,3814,2025-06-11,25.3,21.3,30.0,0.0,16.4,1015.0,19.6,162,-0.9383773917408641,0.3456123126707335,-3.7999999999999545,20.6,13.6,1018.0666666666666,1020.4,8.7
3815,3815,2025-06-12,25.0,21.8,28.4,0.0,19.6,1014.2,20.5,163,-0.9441875088341993,0.3294084822245304,-0.7999999999999545,16.4,20.6,1016.0,1018.8,6.599999999999998
3816,3816,2025-06-13,24.9,23.5,27.9,0.0,20.5,1017.6,15.8,164,-0.9497178427914316,0.3131070409358269,3.3999999999999773,19.6,16.4,1015.5999999999999,1015.0,4.399999999999999
3817,3817,2025-06-14,25.6,22.5,29.5,0.0,15.8,1018.3,22.6,165,-0.9549667548552551,0.29671281927349075,0.6999999999999318,20.5,19.6,1016.6999999999999,1014.2,7.0
3818,3818,2025-06-15,25.9,23.5,29.7,0.0,22.6,1019.5,15.0,166,-0.9599326896597447,0.28023067519921585,1.2000000000000455,15.8,20.5,1018.4666666666666,1017.6,6.199999999999999
3819,3819,2025-06-16,24.5,22.3,27.7,0.0,15.0,1020.9,9.7,167,-0.9646141756912435,0.26366549272800704,1.3999999999999773,22.6,15.8,1019.5666666666666,1018.3,5.399999999999999
3820,3820,2025-06-17,24.3,21.2,27.6,0.0,9.7,1020.1,9.3,168,-0.9690098257244062,0.24702218048093552,-0.7999999999999545,15.0,22.6,1020.1666666666665,1019.5,6.400000000000002
3821,3821,2025-06-18,25.7,21.9,30.1,0.0,9.3,1020.4,14.4,169,-0.9731183372332619,0.23030567023061221,0.2999999999999545,9.7,15.0,1020.4666666666666,1020.9,8.200000000000003
3822,3822,2025-06-19,25.6,22.5,28.9,0.0,14.4,1019.4,19.4,170,-0.9769384927771817,0.21352091543979612,-1.0,9.3,9.7,1019.9666666666666,1020.1,6.399999999999999
3823,3823,2025-06-20,25.9,22.6,29.7,0.0,19.4,1019.0,18.0,171,-0.980469160361632,0.19667288979357647,-0.39999999999997726,14.4,9.3,1019.5999999999999,1020.4,7.099999999999998
3824,3824,2025-06-21,26.2,23.3,30.4,0.0,18.0,1017.8,17.2,172,-0.9837092937736097,0.1797665857255624,-1.2000000000000455,19.4,14.4,1018.7333333333332,1019.4,7.099999999999998
3825,3825,2025-06-22,26.9,23.5,29.7,0.0,17.2,1018.6,16.5,173,-0.986657932891657,0.16280701293851715,0.8000000000000682,18.0,19.4,1018.4666666666666,1019.0,6.199999999999999
3826,3826,2025-06-23,26.9,23.3,30.2,0.0,16.5,1018.0,14.9,174,-0.9893142039703663,0.1457991969198751,-0.6000000000000227,17.2,18.0,1018.1333333333332,1017.8,6.899999999999999
3827,3827,2025-06-24,26.8,22.8,31.4,0.0,14.9,1016.4,11.1,175,-0.99167731989929,0.12874817745258132,-1.6000000000000227,16.5,17.2,1017.6666666666666,1018.6,8.599999999999998
3828,3828,2025-06-25,27.7,23.3,32.9,0.0,11.1,1014.0,16.0,176,-0.993746580436178,0.11165900712169512,-2.3999999999999773,14.9,16.5,1016.1333333333332,1018.0,9.599999999999998
3829,3829,2025-06-26,27.0,24.9,30.2,0.0,16.0,1016.9,17.0,177,-0.9955213724144752,0.09453674981719912,2.8999999999999773,11.1,14.9,1015.7666666666665,1016.4,5.300000000000001
3830,3830,2025-06-27,27.3,24.1,31.3,0.0,17.0,1021.5,14.6,178,-0.9970011699250151,0.07738647923346301,4.600000000000023,16.0,11.1,1017.4666666666666,1014.0,7.199999999999999
3831,3831,2025-06-28,27.1,24.7,30.8,0.0,14.6,1021.9,10.7,179,-0.9981855344718586,0.06021327736579302,0.39999999999997726,17.0,16.0,1020.0999999999999,1016.9,6.100000000000001
3832,3832,2025-06-29,29.0,24.9,34.8,0.0,10.7,1019.6,13.4,180,-0.99907411510223,0.04302223300453059,-2.2999999999999545,14.6,17.0,1021.0,1021.5,9.899999999999999
3833,3833,2025-06-30,29.1,25.8,34.3,0.0,13.4,1016.3,12.9,181,-0.9996666485105112,0.02581844022713308,-3.300000000000068,10.7,14.6,1019.2666666666665,1021.9,8.499999999999996
3834,3834,2025-07-01,29.3,25.6,33.5,0.0,12.9,1015.0,12.6,182,-0.9999629591162655,0.008606996888688698,-1.2999999999999545,13.4,10.7,1016.9666666666666,1019.6,7.899999999999999
3835,3835,2025-07-02,28.4,24.1,33.1,0.0,12.6,1015.1,14.9,183,-0.9999629591162655,-0.008606996888688009,0.10000000000002274,12.9,13.4,1015.4666666666666,1016.3,9.0
3836,3836,2025-07-03,28.1,25.5,30.9,0.0,14.9,1019.5,16.5,184,-0.9996666485105112,-0.02581844022713239,4.399999999999977,12.6,12.9,1016.5333333333333,1015.0,5.399999999999999
3837,3837,2025-07-04,27.9,24.1,31.6,0.0,16.5,1020.4,11.9,185,-0.99907411510223,-0.04302223300453034,0.8999999999999773,14.9,12.6,1018.3333333333334,1015.1,7.5
3838,3838,2025-07-05,27.8,23.6,32.6,0.0,11.9,1017.5,15.6,186,-0.9981855344718586,-0.060213277365792774,-2.8999999999999773,16.5,14.9,1019.1333333333332,1019.5,9.0
3839,3839,2025-07-06,27.0,23.5,31.2,0.0,15.6,1013.6,16.6,187,-0.9970011699250151,-0.07738647923346322,-3.8999999999999773,11.9,16.5,1017.1666666666666,1020.4,7.699999999999999
3840,3840,2025-07-07,25.8,23.6,29.7,0.1,16.6,1012.0,18.4,188,-0.9955213724144752,-0.09453674981719933,-1.6000000000000227,15.6,11.9,1014.3666666666667,1017.5,6.099999999999998
3841,3841,2025-07-08,24.6,22.4,28.1,0.0,18.4,1015.1,11.1,189,-0.9937465804361781,-0.11165900712169444,3.1000000000000227,16.6,15.6,1013.5666666666666,1013.6,5.700000000000003
3842,3842,2025-07-09,25.2,24.7,27.0,0.0,11.1,1018.6,13.0,190,-0.99167731989929,-0.12874817745258066,3.5,18.4,16.6,1015.2333333333332,1012.0,2.3000000000000007
3843,3843,2025-07-10,25.4,24.0,28.1,0.3,13.0,1017.2,11.8,191,-0.9893142039703664,-0.14579919691987442,-1.3999999999999773,11.1,18.4,1016.9666666666667,1015.1,4.100000000000001
3844,3844,2025-07-11,26.5,23.3,30.0,0.0,11.8,1014.0,15.8,192,-0.9866579328916572,-0.16280701293851646,-3.2000000000000455,13.0,11.1,1016.5999999999999,1018.6,6.699999999999999
3845,3845,2025-07-12,24.8,18.9,29.7,11.8,15.8,1010.9,14.7,193,-0.9837092937736098,-0.17976658572556214,-3.1000000000000227,11.8,13.0,1014.0333333333333,1017.2,10.8
3846,3846,2025-07-13,24.8,19.9,29.2,0.0,14.7,1013.8,13.2,194,-0.9804691603616321,-0.19667288979357622,2.8999999999999773,15.8,11.8,1012.9,1014.0,9.3
3847,3847,2025-07-14,26.4,22.2,31.6,0.0,13.2,1019.2,13.0,195,-0.9769384927771817,-0.2135209154397959,5.400000000000091,14.7,15.8,1014.6333333333332,1010.9,9.400000000000002
3848,3848,2025-07-15,26.6,22.8,30.5,0.0,13.0,1019.4,15.9,196,-0.973118337233262,-0.23030567023061196,0.1999999999999318,13.2,14.7,1017.4666666666666,1013.8,7.699999999999999
3849,3849,2025-07-16,26.9,23.8,31.3,0.0,15.9,1018.3,10.3,197,-0.9690098257244063,-0.24702218048093527,-1.1000000000000227,13.0,13.2,1018.9666666666666,1019.2,7.5
3850,3850,2025-07-17,27.1,23.3,30.9,0.0,10.3,1015.3,10.6,198,-0.9646141756912435,-0.2636654927280072,-3.0,15.9,13.0,1017.6666666666665,1019.4,7.599999999999998
3851,3851,2025-07-18,27.4,24.0,30.8,0.2,10.6,1011.2,17.4,199,-0.9599326896597445,-0.2802306751992161,-4.099999999999909,10.3,15.9,1014.9333333333333,1018.3,6.800000000000001
3852,3852,2025-07-19,27.6,26.1,31.1,0.0,17.4,1008.5,18.7,200,-0.9549667548552553,-0.2967128192734901,-2.7000000000000455,10.6,10.3,1011.6666666666666,1015.3,5.0
3853,3853,2025-07-20,27.6,26.4,30.6,0.0,18.7,1007.1,17.2,201,-0.9497178427914317,-0.3131070409358267,-1.3999999999999773,17.4,10.6,1008.9333333333333,1011.2,4.200000000000003
3854,3854,2025-07-21,25.9,23.7,28.0,0.0,17.2,1010.7,14.1,202,-0.9441875088341994,-0.3294084822245302,3.6000000000000227,18.7,17.4,1008.7666666666668,1008.5,4.300000000000001
3855,3855,2025-07-22,25.6,21.9,28.8,0.0,14.1,1016.2,13.9,203,-0.9383773917408642,-0.3456123126707333,5.5,17.2,18.7,1011.3333333333334,1007.1,6.900000000000002
3856,3856,2025-07-23,26.3,20.2,29.7,18.3,13.9,1013.6,12.1,204,-0.9322892131745134,-0.3617137307297674,-2.6000000000000227,14.1,17.2,1013.5,1010.7,9.5
3857,3857,2025-07-24,20.6,19.5,22.3,3.1,12.1,1014.5,18.5,205,-0.9259247771938499,-0.37770796520396466,0.8999999999999773,13.9,14.1,1014.7666666666665,1016.2,2.8000000000000007
3858,3858,2025-07-25,22.9,18.5,28.1,0.4,18.5,1015.8,15.7,206,-0.9192859697186105,-0.39359027665646645,1.2999999999999545,12.1,13.9,1014.6333333333332,1013.6,9.600000000000001
3859,3859,2025-07-26,24.1,20.1,27.9,0.0,15.7,1017.2,16.4,207,-0.9123747579707274,-0.4093559588156211,1.400000000000091,18.5,12.1,1015.8333333333334,1014.5,7.799999999999997
3860,3860,2025-07-27,25.3,21.0,29.8,17.3,16.4,1016.4,15.7,208,-0.9051931898913975,-0.42500033996955394,-0.8000000000000682,15.7,18.5,1016.4666666666666,1015.8,8.8
3861,3861,2025-07-28,24.8,21.9,27.3,0.0,15.7,1014.9,12.8,209,-0.8977433935342336,-0.4405187843504952,-1.5,16.4,15.7,1016.1666666666665,1017.2,5.400000000000002
3862,3862,2025-07-29,25.1,21.6,28.0,0.0,12.8,1017.1,15.5,210,-0.8900275764346766,-0.455906693508459,2.2000000000000455,15.7,16.4,1016.1333333333332,1016.4,6.399999999999999
3863,3863,2025-07-30,24.7,21.8,27.7,0.0,15.5,1018.3,19.0,211,-0.8820480249558535,-0.47115950767386394,1.1999999999999318,12.8,15.7,1016.7666666666665,1014.9,5.899999999999999
3864,3864,2025-07-31,25.2,21.8,29.4,0.3,19.0,1018.4,14.8,212,-0.8738071036110807,-0.4862727071086902,0.10000000000002274,15.5,12.8,1017.9333333333333,1017.1,7.599999999999998
3865,3865,2025-08-01,25.3,21.8,29.0,0.0,14.8,1015.3,11.1,213,-0.8653072543632061,-0.5012418134457756,-3.1000000000000227,19.0,15.5,1017.3333333333331,1018.3,7.199999999999999
3866,3866,2025-08-02,26.1,24.4,29.1,0.0,11.1,1014.1,14.2,214,-0.8565509959010037,-0.5160623910158526,-1.1999999999999318,14.8,19.0,1015.9333333333333,1018.4,4.700000000000003
3867,3867,2025-08-03,25.3,23.8,28.0,0.0,14.2,1017.9,20.2,215,-0.8475409228928312,-0.5307300481619331,3.7999999999999545,11.1,14.8,1015.7666666666665,1015.3,4.199999999999999
3868,3868,2025-08-04,25.7,22.4,29.6,0.0,20.2,1020.4,12.4,216,-0.8382797052177745,-0.5452404385406507,2.5,14.2,11.1,1017.4666666666666,1014.1,7.200000000000003
3869,3869,2025-08-05,26.2,22.8,30.3,0.0,12.4,1019.5,11.4,217,-0.828770087174504,-0.5595892624101763,-0.8999999999999773,20.2,14.2,1019.2666666666665,1017.9,7.5
3870,3870,2025-08-06,26.1,22.7,29.8,0.0,11.4,1018.9,11.2,218,-0.8190148866680802,-0.5737722679043243,-0.6000000000000227,12.4,20.2,1019.5999999999999,1020.4,7.100000000000001
3871,3871,2025-08-07,26.1,23.1,29.7,0.0,11.2,1018.0,11.3,219,-0.8090169943749472,-0.5877852522924734,-0.8999999999999773,11.4,12.4,1018.7999999999998,1019.5,6.599999999999998
3872,3872,2025-08-08,26.4,22.3,30.4,0.0,11.3,1018.9,9.8,220,-0.7987793728863648,-0.6016240632249227,0.8999999999999773,11.2,11.4,1018.5999999999999,1018.9,8.099999999999998
3873,3873,2025-08-09,26.4,22.8,29.9,0.0,9.8,1019.5,10.4,221,-0.7883050558305253,-0.6152845999633277,0.6000000000000227,11.3,11.2,1018.7999999999998,1018.0,7.099999999999998
3874,3874,2025-08-10,28.2,24.4,33.0,0.0,10.4,1019.4,12.0,222,-0.7775971469736268,-0.6287628145958345,-0.10000000000002274,9.8,11.3,1019.2666666666665,1018.9,8.600000000000001
3875,3875,2025-08-11,29.1,26.6,33.1,0.3,12.0,1016.3,10.8,223,-0.7666588193001592,-0.6420547132365636,-3.1000000000000227,10.4,9.8,1018.4,1019.5,6.5
3876,3876,2025-08-12,28.4,25.2,32.2,0.0,10.8,1015.5,13.8,224,-0.7554933140726804,-0.655156357209085,-0.7999999999999545,12.0,10.4,1017.0666666666666,1019.4,7.0000000000000036
3877,3877,2025-08-13,28.2,25.4,31.7,0.0,13.8,1015.1,15.4,225,-0.7441039398713608,-0.6680638642135333,-0.39999999999997726,10.8,12.0,1015.6333333333332,1016.3,6.300000000000001
3878,3878,2025-08-14,28.2,24.1,33.7,0.0,15.4,1016.1,11.7,226,-0.7324940716135792,-0.6807734094770159,1.0,13.8,10.8,1015.5666666666666,1015.5,9.600000000000001
3879,3879,2025-08-15,28.1,25.0,33.3,0.0,11.7,1017.9,13.3,227,-0.7206671495538615,-0.6932812268869771,1.7999999999999545,15.4,13.8,1016.3666666666667,1015.1,8.299999999999997
3880,3880,2025-08-16,29.2,25.6,36.7,0.0,13.3,1016.4,12.2,228,-0.70862667826446,-0.7055836101071774,-1.5,11.7,15.4,1016.7999999999998,1016.1,11.100000000000001
3881,3881,2025-08-17,28.8,26.1,35.6,0.0,12.2,1013.5,13.0,229,-0.6963762255968726,-0.7176769136759615,-2.8999999999999773,13.3,11.7,1015.9333333333333,1017.9,9.5
3882,3882,2025-08-18,28.1,25.3,32.3,0.1,13.0,1013.3,16.4,230,-0.6839194216246105,-0.7295575540864876,-0.20000000000004547,12.2,13.3,1014.4,1016.4,6.9999999999999964
3883,3883,2025-08-19,27.5,25.5,30.0,0.7,16.4,1011.9,14.8,231,-0.6712599575675315,-0.7412220108485957,-1.3999999999999773,13.0,12.2,1012.9,1013.5,4.5
3884,3884,2025-08-20,24.8,19.8,28.5,32.9,14.8,1009.7,14.4,232,-0.6584015846980489,-0.7526668275320083,-2.199999999999932,16.4,13.0,1011.6333333333332,1013.3,8.7
3885,3885,2025-08-21,23.6,19.5,29.2,0.0,14.4,1011.0,16.4,233,-0.64534811322955,-0.7638886127905429,1.2999999999999545,14.8,16.4,1010.8666666666667,1011.9,9.7
3886,3886,2025-08-22,24.7,21.3,28.5,0.0,16.4,1014.9,17.2,234,-0.6321034111873488,-0.7748840413670406,3.8999999999999773,14.4,14.8,1011.8666666666667,1009.7,7.199999999999999
3887,3887,2025-08-23,25.1,21.3,28.9,0.0,17.2,1015.6,11.5,235,-0.6186714032625032,-0.7856498550787144,0.7000000000000455,16.4,14.4,1013.8333333333334,1011.0,7.599999999999998
3888,3888,2025-08-24,25.9,22.3,29.4,0.0,11.5,1015.1,11.5,236,-0.6050560696488494,-0.7961828637826154,-0.5,17.2,16.4,1015.1999999999999,1014.9,7.099999999999998
3889,3889,2025-08-25,25.4,23.2,28.5,1.5,11.5,1015.9,14.6,237,-0.5912614448635782,-0.8064799463209447,0.7999999999999545,11.5,17.2,1015.5333333333332,1015.6,5.300000000000001
3890,3890,2025-08-26,26.3,23.6,28.9,0.0,14.6,1012.8,20.8,238,-0.5772916165517278,-0.8165380514459157,-3.1000000000000227,11.5,11.5,1014.5999999999999,1015.1,5.299999999999997
3891,3891,2025-08-27,26.8,24.5,30.8,0.0,20.8,1009.2,13.3,239,-0.5631507242749187,-0.8263541987239094,-3.599999999999909,14.6,11.5,1012.6333333333332,1015.9,6.300000000000001
3892,3892,2025-08-28,25.2,20.7,29.0,48.7,13.3,1006.8,19.4,240,-0.5488429582847199,-0.8359254794186365,-2.400000000000091,20.8,14.6,1009.5999999999999,1012.8,8.3
3893,3893,2025-08-29,23.6,18.3,30.1,0.0,19.4,1010.0,14.2,241,-0.5343725582809785,-0.8452490573530634,3.2000000000000455,13.3,20.8,1008.6666666666666,1009.2,11.8
3894,3894,2025-08-30,23.5,19.1,27.9,0.0,14.2,1013.4,11.5,242,-0.5197438121555157,-0.8543221697498269,3.3999999999999773,19.4,13.3,1010.0666666666666,1006.8,8.799999999999997
3895,3895,2025-08-31,25.6,21.6,29.4,0.2,11.5,1011.6,14.2,243,-0.5049610547215202,-0.8631421280499115,-1.7999999999999545,14.2,19.4,1011.6666666666666,1010.0,7.799999999999997
3896,3896,2025-09-01,25.2,21.5,28.6,0.0,14.2,1009.4,20.3,244,-0.4900286664290594,-0.8717063187093217,-2.2000000000000455,11.5,14.2,1011.4666666666666,1013.4,7.100000000000001
3897,3897,2025-09-02,23.5,19.1,28.4,0.0,20.3,1014.9,17.5,245,-0.4749510720670502,-0.8800122039735356,5.5,14.2,11.5,1011.9666666666666,1011.6,9.299999999999997
3898,3898,2025-09-03,24.2,19.4,28.8,0.0,17.5,1015.2,13.0,246,-0.4597327394521046,-0.888057322629493,0.3000000000000682,20.3,14.2,1013.1666666666666,1009.4,9.400000000000002
3899,3899,2025-09-04,25.1,21.7,29.2,0.0,13.0,1014.2,16.1,247,-0.4443781781046134,-0.8958392907349089,-1.0,17.5,20.3,1014.7666666666665,1014.9,7.5
3900,3900,2025-09-05,24.4,20.6,26.4,0.0,16.1,1020.0,11.3,248,-0.4288919379124841,-0.9033558023246842,5.7999999999999545,13.0,17.5,1016.4666666666666,1015.2,5.799999999999997
3901,3901,2025-09-06,23.4,18.8,27.7,0.0,11.3,1018.7,11.5,249,-0.41327860778290443,-0.9106046300942162,-1.2999999999999545,16.1,13.0,1017.6333333333332,1014.2,8.899999999999999
3902,3902,2025-09-07,25.4,22.1,28.9,0.0,11.5,1015.5,14.9,250,-0.3975428142825566,-0.9175836260593934,-3.2000000000000455,11.3,16.1,1018.0666666666666,1020.0,6.799999999999997
3903,3903,2025-09-08,25.4,24.3,27.5,0.2,14.9,1014.7,14.2,251,-0.3816892202666586,-0.9242907221930934,-0.7999999999999545,11.5,11.3,1016.2999999999998,1018.7,3.1999999999999993
3904,3904,2025-09-09,23.1,19.4,24.8,2.3,14.2,1013.5,17.4,252,-0.3657225234972692,-0.9307239310379793,-1.2000000000000455,14.9,11.5,1014.5666666666666,1015.5,5.400000000000002
3905,3905,2025-09-10,23.2,18.9,28.6,0.0,17.4,1011.7,13.9,253,-0.34964745525122826,-0.9368813462954315,-1.7999999999999545,14.2,14.9,1013.2999999999998,1014.7,9.700000000000003
3906,3906,2025-09-11,23.1,19.3,27.8,0.0,13.9,1016.6,17.0,254,-0.33346877891818705,-0.9427611433904206,4.899999999999977,17.4,14.2,1013.9333333333333,1013.5,8.5
3907,3907,2025-09-12,22.9,20.4,26.8,4.1,17.0,1020.1,8.7,255,-0.31719128858910595,-0.9483615800121716,3.5,13.9,17.4,1016.1333333333332,1011.7,6.400000000000002
3908,3908,2025-09-13,22.6,21.2,27.9,1.9,8.7,1017.8,10.6,256,-0.300819807635668,-0.9536809966304455,-2.300000000000068,17.0,13.9,1018.1666666666666,1016.6,6.699999999999999
3909,3909,2025-09-14,24.0,20.8,27.0,0.0,10.6,1020.0,13.5,257,-0.2843591872810036,-0.9587178169872964,2.2000000000000455,8.7,17.0,1019.2999999999998,1020.1,6.199999999999999
3910,3910,2025-09-15,24.8,21.7,28.3,0.0,13.5,1020.5,9.3,258,-0.26781430516217486,-0.9634705485641486,0.5,10.6,8.7,1019.4333333333333,1017.8,6.600000000000001
3911,3911,2025-09-16,24.3,22.3,26.9,0.0,9.3,1022.4,10.8,259,-0.25119006388481957,-0.9679377830240642,1.8999999999999773,13.5,10.6,1020.9666666666666,1020.0,4.599999999999998
3912,3912,2025-09-17,24.8,22.0,28.3,0.0,10.8,1022.0,9.7,260,-0.23449138957041052,-0.9721181966290612,-0.39999999999997726,9.3,13.5,1021.6333333333332,1020.5,6.300000000000001
3913,3913,2025-09-18,24.8,21.9,28.3,0.0,9.7,1023.0,10.5,261,-0.21772323039653224,-0.9760105506323682,1.0,10.8,9.3,1022.4666666666666,1022.4,6.400000000000002
3914,3914,2025-09-19,24.4,21.4,27.7,0.0,10.5,1023.9,11.4,262,-0.20089055513063528,-0.9796136916454901,0.8999999999999773,9.7,10.8,1022.9666666666666,1022.0,6.300000000000001
3915,3915,2025-09-20,25.0,22.4,28.7,4.1,11.4,1020.3,9.0,263,-0.18399835165767986,-0.9829265519799822,-3.6000000000000227,10.5,9.7,1022.4,1023.0,6.300000000000001
3916,3916,2025-09-21,23.2,18.6,27.2,19.2,9.0,1012.9,13.9,264,-0.1670516255021195,-0.9859481499638303,-7.399999999999977,11.4,10.5,1019.0333333333332,1023.9,8.599999999999998
3917,3917,2025-09-22,19.8,15.4,23.7,0.0,13.9,1013.8,15.8,265,-0.15005539834465262,-0.9886775902323404,0.8999999999999773,9.0,11.4,1015.6666666666665,1020.3,8.299999999999999
3918,3918,2025-09-23,18.1,13.9,22.8,10.3,15.8,1016.2,14.9,266,-0.13301470653419636,-0.9911140639934546,2.400000000000091,13.9,9.0,1014.2999999999998,1012.9,8.9
3919,3919,2025-09-24,17.7,13.4,21.9,9.4,14.9,1018.2,14.3,267,-0.11593459959550066,-0.9932568492674143,2.0,15.8,13.9,1016.0666666666666,1013.8,8.499999999999998
3920,3920,2025-09-25,18.2,14.5,22.7,0.0,14.3,1018.5,14.2,268,-0.09882013873287211,-0.9951053111006974,0.2999999999999545,14.9,15.8,1017.6333333333333,1016.2,8.2
3921,3921,2025-09-26,19.3,15.0,23.9,0.0,14.2,1018.4,12.8,269,-0.08167639533042288,-0.99665890175417,-0.10000000000002274,14.3,14.9,1018.3666666666664,1018.2,8.899999999999999
3922,3922,2025-09-27,20.4,16.4,24.4,0.0,12.8,1018.4,18.9,270,-0.06450844944931625,-0.9979171608653922,0.0,14.2,14.3,1018.4333333333333,1018.5,8.0
3923,3923,2025-09-28,21.3,19.6,23.7,0.0,18.9,1016.6,16.2,271,-0.04732138832243232,-0.9988797155850335,-1.7999999999999545,12.8,14.2,1017.7999999999998,1018.4,4.099999999999998
3924,3924,2025-09-29,20.6,16.6,23.7,0.0,16.2,1018.2,11.2,272,-0.03012030484690836,-0.9995462806873573,1.6000000000000227,18.9,12.8,1017.7333333333332,1018.4,7.099999999999998
3925,3925,2025-09-30,21.0,17.6,24.6,0.0,11.2,1019.5,10.2,273,-0.012910296075008843,-0.9999166586547379,1.2999999999999545,16.2,18.9,1018.0999999999999,1016.6,7.0
3926,3926,2025-10-01,20.7,16.9,25.0,4.9,10.2,1020.2,10.2,274,0.004303538296243821,-0.9999907397361901,0.7000000000000455,11.2,16.2,1019.2999999999998,1018.2,8.100000000000001
3927,3927,2025-10-02,20.1,17.3,23.2,0.0,10.2,1021.6,9.1,275,0.021516097436222233,-0.9997685019798909,1.3999999999999773,10.2,11.2,1020.4333333333333,1019.5,5.899999999999999
3928,3928,2025-10-03,21.1,17.6,25.5,0.0,9.1,1020.3,14.4,276,0.03872228089217399,-0.9992500112396835,-1.3000000000000682,10.2,10.2,1020.6999999999999,1020.2,7.899999999999999
3929,3929,2025-10-04,21.8,17.8,26.4,0.0,14.4,1017.1,15.5,277,0.05591699010060302,-0.9984354211555643,-3.199999999999932,9.1,10.2,1019.6666666666666,1021.6,8.599999999999998
3930,3930,2025-10-05,20.4,15.8,23.8,1.8,15.5,1018.7,18.8,278,0.07309512989807776,-0.9973249731081555,1.6000000000000227,14.4,9.1,1018.6999999999999,1020.3,8.0
3931,3931,2025-10-06,18.7,15.0,22.2,0.0,18.8,1023.7,14.5,279,0.0902516100310407,-0.9959189961471792,5.0,15.5,14.4,1019.8333333333334,1017.1,7.199999999999999
3932,3932,2025-10-07,18.7,13.3,24.2,0.0,14.5,1022.0,8.0,280,0.10738134666416306,-0.994217906893952,-1.7000000000000455,18.8,15.5,1021.4666666666666,1018.7,10.899999999999999
3933,3933,2025-10-08,20.4,16.9,24.8,0.0,8.0,1019.9,6.5,281,0.12447926388678869,-0.9922222094179324,-2.1000000000000227,14.5,18.8,1021.8666666666667,1023.7,7.900000000000002
3934,3934,2025-10-09,20.0,18.4,23.9,14.3,6.5,1020.2,10.3,282,0.141540295217043,-0.989932495087353,0.3000000000000682,8.0,14.5,1020.6999999999999,1022.0,5.5
3935,3935,2025-10-10,20.6,18.5,24.1,0.0,10.3,1023.9,20.5,283,0.15855938510313475,-0.9873494423939864,3.699999999999932,6.5,8.0,1021.3333333333334,1019.9,5.600000000000001
3936,3936,2025-10-11,21.1,17.9,24.5,0.0,20.5,1024.6,21.0,284,0.17553149042142777,-0.9844738167520923,0.6999999999999318,10.3,6.5,1022.9,1020.2,6.600000000000001
3937,3937,2025-10-12,19.9,16.9,23.5,3.9,21.0,1022.1,13.9,285,0.19245158197082995,-0.9813064702716093,-2.4999999999998863,20.5,10.3,1023.5333333333333,1023.9,6.600000000000001
3938,3938,2025-10-13,20.3,18.1,23.3,0.6,13.9,1018.9,13.5,286,0.20931464596304888,-0.9778483415056567,-3.2000000000000455,21.0,20.5,1021.8666666666664,1024.6,5.199999999999999
3939,3939,2025-10-14,20.2,17.8,23.4,2.3,13.5,1017.8,10.6,287,0.22611568550828803,-0.9741004551724206,-1.1000000000000227,13.9,21.0,1019.5999999999999,1022.1,5.599999999999998
3940,3940,2025-10-15,19.1,16.2,22.3,0.0,10.6,1018.6,10.5,288,0.2428497220959358,-0.970063921851507,0.8000000000000682,13.5,13.9,1018.4333333333333,1018.9,6.100000000000001
3941,3941,2025-10-16,18.7,15.5,22.1,0.6,10.5,1018.1,9.6,289,0.25951179706979943,-0.965739937654855,-0.5,10.6,13.5,1018.1666666666666,1017.8,6.600000000000001
3942,3942,2025-10-17,19.0,16.2,23.3,2.7,9.6,1017.5,12.1,290,0.27609697309746883,-0.9611297838723007,-0.6000000000000227,10.5,10.6,1018.0666666666666,1018.6,7.100000000000001
3943,3943,2025-10-18,18.8,15.6,23.4,2.3,12.1,1019.4,17.8,291,0.2926003356333479,-0.9562348265919058,1.8999999999999773,9.6,10.5,1018.3333333333334,1018.1,7.799999999999999
3944,3944,2025-10-19,19.8,15.4,24.2,0.2,17.8,1017.3,23.5,292,0.30901699437494723,-0.9510565162951536,-2.1000000000000227,12.1,9.6,1018.0666666666666,1017.5,8.799999999999999
3945,3945,2025-10-20,22.5,17.0,25.4,0.0,23.5,1008.6,18.2,293,0.3253420847119795,-0.9455963874271428,-8.699999999999932,17.8,12.1,1015.0999999999999,1019.4,8.399999999999999
3946,3946,2025-10-21,20.4,15.2,25.4,0.0,18.2,1007.4,14.2,294,0.341570769167856,-0.9398560579418953,-1.2000000000000455,23.5,17.8,1011.0999999999999,1017.3,10.2
3947,3947,2025-10-22,22.3,18.1,27.7,0.0,14.2,1007.9,26.6,295,0.35769823883312546,-0.9338372288229252,0.5,18.2,23.5,1007.9666666666666,1008.6,9.599999999999998
3948,3948,2025-10-23,23.0,16.6,27.6,0.0,26.6,1007.5,15.8,296,0.3737197147904692,-0.9275416835791965,-0.39999999999997726,14.2,18.2,1007.5999999999999,1007.4,11.0
3949,3949,2025-10-24,18.2,13.6,22.7,0.0,15.8,1014.5,11.1,297,0.38963044953078774,-0.9209712877166347,7.0,26.6,14.2,1009.9666666666666,1007.9,9.1
3950,3950,2025-10-25,19.0,15.8,22.7,0.7,11.1,1011.8,12.0,298,0.4054257283599973,-0.9141279881853337,-2.7000000000000455,15.8,26.6,1011.2666666666665,1007.5,6.899999999999999
3951,3951,2025-10-26,16.4,12.5,19.6,2.7,12.0,1015.4,17.8,299,0.42110087079608916,-0.9070138128026362,3.6000000000000227,11.1,15.8,1013.9,1014.5,7.100000000000001
3952,3952,2025-10-27,14.3,10.0,20.1,0.0,17.8,1019.3,16.0,300,0.4366512319560638,-0.8996308696522434,3.8999999999999773,12.0,11.1,1015.4999999999999,1011.8,10.100000000000001
3953,3953,2025-10-28,15.0,10.0,21.1,0.0,16.0,1018.1,11.6,301,0.45207220393230374,-0.8919813464595487,-1.1999999999999318,17.8,12.0,1017.5999999999999,1015.4,11.100000000000001
3954,3954,2025-10-29,16.6,12.8,22.0,0.7,11.6,1010.4,13.5,302,0.46735921715800205,-0.8840675099433637,-7.7000000000000455,16.0,17.8,1015.9333333333333,1019.3,9.2
3955,3955,2025-10-30,18.4,15.2,23.2,0.0,13.5,1010.9,14.0,303,0.48250774176121763,-0.8758917051442433,0.5,11.6,16.0,1013.1333333333332,1018.1,8.0
3956,3956,2025-10-31,17.2,12.6,23.0,0.0,14.0,1014.7,13.4,304,0.4975132889071803,-0.8674563547295971,3.800000000000068,13.5,11.6,1012.0,1010.4,10.4
3957,3957,2025-11-01,17.2,13.4,22.4,0.0,13.4,1016.1,10.9,305,0.5123714121284235,-0.858763958275803,1.3999999999999773,14.0,13.5,1013.9,1010.9,8.999999999999998
3958,3958,2025-11-02,19.0,13.9,24.6,0.0,10.9,1017.6,14.7,306,0.5270777086423724,-0.8498170915275277,1.5,13.4,14.0,1016.1333333333332,1014.7,10.700000000000001
3959,3959,2025-11-03,15.3,12.0,20.5,0.0,14.7,1023.4,13.8,307,0.5416278206559811,-0.8406184056344783,5.7999999999999545,10.9,13.4,1019.0333333333333,1016.1,8.5
3960,3960,2025-11-04,15.4,10.8,21.4,0.0,13.8,1022.7,12.4,308,0.5560174366570446,-0.8311706263658079,-0.6999999999999318,14.7,10.9,1021.2333333333332,1017.6,10.599999999999998
3961,3961,2025-11-05,15.8,12.4,20.2,2.4,12.4,1019.2,13.8,309,0.5702422926917867,-0.8214765533024145,-3.5,13.8,14.7,1021.7666666666665,1023.4,7.799999999999999
3962,3962,2025-11-06,16.9,13.1,20.3,12.4,13.8,1008.9,10.0,310,0.5842981736283683,-0.8115390590073611,-10.300000000000068,12.4,13.8,1016.9333333333333,1022.7,7.200000000000001
3963,3963,2025-11-07,15.3,12.0,20.8,0.0,10.0,1011.4,13.4,311,0.5981809144059158,-0.801361088174677,2.5,13.8,12.4,1013.1666666666666,1019.2,8.8
3964,3964,2025-11-08,14.1,11.8,18.1,0.0,13.4,1012.1,15.5,312,0.6118864012687242,-0.7909456567567774,0.7000000000000455,10.0,13.8,1010.7999999999998,1008.9,6.300000000000001
3965,3965,2025-11-09,14.0,11.1,19.3,0.0,15.5,1017.8,14.7,313,0.6254105729852457,-0.780295851070776,5.699999999999932,13.4,10.0,1013.7666666666665,1011.4,8.200000000000001
3966,3966,2025-11-10,13.5,9.0,19.5,0.0,14.7,1016.2,15.2,314,0.6387494220515268,-0.7694148268839381,-1.599999999999909,15.5,13.4,1015.3666666666664,1012.1,10.5
3967,3967,2025-11-11,13.9,9.4,19.9,0.0,15.2,1016.8,12.5,315,0.6518989958787125,-0.7583058084785625,0.599999999999909,14.7,15.5,1016.9333333333333,1017.8,10.499999999999998
3968,3968,2025-11-12,15.0,10.2,20.9,0.0,12.5,1017.4,21.5,316,0.6648553979642866,-0.7469720876965551,0.6000000000000227,15.2,14.7,1016.7999999999998,1016.2,10.7
3969,3969,2025-11-13,17.9,14.9,21.4,0.0,21.5,1016.5,15.0,317,0.6776147890466887,-0.7354170229639858,-0.8999999999999773,12.5,15.2,1016.9,1016.8,6.499999999999998
3970,3970,2025-11-14,19.6,17.5,22.1,0.0,15.0,1009.9,14.6,318,0.690173388242972,-0.7236440382959124,-6.600000000000023,21.5,12.5,1014.5999999999999,1017.4,4.600000000000001
3971,3971,2025-11-15,18.5,14.1,21.7,10.9,14.6,1010.9,13.4,319,0.7025274741691566,-0.711656622281775,1.0,15.0,21.5,1012.4333333333333,1016.5,7.6
3972,3972,2025-11-16,17.5,13.1,21.5,0.0,13.4,1007.7,12.5,320,0.7146733860429608,-0.6994583270516471,-3.199999999999932,14.6,15.0,1009.4999999999999,1009.9,8.4
3973,3973,2025-11-17,14.4,10.7,19.0,0.0,12.5,1011.3,18.1,321,0.7266075247685652,-0.6870527672236675,3.599999999999909,13.4,14.6,1009.9666666666666,1010.9,8.3
3974,3974,2025-11-18,12.8,10.0,16.0,0.0,18.1,1015.5,15.5,322,0.7383263540031063,-0.6744436188329457,4.2000000000000455,12.5,13.4,1011.4999999999999,1007.7,6.0
3975,3975,2025-11-19,9.4,5.7,14.4,0.0,15.5,1014.1,15.2,323,0.749826401204568,-0.661634618242279,-1.3999999999999773,18.1,12.5,1013.6333333333332,1011.3,8.7
3976,3976,2025-11-20,8.9,5.3,14.1,0.0,15.2,1013.1,20.2,324,0.7611042586607742,-0.6486295610349818,-1.0,15.5,18.1,1014.2333333333332,1015.5,8.8
3977,3977,2025-11-21,8.6,5.0,12.4,0.0,20.2,1016.8,18.2,325,0.7721565844991641,-0.6354323008901775,3.699999999999932,15.2,15.5,1014.6666666666665,1014.1,7.4
3978,3978,2025-11-22,8.6,4.3,14.2,0.0,18.2,1022.4,12.7,326,0.7829801036770624,-0.622046748440868,5.600000000000023,20.2,15.2,1017.4333333333333,1013.1,9.899999999999999
3979,3979,2025-11-23,10.2,4.7,15.9,0.0,12.7,1019.1,21.0,327,0.7935716089521472,-0.6084768701151264,-3.2999999999999545,18.2,20.2,1019.4333333333333,1016.8,11.2
3980,3980,2025-11-24,16.2,11.5,20.0,0.0,21.0,1008.0,16.2,328,0.8039279618328208,-0.594726686960764,-11.100000000000023,12.7,18.2,1016.4999999999999,1022.4,8.5
3981,3981,2025-11-25,13.6,8.8,17.2,0.0,16.2,1008.3,18.9,329,0.8140460935082175,-0.5808002734538013,0.2999999999999545,21.0,12.7,1011.7999999999998,1019.1,8.399999999999999
3982,3982,2025-11-26,10.8,6.0,15.7,0.0,18.9,1015.4,14.9,330,0.8239230057575536,-0.5667017562911184,7.100000000000023,16.2,21.0,1010.5666666666666,1008.0,9.7
3983,3983,2025-11-27,8.3,4.8,14.3,0.0,14.9,1019.5,17.5,331,0.8335557718385695,-0.5524353131676203,4.100000000000023,18.9,16.2,1014.4,1008.3,9.5
3984,3984,2025-11-28,8.7,3.9,15.8,0.0,17.5,1020.1,15.3,332,0.8429415373547832,-0.5380051715382992,0.6000000000000227,14.9,18.9,1018.3333333333331,1015.4,11.9
3985,3985,2025-11-29,10.9,6.0,16.1,0.0,15.3,1015.2,14.5,333,0.8520775211013093,-0.5234156073655503,-4.899999999999977,17.5,14.9,1018.2666666666665,1019.5,10.100000000000001
3986,3986,2025-11-30,10.7,7.3,16.0,0.0,14.5,1014.1,16.3,334,0.8609610158889945,-0.5086709438521042,-1.1000000000000227,15.3,17.5,1016.4666666666666,1020.1,8.7
3987,3987,2025-12-01,10.0,7.0,16.0,0.0,16.3,1018.4,13.5,335,0.8695893893466109,-0.49377555015997737,4.2999999999999545,14.5,15.3,1015.9,1015.2,9.0
3988,3988,2025-12-02,10.3,6.7,16.0,0.0,13.5,1012.4,18.3,336,0.8779600847008883,-0.4787338401157883,-6.0,16.3,14.5,1014.9666666666666,1014.1,9.3
3989,3989,2025-12-03,10.2,7.0,15.0,0.0,18.3,1011.6,13.4,337,0.8860706215341378,-0.4635502709028512,-0.7999999999999545,13.5,16.3,1014.1333333333332,1018.4,8.0
3990,3990,2025-12-04,8.1,5.0,12.0,0.0,13.4,1011.7,10.6,338,0.893918596519257,-0.4482293417404106,0.10000000000002274,18.3,13.5,1011.9,1012.4,7.0
3991,3991,2025-12-05,10.1,5.8,14.7,0.0,10.6,1012.7,10.1,339,0.9015016841318838,-0.4327755925504317,1.0,13.4,18.3,1012.0,1011.6,8.899999999999999
3992,3992,2025-12-06,12.0,7.9,19.0,0.0,10.1,1017.0,15.1,340,0.9088176373395028,-0.41719360261231697,4.2999999999999545,10.6,13.4,1013.8000000000001,1011.7,11.1
3993,3993,2025-12-07,13.3,8.8,20.0,0.0,15.1,1019.1,17.0,341,0.9158642882672868,-0.4014879892059737,2.1000000000000227,10.1,10.6,1016.2666666666665,1012.7,11.2
3994,3994,2025-12-08,12.6,9.0,17.5,0.0,17.0,1020.7,12.4,342,0.9226395488404875,-0.38566340624360745,1.6000000000000227,15.1,10.1,1018.9333333333334,1017.0,8.5
3995,3995,2025-12-09,11.8,7.9,17.6,0.0,12.4,1020.5,10.7,343,0.9291414114031743,-0.3697245428906732,-0.20000000000004547,17.0,15.1,1020.1,1019.1,9.700000000000001
3996,3996,2025-12-10,11.9,8.0,17.0,0.0,10.7,1021.4,12.6,344,0.935367949313148,-0.3536761221763721,0.8999999999999773,12.4,17.0,1020.8666666666667,1020.7,9.0
3997,3997,2025-12-11,11.9,9.0,17.0,0.0,12.6,1023.2,12.2,345,0.941317317512847,-0.33752289959411347,1.8000000000000682,10.7,12.4,1021.6999999999999,1020.5,8.0
3998,3998,2025-12-12,13.4,10.9,17.4,0.0,12.2,1021.2,13.5,346,0.9469877530760751,-0.32126966169236515,-2.0,12.6,10.7,1021.9333333333333,1021.4,6.499999999999998
3999,3999,2025-12-13,13.0,10.0,17.0,0.0,13.5,1025.5,17.2,347,0.9523775757303973,-0.3049212246562894,4.2999999999999545,12.2,12.6,1023.2999999999998,1023.2,7.0
4000,4000,2025-12-14,11.1,7.0,15.0,1.0,17.2,1024.2,15.3,348,0.9574851883550389,-0.2884824328806098,-1.2999999999999545,13.5,12.2,1023.6333333333332,1021.2,8.0
4001,4001,2025-12-15,15.2,12.0,17.6,11.6,15.3,1014.9,12.8,349,0.9623090774541487,-0.27195815753410524,-9.300000000000068,17.2,13.5,1021.5333333333332,1025.5,5.600000000000001
4002,4002,2025-12-16,12.1,10.0,14.0,9.9,12.8,1010.5,12.7,350,0.9668478136052773,-0.2553532951161881,-4.399999999999977,15.3,17.2,1016.5333333333332,1024.2,4.0
4003,4003,2025-12-17,12.9,11.0,16.0,1.6,12.7,1020.7,12.0,351,0.9711000518829505,-0.23867276600594997,10.200000000000045,12.8,15.3,1015.3666666666664,1014.9,5.0
4004,4004,2025-12-18,11.9,9.0,16.0,0.0,12.0,1024.0,14.1,352,0.9750645322571945,-0.22192151300416674,3.2999999999999545,12.7,12.8,1018.3999999999997,1010.5,7.0
4005,4005,2025-12-19,11.2,8.0,15.0,0.0,14.1,1020.1,11.8,353,0.9787400799669153,-0.20510449986861926,-3.8999999999999773,12.0,12.7,1021.5999999999998,1020.7,7.0
4006,4006,2025-12-20,12.1,10.8,13.0,8.5,11.8,1014.2,7.6,354,0.9821256058680006,-0.1882267098432439,-5.899999999999977,14.1,12.0,1019.4333333333333,1024.0,2.1999999999999993
4007,4007,2025-12-21,12.6,10.0,15.3,3.4,7.6,1006.0,11.3,355,0.9852201067560606,-0.1712931441814778,-8.200000000000045,11.8,14.1,1013.4333333333333,1020.1,5.300000000000001
4008,4008,2025-12-22,8.8,7.0,12.0,1.8,11.3,1004.1,17.0,356,0.9880226656636976,-0.154308820664281,-1.8999999999999773,7.6,11.8,1008.0999999999999,1014.2,5.0
4009,4009,2025-12-23,7.9,6.0,12.0,3.0,17.0,1004.2,16.6,357,0.9905324521322227,-0.13727877211326517,0.10000000000002274,11.3,7.6,1004.7666666666664,1006.0,6.0
4010,4010,2025-12-24,10.1,7.0,15.0,0.0,16.6,1006.5,13.2,358,0.9927487224577402,-0.12020804489935275,2.2999999999999545,17.0,11.3,1004.933333333333,1004.1,8.0
4011,4011,2025-12-25,9.0,7.0,11.0,7.7,13.2,1010.6,26.2,359,0.9946708199115211,-0.10310169744743544,4.100000000000023,16.6,17.0,1007.0999999999999,1004.2,4.0
4012,4012,2025-12-26,12.7,10.0,14.0,29.0,26.2,1011.8,31.2,360,0.9962981749346077,-0.0859647987374467,1.1999999999999318,13.2,16.6,1009.6333333333332,1006.5,4.0
4013,4013,2025-12-27,12.6,11.0,14.0,40.9,31.2,1018.0,14.7,361,0.9976303053065857,-0.06880242680232064,6.2000000000000455,26.2,13.2,1013.4666666666666,1010.6,3.0
4014,4014,2025-12-28,12.3,9.7,15.0,3.5,14.7,1019.4,9.2,362,0.9986668162884759,-0.05161966722325418,1.3999999999999773,31.2,26.2,1016.4,1011.8,5.300000000000001
4015,4015,2025-12-29,11.3,10.0,12.3,4.9,9.2,1019.1,19.2,363,0.9994074007397048,-0.034421611622745804,-0.2999999999999545,14.7,31.2,1018.8333333333331,1018.0,2.3000000000000007
4016,4016,2025-12-30,9.5,8.0,13.0,0.0,19.2,1017.0,16.5,364,0.9998518392091162,-0.01721335615583528,-2.1000000000000227,9.2,14.7,1018.4999999999999,1019.4,5.0
4017,4017,2025-12-31,9.1,7.0,12.0,0.0,16.5,1018.6,,365,1.0,6.432490598706546e-16,1.6000000000000227,19.2,9.2,1018.2333333333332,1019.1,5.0
